time,position_x,position_y,position_z,angle_x,angle_y,angle_z,pos_std
2026-05-19-09-17-04,-0.000000,-0.000000,-0.000000,-0.100000,0.100000,0.000000,1.200000
2026-05-19-09-17-04,0.050000,0.040000,0.050000,-0.100000,0.100000,0.000000,46.599998
2026-05-19-09-17-04,0.060000,0.050000,0.060000,-0.000000,0.000000,0.000000,54.299999
2026-05-19-09-17-05,0.080000,0.050000,0.060000,-0.100000,0.100000,0.000000,75.400002
2026-05-19-09-17-07,0.120000,0.160000,0.150000,-0.000000,0.000000,0.000000,112.900002
2026-05-19-09-17-09,0.100000,0.260000,0.280000,-0.000000,-0.000000,0.100000,154.399994
2026-05-19-09-17-10,0.220000,0.480000,0.450000,-0.000000,0.000000,0.100000,191.899994
2026-05-19-09-17-12,0.330000,0.550000,0.610000,0.000000,0.100000,0.100000,233.300003
2026-05-19-09-17-13,0.500000,0.870000,0.870000,0.000000,0.100000,0.100000,270.600006
2026-05-19-09-17-15,0.740000,1.220000,1.150000,-0.000000,0.000000,0.000000,316.000000
2026-05-19-09-17-17,0.940000,1.390000,1.470000,-0.000000,-0.000000,0.100000,358.100006
2026-05-19-09-17-18,0.970000,2.010000,2.030000,0.100000,0.100000,0.000000,400.399994
2026-05-19-09-17-20,0.960000,1.550000,3.050000,-0.000000,0.100000,0.100000,447.600006
2026-05-19-09-17-21,0.870000,1.140000,4.200000,-0.000000,-0.000000,0.100000,499.100006
2026-05-19-09-17-23,0.810000,0.850000,5.210000,-0.000000,-0.000000,0.200000,546.200012
2026-05-19-09-17-25,0.800000,0.420000,6.300000,-0.000000,0.000000,0.200000,598.599976
2026-05-19-09-17-26,0.840000,0.010000,7.200000,0.000000,-0.000000,0.100000,647.099976
2026-05-19-09-17-28,0.960000,-0.440000,8.220000,-0.100000,-0.000000,0.200000,705.799988
2026-05-19-09-17-29,0.740000,-0.690000,9.230000,-0.100000,-0.000000,0.100000,760.500000
2026-05-19-09-17-31,0.410000,-1.130000,10.430000,-0.100000,-0.000000,0.100000,822.299988
2026-05-19-09-17-32,0.120000,-1.530000,11.480000,-0.100000,0.000000,0.200000,877.599976
2026-05-19-09-17-34,-0.270000,-2.150000,12.790000,-0.100000,-0.000000,0.200000,945.900024
2026-05-19-09-17-36,-0.640000,-2.740000,13.970000,-0.100000,-0.000000,0.200000,1007.900024
2026-05-19-09-17-37,-1.110000,-3.370000,15.230000,-0.100000,-0.000000,0.200000,1077.900024
2026-05-19-09-17-39,-1.430000,-3.970000,16.270000,0.100000,0.000000,0.200000,1142.199951
2026-05-19-09-17-41,-1.920000,-4.600000,17.400000,0.000000,-0.000000,0.200000,1221.900024
2026-05-19-09-17-42,-2.370000,-5.390000,18.410000,-0.000000,-0.000000,0.200000,1305.599976
2026-05-19-09-17-44,-2.780000,-6.130000,19.370001,-0.000000,-0.100000,0.200000,1382.500000
2026-05-19-09-17-46,-3.290000,-7.080000,20.340000,-0.000000,-0.000000,0.100000,1465.900024
2026-05-19-09-17-47,-3.780000,-7.950000,21.190001,-0.100000,-0.100000,0.100000,1556.099976
2026-05-19-09-17-49,-4.350000,-8.790000,22.160000,0.000000,-0.000000,0.100000,1649.300049
2026-05-19-09-17-51,-4.820000,-9.520000,23.120001,-0.100000,0.000000,0.200000,1734.599976
2026-05-19-09-17-52,-5.240000,-10.300000,24.170000,-0.000000,0.000000,0.200000,1827.599976
2026-05-19-09-17-54,-5.630000,-10.980000,25.139999,-0.000000,-0.100000,0.200000,1914.400024
2026-05-19-09-17-55,-6.130000,-11.820000,26.240000,-0.100000,-0.100000,0.200000,2018.099976
2026-05-19-09-17-57,-6.460000,-12.640000,27.549999,-0.000000,-0.100000,0.200000,2129.800049
2026-05-19-09-17-59,-6.740000,-13.450000,28.879999,-0.200000,-0.100000,0.200000,2232.699951
2026-05-19-09-18-00,-6.960000,-14.520000,30.230000,-0.100000,-0.100000,0.300000,2344.300049
2026-05-19-09-18-02,-7.220000,-15.650000,31.620001,-0.100000,-0.100000,0.300000,2462.899902
2026-05-19-09-18-04,-7.650000,-16.700001,33.200001,-0.000000,-0.100000,0.300000,2586.800049
2026-05-19-09-18-05,-7.970000,-17.629999,34.590000,-0.000000,-0.100000,0.200000,2698.100098
2026-05-19-09-18-07,-8.260000,-18.610001,36.180000,-0.000000,-0.100000,0.200000,2821.500000
2026-05-19-09-18-09,-8.520000,-19.530001,37.500000,-0.100000,-0.100000,0.200000,2933.399902
2026-05-19-09-18-10,-8.870000,-20.620001,39.009998,-0.200000,-0.000000,0.300000,3069.199951
2026-05-19-09-18-12,-9.140000,-21.680000,40.450001,-0.100000,-0.100000,0.200000,3194.100098
2026-05-19-09-18-13,-9.460000,-22.750000,41.900002,-0.100000,-0.000000,0.200000,3330.000000
2026-05-19-09-18-15,-9.740000,-23.650000,43.200001,-0.100000,-0.100000,0.200000,3453.000000
2026-05-19-09-18-17,-10.050000,-24.650000,44.840000,-0.100000,-0.000000,0.200000,3601.199951
2026-05-19-09-18-18,-10.390000,-25.760000,46.500000,-0.100000,-0.100000,0.200000,3760.199951
2026-05-19-09-18-20,-10.670000,-26.650000,48.040001,-0.100000,-0.100000,0.200000,3903.000000
2026-05-19-09-18-21,-10.990000,-27.450001,49.689999,-0.100000,-0.100000,0.200000,4049.899902
2026-05-19-09-18-23,-11.330000,-28.030001,51.250000,-0.100000,-0.100000,0.200000,4187.899902
2026-05-19-09-18-25,-11.550000,-28.540001,52.930000,-0.100000,-0.100000,0.300000,4336.700195
2026-05-19-09-18-26,-11.960000,-29.160000,54.700001,-0.100000,-0.000000,0.300000,4502.700195
2026-05-19-09-18-28,-12.140000,-30.030001,56.360001,-0.100000,-0.100000,0.300000,4652.100098
2026-05-19-09-18-29,-12.300000,-31.280001,58.330002,-0.100000,-0.100000,0.300000,4830.899902
2026-05-19-09-18-31,-12.340000,-32.570000,60.130001,-0.200000,-0.100000,0.200000,4995.299805
2026-05-19-09-18-33,-12.540000,-33.740002,62.139999,-0.100000,-0.100000,0.300000,5175.399902
2026-05-19-09-18-34,-12.650000,-34.810001,63.980000,-0.200000,-0.100000,0.300000,5338.299805
2026-05-19-09-18-36,-12.690000,-36.130001,66.129997,-0.100000,-0.200000,0.300000,5531.399902
2026-05-19-09-18-38,-12.700000,-37.450001,68.389999,-0.100000,-0.100000,0.300000,5737.899902
2026-05-19-09-18-39,-12.810000,-38.660000,70.389999,-0.200000,-0.100000,0.300000,5924.799805
2026-05-19-09-18-41,-13.030000,-39.880001,72.309998,-0.200000,-0.100000,0.300000,6113.100098
2026-05-19-09-18-42,-13.260000,-40.970001,74.019997,-0.200000,-0.100000,0.300000,6288.399902
2026-05-19-09-18-44,-13.650000,-41.990002,75.989998,-0.100000,-0.200000,0.300000,6479.700195
2026-05-19-09-18-45,-14.090000,-42.900002,78.129997,-0.100000,-0.100000,0.300000,6686.299805
2026-05-19-09-18-47,-14.500000,-43.720001,80.150002,-0.100000,-0.100000,0.300000,6872.100098
2026-05-19-09-18-49,-14.920000,-44.820000,82.589996,-0.100000,-0.100000,0.300000,7098.100098
2026-05-19-09-18-50,-15.290000,-45.740002,84.750000,-0.100000,-0.100000,0.300000,7304.100098
2026-05-19-09-18-52,-15.630000,-46.939999,87.010002,-0.200000,-0.100000,0.300000,7527.700195
2026-05-19-09-18-53,-15.940000,-47.869999,89.019997,-0.200000,-0.100000,0.300000,7729.700195
2026-05-19-09-18-55,-16.400000,-48.910000,91.419998,-0.100000,-0.100000,0.300000,7969.399902
2026-05-19-09-18-57,-16.889999,-49.930000,93.730003,-0.300000,-0.100000,0.300000,8226.299805
2026-05-19-09-18-58,-17.190001,-50.990002,95.839996,-0.100000,-0.100000,0.300000,8457.400391
2026-05-19-09-19-00,-17.590000,-52.080002,97.919998,-0.100000,-0.200000,0.300000,8703.599609
2026-05-19-09-19-02,-17.990000,-53.090000,99.970001,-0.200000,-0.100000,0.300000,8964.200195
2026-05-19-09-19-03,-18.379999,-54.139999,102.110001,-0.100000,-0.200000,0.200000,9225.700195
2026-05-19-09-19-05,-18.780001,-55.410000,104.440002,-0.200000,-0.100000,0.200000,9506.599609
2026-05-19-09-19-07,-19.120001,-56.419998,106.620003,-0.100000,-0.200000,0.200000,9759.799805
2026-05-19-09-19-08,-19.570000,-57.439999,109.169998,-0.200000,-0.200000,0.300000,10031.500000
2026-05-19-09-19-10,-19.889999,-58.509998,111.879997,-0.200000,-0.100000,0.300000,10313.299805
2026-05-19-09-19-12,-20.230000,-59.459999,114.660004,-0.100000,-0.000000,0.200000,10596.799805
2026-05-19-09-19-13,-20.430000,-60.700001,117.320000,-0.000000,-0.100000,0.300000,10857.400391
2026-05-19-09-19-15,-20.540001,-62.200001,120.269997,-0.000000,-0.100000,0.200000,11143.799805
2026-05-19-09-19-17,-20.690001,-63.470001,122.809998,-0.100000,-0.200000,0.200000,11400.900391
2026-05-19-09-19-18,-20.910000,-64.860001,126.040001,-0.200000,-0.200000,0.200000,11708.200195
2026-05-19-09-19-20,-21.209999,-66.029999,129.009995,-0.200000,-0.200000,0.200000,11987.400391
2026-05-19-09-19-21,-21.570000,-67.470001,132.369995,-0.100000,-0.200000,0.200000,12290.599609
2026-05-19-09-19-23,-21.910000,-68.699997,135.250000,-0.100000,-0.200000,0.200000,12559.900391
2026-05-19-09-19-25,-22.290001,-70.199997,138.690002,-0.200000,-0.200000,0.200000,12884.099609
2026-05-19-09-19-26,-22.740000,-71.669998,142.380005,-0.100000,-0.200000,0.200000,13223.299805
2026-05-19-09-19-28,-23.250000,-72.910004,145.610001,-0.100000,-0.200000,0.200000,13528.200195
2026-05-19-09-19-29,-23.740000,-74.199997,148.899994,-0.100000,-0.200000,0.200000,13835.900391
2026-05-19-09-19-31,-24.230000,-75.449997,151.970001,-0.200000,-0.200000,0.200000,14121.799805
2026-05-19-09-19-32,-24.690001,-76.660004,155.320007,-0.200000,-0.200000,0.200000,14432.200195
2026-05-19-09-19-34,-25.150000,-77.940002,158.929993,-0.100000,-0.200000,0.200000,14772.500000
2026-05-19-09-19-36,-25.590000,-79.059998,162.080002,-0.100000,-0.200000,0.200000,15072.599609
2026-05-19-09-19-37,-26.020000,-80.550003,165.899994,0.000000,-0.200000,0.200000,15430.900391
2026-05-19-09-19-39,-26.430000,-81.930000,169.380005,-0.100000,-0.200000,0.100000,15756.500000
2026-05-19-09-19-40,-26.850000,-83.349998,172.970001,-0.000000,-0.200000,0.100000,16109.099609
2026-05-19-09-19-42,-27.400000,-84.519997,176.210007,-0.000000,-0.200000,0.100000,16429.300781
2026-05-19-09-19-44,-28.030001,-85.980003,180.029999,0.000000,-0.200000,0.200000,16807.099609
2026-05-19-09-19-45,-28.700001,-87.449997,183.520004,0.100000,-0.100000,0.200000,17155.400391
2026-05-19-09-19-47,-29.350000,-89.089996,187.160004,-0.000000,-0.200000,0.200000,17527.000000
2026-05-19-09-19-48,-30.040001,-90.120003,190.589996,0.200000,-0.100000,0.200000,17860.199219
2026-05-19-09-19-50,-30.980000,-90.940002,194.979996,0.000000,-0.200000,0.200000,18262.199219
2026-05-19-09-19-52,-31.940001,-91.690002,199.589996,0.100000,-0.200000,0.100000,18681.599609
2026-05-19-09-19-54,-32.990002,-92.529999,204.509995,0.000000,-0.200000,0.100000,19120.699219
2026-05-19-09-19-55,-33.790001,-93.360001,208.960007,0.100000,-0.200000,0.100000,19523.199219
2026-05-19-09-19-57,-34.470001,-94.120003,212.940002,0.100000,-0.200000,0.100000,19879.000000
2026-05-19-09-19-59,-35.230000,-94.980003,217.720001,0.100000,-0.200000,0.100000,20310.699219
2026-05-19-09-20-00,-35.889999,-95.849998,221.910004,-0.000000,-0.200000,0.100000,20692.099609
2026-05-19-09-20-02,-36.580002,-96.830002,226.470001,0.000000,-0.200000,0.100000,21110.699219
2026-05-19-09-20-03,-37.119999,-97.599998,230.539993,0.100000,-0.200000,0.100000,21480.099609
2026-05-19-09-20-05,-37.669998,-98.529999,235.410004,0.000000,-0.200000,0.100000,21929.099609
2026-05-19-09-20-06,-38.200001,-99.379997,239.779999,0.100000,-0.200000,0.100000,22336.699219
2026-05-19-09-20-08,-38.560001,-100.430000,244.419998,0.000000,-0.200000,0.100000,22776.199219
2026-05-19-09-20-10,-38.880001,-101.400002,248.500000,0.100000,-0.300000,0.100000,23164.699219
2026-05-19-09-20-11,-39.160000,-102.379997,253.309998,-0.000000,-0.200000,0.100000,23631.400391
2026-05-19-09-20-13,-39.470001,-103.040001,257.649994,0.100000,-0.200000,0.200000,24054.599609
2026-05-19-09-20-14,-39.869999,-103.480003,262.390015,0.100000,-0.200000,0.200000,24515.599609
2026-05-19-09-20-16,-40.000000,-104.129997,267.040009,0.200000,-0.200000,0.200000,24926.500000
2026-05-19-09-20-18,-40.200001,-105.169998,272.609985,0.100000,-0.200000,0.200000,25418.500000
2026-05-19-09-20-19,-40.349998,-106.160004,278.350006,0.200000,-0.200000,0.100000,25929.699219
2026-05-19-09-20-21,-40.520000,-107.320000,283.570007,0.100000,-0.200000,0.100000,26390.500000
2026-05-19-09-20-23,-40.520000,-108.500000,288.649994,0.100000,-0.200000,0.100000,26847.000000
2026-05-19-09-20-24,-40.560001,-109.709999,293.399994,0.100000,-0.200000,0.100000,27268.000000
2026-05-19-09-20-26,-40.599998,-110.940002,298.660004,0.200000,-0.200000,0.100000,27732.400391
2026-05-19-09-20-27,-40.660000,-112.400002,304.359985,0.200000,-0.200000,0.100000,28227.099609
2026-05-19-09-20-29,-40.630001,-113.760002,309.489990,0.200000,-0.300000,0.000000,28671.400391
2026-05-19-09-20-30,-40.549999,-115.470001,315.519989,0.200000,-0.200000,0.000000,29203.699219
2026-05-19-09-20-32,-40.389999,-117.120003,321.880005,0.200000,-0.300000,0.000000,29762.099609
2026-05-19-09-20-34,-40.270000,-118.919998,328.429993,0.200000,-0.200000,0.000000,30338.599609
2026-05-19-09-20-36,-40.119999,-120.669998,334.170013,0.200000,-0.300000,0.100000,30858.500000
2026-05-19-09-20-37,-39.970001,-122.410004,339.179993,0.100000,-0.200000,-0.000000,31325.800781
2026-05-19-09-20-39,-39.849998,-124.080002,345.709991,0.100000,-0.200000,-0.000000,31879.800781
2026-05-19-09-20-40,-39.900002,-125.500000,351.570007,0.100000,-0.300000,-0.000000,32377.500000
2026-05-19-09-20-42,-39.950001,-126.980003,357.940002,0.100000,-0.200000,0.000000,32920.199219
2026-05-19-09-20-44,-40.040001,-128.309998,363.700012,0.200000,-0.300000,0.000000,33413.898438
2026-05-19-09-20-45,-40.209999,-129.750000,370.549988,0.100000,-0.200000,0.000000,33994.898438
2026-05-19-09-20-47,-40.380001,-131.130005,376.700012,0.100000,-0.200000,-0.000000,34515.800781
2026-05-19-09-20-48,-40.490002,-132.630005,383.320007,0.000000,-0.200000,-0.000000,35083.500000
2026-05-19-09-20-50,-40.500000,-134.279999,389.380005,0.200000,-0.100000,-0.000000,35584.398438
2026-05-19-09-20-52,-41.230000,-134.339996,395.529999,0.300000,-0.100000,0.000000,36186.500000
2026-05-19-09-20-53,-42.009998,-134.369995,401.010010,0.300000,-0.200000,-0.000000,36726.898438
2026-05-19-09-20-55,-42.959999,-134.279999,407.070007,0.100000,-0.200000,0.000000,37318.000000
2026-05-19-09-20-56,-44.119999,-133.589996,411.809998,0.000000,-0.000000,0.000000,37842.601562
2026-05-19-09-20-58,-45.480000,-132.440002,417.480011,0.100000,-0.200000,0.000000,38477.101562
2026-05-19-09-20-59,-46.630001,-131.240005,422.500000,0.100000,-0.300000,-0.000000,39042.800781
2026-05-19-09-21-01,-47.279999,-130.070007,428.260010,0.200000,-0.300000,0.000000,39657.500000
2026-05-19-09-21-03,-48.330002,-128.559998,433.160004,0.300000,-0.200000,0.100000,40203.398438
2026-05-19-09-21-04,-47.680000,-128.880005,440.070007,0.200000,-0.200000,0.100000,40849.601562
2026-05-19-09-21-06,-47.009998,-129.110001,447.029999,0.300000,0.100000,0.000000,41522.199219
2026-05-19-09-21-08,-44.599998,-129.800003,453.429993,0.300000,-0.100000,0.100000,42123.800781
2026-05-19-09-21-09,-42.220001,-130.839996,459.619995,0.400000,-0.200000,0.100000,42726.699219
2026-05-19-09-21-11,-40.189999,-131.639999,465.220001,0.600000,-0.100000,0.000000,43289.199219
2026-05-19-09-21-12,-37.939999,-132.789993,471.220001,0.600000,-0.100000,-0.000000,43893.300781
2026-05-19-09-21-14,-35.459999,-133.720001,477.880005,0.700000,-0.200000,0.000000,44556.898438
2026-05-19-09-21-15,-33.419998,-134.820007,483.570007,0.700000,-0.200000,0.000000,45130.500000
2026-05-19-09-21-17,-30.770000,-136.229996,490.660004,0.600000,-0.200000,-0.000000,45827.199219
2026-05-19-09-21-19,-28.549999,-137.130005,497.140015,0.700000,-0.200000,-0.000000,46448.101562
2026-05-19-09-21-20,-26.230000,-138.130005,504.089996,0.600000,-0.200000,-1.100000,47117.898438
2026-05-19-09-21-22,-24.160000,-139.490005,509.920013,0.600000,-0.300000,-1.100000,47720.300781
2026-05-19-09-21-23,-21.760000,-141.410004,516.559998,0.600000,-0.200000,-1.200000,48437.601562
2026-05-19-09-21-25,-19.620001,-143.229996,523.440002,0.500000,-0.400000,-1.200000,49179.500000
2026-05-19-09-21-27,-17.969999,-143.850006,529.380005,0.700000,-0.200000,-1.200000,49855.300781
2026-05-19-09-21-28,-16.309999,-144.369995,535.119995,0.600000,-0.300000,-1.400000,50515.199219
2026-05-19-09-21-30,-14.830000,-144.649994,540.500000,0.700000,-0.200000,-1.400000,51129.199219
2026-05-19-09-21-31,-12.970000,-144.660004,546.539978,0.700000,-0.300000,-1.400000,51795.101562
2026-05-19-09-21-33,-10.810000,-145.259995,552.969971,0.700000,-0.300000,-1.100000,52522.000000
2026-05-19-09-21-34,-8.700000,-145.660004,558.679993,0.500000,-0.200000,-1.200000,53164.898438
2026-05-19-09-21-36,-5.650000,-145.529999,565.580017,0.600000,-0.200000,-0.500000,53924.101562
2026-05-19-09-21-38,-2.640000,-144.960007,572.729980,0.700000,-0.200000,0.300000,54720.898438
2026-05-19-09-21-39,0.420000,-144.669998,579.179993,0.800000,-0.100000,-3.600000,55433.000000
2026-05-19-09-21-41,3.120000,-143.679993,585.659973,0.500000,-0.200000,-3.600000,56140.199219
2026-05-19-09-21-43,5.570000,-142.679993,591.719971,0.600000,-0.200000,-3.600000,56798.500000
2026-05-19-09-21-44,8.230000,-141.740005,598.250000,0.600000,-0.200000,-3.600000,57511.500000
2026-05-19-09-21-46,11.120000,-140.679993,604.979980,0.600000,-0.200000,-3.600000,58278.300781
2026-05-19-09-21-47,13.620000,-139.139999,611.119995,0.600000,-0.200000,-3.600000,58958.199219
2026-05-19-09-21-49,16.690001,-137.699997,618.409973,0.300000,-0.100000,3.400000,59774.601562
2026-05-19-09-21-50,20.030001,-137.520004,625.289978,-0.200000,0.900000,32.400002,60512.101562
2026-05-19-09-21-52,23.540001,-139.089996,631.570007,3.400000,0.600000,85.099998,61294.699219
2026-05-19-09-21-54,26.150000,-138.899994,637.659973,-0.000000,1.500000,95.400002,61994.101562
2026-05-19-09-21-55,29.150000,-138.589996,644.840027,0.200000,2.200000,99.800003,62832.699219
2026-05-19-09-21-57,31.790001,-138.179993,651.239990,0.400000,2.100000,99.800003,63559.800781
2026-05-19-09-21-58,34.599998,-137.910004,658.150024,0.400000,2.300000,99.699997,64346.601562
2026-05-19-09-22-00,36.509998,-136.270004,664.369995,-0.800000,2.000000,79.900002,65046.500000
2026-05-19-09-22-02,40.259998,-135.320007,671.840027,-0.800000,1.400000,64.599998,65885.398438
2026-05-19-09-22-03,43.759998,-135.070007,678.440002,-0.700000,1.200000,63.400002,66626.296875
2026-05-19-09-22-05,47.680000,-134.919998,685.349976,3.200000,0.800000,42.099998,67430.601562
2026-05-19-09-22-06,50.490002,-133.449997,691.380005,-0.600000,0.600000,11.500000,68142.000000
2026-05-19-09-22-08,53.650002,-131.960007,698.650024,-0.200000,0.300000,11.500000,68988.203125
2026-05-19-09-22-09,56.380001,-130.839996,705.270020,0.100000,0.100000,11.500000,69748.796875
2026-05-19-09-22-11,59.209999,-129.759995,712.520020,0.200000,0.000000,11.500000,70569.500000
2026-05-19-09-22-13,61.570000,-128.539993,719.059998,0.100000,-0.000000,11.500000,71300.000000
2026-05-19-09-22-14,64.139999,-127.010002,726.729980,0.100000,0.000000,11.500000,72176.703125
2026-05-19-09-22-16,66.449997,-125.559998,733.570007,0.200000,-0.000000,11.500000,72948.898438
2026-05-19-09-22-17,68.870003,-123.959999,740.940002,0.200000,-0.000000,11.400000,73792.500000
2026-05-19-09-22-19,70.919998,-122.470001,747.460022,0.100000,0.000000,11.500000,74541.296875
2026-05-19-09-22-21,73.389999,-120.620003,755.469971,0.100000,-0.000000,11.500000,75444.898438
2026-05-19-09-22-22,75.620003,-119.019997,762.659973,0.100000,-0.000000,11.400000,76247.500000
2026-05-19-09-22-24,77.959999,-117.099998,770.500000,0.100000,-0.000000,11.400000,77109.898438
2026-05-19-09-22-25,80.059998,-115.260002,777.619995,0.200000,0.000000,11.400000,77885.296875
2026-05-19-09-22-27,82.440002,-112.949997,785.969971,0.200000,0.000000,11.400000,78800.703125
2026-05-19-09-22-29,84.639999,-110.870003,793.530029,0.200000,0.000000,11.400000,79633.398438
2026-05-19-09-22-30,87.160004,-109.059998,801.799988,0.200000,-0.000000,11.400000,80539.398438
2026-05-19-09-22-32,89.220001,-107.459999,809.080017,0.300000,-0.100000,11.400000,81335.500000
2026-05-19-09-22-33,91.690002,-105.239998,817.809998,0.100000,-0.100000,11.400000,82278.101562
2026-05-19-09-22-35,94.250000,-103.010002,826.849976,0.100000,-0.000000,11.400000,83265.101562
2026-05-19-09-22-37,96.639999,-101.050003,834.969971,0.300000,-0.000000,11.400000,84150.601562
2026-05-19-09-22-38,98.949997,-99.059998,843.020020,0.200000,0.000000,11.400000,85022.500000
2026-05-19-09-22-40,101.540001,-96.470001,852.650024,0.200000,0.000000,11.400000,86048.500000
2026-05-19-09-22-42,103.989998,-94.080002,861.859985,0.200000,-0.000000,11.400000,87028.000000
2026-05-19-09-22-43,106.199997,-91.940002,870.239990,0.200000,-0.000000,11.400000,87912.898438
2026-05-19-09-22-45,108.559998,-89.550003,879.299988,0.300000,-0.000000,11.400000,88860.203125
2026-05-19-09-22-47,110.709999,-87.449997,887.369995,0.200000,-0.100000,11.400000,89707.398438
2026-05-19-09-22-48,113.139999,-84.940002,897.039978,0.300000,-0.000000,11.400000,90715.101562
2026-05-19-09-22-50,115.349998,-82.800003,905.669983,0.300000,-0.000000,11.400000,91616.101562
2026-05-19-09-22-51,117.709999,-80.639999,914.869995,0.200000,-0.100000,11.400000,92573.296875
2026-05-19-09-22-53,119.820000,-78.650002,923.190002,0.200000,-0.100000,11.300000,93443.500000
2026-05-19-09-22-55,122.220001,-76.199997,932.969971,0.300000,-0.100000,11.300000,94473.703125
2026-05-19-09-22-56,124.650002,-73.540001,943.219971,0.200000,-0.000000,11.300000,95544.296875
2026-05-19-09-22-58,126.830002,-71.129997,952.479980,0.300000,-0.100000,11.400000,96510.203125
2026-05-19-09-23-00,129.110001,-68.699997,962.400024,0.400000,-0.100000,11.400000,97534.296875
2026-05-19-09-23-01,131.429993,-66.199997,972.510010,0.300000,-0.000000,11.400000,98590.398438
2026-05-19-09-23-03,133.639999,-63.790001,982.719971,0.400000,-0.100000,11.400000,99645.101562
2026-05-19-09-23-05,135.559998,-61.650002,991.809998,0.400000,-0.000000,11.400000,100590.500000
2026-05-19-09-23-06,137.529999,-59.299999,1001.570007,0.300000,-0.100000,11.300000,101620.296875
2026-05-19-09-23-08,139.149994,-57.110001,1010.280029,0.400000,-0.000000,11.300000,102534.000000
2026-05-19-09-23-09,141.110001,-54.689999,1020.640015,0.400000,-0.000000,11.300000,103630.398438
2026-05-19-09-23-11,142.960007,-52.750000,1029.969971,0.500000,-0.000000,11.300000,104618.296875
2026-05-19-09-23-13,144.770004,-49.990002,1039.989990,0.400000,-0.100000,11.300000,105675.203125
2026-05-19-09-23-14,146.440002,-47.759998,1048.930054,0.300000,-0.100000,11.300000,106621.398438
2026-05-19-09-23-16,148.429993,-45.070000,1059.479980,0.400000,-0.100000,11.300000,107739.500000
2026-05-19-09-23-17,150.300003,-42.459999,1069.219971,0.500000,-0.100000,11.300000,108751.296875
2026-05-19-09-23-19,152.339996,-39.759998,1079.829956,0.400000,-0.100000,11.400000,109852.296875
2026-05-19-09-23-21,154.119995,-37.310001,1089.280029,0.400000,-0.100000,11.400000,110821.203125
2026-05-19-09-23-22,156.179993,-34.290001,1100.609985,0.300000,-0.100000,11.300000,111977.601562
2026-05-19-09-23-24,158.009995,-31.549999,1110.790039,0.600000,-0.100000,11.300000,113008.398438
2026-05-19-09-23-25,159.970001,-28.860001,1121.729980,0.400000,-0.100000,11.300000,114117.000000
2026-05-19-09-23-27,161.669998,-26.570000,1131.390015,0.400000,-0.100000,11.300000,115107.796875
2026-05-19-09-23-29,163.630005,-23.709999,1142.920044,0.500000,-0.000000,11.300000,116281.500000
2026-05-19-09-23-30,165.419998,-21.100000,1153.400024,0.400000,-0.000000,11.300000,117339.796875
2026-05-19-09-23-32,167.399994,-18.510000,1164.849976,0.500000,-0.100000,11.300000,118491.703125
2026-05-19-09-23-33,169.119995,-16.170000,1174.920044,0.400000,-0.100000,11.300000,119500.703125
2026-05-19-09-23-35,171.149994,-13.300000,1186.979980,0.300000,-0.100000,11.300000,120702.000000
2026-05-19-09-23-37,173.160004,-9.880000,1199.660034,0.500000,-0.100000,11.200000,121956.000000
2026-05-19-09-23-38,175.080002,-7.030000,1211.199951,0.400000,-0.100000,11.200000,123107.703125
2026-05-19-09-23-40,176.979996,-3.960000,1223.219971,0.500000,-0.000000,11.200000,124299.296875
2026-05-19-09-23-42,178.979996,-0.520000,1235.689941,0.400000,-0.100000,11.200000,125540.296875
2026-05-19-09-23-44,181.009995,3.100000,1248.229980,0.500000,-0.100000,11.200000,126790.203125
2026-05-19-09-23-45,182.750000,6.410000,1259.390015,0.600000,-0.100000,11.100000,127909.101562
2026-05-19-09-23-47,184.600006,10.090000,1271.640015,0.500000,-0.100000,11.100000,129121.296875
2026-05-19-09-23-48,186.169998,13.310000,1282.459961,0.500000,-0.100000,11.100000,130194.500000
2026-05-19-09-23-50,188.190002,17.049999,1295.459961,0.600000,-0.100000,11.100000,131478.296875
2026-05-19-09-23-51,189.979996,20.389999,1307.109985,0.500000,-0.200000,11.000000,132621.000000
2026-05-19-09-23-53,191.869995,23.850000,1319.479980,0.600000,-0.100000,11.000000,133837.406250
2026-05-19-09-23-55,193.589996,26.820000,1330.630005,0.600000,-0.100000,11.000000,134932.296875
2026-05-19-09-23-56,195.619995,30.350000,1343.770020,0.500000,-0.100000,11.000000,136232.703125
2026-05-19-09-23-58,197.789993,34.000000,1357.329956,0.600000,-0.100000,11.000000,137575.406250
2026-05-19-09-24-00,199.720001,37.299999,1369.560059,0.500000,-0.100000,11.000000,138784.203125
2026-05-19-09-24-01,201.679993,40.509998,1381.599976,0.500000,-0.200000,11.000000,139973.906250
2026-05-19-09-24-03,203.559998,43.490002,1392.680054,0.600000,-0.100000,10.900000,141083.406250
2026-05-19-09-24-04,205.509995,46.680000,1404.719971,0.500000,-0.100000,10.900000,142293.093750
2026-05-19-09-24-06,207.479996,49.939999,1417.420044,0.500000,-0.100000,10.900000,143569.406250
2026-05-19-09-24-07,209.139999,52.820000,1428.689941,0.600000,-0.100000,10.800000,144699.000000
2026-05-19-09-24-09,211.160004,56.400002,1442.239990,0.600000,-0.200000,10.800000,146057.703125
2026-05-19-09-24-11,212.970001,59.689999,1454.459961,0.500000,-0.100000,10.800000,147286.500000
2026-05-19-09-24-12,214.820007,63.070000,1467.310059,0.400000,-0.100000,10.800000,148580.906250
2026-05-19-09-24-14,216.449997,66.199997,1478.859985,0.500000,-0.100000,10.800000,149746.593750
2026-05-19-09-24-15,218.389999,69.900002,1492.520020,0.500000,-0.100000,10.800000,151124.703125
2026-05-19-09-24-17,220.139999,73.180000,1504.949951,0.500000,-0.100000,10.700000,152381.500000
2026-05-19-09-24-19,221.979996,76.599998,1518.420044,0.500000,-0.200000,10.700000,153737.703125
2026-05-19-09-24-20,223.470001,79.680000,1530.319946,0.600000,-0.100000,10.700000,154927.406250
2026-05-19-09-24-22,225.229996,83.150002,1544.689941,0.500000,-0.100000,10.600000,156362.593750
2026-05-19-09-24-23,226.839996,86.320000,1557.420044,0.500000,-0.200000,10.600000,157622.203125
2026-05-19-09-24-25,228.679993,89.730003,1571.270020,0.600000,-0.200000,10.600000,158994.406250
2026-05-19-09-24-26,230.220001,92.730003,1583.530029,0.600000,-0.200000,10.600000,160204.906250
2026-05-19-09-24-28,232.039993,96.160004,1598.209961,0.600000,-0.100000,10.600000,161647.703125
2026-05-19-09-24-30,233.740005,99.309998,1611.569946,0.600000,-0.200000,10.600000,162950.593750
2026-05-19-09-24-31,235.570007,102.500000,1626.000000,0.600000,-0.100000,10.600000,164354.593750
2026-05-19-09-24-33,237.149994,105.190002,1638.680054,0.600000,-0.300000,10.600000,165584.703125
2026-05-19-09-24-35,238.800003,108.440002,1653.739990,0.700000,-0.200000,10.600000,167068.906250
2026-05-19-09-24-36,240.179993,111.540001,1667.290039,0.700000,-0.200000,10.500000,168404.406250
2026-05-19-09-24-38,241.679993,114.680000,1681.599976,0.600000,-0.200000,10.500000,169830.593750
2026-05-19-09-24-39,243.039993,117.349998,1694.069946,0.700000,-0.200000,10.400000,171086.500000
2026-05-19-09-24-41,244.660004,120.610001,1709.160034,0.600000,-0.200000,10.400000,172610.296875
2026-05-19-09-24-42,246.179993,123.349998,1722.810059,0.600000,-0.200000,10.300000,173985.796875
2026-05-19-09-24-44,247.610001,126.370003,1737.449951,0.700000,-0.100000,10.300000,175449.500000
2026-05-19-09-24-46,248.860001,129.289993,1750.319946,0.600000,-0.200000,10.300000,176744.406250
2026-05-19-09-24-47,250.330002,132.589996,1765.589966,0.600000,-0.200000,10.300000,178281.203125
2026-05-19-09-24-49,251.610001,135.389999,1779.250000,0.700000,-0.200000,10.300000,179662.906250
2026-05-19-09-24-50,253.100006,138.199997,1794.089966,0.600000,-0.200000,10.200000,181157.296875
2026-05-19-09-24-52,254.460007,140.580002,1807.130005,0.600000,-0.200000,10.200000,182474.203125
2026-05-19-09-24-54,255.970001,143.500000,1822.770020,0.700000,-0.200000,10.200000,184056.296875
2026-05-19-09-24-55,257.369995,146.210007,1836.640015,0.600000,-0.100000,10.200000,185463.703125
2026-05-19-09-24-57,258.839996,148.570007,1851.479980,0.700000,-0.200000,10.200000,186979.593750
2026-05-19-09-24-58,260.089996,150.729996,1864.660034,0.700000,-0.200000,10.300000,188330.406250
2026-05-19-09-25-00,261.529999,153.440002,1880.329956,0.700000,-0.200000,10.300000,189930.796875
2026-05-19-09-25-02,263.049988,156.220001,1896.550049,0.700000,-0.200000,10.200000,191588.906250
2026-05-19-09-25-03,264.309998,158.770004,1911.109985,0.700000,-0.200000,10.200000,193075.406250
2026-05-19-09-25-05,265.540009,161.229996,1925.630005,0.700000,-0.200000,10.200000,194555.093750
2026-05-19-09-25-07,266.720001,163.500000,1939.060059,0.700000,-0.200000,10.200000,195921.906250
2026-05-19-09-25-08,268.040009,165.839996,1953.579956,0.700000,-0.200000,10.200000,197402.000000
2026-05-19-09-25-10,269.489990,168.270004,1969.050049,0.700000,-0.200000,10.100000,198979.906250
2026-05-19-09-25-11,270.739990,170.649994,1982.780029,0.700000,-0.200000,10.200000,200382.593750
2026-05-19-09-25-13,272.149994,173.300003,1998.930054,0.800000,-0.200000,10.100000,202031.796875
2026-05-19-09-25-14,273.480011,175.839996,2013.609985,0.800000,-0.200000,10.100000,203535.000000
2026-05-19-09-25-16,274.940002,178.360001,2029.160034,0.800000,-0.200000,10.100000,205128.703125
2026-05-19-09-25-18,276.269989,180.479996,2043.010010,0.800000,-0.300000,10.100000,206559.093750
2026-05-19-09-25-19,278.000000,183.029999,2059.600098,0.700000,-0.200000,10.100000,208276.703125
2026-05-19-09-25-21,279.739990,185.919998,2076.689941,0.700000,-0.200000,10.100000,210037.093750
2026-05-19-09-25-23,281.250000,188.649994,2092.020020,0.800000,-0.200000,10.100000,211610.406250
2026-05-19-09-25-24,282.959991,191.369995,2108.090088,0.700000,-0.300000,10.000000,213272.703125
2026-05-19-09-25-26,285.619995,193.899994,2125.570068,0.700000,-0.300000,9.900000,215000.703125
2026-05-19-09-25-28,288.299988,196.429993,2143.239990,0.700000,-0.200000,9.900000,216743.593750
2026-05-19-09-25-29,290.809998,198.919998,2159.969971,0.700000,-0.300000,9.900000,218308.000000
2026-05-19-09-25-31,293.720001,201.889999,2178.199951,0.700000,-0.300000,9.900000,219982.593750
2026-05-19-09-25-32,296.529999,204.660004,2194.620117,0.600000,-0.300000,9.800000,221481.703125
2026-05-19-09-25-34,299.630005,208.279999,2214.169922,0.700000,-0.300000,9.800000,223244.406250
2026-05-19-09-25-36,302.470001,211.630005,2231.760010,0.700000,-0.300000,9.800000,224831.093750
2026-05-19-09-25-37,305.480011,215.309998,2250.780029,0.900000,-0.300000,9.800000,226539.296875
2026-05-19-09-25-39,308.260010,218.619995,2267.760010,0.800000,-0.300000,9.800000,228058.593750
2026-05-19-09-25-41,311.399994,222.550003,2287.709961,0.800000,-0.300000,9.800000,229847.796875
2026-05-19-09-25-42,314.190002,226.139999,2305.790039,0.700000,-0.300000,9.800000,231470.906250
2026-05-19-09-25-44,317.049988,229.880005,2325.060059,0.700000,-0.300000,9.700000,233199.296875
2026-05-19-09-25-45,319.589996,233.240005,2342.320068,0.800000,-0.300000,9.700000,234742.093750
2026-05-19-09-25-47,322.529999,237.130005,2362.600098,0.800000,-0.300000,9.700000,236561.906250
2026-05-19-09-25-48,325.109985,240.610001,2380.850098,0.800000,-0.300000,9.600000,238208.203125
2026-05-19-09-25-50,327.959991,244.369995,2400.469971,0.800000,-0.300000,9.600000,239975.500000
2026-05-19-09-25-52,330.540009,247.970001,2418.129883,1.000000,-0.300000,9.600000,241557.703125
2026-05-19-09-25-53,333.799988,251.960007,2438.840088,0.900000,-0.300000,9.600000,243420.593750
2026-05-19-09-25-55,337.179993,255.820007,2460.179932,0.900000,-0.300000,9.600000,245371.203125
2026-05-19-09-25-57,340.179993,259.369995,2479.159912,0.900000,-0.200000,9.600000,247112.000000
2026-05-19-09-25-58,343.339996,263.179993,2499.129883,0.900000,-0.300000,9.600000,248945.296875
2026-05-19-09-26-00,346.649994,267.190002,2519.909912,0.900000,-0.300000,9.500000,250841.093750
2026-05-19-09-26-02,349.910004,271.100006,2540.479980,0.900000,-0.300000,9.500000,252721.796875
2026-05-19-09-26-03,352.869995,274.660004,2559.239990,0.900000,-0.300000,9.500000,254433.500000
2026-05-19-09-26-05,356.130005,278.470001,2579.560059,0.900000,-0.300000,9.400000,256277.703125
2026-05-19-09-26-06,358.980011,281.700012,2597.449951,0.900000,-0.300000,9.400000,257910.593750
2026-05-19-09-26-08,362.380005,285.549988,2618.540039,1.000000,-0.300000,9.400000,259846.093750
2026-05-19-09-26-10,365.500000,289.059998,2637.689941,0.900000,-0.400000,9.400000,261600.406250
2026-05-19-09-26-11,368.640015,292.519989,2657.820068,0.900000,-0.300000,9.400000,263449.000000
2026-05-19-09-26-13,371.380005,295.640015,2675.770020,1.000000,-0.200000,9.400000,265094.000000
2026-05-19-09-26-14,374.750000,299.519989,2697.429932,1.000000,-0.300000,9.400000,267042.593750
2026-05-19-09-26-16,378.140015,303.570007,2720.239990,1.000000,-0.300000,9.400000,269104.500000
2026-05-19-09-26-18,381.190002,307.119995,2740.409912,1.000000,-0.300000,9.400000,270926.312500
2026-05-19-09-26-19,384.420013,310.970001,2762.030029,1.000000,-0.400000,9.300000,272868.906250
2026-05-19-09-26-21,387.670013,315.010010,2784.250000,1.100000,-0.300000,9.300000,274870.000000
2026-05-19-09-26-23,390.970001,319.140015,2806.610107,1.100000,-0.300000,9.300000,276886.093750
2026-05-19-09-26-24,393.929993,323.000000,2826.800049,1.000000,-0.300000,9.200000,278707.812500
2026-05-19-09-26-26,397.109985,326.869995,2847.840088,1.000000,-0.300000,9.200000,280603.500000
2026-05-19-09-26-28,400.010010,330.339996,2867.280029,1.000000,-0.300000,9.200000,282359.093750
2026-05-19-09-26-29,403.459991,334.399994,2889.790039,1.000000,-0.300000,9.200000,284394.093750
2026-05-19-09-26-31,407.059998,338.480011,2913.219971,1.000000,-0.300000,9.200000,286512.500000
2026-05-19-09-26-33,410.230011,342.260010,2934.229980,1.000000,-0.300000,9.100000,288414.187500
2026-05-19-09-26-34,413.609985,346.089996,2956.159912,1.100000,-0.400000,9.100000,290410.187500
2026-05-19-09-26-36,417.119995,350.000000,2979.129883,1.000000,-0.400000,9.100000,292500.406250
2026-05-19-09-26-38,420.649994,353.989990,3002.310059,1.000000,-0.400000,9.100000,294596.406250
2026-05-19-09-26-39,424.329987,358.079987,3026.580078,1.000000,-0.400000,9.000000,296796.593750
2026-05-19-09-26-41,427.589996,361.559998,3047.870117,1.000000,-0.400000,9.000000,298739.187500
2026-05-19-09-26-43,431.000000,364.799988,3069.030029,1.000000,-0.300000,9.100000,300670.500000
2026-05-19-09-26-45,434.850006,368.679993,3093.810059,1.000000,-0.400000,9.000000,302936.312500
2026-05-19-09-26-46,438.359985,372.459991,3116.909912,1.000000,-0.300000,9.000000,305046.593750
2026-05-19-09-26-48,441.570007,376.010010,3137.830078,1.000000,-0.400000,9.100000,306966.406250
2026-05-19-09-26-49,445.100006,379.869995,3160.629883,0.900000,-0.300000,9.000000,309062.406250
2026-05-19-09-26-51,448.119995,383.230011,3180.590088,1.000000,-0.300000,9.000000,310894.906250
2026-05-19-09-26-53,451.760010,387.309998,3204.719971,1.000000,-0.300000,9.000000,313102.906250
2026-05-19-09-26-54,455.500000,391.480011,3229.389893,1.000000,-0.400000,9.000000,315374.000000
2026-05-19-09-26-56,458.779999,395.250000,3251.419922,1.000000,-0.300000,9.000000,317399.812500
2026-05-19-09-26-58,462.279999,399.290009,3274.830078,1.100000,-0.400000,9.000000,319557.000000
2026-05-19-09-26-59,465.899994,403.329987,3298.989990,1.000000,-0.300000,9.000000,321778.187500
2026-05-19-09-27-01,469.609985,407.540009,3323.300049,1.000000,-0.300000,8.900000,324019.312500
2026-05-19-09-27-03,472.950012,411.200012,3345.209961,1.000000,-0.400000,8.900000,326038.500000
2026-05-19-09-27-04,476.470001,414.829987,3368.070068,1.000000,-0.300000,8.900000,328156.593750
2026-05-19-09-27-06,479.600006,418.119995,3388.580078,1.000000,-0.300000,8.800000,330051.093750
2026-05-19-09-27-08,483.329987,422.000000,3413.070068,1.000000,-0.400000,8.800000,332317.187500
2026-05-19-09-27-09,486.750000,425.529999,3434.709961,1.000000,-0.400000,8.800000,334336.906250
2026-05-19-09-27-11,490.350006,429.329987,3457.969971,1.000000,-0.300000,8.800000,336508.500000
2026-05-19-09-27-12,493.420013,432.589996,3478.500000,1.000000,-0.300000,8.800000,338431.687500
2026-05-19-09-27-14,496.950012,436.480011,3503.050049,1.100000,-0.400000,8.800000,340736.093750
2026-05-19-09-27-15,500.040009,439.980011,3524.770020,1.000000,-0.300000,8.800000,342780.406250
2026-05-19-09-27-17,503.309998,443.690002,3548.280029,1.000000,-0.300000,8.700000,344988.312500
2026-05-19-09-27-19,506.200012,446.880005,3568.949951,1.000000,-0.400000,8.700000,346932.906250
2026-05-19-09-27-20,509.660004,450.709991,3593.709961,1.000000,-0.300000,8.700000,349267.812500
2026-05-19-09-27-22,512.760010,454.109985,3616.020020,1.100000,-0.400000,8.600000,351369.687500
2026-05-19-09-27-23,516.039978,457.829987,3639.830078,1.300000,-0.500000,8.600000,353616.593750
2026-05-19-09-27-25,518.260010,459.209991,3660.820068,1.100000,-0.400000,8.600000,355612.187500
2026-05-19-09-27-27,520.840027,460.920013,3685.639893,1.100000,-0.400000,8.600000,357977.687500
2026-05-19-09-27-28,523.179993,462.450012,3708.209961,1.100000,-0.400000,8.600000,360126.906250
2026-05-19-09-27-30,525.710022,463.940002,3732.070068,1.000000,-0.400000,8.600000,362401.687500
2026-05-19-09-27-31,527.869995,465.359985,3753.340088,1.000000,-0.400000,8.600000,364432.906250
2026-05-19-09-27-33,530.429993,467.109985,3778.340088,1.000000,-0.400000,8.600000,366822.406250
2026-05-19-09-27-35,533.000000,469.049988,3804.310059,1.000000,-0.400000,8.600000,369311.500000
2026-05-19-09-27-36,535.239990,470.809998,3827.530029,1.000000,-0.400000,8.500000,371533.593750
2026-05-19-09-27-38,537.619995,472.640015,3851.909912,1.100000,-0.300000,8.500000,373865.187500
2026-05-19-09-27-40,540.099976,474.480011,3877.290039,1.200000,-0.400000,8.400000,376293.593750
2026-05-19-09-27-41,542.719971,475.880005,3902.810059,1.100000,-0.400000,8.400000,378755.093750
2026-05-19-09-27-43,545.460022,477.170013,3929.159912,1.000000,-0.400000,8.400000,381302.093750
2026-05-19-09-27-45,547.830017,478.239990,3952.520020,1.000000,-0.400000,8.400000,383550.906250
2026-05-19-09-27-46,550.169983,479.450012,3977.399902,1.100000,-0.400000,8.400000,385955.500000
2026-05-19-09-27-48,552.549988,480.600006,4002.889893,1.100000,-0.400000,8.400000,388421.906250
2026-05-19-09-27-50,555.010010,481.760010,4028.620117,1.100000,-0.400000,8.300000,390919.500000
2026-05-19-09-27-51,557.200012,482.700012,4051.540039,1.100000,-0.400000,8.300000,393150.500000
2026-05-19-09-27-53,559.539978,483.760010,4076.320068,1.100000,-0.300000,8.200000,395562.812500
2026-05-19-09-27-55,561.780029,484.649994,4098.560059,1.100000,-0.400000,8.200000,397714.500000
2026-05-19-09-27-56,564.450012,485.760010,4125.180176,1.100000,-0.300000,8.200000,400292.593750
2026-05-19-09-27-58,566.789978,486.660004,4148.459961,1.100000,-0.300000,8.200000,402535.812500
2026-05-19-09-27-59,569.380005,487.660004,4173.930176,1.100000,-0.300000,8.200000,404992.812500
2026-05-19-09-28-01,571.659973,488.549988,4196.270020,1.100000,-0.300000,8.200000,407146.093750
2026-05-19-09-28-03,574.340027,489.579987,4223.330078,1.100000,-0.400000,8.200000,409753.906250
2026-05-19-09-28-04,576.820007,490.549988,4247.430176,1.100000,-0.300000,8.100000,412080.000000
2026-05-19-09-28-06,579.400024,491.549988,4272.779785,1.200000,-0.400000,8.100000,414526.812500
2026-05-19-09-28-07,581.780029,492.320007,4295.299805,1.200000,-0.300000,8.200000,416713.906250
2026-05-19-09-28-09,584.640015,493.380005,4322.430176,1.100000,-0.400000,8.100000,419329.500000
2026-05-19-09-28-11,587.049988,494.079987,4346.410156,1.100000,-0.400000,8.100000,421642.500000
2026-05-19-09-28-12,589.679993,494.910004,4372.129883,1.200000,-0.300000,8.100000,424133.687500
2026-05-19-09-28-14,592.020020,495.809998,4395.299805,1.100000,-0.400000,8.000000,426373.093750
2026-05-19-09-28-15,594.710022,496.989990,4422.629883,1.100000,-0.400000,7.900000,429004.687500
2026-05-19-09-28-17,596.979980,498.200012,4446.950195,1.100000,-0.300000,8.000000,431347.187500
2026-05-19-09-28-19,599.479980,499.420013,4473.029785,1.200000,-0.400000,8.000000,433874.093750
2026-05-19-09-28-20,601.659973,500.480011,4496.200195,1.200000,-0.400000,7.900000,436119.312500
2026-05-19-09-28-22,604.270020,501.679993,4523.910156,1.100000,-0.400000,7.900000,438802.093750
2026-05-19-09-28-23,606.590027,502.850006,4548.649902,1.200000,-0.400000,7.900000,441194.000000
2026-05-19-09-28-25,609.090027,504.179993,4575.160156,1.200000,-0.300000,7.900000,443758.812500
2026-05-19-09-28-26,611.349976,505.359985,4598.870117,1.100000,-0.300000,7.900000,446051.593750
2026-05-19-09-28-28,613.919983,506.690002,4627.000000,1.200000,-0.300000,7.800000,448766.812500
2026-05-19-09-28-30,616.510010,507.989990,4656.240234,1.100000,-0.300000,7.900000,451571.906250
2026-05-19-09-28-31,618.859985,509.179993,4683.109863,1.100000,-0.300000,7.900000,454142.687500
2026-05-19-09-28-33,621.219971,510.480011,4711.220215,1.300000,-0.400000,7.800000,456820.093750
2026-05-19-09-28-35,623.760010,511.510010,4739.959961,1.200000,-0.400000,7.800000,459575.406250
2026-05-19-09-28-37,626.239990,512.469971,4769.180176,1.200000,-0.400000,7.700000,462371.000000
2026-05-19-09-28-38,628.840027,513.520020,4799.020020,1.200000,-0.300000,7.600000,465235.093750
2026-05-19-09-28-40,631.159973,514.450012,4825.979980,1.100000,-0.400000,7.600000,467827.687500
2026-05-19-09-28-41,633.460022,515.390015,4852.200195,1.100000,-0.300000,7.600000,470352.906250
2026-05-19-09-28-43,635.559998,516.340027,4876.549805,1.200000,-0.400000,7.600000,472694.312500
2026-05-19-09-28-45,638.099976,517.469971,4906.779785,1.100000,-0.300000,7.500000,475611.687500
2026-05-19-09-28-46,640.320007,518.479980,4934.069824,1.100000,-0.400000,7.500000,478248.687500
2026-05-19-09-28-48,642.679993,519.580017,4962.310059,1.200000,-0.400000,7.400000,480984.187500
2026-05-19-09-28-50,645.109985,520.570007,4991.330078,1.200000,-0.400000,7.400000,483812.500000
2026-05-19-09-28-52,647.580017,521.539978,5020.680176,1.100000,-0.300000,7.400000,486677.312500
2026-05-19-09-28-53,650.039978,522.669983,5051.259766,1.100000,-0.400000,7.300000,489658.312500
2026-05-19-09-28-55,652.250000,523.669983,5078.089844,1.200000,-0.300000,7.300000,492288.406250
2026-05-19-09-28-56,654.609985,524.659973,5106.629883,1.100000,-0.400000,7.200000,495088.187500
2026-05-19-09-28-58,657.030029,525.770020,5136.259766,1.100000,-0.300000,7.100000,497978.312500
2026-05-19-09-29-00,659.450012,527.090027,5165.729980,1.100000,-0.400000,7.100000,500853.593750
2026-05-19-09-29-01,661.619995,528.299988,5192.049805,1.200000,-0.400000,7.100000,503420.500000
2026-05-19-09-29-03,663.960022,529.510010,5220.790039,1.100000,-0.300000,7.100000,506227.500000
2026-05-19-09-29-05,666.000000,530.469971,5245.979980,1.000000,-0.300000,7.100000,508682.406250
2026-05-19-09-29-06,668.440002,531.609985,5275.740234,1.100000,-0.400000,7.000000,511580.906250
2026-05-19-09-29-08,670.700012,532.669983,5302.669922,1.100000,-0.400000,7.000000,514215.906250
2026-05-19-09-29-09,672.969971,533.780029,5331.069824,1.100000,-0.300000,6.900000,516993.906250
2026-05-19-09-29-11,675.059998,534.859985,5356.830078,1.100000,-0.300000,7.000000,519508.000000
2026-05-19-09-29-13,677.500000,536.169983,5387.250000,1.100000,-0.300000,6.900000,522487.687500
2026-05-19-09-29-14,679.659973,537.299988,5414.439941,1.100000,-0.400000,6.900000,525148.625000
2026-05-19-09-29-16,681.739990,538.409973,5441.100098,1.100000,-0.300000,6.800000,527760.625000
2026-05-19-09-29-17,683.969971,539.710022,5469.729980,1.100000,-0.300000,6.800000,530572.375000
2026-05-19-09-29-19,686.409973,541.119995,5500.169922,1.200000,-0.300000,6.700000,533562.125000
2026-05-19-09-29-21,688.599976,542.530029,5527.750000,1.200000,-0.300000,6.700000,536283.875000
2026-05-19-09-29-22,690.909973,543.979980,5557.439941,1.200000,-0.300000,6.700000,539203.812500
2026-05-19-09-29-24,692.940002,545.330017,5583.459961,1.100000,-0.300000,6.600000,541770.125000
2026-05-19-09-29-25,695.320007,546.960022,5614.209961,1.200000,-0.300000,6.600000,544811.500000
2026-05-19-09-29-27,697.340027,548.390015,5641.640137,1.200000,-0.300000,6.600000,547534.375000
2026-05-19-09-29-29,699.419983,549.799988,5670.799805,1.100000,-0.300000,6.600000,550429.625000
2026-05-19-09-29-30,701.239990,551.169983,5697.109863,1.100000,-0.400000,6.500000,553038.500000
2026-05-19-09-29-32,703.309998,552.789978,5728.209961,1.200000,-0.300000,6.500000,556132.812500
2026-05-19-09-29-33,705.260010,554.159973,5756.040039,1.100000,-0.300000,6.500000,558911.125000
2026-05-19-09-29-35,707.179993,555.580017,5785.649902,1.200000,-0.400000,6.400000,561867.312500
2026-05-19-09-29-36,708.909973,556.669983,5812.120117,1.100000,-0.300000,6.400000,564501.125000
2026-05-19-09-29-38,711.039978,558.000000,5844.140137,1.100000,-0.300000,6.400000,567700.312500
2026-05-19-09-29-40,712.830017,559.080017,5872.129883,1.200000,-0.300000,6.400000,570510.125000
2026-05-19-09-29-41,714.909973,560.109985,5902.569824,1.100000,-0.300000,6.400000,573572.625000
2026-05-19-09-29-43,716.690002,560.989990,5929.259766,1.200000,-0.300000,6.400000,576253.000000
2026-05-19-09-29-45,718.719971,561.960022,5960.959961,1.200000,-0.300000,6.300000,579435.625000
2026-05-19-09-29-46,720.559998,562.830017,5988.930176,1.100000,-0.300000,6.300000,582251.312500
2026-05-19-09-29-48,722.530029,563.770020,6018.870117,1.200000,-0.300000,6.300000,585268.187500
2026-05-19-09-29-49,724.349976,564.520020,6045.689941,1.200000,-0.300000,6.300000,587972.500000
2026-05-19-09-29-51,726.440002,565.270020,6077.560059,1.100000,-0.300000,6.200000,591183.375000
2026-05-19-09-29-52,728.250000,566.049988,6106.000000,1.200000,-0.200000,6.200000,594054.500000
2026-05-19-09-29-54,730.250000,567.070007,6136.689941,1.100000,-0.300000,6.100000,597155.812500
2026-05-19-09-29-56,732.030029,567.960022,6163.410156,1.100000,-0.200000,6.100000,599868.500000
2026-05-19-09-29-57,734.169983,568.960022,6195.660156,1.100000,-0.200000,6.000000,603141.875000
2026-05-19-09-29-59,735.940002,569.849976,6223.939941,1.200000,-0.300000,6.000000,606016.000000
2026-05-19-09-30-00,737.799988,570.739990,6254.700195,1.200000,-0.300000,6.000000,609152.125000
2026-05-19-09-30-02,739.460022,571.460022,6282.229980,1.200000,-0.300000,5.900000,611958.625000
2026-05-19-09-30-04,741.440002,572.320007,6315.229980,1.100000,-0.300000,6.000000,615332.187500
2026-05-19-09-30-05,743.090027,573.119995,6343.709961,1.200000,-0.200000,5.900000,618249.187500
2026-05-19-09-30-07,744.929993,574.049988,6374.939941,1.300000,-0.300000,5.900000,621432.125000
2026-05-19-09-30-08,746.549988,574.739990,6402.450195,1.100000,-0.300000,5.900000,624245.500000
2026-05-19-09-30-10,748.429993,575.710022,6434.910156,1.200000,-0.200000,5.900000,627563.687500
2026-05-19-09-30-12,749.979980,576.429993,6463.839844,1.100000,-0.200000,5.900000,630525.375000
2026-05-19-09-30-13,751.669983,577.390015,6495.220215,1.100000,-0.200000,5.800000,633741.625000
2026-05-19-09-30-15,753.179993,578.289978,6522.919922,1.200000,-0.200000,5.800000,636584.687500
2026-05-19-09-30-16,754.960022,579.359985,6555.479980,1.200000,-0.300000,5.800000,639937.312500
2026-05-19-09-30-18,756.590027,580.260010,6585.189941,1.100000,-0.200000,5.800000,642990.000000
2026-05-19-09-30-20,758.309998,581.309998,6616.850098,1.100000,-0.300000,5.700000,646242.687500
2026-05-19-09-30-21,759.739990,582.289978,6644.649902,1.200000,-0.200000,5.600000,649098.687500
2026-05-19-09-30-23,761.419983,583.280029,6677.359863,1.200000,-0.200000,5.600000,652462.125000
2026-05-19-09-30-24,762.830017,584.049988,6707.169922,1.200000,-0.200000,5.700000,655535.625000
2026-05-19-09-30-26,764.369995,584.929993,6739.129883,1.100000,-0.300000,5.600000,658833.687500
2026-05-19-09-30-27,765.669983,585.760010,6767.279785,1.200000,-0.200000,5.700000,661732.500000
2026-05-19-09-30-29,767.159973,586.929993,6800.930176,1.100000,-0.200000,5.600000,665204.000000
2026-05-19-09-30-31,768.510010,587.909973,6831.120117,1.200000,-0.200000,5.600000,668318.687500
2026-05-19-09-30-32,769.960022,588.869995,6863.220215,1.300000,-0.300000,5.500000,671636.312500
2026-05-19-09-30-34,771.380005,589.640015,6891.580078,1.200000,-0.200000,5.600000,674575.687500
2026-05-19-09-30-36,772.960022,590.650024,6925.009766,1.300000,-0.200000,5.600000,678041.375000
2026-05-19-09-30-37,774.400024,591.539978,6955.259766,1.200000,-0.200000,5.500000,681174.125000
2026-05-19-09-30-39,775.919983,592.510010,6987.790039,1.300000,-0.200000,5.500000,684538.875000
2026-05-19-09-30-40,777.169983,593.359985,7016.720215,1.300000,-0.200000,5.400000,687531.625000
2026-05-19-09-30-42,778.659973,594.460022,7050.859863,1.200000,-0.200000,5.400000,691056.187500
2026-05-19-09-30-43,780.049988,595.419983,7081.529785,1.100000,-0.300000,5.400000,694224.187500
2026-05-19-09-30-45,781.700012,596.239990,7114.180176,1.200000,-0.200000,5.400000,697624.312500
2026-05-19-09-30-47,783.140015,596.809998,7143.229980,1.300000,-0.200000,5.300000,700645.375000
2026-05-19-09-30-48,784.739990,597.359985,7177.120117,1.200000,-0.200000,5.300000,704169.375000
2026-05-19-09-30-50,786.150024,598.090027,7207.359863,1.300000,-0.200000,5.300000,707301.500000
2026-05-19-09-30-51,787.700012,598.440002,7240.859863,1.300000,-0.200000,5.200000,710779.875000
2026-05-19-09-30-53,789.130005,598.619995,7270.109863,1.300000,-0.200000,5.200000,713825.687500
2026-05-19-09-30-55,790.840027,598.530029,7304.850098,1.300000,-0.200000,5.200000,717457.812500
2026-05-19-09-30-56,792.299988,598.460022,7335.859863,1.200000,-0.200000,5.200000,720702.875000
2026-05-19-09-30-58,793.849976,598.400024,7369.209961,1.300000,-0.200000,5.200000,724180.875000
2026-05-19-09-30-59,795.179993,598.309998,7398.509766,1.300000,-0.200000,5.100000,727233.875000
2026-05-19-09-31-01,796.770020,598.020020,7433.399902,1.200000,-0.200000,5.000000,730887.625000
2026-05-19-09-31-03,798.229980,597.719971,7464.399902,1.200000,-0.200000,5.000000,734130.687500
2026-05-19-09-31-04,799.789978,597.190002,7497.529785,1.200000,-0.200000,4.900000,737618.875000
2026-05-19-09-31-06,801.140015,596.650024,7527.089844,1.200000,-0.200000,4.900000,740742.187500
2026-05-19-09-31-07,802.690002,596.200012,7562.390137,1.200000,-0.200000,4.800000,744479.125000
2026-05-19-09-31-09,803.969971,595.820007,7593.129883,1.300000,-0.200000,4.800000,747737.000000
2026-05-19-09-31-11,805.299988,595.390015,7626.529785,1.200000,-0.200000,4.800000,751291.375000
2026-05-19-09-31-12,806.429993,595.099976,7655.950195,1.200000,-0.200000,4.700000,754440.687500
2026-05-19-09-31-14,807.760010,594.590027,7690.549805,1.100000,-0.200000,4.700000,758149.625000
2026-05-19-09-31-15,808.890015,593.849976,7721.779785,1.300000,-0.100000,4.700000,761495.125000
2026-05-19-09-31-17,810.320007,593.000000,7755.580078,1.300000,-0.200000,4.600000,765117.625000
2026-05-19-09-31-18,811.570007,592.099976,7784.910156,1.300000,-0.200000,4.600000,768251.000000
2026-05-19-09-31-20,813.039978,591.119995,7820.490234,1.200000,-0.200000,4.600000,772060.187500
2026-05-19-09-31-22,814.330017,590.210022,7851.870117,1.200000,-0.100000,4.600000,775422.812500
2026-05-19-09-31-23,815.799988,589.150024,7885.870117,1.200000,-0.200000,4.500000,779070.875000
2026-05-19-09-31-25,817.169983,588.429993,7916.009766,1.300000,-0.100000,4.500000,782305.125000
2026-05-19-09-31-27,818.719971,586.409973,7951.970215,1.300000,-0.100000,4.400000,786112.812500
2026-05-19-09-31-28,820.190002,584.619995,7984.140137,1.300000,-0.200000,4.400000,789529.375000
2026-05-19-09-31-30,821.719971,582.719971,8018.580078,1.300000,-0.200000,4.400000,793204.187500
2026-05-19-09-31-31,823.070007,581.099976,8049.020020,1.400000,-0.100000,4.300000,796458.812500
2026-05-19-09-31-33,824.609985,579.239990,8085.220215,1.400000,-0.200000,4.300000,800327.187500
2026-05-19-09-31-34,825.979980,577.609985,8117.109863,1.400000,-0.100000,4.300000,803750.312500
2026-05-19-09-31-36,827.469971,575.859985,8152.529785,1.400000,-0.200000,4.200000,807491.500000
2026-05-19-09-31-38,829.020020,574.380005,8183.549805,1.400000,-0.200000,4.200000,810785.687500
2026-05-19-09-31-39,831.030029,572.750000,8220.179688,1.400000,-0.100000,4.200000,814684.687500
2026-05-19-09-31-41,832.719971,571.289978,8252.459961,1.400000,-0.200000,4.100000,818133.125000
2026-05-19-09-31-42,835.210022,571.530029,8288.230469,1.300000,-0.300000,4.100000,821914.125000
2026-05-19-09-31-44,837.359985,571.809998,8319.320312,1.300000,-0.200000,4.100000,825195.687500
2026-05-19-09-31-46,840.059998,572.169983,8356.799805,1.400000,-0.200000,4.000000,829153.875000
2026-05-19-09-31-47,842.450012,572.559998,8389.650391,1.300000,-0.200000,3.900000,832630.687500
2026-05-19-09-31-49,845.049988,573.030029,8425.120117,1.200000,-0.200000,3.900000,836382.000000
2026-05-19-09-31-50,846.450012,573.309998,8456.679688,1.400000,-0.700000,3.100000,839737.500000
2026-05-19-09-31-52,848.349976,573.799988,8494.209961,1.400000,-0.400000,3.100000,843729.500000
2026-05-19-09-31-53,850.229980,574.200012,8527.509766,1.500000,-0.300000,3.000000,847274.687500
2026-05-19-09-31-55,851.599976,576.109985,8563.860352,1.500000,-0.300000,3.000000,851098.125000
2026-05-19-09-31-57,852.960022,578.000000,8596.019531,1.300000,-0.200000,3.000000,854481.687500
2026-05-19-09-31-58,854.489990,579.859985,8634.299805,1.300000,-0.100000,3.000000,858555.812500
2026-05-19-09-32-00,855.719971,581.549988,8667.610352,1.300000,-0.200000,3.000000,862112.500000
2026-05-19-09-32-01,857.059998,583.419983,8703.570312,1.300000,-0.200000,2.900000,865957.312500
2026-05-19-09-32-03,858.299988,585.030029,8735.349609,1.300000,-0.100000,2.900000,869366.687500
2026-05-19-09-32-05,859.719971,586.900024,8773.459961,1.300000,-0.100000,2.800000,873465.375000
2026-05-19-09-32-06,861.080017,588.539978,8807.620117,1.400000,-0.200000,2.800000,877144.500000
2026-05-19-09-32-08,862.520020,590.289978,8843.849609,1.300000,-0.200000,2.700000,881060.187500
2026-05-19-09-32-09,863.770020,591.880005,8875.769531,1.300000,-0.200000,2.700000,884505.187500
2026-05-19-09-32-11,865.250000,593.760010,8913.790039,1.300000,-0.200000,2.700000,888609.625000
2026-05-19-09-32-13,866.599976,595.510010,8947.929688,1.200000,-0.200000,2.700000,892299.375000
2026-05-19-09-32-14,868.059998,597.440002,8984.049805,1.300000,-0.200000,2.600000,896215.312500
2026-05-19-09-32-16,869.299988,599.520020,9016.320312,1.300000,-0.200000,2.600000,899705.875000
2026-05-19-09-32-18,870.719971,601.960022,9054.410156,1.300000,-0.200000,2.500000,903826.125000
2026-05-19-09-32-19,872.150024,604.460022,9093.809570,1.300000,-0.200000,2.500000,908097.125000
2026-05-19-09-32-21,873.369995,606.659973,9129.049805,1.200000,-0.200000,2.500000,911919.812500
2026-05-19-09-32-22,874.630005,608.780029,9163.690430,1.300000,-0.200000,2.500000,915691.000000
2026-05-19-09-32-24,875.710022,610.729980,9195.959961,1.300000,-0.200000,2.400000,919208.375000
2026-05-19-09-32-25,876.780029,612.859985,9230.559570,1.200000,-0.200000,2.400000,922989.625000
2026-05-19-09-32-27,877.820007,615.140015,9267.599609,1.200000,-0.200000,2.400000,927040.687500
2026-05-19-09-32-29,878.750000,617.080017,9299.839844,1.300000,-0.200000,2.400000,930578.500000
2026-05-19-09-32-30,879.909973,619.330017,9338.429688,1.300000,-0.200000,2.400000,934812.312500
2026-05-19-09-32-32,880.880005,621.380005,9373.139648,1.300000,-0.200000,2.400000,938625.687500
2026-05-19-09-32-33,881.869995,623.510010,9410.269531,1.300000,-0.200000,2.300000,942702.500000
2026-05-19-09-32-35,882.739990,625.359985,9443.059570,1.200000,-0.200000,2.200000,946306.875000
2026-05-19-09-32-37,883.809998,627.549988,9481.450195,2.400000,-0.300000,11.500000,950530.875000
2026-05-19-09-32-38,885.739990,632.580017,9517.530273,3.800000,1.500000,29.000000,954337.187500
2026-05-19-09-32-39,884.750000,635.760010,9551.240234,-2.800000,8.000000,76.099998,958060.500000
2026-05-19-09-32-41,887.020020,640.969971,9585.290039,-1.800000,9.400000,7.600000,962082.000000
2026-05-19-09-32-43,887.109985,645.760010,9620.790039,0.000000,13.100000,9.100000,966412.812500
2026-05-19-09-32-44,884.130005,650.270020,9648.929688,-0.700000,14.500000,9.600000,970222.312500
2026-05-19-09-32-46,877.880005,651.559998,9675.820312,1.800000,15.000000,-23.299999,973996.500000
2026-05-19-09-32-48,867.940002,654.869995,9701.790039,-3.400000,22.000000,-85.300003,978057.687500
2026-05-19-09-32-49,852.890015,662.260010,9727.339844,0.700000,22.400000,-168.699997,982427.875000
2026-05-19-09-32-51,842.320007,672.140015,9744.950195,-0.300000,20.900000,-168.899994,986221.312500
2026-05-19-09-32-52,831.260010,682.979980,9766.219727,0.400000,19.600000,-160.699997,989965.312500
2026-05-19-09-32-54,819.260010,695.919983,9790.139648,0.900000,19.000000,-158.300003,993998.500000
2026-05-19-09-32-56,804.119995,710.570007,9817.400391,3.800000,18.200001,-172.399994,998286.812500
2026-05-19-09-32-57,788.179993,723.559998,9844.070312,3.100000,13.600000,-176.500000,1002158.187500
2026-05-19-09-32-59,772.409973,735.270020,9872.950195,-0.300000,2.200000,-177.800003,1005884.875000
2026-05-19-09-33-00,755.380005,748.539978,9901.620117,3.000000,3.300000,-177.500000,1009881.125000
2026-05-19-09-33-02,737.419983,762.549988,9932.150391,3.200000,3.400000,-177.500000,1014113.500000
2026-05-19-09-33-03,721.229980,775.150024,9959.690430,3.100000,3.400000,-177.600006,1017942.125000
2026-05-19-09-33-05,703.809998,788.320007,9989.179688,3.300000,3.400000,-177.600006,1021970.500000
2026-05-19-09-33-07,688.260010,800.049988,10015.379883,3.100000,3.400000,-177.600006,1025524.125000
2026-05-19-09-33-08,669.380005,814.219971,10047.219727,3.200000,3.400000,-177.500000,1029832.625000
2026-05-19-09-33-10,652.750000,826.729980,10075.179688,3.300000,3.400000,-177.600006,1033622.875000
2026-05-19-09-33-11,635.250000,839.799988,10104.429688,3.000000,3.400000,-177.600006,1037579.812500
2026-05-19-09-33-13,619.580017,851.570007,10130.809570,3.100000,3.400000,-177.600006,1041139.187500
2026-05-19-09-33-15,601.330017,865.280029,10161.480469,3.100000,3.500000,-177.699997,1045275.000000
2026-05-19-09-33-16,585.169983,877.479980,10188.790039,3.100000,3.400000,-177.699997,1048958.250000
2026-05-19-09-33-18,567.520020,890.669983,10218.629883,3.200000,3.400000,-177.800003,1052971.750000
2026-05-19-09-33-19,552.020020,902.270020,10244.769531,3.100000,3.400000,-177.800003,1056480.875000
2026-05-19-09-33-21,533.710022,915.869995,10275.740234,3.300000,3.400000,-177.800003,1060612.250000
2026-05-19-09-33-22,517.380005,927.960022,10303.280273,3.200000,3.500000,-177.800003,1064288.125000
2026-05-19-09-33-24,499.640015,941.049988,10333.290039,3.200000,3.500000,-177.800003,1068274.125000
2026-05-19-09-33-26,484.140015,952.429993,10359.559570,3.200000,3.400000,-177.800003,1071756.375000
2026-05-19-09-33-27,465.760010,966.010010,10390.709961,3.200000,3.400000,-177.899994,1075878.625000
2026-05-19-09-33-29,449.390015,978.190002,10418.709961,3.100000,3.300000,-177.899994,1079560.250000
2026-05-19-09-33-30,431.910004,991.349976,10448.589844,3.400000,3.200000,-174.000000,1083486.875000
2026-05-19-09-33-32,416.399994,1002.960022,10474.950195,3.300000,3.300000,-174.000000,1086951.500000
2026-05-19-09-33-34,398.320007,1016.570007,10505.660156,3.400000,3.300000,-174.000000,1090981.375000
2026-05-19-09-33-35,381.829987,1029.010010,10533.809570,3.400000,3.300000,-174.000000,1094670.250000
2026-05-19-09-33-37,364.320007,1042.109985,10563.719727,3.400000,3.300000,-174.100006,1098579.625000
2026-05-19-09-33-38,348.579987,1053.880005,10590.610352,3.400000,3.300000,-174.100006,1102080.000000
2026-05-19-09-33-40,330.299988,1067.420044,10621.839844,3.400000,3.300000,-174.100006,1106140.250000
2026-05-19-09-33-42,314.100006,1079.250000,10649.540039,3.400000,3.300000,-174.100006,1109720.875000
2026-05-19-09-33-43,296.630005,1091.979980,10679.320312,3.400000,3.300000,-174.100006,1113564.750000
2026-05-19-09-33-45,281.179993,1103.400024,10705.910156,3.400000,3.200000,-174.199997,1116970.500000
2026-05-19-09-33-46,262.970001,1116.810059,10737.339844,3.400000,3.300000,-174.199997,1120994.375000
2026-05-19-09-33-48,246.589996,1128.859985,10765.379883,3.400000,3.300000,-174.199997,1124578.250000
2026-05-19-09-33-50,228.880005,1141.699951,10795.389648,3.400000,3.300000,-174.199997,1128419.250000
2026-05-19-09-33-51,213.250000,1153.119995,10822.080078,3.300000,3.200000,-174.199997,1131821.250000
2026-05-19-09-33-53,194.940002,1166.550049,10853.330078,3.400000,3.300000,-174.300003,1135802.875000
2026-05-19-09-33-54,178.539993,1178.589966,10881.500000,3.400000,3.300000,-174.300003,1139359.250000
2026-05-19-09-33-56,161.070007,1191.420044,10911.320312,3.400000,3.300000,-174.199997,1143122.125000
2026-05-19-09-33-57,145.619995,1202.810059,10937.759766,3.400000,3.300000,-174.300003,1146448.375000
2026-05-19-09-33-59,127.029999,1216.459961,10969.540039,3.400000,3.300000,-174.199997,1150439.625000
2026-05-19-09-34-01,111.080002,1228.189941,10997.099609,3.400000,3.200000,-174.199997,1153889.750000
2026-05-19-09-34-02,93.720001,1241.050049,11027.099609,3.400000,3.300000,-174.300003,1157644.875000
2026-05-19-09-34-04,78.500000,1252.270020,11053.400391,3.300000,3.300000,-174.300003,1160962.375000
2026-05-19-09-34-06,60.529999,1265.619995,11084.370117,3.400000,3.300000,-174.300003,1164874.375000
2026-05-19-09-34-07,44.820000,1277.300049,11111.450195,3.400000,3.300000,-174.300003,1168299.250000
2026-05-19-09-34-09,27.590000,1290.209961,11141.110352,3.400000,3.200000,-174.300003,1172028.000000
2026-05-19-09-34-10,12.420000,1301.329956,11167.080078,3.500000,3.300000,-174.300003,1175289.750000
2026-05-19-09-34-12,-5.650000,1314.709961,11198.200195,3.400000,3.300000,-174.399994,1179175.500000
2026-05-19-09-34-13,-21.629999,1326.400024,11225.839844,3.500000,3.300000,-174.399994,1182605.250000
2026-05-19-09-34-15,-38.919998,1338.930054,11255.769531,3.500000,3.300000,-174.399994,1186308.250000
2026-05-19-09-34-17,-54.209999,1350.069946,11282.129883,3.500000,3.300000,-174.399994,1189561.750000
2026-05-19-09-34-18,-72.410004,1363.380005,11313.129883,3.500000,3.300000,-174.399994,1193419.250000
2026-05-19-09-34-20,-88.349998,1374.989990,11340.360352,3.400000,3.200000,-174.399994,1196797.875000
2026-05-19-09-34-21,-105.709999,1387.430054,11369.980469,3.500000,3.200000,-174.500000,1200457.750000
2026-05-19-09-34-23,-121.050003,1398.469971,11396.160156,3.400000,3.200000,-174.500000,1203688.250000
2026-05-19-09-34-25,-139.429993,1411.449951,11427.429688,3.500000,3.300000,-174.000000,1207513.750000
2026-05-19-09-34-26,-159.440002,1425.109985,11465.089844,3.500000,3.300000,-174.000000,1210862.625000
2026-05-19-09-34-28,-180.729996,1439.680054,11505.620117,3.400000,3.200000,-174.000000,1214444.750000
2026-05-19-09-34-29,-199.619995,1452.550049,11541.610352,3.300000,3.200000,-174.100006,1217616.250000
2026-05-19-09-34-31,-222.089996,1467.819946,11584.429688,3.300000,3.200000,-174.100006,1221371.625000
2026-05-19-09-34-33,-245.250000,1483.489990,11628.549805,3.300000,3.200000,-174.199997,1225231.250000
2026-05-19-09-34-34,-265.329987,1497.089966,11666.929688,3.300000,3.200000,-174.300003,1228581.000000
2026-05-19-09-34-36,-285.459991,1510.670044,11705.610352,3.400000,3.200000,-174.199997,1231940.375000
2026-05-19-09-34-37,-304.140015,1523.430054,11741.629883,3.400000,3.200000,-174.199997,1235058.500000
2026-05-19-09-34-39,-323.600006,1536.579956,11779.139648,3.300000,3.200000,-174.300003,1238297.875000
2026-05-19-09-34-40,-344.850006,1550.989990,11820.290039,3.300000,3.200000,-174.399994,1241839.750000
2026-05-19-09-34-42,-363.809998,1563.770020,11857.059570,3.300000,3.200000,-174.500000,1244993.000000
2026-05-19-09-34-44,-385.839996,1578.560059,11899.570312,3.400000,3.200000,-174.500000,1248630.000000
2026-05-19-09-34-45,-405.730011,1591.959961,11937.900391,3.300000,3.200000,-174.600006,1251898.375000
2026-05-19-09-34-47,-427.130005,1606.079956,11979.459961,3.300000,3.200000,-174.600006,1255416.250000
2026-05-19-09-34-48,-446.290009,1618.650024,12016.309570,3.500000,3.300000,-174.600006,1258532.375000
2026-05-19-09-34-50,-468.739990,1633.390015,12059.780273,3.500000,3.300000,-174.600006,1262178.625000
2026-05-19-09-34-51,-488.690002,1646.540039,12098.490234,3.400000,3.200000,-174.699997,1265422.250000
2026-05-19-09-34-53,-510.040009,1660.689941,12140.000000,3.400000,3.300000,-174.699997,1268892.750000
2026-05-19-09-34-55,-528.869995,1673.079956,12176.509766,3.300000,3.200000,-174.800003,1271937.250000
2026-05-19-09-34-56,-551.429993,1687.880005,12220.360352,3.400000,3.300000,-174.800003,1275578.250000
2026-05-19-09-34-58,-571.250000,1700.890015,12259.190430,3.300000,3.200000,-174.800003,1278783.875000
2026-05-19-09-34-59,-592.340027,1714.750000,12300.719727,3.200000,3.300000,-174.800003,1282204.375000
2026-05-19-09-35-01,-610.890015,1726.989990,12337.240234,3.300000,3.200000,-174.899994,1285210.000000
2026-05-19-09-35-03,-632.969971,1741.540039,12380.780273,3.200000,3.200000,-175.000000,1288787.125000
2026-05-19-09-35-04,-652.789978,1754.569946,12419.750000,3.300000,3.200000,-175.000000,1291984.000000
2026-05-19-09-35-06,-673.500000,1768.290039,12460.799805,3.300000,3.200000,-175.100006,1295333.500000
2026-05-19-09-35-07,-692.119995,1780.630005,12497.780273,3.300000,3.200000,-175.100006,1298340.750000
2026-05-19-09-35-09,-714.059998,1795.180054,12541.299805,3.300000,3.200000,-175.100006,1301867.625000
2026-05-19-09-35-10,-733.409973,1808.150024,12579.799805,3.300000,3.200000,-175.100006,1304980.000000
2026-05-19-09-35-12,-754.890015,1822.500000,12622.019531,3.300000,3.200000,-175.100006,1308388.125000
2026-05-19-09-35-14,-773.679993,1834.939941,12659.059570,3.300000,3.200000,-175.100006,1311358.625000
2026-05-19-09-35-15,-796.080017,1849.800049,12703.219727,3.300000,3.200000,-175.100006,1314880.750000
2026-05-19-09-35-17,-816.239990,1862.829956,12742.559570,3.600000,3.300000,-175.199997,1317990.625000
2026-05-19-09-35-18,-836.150024,1875.739990,12781.000000,3.300000,3.200000,-175.199997,1321035.000000
2026-05-19-09-35-20,-857.500000,1889.510010,12822.059570,3.300000,3.200000,-175.199997,1324266.375000
2026-05-19-09-35-22,-880.419983,1904.250000,12866.200195,3.300000,3.200000,-175.199997,1327735.250000
2026-05-19-09-35-23,-900.809998,1917.430054,12905.429688,3.300000,3.200000,-175.199997,1330801.750000
2026-05-19-09-35-25,-922.239990,1931.260010,12946.709961,3.300000,3.200000,-175.300003,1334022.500000
2026-05-19-09-35-26,-941.510010,1943.770020,12983.879883,3.300000,3.200000,-175.300003,1336914.750000
2026-05-19-09-35-28,-964.460022,1958.670044,13028.190430,3.300000,3.200000,-175.300003,1340356.125000
2026-05-19-09-35-30,-984.929993,1972.130005,13067.919922,3.300000,3.200000,-175.300003,1343428.625000
2026-05-19-09-35-31,-1004.580017,1985.069946,13106.280273,3.300000,3.200000,-175.399994,1346376.750000
2026-05-19-09-35-33,-1026.160034,1999.140015,13148.030273,3.300000,3.300000,-175.399994,1349580.125000
2026-05-19-09-35-35,-1049.030029,2013.989990,13192.259766,3.300000,3.200000,-175.399994,1352953.625000
2026-05-19-09-35-36,-1069.880005,2027.770020,13232.759766,3.300000,3.200000,-175.500000,1356029.125000
2026-05-19-09-35-38,-1091.619995,2041.910034,13274.990234,3.200000,3.300000,-175.500000,1359218.875000
2026-05-19-09-35-39,-1111.040039,2054.590088,13312.660156,3.300000,3.300000,-175.500000,1362060.875000
2026-05-19-09-35-41,-1134.260010,2069.719971,13357.530273,3.200000,3.300000,-175.600006,1365425.000000
2026-05-19-09-35-42,-1153.260010,2083.399902,13396.709961,3.300000,3.200000,-175.600006,1368377.625000
2026-05-19-09-35-44,-1173.780029,2097.840088,13439.099609,3.300000,3.200000,-175.600006,1371559.375000
2026-05-19-09-35-46,-1191.790039,2110.500000,13476.379883,3.400000,3.300000,-175.600006,1374345.250000
2026-05-19-09-35-47,-1213.479980,2125.699951,13521.070312,3.400000,3.300000,-175.500000,1377664.750000
2026-05-19-09-35-49,-1235.500000,2141.209961,13566.540039,3.400000,3.300000,-175.500000,1381030.875000
2026-05-19-09-35-51,-1255.939941,2155.370117,13608.410156,3.400000,3.300000,-175.500000,1384118.250000
2026-05-19-09-35-52,-1275.400024,2168.899902,13648.419922,3.400000,3.300000,-175.500000,1387061.250000
2026-05-19-09-35-54,-1293.500000,2181.360107,13685.320312,3.400000,3.300000,-175.600006,1389770.125000
2026-05-19-09-35-55,-1312.810059,2194.689941,13724.849609,3.400000,3.300000,-175.600006,1392660.625000
2026-05-19-09-35-57,-1333.530029,2209.179932,13767.419922,3.400000,3.300000,-175.600006,1395753.125000
2026-05-19-09-35-58,-1351.890015,2222.159912,13805.389648,3.400000,3.300000,-175.600006,1398500.250000
2026-05-19-09-36-00,-1373.449951,2237.379883,13850.019531,3.400000,3.300000,-175.699997,1401713.000000
2026-05-19-09-36-02,-1392.900024,2251.000000,13890.349609,3.300000,3.100000,-175.699997,1404607.875000
2026-05-19-09-36-03,-1413.839966,2266.010010,13933.679688,3.500000,3.300000,-175.699997,1407686.500000
2026-05-19-09-36-05,-1432.459961,2279.169922,13972.299805,3.500000,3.300000,-175.800003,1410410.750000
2026-05-19-09-36-07,-1454.550049,2294.679932,14018.030273,3.500000,3.300000,-175.800003,1413640.625000
2026-05-19-09-36-08,-1473.989990,2308.389893,14058.330078,3.500000,3.300000,-175.800003,1416489.000000
2026-05-19-09-36-10,-1494.609985,2323.030029,14101.129883,3.400000,3.300000,-175.800003,1419502.750000
2026-05-19-09-36-11,-1512.849976,2336.010010,14139.150391,3.400000,3.200000,-175.800003,1422170.375000
2026-05-19-09-36-13,-1534.329956,2351.320068,14184.280273,3.400000,3.200000,-175.800003,1425319.750000
2026-05-19-09-36-14,-1553.270020,2364.590088,14224.030273,3.400000,3.300000,-175.899994,1428071.750000
2026-05-19-09-36-16,-1572.369995,2377.830078,14263.629883,3.300000,3.400000,-176.699997,1430806.875000
2026-05-19-09-36-18,-1592.880005,2391.810059,14306.360352,3.400000,3.300000,-176.699997,1433736.000000
2026-05-19-09-36-19,-1615.140015,2406.830078,14352.490234,3.400000,3.200000,-176.699997,1436890.375000
2026-05-19-09-36-21,-1635.020020,2420.229980,14393.080078,3.400000,3.300000,-176.699997,1439664.500000
2026-05-19-09-36-22,-1656.270020,2434.260010,14436.240234,3.400000,3.300000,-176.699997,1442600.125000
2026-05-19-09-36-24,-1675.180054,2446.570068,14474.769531,3.400000,3.300000,-176.699997,1445212.375000
2026-05-19-09-36-26,-1697.239990,2460.919922,14519.849609,3.400000,3.300000,-176.800003,1448261.250000
2026-05-19-09-36-27,-1716.989990,2473.689941,14560.040039,3.400000,3.300000,-176.800003,1450977.000000
2026-05-19-09-36-29,-1738.069946,2487.850098,14603.570312,3.400000,3.300000,-176.800003,1453894.875000
2026-05-19-09-36-30,-1756.560059,2500.310059,14641.599609,3.300000,3.300000,-176.899994,1456440.250000
2026-05-19-09-36-32,-1778.660034,2515.300049,14687.129883,3.300000,3.300000,-176.899994,1459483.500000
2026-05-19-09-36-33,-1798.369995,2528.739990,14727.769531,3.300000,3.300000,-176.899994,1462198.000000
2026-05-19-09-36-35,-1819.520020,2543.050049,14771.110352,3.300000,3.300000,-176.899994,1465084.500000
2026-05-19-09-36-37,-1838.270020,2555.989990,14809.490234,3.200000,4.200000,-176.199997,1467643.750000
2026-05-19-09-36-38,-1861.109985,2570.649902,14854.570312,3.200000,3.100000,-172.500000,1470645.875000
2026-05-19-09-36-40,-1881.060059,2583.679932,14894.219727,3.000000,3.500000,-173.000000,1473277.250000
2026-05-19-09-36-41,-1903.599976,2596.959961,14937.129883,4.800000,5.600000,-172.899994,1476121.500000
2026-05-19-09-36-43,-1923.060059,2608.840088,14974.259766,21.299999,6.200000,-177.800003,1478591.250000
2026-05-19-09-36-45,-1945.420044,2622.030029,15018.959961,79.300003,-1.100000,-174.100006,1481495.250000
2026-05-19-09-36-46,-1965.079956,2632.350098,15059.650391,99.300003,-12.600000,-176.500000,1484237.500000
2026-05-19-09-36-48,-1983.589966,2639.929932,15096.530273,68.000000,-2.700000,-165.899994,1486678.375000
2026-05-19-09-36-49,-2003.199951,2647.479980,15134.769531,21.500000,9.500000,-166.000000,1489292.125000
2026-05-19-09-36-51,-2022.060059,2655.080078,15171.870117,-1.700000,-2.700000,-170.699997,1491910.750000
2026-05-19-09-36-52,-2040.530029,2663.120117,15208.349609,0.100000,0.800000,-178.500000,1494501.750000
2026-05-19-09-36-54,-2058.830078,2671.860107,15245.669922,6.000000,-0.100000,171.199997,1497118.125000
2026-05-19-09-36-55,-2077.149902,2680.899902,15283.160156,2.400000,0.200000,170.500000,1499716.750000
2026-05-19-09-36-57,-2096.199951,2688.979980,15320.900391,4.400000,0.800000,171.800003,1502334.500000
2026-05-19-09-36-58,-2114.679932,2697.260010,15357.339844,-2.000000,-2.300000,172.399994,1504928.375000
2026-05-19-09-37-00,-2133.419922,2705.729980,15393.740234,4.500000,1.100000,172.500000,1507469.250000
2026-05-19-09-37-02,-2152.760010,2715.310059,15431.190430,2.900000,0.800000,172.100006,1510033.375000
2026-05-19-09-37-03,-2172.780029,2724.810059,15469.769531,4.600000,1.000000,173.199997,1512598.875000
2026-05-19-09-37-05,-2191.909912,2735.050049,15507.219727,3.400000,1.900000,176.000000,1515115.750000
2026-05-19-09-37-06,-2210.290039,2744.239990,15543.559570,2.000000,1.500000,177.000000,1517649.250000
2026-05-19-09-37-08,-2228.250000,2754.239990,15580.910156,4.800000,1.000000,-179.699997,1520215.375000
2026-05-19-09-37-09,-2246.919922,2763.860107,15618.200195,4.500000,-0.600000,-171.399994,1522759.250000
2026-05-19-09-37-11,-2265.899902,2773.479980,15656.339844,4.400000,2.100000,-166.000000,1525329.375000
2026-05-19-09-37-12,-2285.600098,2782.939941,15694.559570,3.900000,1.100000,-163.699997,1527901.750000
2026-05-19-09-37-14,-2305.469971,2792.879883,15732.360352,3.300000,-0.600000,-162.699997,1530452.625000
2026-05-19-09-37-15,-2326.350098,2802.770020,15771.599609,4.100000,1.400000,-161.300003,1533052.625000
2026-05-19-09-37-17,-2345.620117,2812.179932,15808.419922,5.100000,2.000000,-161.899994,1535509.250000
2026-05-19-09-37-19,-2365.409912,2822.510010,15844.919922,5.100000,1.900000,-164.199997,1538020.375000
2026-05-19-09-37-20,-2384.260010,2831.919922,15880.570312,2.000000,5.200000,179.100006,1540487.875000
2026-05-19-09-37-22,-2404.219971,2839.659912,15915.759766,4.100000,0.500000,167.899994,1542947.125000
2026-05-19-09-37-23,-2424.370117,2847.800049,15951.330078,0.600000,1.000000,149.600006,1545393.000000
2026-05-19-09-37-25,-2443.610107,2855.760010,15987.040039,4.500000,6.100000,171.699997,1547822.875000
2026-05-19-09-37-26,-2461.600098,2864.080078,16022.080078,4.000000,0.700000,-176.199997,1550259.500000
2026-05-19-09-37-28,-2480.209961,2871.919922,16056.240234,5.600000,-2.300000,-172.500000,1552681.750000
2026-05-19-09-37-29,-2499.429932,2881.129883,16093.190430,2.900000,2.000000,-175.100006,1555235.750000
2026-05-19-09-37-31,-2519.689941,2891.120117,16130.709961,9.200000,3.800000,-179.300003,1557825.125000
2026-05-19-09-37-33,-2538.600098,2901.439941,16166.769531,-1.200000,-2.400000,179.399994,1560391.250000
2026-05-19-09-37-34,-2554.860107,2911.370117,16200.230469,4.100000,5.300000,177.199997,1562778.500000
2026-05-19-09-37-36,-2570.479980,2921.790039,16232.440430,2.800000,0.700000,177.600006,1565146.250000
2026-05-19-09-37-37,-2586.020020,2932.679932,16264.950195,3.300000,2.200000,179.699997,1567532.875000
2026-05-19-09-37-39,-2601.909912,2943.600098,16297.719727,2.500000,2.900000,-177.100006,1569921.750000
2026-05-19-09-37-40,-2617.489990,2954.699951,16330.530273,3.000000,2.300000,-173.300003,1572283.875000
2026-05-19-09-37-42,-2633.840088,2967.830078,16366.150391,3.900000,2.400000,-169.100006,1574904.750000
2026-05-19-09-37-44,-2647.679932,2979.090088,16397.199219,-9.200000,0.800000,-172.699997,1577263.750000
2026-05-19-09-37-45,-2659.879883,2989.669922,16426.439453,-0.700000,1.500000,-179.699997,1579605.750000
2026-05-19-09-37-47,-2673.830078,3000.370117,16457.189453,7.100000,3.400000,172.800003,1582035.750000
2026-05-19-09-37-48,-2688.570068,3012.370117,16489.730469,6.300000,1.500000,170.699997,1584599.750000
2026-05-19-09-37-50,-2701.209961,3023.270020,16523.050781,-12.900000,-2.500000,166.600006,1587062.125000
2026-05-19-09-37-52,-2713.429932,3034.699951,16555.949219,-5.900000,-5.900000,164.300003,1589530.125000
2026-05-19-09-37-53,-2726.090088,3046.159912,16588.660156,2.500000,-3.600000,172.899994,1591980.875000
2026-05-19-09-37-55,-2739.580078,3057.899902,16622.890625,0.500000,4.400000,179.500000,1594499.250000
2026-05-19-09-37-57,-2752.090088,3069.600098,16657.230469,1.900000,3.900000,-178.300003,1596975.625000
2026-05-19-09-37-58,-2763.510010,3081.050049,16690.759766,2.700000,4.600000,-176.300003,1599389.500000
2026-05-19-09-38-00,-2772.330078,3092.020020,16721.289062,2.500000,3.600000,-172.500000,1601668.250000
2026-05-19-09-38-01,-2779.520020,3102.489990,16749.619141,-8.300000,0.100000,-172.699997,1603891.250000
2026-05-19-09-38-03,-2786.629883,3113.530029,16778.630859,1.600000,2.200000,-178.100006,1606169.250000
2026-05-19-09-38-05,-2793.320068,3125.360107,16807.470703,8.000000,1.500000,178.100006,1608424.000000
2026-05-19-09-38-06,-2799.949951,3137.530029,16835.800781,1.600000,1.200000,176.899994,1610658.875000
2026-05-19-09-38-08,-2807.370117,3149.379883,16864.369141,2.100000,3.100000,175.399994,1612896.750000
2026-05-19-09-38-09,-2814.679932,3161.659912,16893.189453,1.500000,2.900000,173.500000,1615140.750000
2026-05-19-09-38-11,-2821.590088,3174.070068,16921.419922,5.600000,-0.200000,178.800003,1617372.125000
2026-05-19-09-38-12,-2828.110107,3186.300049,16949.640625,5.100000,-0.300000,-174.600006,1619618.125000
2026-05-19-09-38-14,-2835.209961,3198.330078,16977.539062,1.800000,2.800000,-169.800003,1621817.500000
2026-05-19-09-38-15,-2842.379883,3210.530029,17004.570312,3.500000,2.800000,-166.300003,1624008.250000
2026-05-19-09-38-17,-2849.409912,3223.620117,17033.230469,2.700000,1.900000,-163.300003,1626392.250000
2026-05-19-09-38-19,-2856.610107,3236.520020,17061.750000,2.900000,1.900000,-159.699997,1628746.750000
2026-05-19-09-38-20,-2864.689941,3252.020020,17089.199219,-6.600000,-3.400000,7.200000,1630893.500000
2026-05-19-09-38-22,-2865.669922,3267.300049,17115.429688,-5.300000,-9.000000,43.400002,1633065.375000
2026-05-19-09-38-23,-2864.449951,3282.870117,17139.800781,16.200001,4.200000,-133.100006,1635255.500000
2026-05-19-09-38-25,-2865.939941,3298.090088,17162.839844,5.000000,2.300000,-174.100006,1637423.750000
2026-05-19-09-38-26,-2867.459961,3314.389893,17186.410156,16.600000,2.900000,-164.899994,1639623.750000
2026-05-19-09-38-28,-2867.969971,3330.530029,17209.949219,8.100000,-0.000000,168.300003,1641790.375000
2026-05-19-09-38-29,-2867.669922,3347.629883,17232.789062,2.700000,1.800000,139.600006,1643946.875000
2026-05-19-09-38-31,-2867.060059,3364.550049,17255.660156,6.100000,8.300000,143.399994,1646104.875000
2026-05-19-09-38-32,-2865.899902,3381.350098,17279.230469,11.200000,2.400000,172.899994,1648278.250000
2026-05-19-09-38-34,-2863.479980,3398.959961,17301.900391,8.000000,1.300000,-165.199997,1650429.000000
2026-05-19-09-38-36,-2861.489990,3415.719971,17324.269531,4.900000,1.000000,-162.699997,1652569.250000
2026-05-19-09-38-37,-2859.020020,3432.520020,17346.919922,5.200000,2.900000,-160.000000,1654736.750000
2026-05-19-09-38-39,-2856.030029,3448.610107,17369.189453,4.500000,2.200000,-156.899994,1656861.500000
2026-05-19-09-38-40,-2852.620117,3465.500000,17391.529297,4.500000,1.500000,-152.500000,1658998.875000
2026-05-19-09-38-42,-2850.770020,3482.939941,17415.179688,5.000000,3.200000,-148.899994,1661189.750000
2026-05-19-09-38-43,-2846.729980,3500.060059,17439.060547,9.800000,-7.100000,-148.899994,1663439.375000
2026-05-19-09-38-45,-2843.949951,3515.340088,17464.919922,8.600000,-10.200000,-149.399994,1665676.250000
2026-05-19-09-38-47,-2841.689941,3530.750000,17490.140625,4.600000,-6.400000,-149.399994,1667904.875000
2026-05-19-09-38-48,-2839.870117,3546.639893,17515.699219,5.000000,0.400000,-149.300003,1670184.750000
2026-05-19-09-38-50,-2838.239990,3561.010010,17539.130859,6.100000,3.300000,-148.300003,1672289.875000
2026-05-19-09-38-51,-2835.919922,3575.219971,17562.830078,7.400000,1.100000,-149.699997,1674370.750000
2026-05-19-09-38-53,-2833.500000,3589.449951,17585.730469,4.300000,2.400000,-148.800003,1676453.000000
2026-05-19-09-38-55,-2831.159912,3603.709961,17608.449219,60.799999,0.100000,-138.600006,1678537.750000
2026-05-19-09-38-56,-2831.520020,3619.939941,17629.390625,99.699997,4.300000,-155.899994,1680473.750000
2026-05-19-09-38-58,-2833.000000,3639.010010,17654.320312,93.300003,3.400000,-164.600006,1682719.875000
2026-05-19-09-38-59,-2836.260010,3657.899902,17674.789062,84.400002,3.200000,-178.399994,1684771.625000
2026-05-19-09-39-01,-2840.209961,3679.379883,17692.769531,48.400002,2.200000,179.100006,1686772.125000
2026-05-19-09-39-02,-2845.300049,3704.409912,17711.560547,-2.100000,3.300000,178.899994,1688917.500000
2026-05-19-09-39-04,-2851.639893,3733.340088,17731.560547,-0.100000,4.200000,179.100006,1691190.125000
2026-05-19-09-39-06,-2857.540039,3759.899902,17749.050781,1.400000,4.800000,179.199997,1693193.500000
2026-05-19-09-39-07,-2863.989990,3789.310059,17767.939453,2.200000,5.200000,178.699997,1695352.625000
2026-05-19-09-39-09,-2869.649902,3815.389893,17784.550781,2.500000,5.300000,178.699997,1697254.625000
2026-05-19-09-39-11,-2876.310059,3846.159912,17804.019531,2.600000,5.300000,178.699997,1699493.250000
2026-05-19-09-39-12,-2882.270020,3874.010010,17821.439453,2.600000,5.300000,178.699997,1701502.250000
2026-05-19-09-39-14,-2888.699951,3903.939941,17839.980469,2.700000,5.300000,178.800003,1703653.250000
2026-05-19-09-39-15,-2894.389893,3930.189941,17856.220703,2.900000,5.400000,178.899994,1705540.250000
2026-05-19-09-39-17,-2900.989990,3961.149902,17875.300781,2.900000,5.400000,178.899994,1707757.125000
2026-05-19-09-39-18,-2907.020020,3989.270020,17892.480469,2.900000,5.400000,178.899994,1709766.750000
2026-05-19-09-39-20,-2913.280029,4018.300049,17910.160156,2.900000,5.300000,179.000000,1711840.750000
2026-05-19-09-39-22,-2918.850098,4044.229980,17925.660156,3.000000,5.300000,179.100006,1713684.500000
2026-05-19-09-39-23,-2925.639893,4075.280029,17944.099609,3.000000,5.400000,179.100006,1715888.625000
2026-05-19-09-39-25,-2931.840088,4103.140137,17960.230469,3.100000,5.400000,179.199997,1717859.250000
2026-05-19-09-39-26,-2938.360107,4132.359863,17976.970703,3.200000,5.400000,179.300003,1719917.125000
2026-05-19-09-39-28,-2944.110107,4158.450195,17991.640625,3.200000,5.400000,179.300003,1721745.250000
2026-05-19-09-39-30,-2950.820068,4189.120117,18008.740234,3.300000,5.400000,179.399994,1723890.625000
2026-05-19-09-39-31,-2956.770020,4216.439941,18023.820312,3.200000,5.500000,179.399994,1725799.625000
2026-05-19-09-39-33,-2963.050049,4245.850098,18039.699219,3.300000,5.400000,179.500000,1727842.625000
2026-05-19-09-39-34,-2968.560059,4272.029785,18053.650391,3.300000,5.500000,179.600006,1729653.625000
2026-05-19-09-39-36,-2975.000000,4302.399902,18069.560547,3.400000,5.500000,179.699997,1731747.000000
2026-05-19-09-39-38,-2980.649902,4329.620117,18083.689453,3.300000,5.500000,179.699997,1733622.750000
2026-05-19-09-39-39,-2986.669922,4359.160156,18098.699219,3.400000,5.500000,179.800003,1735645.125000
2026-05-19-09-39-41,-2992.000000,4385.200195,18111.869141,3.500000,5.400000,179.899994,1737428.750000
2026-05-19-09-39-42,-2998.060059,4415.620117,18127.109375,3.500000,5.400000,179.899994,1739519.125000
2026-05-19-09-39-44,-3003.439941,4442.680176,18140.570312,3.600000,5.500000,180.000000,1741373.125000
2026-05-19-09-39-46,-3009.449951,4472.120117,18154.599609,2.900000,4.800000,175.500000,1743380.250000
2026-05-19-09-39-47,-3014.870117,4498.200195,18166.619141,3.200000,5.000000,175.600006,1745142.250000
2026-05-19-09-39-49,-3021.260010,4528.939941,18180.500000,3.400000,5.100000,175.600006,1747192.250000
2026-05-19-09-39-50,-3026.979980,4556.759766,18192.929688,3.500000,5.200000,175.699997,1749026.250000
2026-05-19-09-39-52,-3032.449951,4583.649902,18204.699219,3.600000,5.200000,175.800003,1750787.625000
2026-05-19-09-39-54,-3038.320068,4612.979980,18217.220703,3.600000,5.200000,175.800003,1752697.375000
2026-05-19-09-39-55,-3044.570068,4644.540039,18230.439453,3.600000,5.100000,175.899994,1754741.250000
2026-05-19-09-39-57,-3050.120117,4672.410156,18242.000000,3.600000,5.200000,176.000000,1756547.750000
2026-05-19-09-39-58,-3055.419922,4699.569824,18252.980469,3.600000,5.200000,176.000000,1758303.375000
2026-05-19-09-40-00,-3061.469971,4728.939941,18265.640625,3.600000,5.300000,176.100006,1760171.750000
2026-05-19-09-40-02,-3067.899902,4760.490234,18278.910156,3.700000,5.200000,176.100006,1762171.125000
2026-05-19-09-40-03,-3073.580078,4788.390137,18290.369141,3.600000,5.200000,176.199997,1763929.500000
2026-05-19-09-40-05,-3080.000000,4818.549805,18302.830078,3.700000,5.200000,176.199997,1765836.250000
2026-05-19-09-40-06,-3085.570068,4845.149902,18313.650391,3.700000,5.200000,176.300003,1767509.250000
2026-05-19-09-40-08,-3092.270020,4877.049805,18326.240234,3.700000,5.200000,176.399994,1769505.250000
2026-05-19-09-40-09,-3098.129883,4905.160156,18337.089844,3.700000,5.200000,176.399994,1771251.375000
2026-05-19-09-40-11,-3104.379883,4935.419922,18348.429688,3.700000,5.200000,176.399994,1773121.250000
2026-05-19-09-40-13,-3109.830078,4962.100098,18358.310547,3.700000,5.200000,176.500000,1774769.250000
2026-05-19-09-40-14,-3116.199951,4993.259766,18369.710938,3.700000,5.200000,176.600006,1776691.000000
2026-05-19-09-40-16,-3121.979980,5021.379883,18379.810547,3.800000,5.200000,176.600006,1778420.250000
2026-05-19-09-40-17,-3128.100098,5051.529785,18390.419922,3.800000,5.300000,176.699997,1780270.375000
2026-05-19-09-40-19,-3133.419922,5078.149902,18399.630859,3.700000,5.400000,176.699997,1781904.875000
2026-05-19-09-40-21,-3139.449951,5109.560059,18410.279297,3.700000,5.400000,176.699997,1783831.250000
2026-05-19-09-40-22,-3144.689941,5137.259766,18419.529297,3.700000,5.400000,176.800003,1785524.500000
2026-05-19-09-40-24,-3150.300049,5167.089844,18429.150391,3.800000,5.300000,176.899994,1787332.000000
2026-05-19-09-40-25,-3155.179932,5193.790039,18437.480469,3.800000,5.300000,176.899994,1788942.125000
2026-05-19-09-40-27,-3160.969971,5225.649902,18447.199219,3.900000,5.300000,177.000000,1790857.250000
2026-05-19-09-40-29,-3165.969971,5253.649902,18455.560547,3.900000,5.300000,177.000000,1792534.625000
2026-05-19-09-40-30,-3170.929932,5281.569824,18463.839844,3.900000,5.300000,177.100006,1794201.875000
2026-05-19-09-40-32,-3176.120117,5310.850098,18472.269531,3.900000,5.300000,177.100006,1795948.250000
2026-05-19-09-40-34,-3181.699951,5342.879883,18481.189453,4.000000,5.300000,177.199997,1797850.125000
2026-05-19-09-40-35,-3186.620117,5370.879883,18488.830078,3.900000,5.300000,177.300003,1799511.250000
2026-05-19-09-40-37,-3191.860107,5400.830078,18496.839844,3.900000,5.200000,177.300003,1801282.625000
2026-05-19-09-40-38,-3196.459961,5427.350098,18503.640625,3.800000,5.200000,177.399994,1802842.250000
2026-05-19-09-40-40,-3201.770020,5458.560059,18511.380859,3.900000,5.200000,177.500000,1804677.250000
2026-05-19-09-40-41,-3206.459961,5486.229980,18518.029297,3.900000,5.200000,177.500000,1806305.750000
2026-05-19-09-40-43,-3211.379883,5515.379883,18524.849609,3.900000,5.200000,177.600006,1808021.250000
2026-05-19-09-40-45,-3215.739990,5541.589844,18530.759766,3.900000,5.200000,177.699997,1809564.250000
2026-05-19-09-40-46,-3220.909912,5572.680176,18537.519531,3.900000,5.200000,177.800003,1811383.750000
2026-05-19-09-40-48,-3225.459961,5600.069824,18543.210938,3.900000,5.300000,177.800003,1812987.000000
2026-05-19-09-40-49,-3229.909912,5627.209961,18548.589844,4.000000,5.300000,177.899994,1814567.125000
2026-05-19-09-40-51,-3234.550049,5656.299805,18554.039062,4.000000,5.300000,178.000000,1816251.750000
2026-05-19-09-40-53,-3239.510010,5687.680176,18559.550781,3.900000,5.300000,178.000000,1818065.375000
2026-05-19-09-40-54,-3243.729980,5714.990234,18564.109375,4.000000,5.300000,178.100006,1819638.375000
2026-05-19-09-40-56,-3248.379883,5744.830078,18568.789062,4.000000,5.300000,178.100006,1821342.000000
2026-05-19-09-40-57,-3252.449951,5770.970215,18572.650391,4.000000,5.300000,178.199997,1822823.500000
2026-05-19-09-40-59,-3257.250000,5801.680176,18576.949219,4.000000,5.300000,178.199997,1824562.125000
2026-05-19-09-41-00,-3261.590088,5829.109863,18580.539062,4.000000,5.300000,178.300003,1826109.125000
2026-05-19-09-41-02,-3266.300049,5858.799805,18584.019531,4.000000,5.300000,178.399994,1827775.125000
2026-05-19-09-41-04,-3270.429932,5885.129883,18586.990234,4.000000,5.300000,178.500000,1829244.750000
2026-05-19-09-41-05,-3275.500000,5916.720215,18590.349609,4.000000,5.300000,178.600006,1830998.625000
2026-05-19-09-41-07,-3279.899902,5944.120117,18593.000000,4.000000,5.300000,178.600006,1832518.625000
2026-05-19-09-41-08,-3284.260010,5971.330078,18595.410156,4.000000,5.300000,178.600006,1834034.500000
2026-05-19-09-41-10,-3288.860107,6000.359863,18597.539062,4.000000,5.300000,178.699997,1835642.000000
2026-05-19-09-41-12,-3293.729980,6031.100098,18599.390625,4.000000,5.300000,178.800003,1837343.250000
2026-05-19-09-41-13,-3297.969971,6058.620117,18600.810547,4.000000,5.200000,178.800003,1838858.625000
2026-05-19-09-41-15,-3302.550049,6088.180176,18601.919922,4.000000,5.300000,178.899994,1840485.250000
2026-05-19-09-41-16,-3306.659912,6114.370117,18602.699219,4.000000,5.300000,178.899994,1841920.750000
2026-05-19-09-41-18,-3311.570068,6145.799805,18603.349609,4.000000,5.300000,179.000000,1843631.750000
2026-05-19-09-41-20,-3315.820068,6172.910156,18603.810547,4.000000,5.200000,179.000000,1845103.375000
2026-05-19-09-41-21,-3320.370117,6202.950195,18604.009766,4.000000,5.300000,179.100006,1846717.750000
2026-05-19-09-41-23,-3324.310059,6229.569824,18603.869141,4.000000,5.300000,179.100006,1848138.000000
2026-05-19-09-41-24,-3328.820068,6260.529785,18603.490234,4.000000,5.200000,179.199997,1849786.500000
2026-05-19-09-41-26,-3332.879883,6288.520020,18602.949219,4.100000,5.300000,179.300003,1851267.750000
2026-05-19-09-41-28,-3337.239990,6318.129883,18602.070312,4.000000,5.300000,179.300003,1852838.250000
2026-05-19-09-41-29,-3341.149902,6344.819824,18601.099609,4.000000,5.300000,179.399994,1854245.750000
2026-05-19-09-41-31,-3345.780029,6376.180176,18599.730469,4.000000,5.200000,179.500000,1855901.500000
2026-05-19-09-41-32,-3349.790039,6403.560059,18598.330078,4.100000,5.200000,179.500000,1857341.750000
2026-05-19-09-41-34,-3354.080078,6433.169922,18596.429688,4.100000,5.300000,179.600006,1858898.875000
2026-05-19-09-41-35,-3357.889893,6459.410156,18594.380859,4.100000,5.300000,179.699997,1860276.250000
2026-05-19-09-41-37,-3362.370117,6490.620117,18591.570312,4.100000,5.300000,179.800003,1861910.875000
2026-05-19-09-41-39,-3366.340088,6518.399902,18588.880859,4.000000,5.300000,179.800003,1863362.750000
2026-05-19-09-41-40,-3370.540039,6548.220215,18585.679688,4.100000,5.300000,179.899994,1864912.250000
2026-05-19-09-41-42,-3374.229980,6574.430176,18582.419922,4.100000,5.300000,180.000000,1866273.000000
2026-05-19-09-41-44,-3378.629883,6605.529785,18578.240234,4.100000,5.300000,-180.000000,1867883.000000
2026-05-19-09-41-45,-3382.540039,6633.169922,18574.289062,4.100000,5.300000,-179.899994,1869311.500000
2026-05-19-09-41-47,-3386.620117,6662.470215,18569.830078,4.100000,5.300000,-179.899994,1870823.750000
2026-05-19-09-41-48,-3390.129883,6688.689941,18565.500000,4.100000,5.300000,-179.800003,1872167.625000
2026-05-19-09-41-50,-3394.389893,6720.410156,18559.949219,4.100000,5.300000,-179.699997,1873789.000000
2026-05-19-09-41-51,-3397.939941,6747.899902,18554.849609,4.000000,5.300000,-179.699997,1875186.875000
2026-05-19-09-41-53,-3401.760010,6777.740234,18548.820312,4.000000,5.300000,-179.600006,1876701.000000
2026-05-19-09-41-55,-3405.100098,6804.020020,18543.189453,4.100000,5.300000,-179.500000,1878027.625000
2026-05-19-09-41-56,-3408.959961,6835.560059,18536.220703,4.100000,5.300000,-179.500000,1879608.250000
2026-05-19-09-41-58,-3412.350098,6863.020020,18529.900391,4.100000,5.300000,-179.399994,1880981.000000
2026-05-19-09-41-59,-3415.919922,6892.609863,18522.619141,4.100000,5.300000,-179.399994,1882460.125000
2026-05-19-09-42-01,-3419.080078,6919.020020,18515.980469,4.100000,5.300000,-179.300003,1883775.875000
2026-05-19-09-42-03,-3422.770020,6949.890137,18507.849609,4.100000,5.200000,-179.300003,1885309.250000
2026-05-19-09-42-04,-3426.139893,6978.009766,18500.019531,4.100000,5.200000,-179.199997,1886703.500000
2026-05-19-09-42-06,-3429.320068,7005.069824,18492.279297,4.100000,5.300000,-179.100006,1888040.750000
2026-05-19-09-42-07,-3432.659912,7033.939941,18483.740234,4.100000,5.200000,-179.100006,1889476.125000
2026-05-19-09-42-09,-3436.050049,7064.359863,18474.470703,4.100000,5.200000,-179.000000,1890984.250000
2026-05-19-09-42-11,-3439.040039,7091.520020,18465.949219,4.100000,5.300000,-179.000000,1892329.500000
2026-05-19-09-42-12,-3442.250000,7120.810059,18456.470703,4.100000,5.300000,-178.899994,1893774.250000
2026-05-19-09-42-14,-3445.050049,7146.709961,18447.890625,4.100000,5.300000,-178.899994,1895048.125000
2026-05-19-09-42-15,-3448.409912,7177.680176,18437.189453,4.100000,5.300000,-178.899994,1896568.750000
2026-05-19-09-42-17,-3451.379883,7205.200195,18427.380859,4.100000,5.200000,-178.800003,1897916.125000
2026-05-19-09-42-19,-3454.479980,7234.000000,18416.890625,4.100000,5.300000,-178.800003,1899321.875000
2026-05-19-09-42-20,-3457.189941,7259.770020,18407.189453,4.100000,5.300000,-178.699997,1900579.625000
2026-05-19-09-42-22,-3460.409912,7290.470215,18395.349609,4.100000,5.200000,-178.600006,1902076.250000
2026-05-19-09-42-23,-3463.280029,7317.549805,18384.750000,4.200000,5.300000,-178.600006,1903392.375000
2026-05-19-09-42-25,-3466.199951,7346.580078,18373.300781,4.100000,5.300000,-178.500000,1904793.375000
2026-05-19-09-42-26,-3468.840088,7372.580078,18362.810547,4.100000,5.200000,-178.500000,1906044.375000
2026-05-19-09-42-28,-3471.830078,7403.290039,18350.160156,4.100000,5.300000,-178.399994,1907521.250000
2026-05-19-09-42-30,-3474.540039,7430.970215,18338.480469,4.100000,5.300000,-178.300003,1908844.000000
2026-05-19-09-42-31,-3477.129883,7457.979980,18326.720703,4.100000,5.200000,-178.300003,1910131.250000
2026-05-19-09-42-33,-3479.810059,7486.970215,18313.820312,4.100000,5.200000,-178.199997,1911504.125000
2026-05-19-09-42-35,-3482.649902,7517.810059,18299.960938,4.100000,5.300000,-178.199997,1912959.625000
2026-05-19-09-42-36,-3485.070068,7544.959961,18287.460938,4.100000,5.200000,-178.100006,1914239.500000
2026-05-19-09-42-38,-3487.590088,7574.089844,18273.779297,4.100000,5.300000,-178.000000,1915610.125000
2026-05-19-09-42-39,-3489.800049,7600.379883,18260.960938,4.200000,5.300000,-177.899994,1916836.125000
2026-05-19-09-42-41,-3492.429932,7631.350098,18245.449219,4.200000,5.300000,-177.800003,1918274.750000
2026-05-19-09-42-42,-3495.030029,7659.279785,18231.539062,4.100000,5.200000,-177.800003,1919560.625000
2026-05-19-09-42-44,-3498.149902,7688.560059,18216.039062,4.100000,5.300000,-177.699997,1920925.000000
2026-05-19-09-42-46,-3500.879883,7714.810059,18201.929688,4.100000,5.400000,-177.699997,1922141.125000
2026-05-19-09-42-47,-3503.949951,7746.020020,18184.750000,4.100000,5.300000,-177.600006,1923582.000000
2026-05-19-09-42-49,-3506.510010,7773.450195,18169.480469,4.100000,5.300000,-177.600006,1924842.125000
2026-05-19-09-42-50,-3509.239990,7803.149902,18152.580078,4.100000,5.300000,-177.500000,1926201.375000
2026-05-19-09-42-52,-3511.620117,7829.410156,18137.279297,4.200000,5.200000,-177.399994,1927402.750000
2026-05-19-09-42-54,-3514.379883,7860.600098,18118.720703,4.200000,5.200000,-177.399994,1928832.250000
2026-05-19-09-42-55,-3516.850098,7888.430176,18101.980469,4.200000,5.300000,-177.399994,1930103.500000
2026-05-19-09-42-57,-3519.399902,7917.540039,18084.089844,4.100000,5.300000,-177.300003,1931435.500000
2026-05-19-09-42-58,-3521.719971,7943.529785,18068.029297,4.100000,5.200000,-177.199997,1932623.500000
2026-05-19-09-43-00,-3524.459961,7974.359863,18048.599609,4.100000,5.200000,-177.100006,1934031.375000
2026-05-19-09-43-02,-3526.830078,8001.140137,18031.539062,4.200000,5.300000,-177.100006,1935251.875000
2026-05-19-09-43-03,-3529.449951,8030.240234,18012.679688,4.200000,5.200000,-177.100006,1936576.750000
2026-05-19-09-43-05,-3531.899902,8056.109863,17995.599609,4.100000,5.200000,-177.000000,1937754.000000
2026-05-19-09-43-06,-3534.669922,8086.250000,17975.660156,4.200000,5.300000,-176.899994,1939127.625000
2026-05-19-09-43-08,-3537.159912,8112.899902,17957.820312,4.100000,5.200000,-176.800003,1940338.875000
2026-05-19-09-43-09,-3539.649902,8139.740234,17939.500000,4.100000,5.200000,-176.699997,1941555.625000
2026-05-19-09-43-11,-3542.199951,8167.910156,17920.019531,4.200000,5.300000,-176.699997,1942831.375000
2026-05-19-09-43-13,-3544.919922,8198.900391,17898.289062,4.100000,5.200000,-176.600006,1944224.500000
2026-05-19-09-43-14,-3547.280029,8226.290039,17878.820312,4.200000,5.200000,-176.600006,1945460.000000
2026-05-19-09-43-16,-3549.780029,8255.750000,17857.740234,4.100000,5.300000,-176.500000,1946784.000000
2026-05-19-09-43-18,-3551.949951,8281.690430,17838.949219,4.100000,5.200000,-176.399994,1947944.250000
2026-05-19-09-43-19,-3554.510010,8312.259766,17816.410156,4.100000,5.200000,-176.399994,1949309.875000
2026-05-19-09-43-21,-3556.840088,8339.690430,17796.039062,4.100000,5.200000,-176.399994,1950534.750000
2026-05-19-09-43-22,-3559.179932,8368.650391,17774.160156,4.100000,5.200000,-176.300003,1951824.375000
2026-05-19-09-43-24,-3561.139893,8394.389648,17754.390625,4.200000,5.200000,-176.300003,1952968.750000
2026-05-19-09-43-26,-3563.500000,8425.429688,17730.289062,4.100000,5.200000,-176.199997,1954343.750000
2026-05-19-09-43-27,-3565.580078,8452.379883,17708.929688,4.100000,5.200000,-176.100006,1955537.750000
2026-05-19-09-43-29,-3567.909912,8481.709961,17685.390625,4.100000,5.200000,-176.100006,1956842.000000
2026-05-19-09-43-30,-3570.010010,8507.580078,17664.169922,4.100000,5.200000,-176.000000,1957994.500000
2026-05-19-09-43-32,-3572.540039,8538.049805,17638.820312,4.100000,5.200000,-175.899994,1959347.750000
2026-05-19-09-43-33,-3574.810059,8565.339844,17615.960938,4.100000,5.200000,-175.899994,1960554.125000
2026-05-19-09-43-35,-3577.159912,8594.190430,17591.380859,4.100000,5.200000,-175.800003,1961838.375000
2026-05-19-09-43-37,-3579.250000,8619.860352,17569.419922,4.100000,5.200000,-175.800003,1962972.750000
2026-05-19-09-43-38,-3581.620117,8650.200195,17543.259766,4.100000,5.200000,-175.699997,1964308.250000
2026-05-19-09-43-40,-3583.709961,8677.339844,17519.769531,4.100000,5.200000,-175.600006,1965494.375000
2026-05-19-09-43-42,-3585.860107,8706.969727,17493.949219,4.100000,5.200000,-175.500000,1966783.250000
2026-05-19-09-43-43,-3587.750000,8733.009766,17471.140625,4.200000,5.200000,-175.500000,1967910.625000
2026-05-19-09-43-45,-3590.010010,8764.360352,17443.490234,4.200000,5.300000,-175.399994,1969261.125000
2026-05-19-09-43-46,-3591.979980,8791.870117,17419.009766,4.100000,5.200000,-175.300003,1970446.250000
2026-05-19-09-43-48,-3594.060059,8821.650391,17392.119141,4.100000,5.200000,-175.300003,1971728.625000
2026-05-19-09-43-49,-3595.850098,8847.820312,17368.320312,4.200000,5.200000,-175.199997,1972853.000000
2026-05-19-09-43-51,-3597.899902,8879.089844,17339.519531,4.200000,5.200000,-175.100006,1974195.250000
2026-05-19-09-43-53,-3599.679932,8906.870117,17313.750000,4.200000,5.200000,-175.100006,1975385.500000
2026-05-19-09-43-54,-3601.379883,8934.059570,17288.259766,4.200000,5.300000,-174.899994,1976549.000000
2026-05-19-09-43-56,-3603.080078,8963.160156,17260.660156,4.200000,5.200000,-174.899994,1977793.500000
2026-05-19-09-43-58,-3604.840088,8994.219727,17231.070312,4.200000,5.300000,-174.899994,1979118.250000
2026-05-19-09-43-59,-3606.330078,9021.669922,17204.609375,4.200000,5.200000,-174.800003,1980291.500000
2026-05-19-09-44-01,-3607.840088,9048.740234,17178.449219,4.200000,5.200000,-174.699997,1981443.000000
2026-05-19-09-44-02,-3609.379883,9077.360352,17150.400391,4.100000,5.200000,-174.600006,1982664.250000
2026-05-19-09-44-04,-3611.000000,9108.019531,17120.099609,4.100000,5.200000,-174.600006,1983971.750000
2026-05-19-09-44-05,-3612.429932,9135.860352,17092.400391,4.100000,5.200000,-174.500000,1985156.250000
2026-05-19-09-44-07,-3613.750000,9165.040039,17063.050781,4.100000,5.200000,-174.500000,1986398.125000
2026-05-19-09-44-09,-3614.969971,9190.709961,17036.839844,4.200000,5.200000,-174.500000,1987487.875000
2026-05-19-09-44-10,-3616.429932,9221.610352,17004.929688,4.200000,5.200000,-174.399994,1988801.750000
2026-05-19-09-44-12,-3617.709961,9249.200195,16976.330078,4.100000,5.200000,-174.300003,1989973.000000
2026-05-19-09-44-13,-3618.989990,9278.459961,16945.759766,4.200000,5.200000,-174.300003,1991209.625000
2026-05-19-09-44-15,-3620.080078,9304.500000,16918.310547,4.200000,5.200000,-174.199997,1992308.750000
2026-05-19-09-44-17,-3621.370117,9335.740234,16885.039062,4.100000,5.200000,-174.199997,1993625.500000
2026-05-19-09-44-18,-3622.409912,9363.179688,16855.580078,4.200000,5.100000,-174.100006,1994781.875000
2026-05-19-09-44-20,-3623.479980,9392.889648,16823.400391,4.100000,5.200000,-174.100006,1996033.250000
2026-05-19-09-44-21,-3624.419922,9419.379883,16794.650391,4.100000,5.100000,-174.000000,1997142.000000
2026-05-19-09-44-23,-3625.540039,9450.440430,16760.669922,4.100000,5.200000,-174.000000,1998446.750000
2026-05-19-09-44-25,-3626.550049,9478.120117,16730.130859,4.200000,5.200000,-173.899994,1999609.875000
2026-05-19-09-44-26,-3627.570068,9508.150391,16696.580078,4.100000,5.200000,-173.899994,2000873.000000
2026-05-19-09-44-28,-3628.360107,9534.650391,16666.900391,4.200000,5.200000,-173.800003,2001984.750000
2026-05-19-09-44-30,-3629.260010,9565.709961,16632.009766,4.200000,5.200000,-173.800003,2003284.500000
2026-05-19-09-44-31,-3630.060059,9593.440430,16600.640625,4.100000,5.200000,-173.699997,2004443.875000
2026-05-19-09-44-33,-3630.939941,9623.500000,16566.320312,4.200000,5.100000,-173.699997,2005700.375000
2026-05-19-09-44-34,-3631.659912,9650.349609,16535.599609,4.200000,5.200000,-173.699997,2006819.750000
2026-05-19-09-44-36,-3632.429932,9681.599609,16499.480469,4.200000,5.200000,-173.600006,2008119.875000
2026-05-19-09-44-37,-3633.189941,9709.530273,16466.789062,4.200000,5.100000,-173.600006,2009289.750000
2026-05-19-09-44-39,-3633.889893,9739.129883,16431.699219,4.100000,5.200000,-173.500000,2010531.750000
2026-05-19-09-44-41,-3634.439941,9765.709961,16399.869141,4.100000,5.100000,-173.500000,2011649.250000
2026-05-19-09-44-42,-3635.199951,9797.169922,16362.059570,4.100000,5.200000,-173.399994,2012968.250000
2026-05-19-09-44-44,-3635.909912,9824.879883,16328.570312,4.100000,5.200000,-173.300003,2014131.000000
2026-05-19-09-44-45,-3636.699951,9854.530273,16292.410156,4.100000,5.200000,-173.300003,2015376.125000
2026-05-19-09-44-47,-3637.469971,9880.900391,16260.040039,4.100000,5.100000,-173.199997,2016483.000000
2026-05-19-09-44-49,-3638.320068,9912.349609,16221.330078,4.200000,5.100000,-173.199997,2017800.750000
2026-05-19-09-44-50,-3639.110107,9940.099609,16186.990234,4.100000,5.100000,-173.100006,2018964.375000
2026-05-19-09-44-52,-3639.889893,9969.509766,16150.160156,4.200000,5.200000,-173.100006,2020205.125000
2026-05-19-09-44-53,-3640.600098,9995.990234,16116.830078,4.200000,5.100000,-173.000000,2021320.625000
2026-05-19-09-44-55,-3641.389893,10027.540039,16077.230469,4.200000,5.200000,-173.000000,2022646.250000
2026-05-19-09-44-57,-3642.179932,10055.360352,16042.209961,4.100000,5.100000,-172.899994,2023814.000000
2026-05-19-09-44-58,-3642.899902,10082.839844,16007.419922,4.100000,5.100000,-172.899994,2024968.000000
2026-05-19-09-45-00,-3643.629883,10112.110352,15970.080078,4.100000,5.200000,-172.800003,2026194.875000
2026-05-19-09-45-01,-3644.379883,10143.830078,15929.339844,4.200000,5.100000,-172.699997,2027527.750000
2026-05-19-09-45-03,-3644.989990,10171.940430,15892.980469,4.100000,5.200000,-172.600006,2028710.250000
2026-05-19-09-45-05,-3645.669922,10201.950195,15853.969727,4.200000,5.100000,-172.600006,2029971.250000
2026-05-19-09-45-06,-3646.310059,10228.669922,15819.019531,4.100000,5.100000,-172.600006,2031093.250000
2026-05-19-09-45-08,-3647.070068,10260.000000,15777.820312,4.200000,5.100000,-172.500000,2032407.250000
2026-05-19-09-45-09,-3647.800049,10287.830078,15741.190430,4.100000,5.100000,-172.500000,2033577.125000
2026-05-19-09-45-11,-3648.439941,10317.740234,15701.610352,4.100000,5.100000,-172.399994,2034837.500000
2026-05-19-09-45-13,-3649.120117,10344.410156,15666.089844,4.100000,5.100000,-172.399994,2035962.000000
2026-05-19-09-45-14,-3649.800049,10375.870117,15624.379883,4.000000,5.100000,-172.300003,2037275.875000
2026-05-19-09-45-16,-3650.290039,10404.150391,15586.969727,4.000000,5.100000,-172.300003,2038455.250000
2026-05-19-09-45-17,-3650.709961,10432.349609,15549.400391,4.000000,5.200000,-172.300003,2039629.250000
2026-05-19-09-45-19,-3651.060059,10462.019531,15509.709961,4.100000,5.200000,-172.199997,2040860.125000
2026-05-19-09-45-21,-3651.419922,10494.780273,15465.580078,4.100000,5.100000,-172.100006,2042217.250000
2026-05-19-09-45-22,-3651.709961,10523.429688,15426.709961,4.100000,5.200000,-172.100006,2043408.750000
2026-05-19-09-45-24,-3651.979980,10554.259766,15384.559570,4.100000,5.100000,-172.000000,2044693.250000
2026-05-19-09-45-25,-3652.239990,10581.480469,15347.320312,4.200000,5.100000,-172.000000,2045824.875000
2026-05-19-09-45-27,-3652.500000,10614.009766,15302.589844,4.100000,5.100000,-172.000000,2047175.625000
2026-05-19-09-45-28,-3652.610107,10642.919922,15262.639648,4.100000,5.100000,-172.000000,2048374.500000
2026-05-19-09-45-30,-3652.750000,10674.169922,15219.580078,4.100000,5.100000,-171.899994,2049673.000000
2026-05-19-09-45-32,-3652.840088,10701.629883,15181.490234,4.100000,5.100000,-171.899994,2050815.875000
2026-05-19-09-45-33,-3652.969971,10733.830078,15136.769531,4.100000,5.100000,-171.800003,2052155.375000
2026-05-19-09-45-35,-3653.120117,10762.940430,15096.110352,4.100000,5.100000,-171.800003,2053370.375000
2026-05-19-09-45-36,-3653.179932,10794.259766,15052.290039,4.100000,5.100000,-171.699997,2054676.750000
2026-05-19-09-45-38,-3653.229980,10821.650391,15013.750000,4.100000,5.100000,-171.699997,2055822.125000
2026-05-19-09-45-40,-3653.370117,10854.080078,14967.719727,4.200000,5.100000,-171.600006,2057180.875000
2026-05-19-09-45-41,-3653.590088,10883.490234,14926.389648,4.100000,5.100000,-171.600006,2058407.625000
2026-05-19-09-45-43,-3653.830078,10914.759766,14882.179688,4.100000,5.200000,-171.500000,2059715.500000
2026-05-19-09-45-44,-3653.929932,10942.250000,14842.870117,4.200000,5.100000,-171.399994,2060868.875000
2026-05-19-09-45-46,-3654.060059,10974.809570,14795.950195,4.100000,5.100000,-171.399994,2062241.500000
2026-05-19-09-45-48,-3654.340088,11004.110352,14753.929688,5.700000,5.300000,-162.699997,2063466.750000
2026-05-19-09-45-49,-3654.379883,11034.480469,14709.129883,5.100000,5.300000,-162.699997,2064771.500000
2026-05-19-09-45-51,-3654.239990,11061.400391,14668.809570,4.700000,5.300000,-162.699997,2065944.500000
2026-05-19-09-45-52,-3653.820068,11092.990234,14620.900391,4.600000,5.300000,-162.600006,2067333.875000
2026-05-19-09-45-54,-3653.510010,11121.190430,14577.919922,4.500000,5.300000,-162.600006,2068579.250000
2026-05-19-09-45-55,-3653.100098,11148.860352,14535.459961,4.400000,5.200000,-162.500000,2069808.250000
2026-05-19-09-45-57,-3652.679932,11178.040039,14490.379883,4.400000,5.200000,-162.500000,2071104.750000
2026-05-19-09-45-59,-3652.239990,11209.419922,14441.690430,4.400000,5.200000,-162.399994,2072497.750000
2026-05-19-09-46-00,-3651.850098,11237.230469,14398.639648,4.400000,5.200000,-162.399994,2073730.875000
2026-05-19-09-46-02,-3651.469971,11264.780273,14355.530273,4.600000,5.200000,-162.300003,2074959.250000
2026-05-19-09-46-03,-3651.000000,11294.190430,14309.610352,4.700000,5.100000,-162.300003,2076268.875000
2026-05-19-09-46-05,-3650.379883,11326.349609,14259.309570,4.500000,5.200000,-162.199997,2077702.750000
2026-05-19-09-46-07,-3649.780029,11354.040039,14215.700195,4.500000,5.200000,-162.199997,2078959.500000
2026-05-19-09-46-08,-3649.189941,11383.860352,14168.190430,4.600000,5.300000,-162.100006,2080322.250000
2026-05-19-09-46-10,-3648.850098,11410.110352,14126.389648,4.500000,5.200000,-162.100006,2081524.125000
2026-05-19-09-46-12,-3648.550049,11441.160156,14076.730469,4.700000,5.100000,-162.000000,2082945.625000
2026-05-19-09-46-13,-3648.149902,11469.000000,14032.240234,4.500000,5.200000,-161.899994,2084218.250000
2026-05-19-09-46-15,-3647.610107,11498.839844,13984.169922,4.500000,5.200000,-161.899994,2085595.250000
2026-05-19-09-46-16,-3647.110107,11525.120117,13941.469727,4.500000,5.200000,-161.800003,2086813.750000
2026-05-19-09-46-18,-3646.580078,11556.080078,13890.849609,4.500000,5.100000,-161.800003,2088252.750000
2026-05-19-09-46-19,-3646.000000,11583.910156,13845.950195,4.300000,5.200000,-161.699997,2089550.750000
2026-05-19-09-46-21,-3645.350098,11613.860352,13797.459961,4.300000,5.200000,-161.699997,2090948.875000
2026-05-19-09-46-23,-3644.729980,11640.610352,13754.089844,4.300000,5.200000,-161.600006,2092197.750000
2026-05-19-09-46-24,-3644.010010,11672.379883,13702.620117,4.200000,5.300000,-161.600006,2093683.625000
2026-05-19-09-46-26,-3643.379883,11700.320312,13657.280273,4.300000,5.200000,-161.500000,2094997.625000
2026-05-19-09-46-27,-3642.649902,11730.250000,13608.660156,4.400000,5.200000,-161.600006,2096405.500000
2026-05-19-09-46-29,-3642.040039,11756.559570,13565.709961,4.400000,5.200000,-161.500000,2097647.000000
2026-05-19-09-46-31,-3641.370117,11788.209961,13513.750000,4.400000,5.200000,-161.399994,2099143.250000
2026-05-19-09-46-32,-3640.770020,11816.150391,13467.709961,4.400000,5.100000,-161.399994,2100471.500000
2026-05-19-09-46-34,-3640.139893,11843.419922,13422.750000,4.400000,5.200000,-161.300003,2101769.500000
2026-05-19-09-46-35,-3639.449951,11872.830078,13374.080078,4.500000,5.200000,-161.300003,2103170.750000
2026-05-19-09-46-37,-3638.669922,11904.589844,13321.429688,4.400000,5.200000,-161.199997,2104686.000000
2026-05-19-09-46-38,-3638.010010,11932.429688,13274.980469,4.400000,5.200000,-161.199997,2106022.250000
2026-05-19-09-46-40,-3637.340088,11960.179688,13228.530273,4.400000,5.200000,-161.100006,2107355.000000
2026-05-19-09-46-42,-3636.500000,11990.030273,13178.360352,4.500000,5.200000,-161.000000,2108794.500000
2026-05-19-09-46-43,-3635.659912,12021.660156,13125.240234,4.400000,5.200000,-160.899994,2110320.250000
2026-05-19-09-46-45,-3634.899902,12049.650391,13077.969727,4.500000,5.100000,-160.899994,2111676.500000
2026-05-19-09-46-47,-3633.969971,12079.809570,13026.740234,4.500000,5.200000,-160.300003,2113146.000000
2026-05-19-09-46-48,-3633.090088,12106.650391,12980.900391,4.400000,5.200000,-160.300003,2114459.500000
2026-05-19-09-46-50,-3631.989990,12138.339844,12926.450195,4.600000,5.100000,-160.199997,2116016.250000
2026-05-19-09-46-51,-3630.969971,12166.519531,12878.160156,4.400000,5.300000,-160.100006,2117402.000000
2026-05-19-09-46-53,-3629.709961,12196.490234,12826.709961,4.400000,5.300000,-160.100006,2118877.250000
2026-05-19-09-46-54,-3628.510010,12223.320312,12780.509766,4.400000,5.300000,-160.000000,2120201.000000
2026-05-19-09-46-56,-3627.100098,12255.240234,12725.240234,4.400000,5.200000,-160.000000,2121780.750000
2026-05-19-09-46-58,-3626.219971,12283.679688,12675.530273,4.400000,5.200000,-159.899994,2123193.500000
2026-05-19-09-46-59,-3625.300049,12314.339844,12621.990234,4.300000,5.300000,-159.899994,2124717.500000
2026-05-19-09-47-01,-3624.389893,12341.040039,12574.820312,4.300000,5.200000,-159.800003,2126055.500000
2026-05-19-09-47-02,-3623.409912,12372.669922,12518.849609,4.300000,5.300000,-159.800003,2127637.500000
2026-05-19-09-47-04,-3622.520020,12401.110352,12468.540039,4.300000,5.200000,-159.699997,2129063.250000
2026-05-19-09-47-06,-3621.570068,12431.629883,12414.230469,4.400000,5.200000,-159.600006,2130599.000000
2026-05-19-09-47-07,-3620.729980,12458.690430,12365.839844,4.400000,5.200000,-159.600006,2131966.500000
2026-05-19-09-47-09,-3619.719971,12490.769531,12308.290039,4.400000,5.200000,-159.600006,2133596.000000
2026-05-19-09-47-10,-3618.750000,12519.150391,12257.219727,4.400000,5.100000,-159.500000,2135039.750000
2026-05-19-09-47-12,-3617.800049,12549.599609,12202.299805,4.400000,5.200000,-159.500000,2136592.750000
2026-05-19-09-47-13,-3616.879883,12577.250000,12152.129883,4.400000,5.200000,-159.500000,2138009.250000
2026-05-19-09-47-15,-3615.689941,12609.429688,12093.469727,4.400000,5.200000,-159.399994,2139666.000000
2026-05-19-09-47-17,-3614.629883,12638.080078,12041.089844,4.400000,5.200000,-159.399994,2141144.500000
2026-05-19-09-47-18,-3613.429932,12668.599609,11985.150391,4.400000,5.200000,-159.399994,2142723.750000
2026-05-19-09-47-20,-3612.479980,12696.309570,11934.480469,4.400000,5.200000,-159.300003,2144156.250000
2026-05-19-09-47-22,-3611.330078,12729.509766,11873.519531,4.400000,5.200000,-159.300003,2145876.500000
2026-05-19-09-47-23,-3610.399902,12758.580078,11820.169922,4.400000,5.000000,-159.600006,2147384.250000
2026-05-19-09-47-25,-3607.560059,12789.419922,11762.500000,4.200000,4.900000,-160.899994,2149008.250000
2026-05-19-09-47-26,-3605.100098,12816.959961,11710.980469,4.100000,4.900000,-160.899994,2150459.000000
2026-05-19-09-47-28,-3602.120117,12849.870117,11649.250000,4.200000,4.900000,-160.800003,2152198.000000
2026-05-19-09-47-29,-3599.449951,12878.730469,11594.950195,4.200000,4.900000,-160.800003,2153727.750000
2026-05-19-09-47-31,-3596.459961,12910.030273,11535.879883,4.200000,4.900000,-160.699997,2155392.250000
2026-05-19-09-47-33,-3593.760010,12937.750000,11483.250000,4.300000,4.900000,-160.699997,2156876.000000
2026-05-19-09-47-34,-3590.479980,12970.219727,11421.370117,4.200000,4.900000,-160.699997,2158622.750000
2026-05-19-09-47-36,-3587.540039,12999.040039,11366.299805,4.200000,4.900000,-160.600006,2160177.750000
2026-05-19-09-47-37,-3584.310059,13030.459961,11306.040039,4.200000,4.900000,-160.600006,2161883.250000
2026-05-19-09-47-39,-3581.479980,13058.049805,11253.009766,4.200000,4.900000,-160.600006,2163382.250000
2026-05-19-09-47-41,-3578.110107,13091.099609,11189.280273,4.200000,4.900000,-160.500000,2165184.000000
2026-05-19-09-47-42,-3575.100098,13120.370117,11132.799805,4.200000,4.800000,-160.500000,2166785.000000
2026-05-19-09-47-44,-3571.860107,13151.690430,11072.259766,4.200000,4.900000,-160.399994,2168504.500000
2026-05-19-09-47-45,-3568.889893,13179.469727,11018.469727,4.200000,4.800000,-160.300003,2170031.000000
2026-05-19-09-47-47,-3565.399902,13212.650391,10954.009766,4.300000,4.800000,-160.300003,2171861.500000
2026-05-19-09-47-49,-3562.340088,13241.940430,10896.679688,4.200000,4.900000,-160.300003,2173489.750000
2026-05-19-09-47-50,-3559.270020,13270.820312,10839.860352,4.300000,4.900000,-160.199997,2175102.500000
2026-05-19-09-47-52,-3555.969971,13301.559570,10779.290039,4.200000,4.900000,-160.199997,2176823.000000
2026-05-19-09-47-54,-3552.399902,13334.299805,10714.500000,4.200000,4.800000,-160.100006,2178665.000000
2026-05-19-09-47-55,-3549.219971,13363.969727,10655.660156,4.200000,4.900000,-160.100006,2180340.000000
2026-05-19-09-47-57,-3545.790039,13395.099609,10593.820312,4.200000,4.900000,-160.100006,2182103.500000
2026-05-19-09-47-58,-3542.629883,13423.120117,10538.000000,4.200000,4.900000,-160.100006,2183698.250000
2026-05-19-09-48-00,-3538.790039,13456.330078,10471.620117,4.200000,4.800000,-160.000000,2185598.000000
2026-05-19-09-48-01,-3535.389893,13485.500000,10413.070312,4.200000,4.800000,-160.000000,2187275.000000
2026-05-19-09-48-03,-3531.699951,13517.169922,10349.339844,4.200000,4.800000,-159.899994,2189103.500000
2026-05-19-09-48-05,-3528.469971,13544.740234,10293.589844,4.200000,4.800000,-159.899994,2190707.500000
2026-05-19-09-48-06,-3524.560059,13577.549805,10226.750000,4.200000,4.900000,-159.899994,2192634.250000
2026-05-19-09-48-08,-3521.139893,13606.280273,10167.929688,4.200000,4.900000,-159.899994,2194334.750000
2026-05-19-09-48-09,-3517.500000,13637.549805,10103.700195,4.200000,4.900000,-159.800003,2196192.000000
2026-05-19-09-48-11,-3514.250000,13665.330078,10046.519531,4.100000,4.800000,-159.800003,2197847.250000
2026-05-19-09-48-13,-3510.459961,13697.940430,9979.259766,4.100000,4.800000,-159.699997,2199802.000000
2026-05-19-09-48-14,-3507.000000,13727.219727,9918.500000,4.200000,4.800000,-159.699997,2201573.750000
2026-05-19-09-48-16,-3503.290039,13758.280273,9853.809570,4.200000,4.900000,-159.699997,2203461.250000
2026-05-19-09-48-17,-3500.020020,13785.870117,9796.230469,4.100000,4.800000,-159.500000,2205143.500000
2026-05-19-09-48-19,-3496.199951,13818.549805,9727.540039,4.200000,4.800000,-159.399994,2207151.750000
2026-05-19-09-48-20,-3492.850098,13847.549805,9666.309570,4.100000,4.700000,-158.899994,2208947.250000
2026-05-19-09-48-22,-3489.229980,13877.900391,9602.089844,4.200000,4.700000,-158.699997,2210834.750000
2026-05-19-09-48-24,-3485.860107,13905.349609,9543.940430,4.200000,4.800000,-158.699997,2212550.250000
2026-05-19-09-48-25,-3481.780029,13938.049805,9474.379883,4.200000,4.800000,-158.600006,2214606.250000
2026-05-19-09-48-27,-3478.169922,13966.929688,9412.599609,4.100000,4.800000,-158.600006,2216434.750000
2026-05-19-09-48-28,-3474.209961,13998.299805,9345.570312,4.200000,4.800000,-158.500000,2218420.000000
2026-05-19-09-48-30,-3470.669922,14025.690430,9287.030273,4.200000,4.800000,-158.399994,2220161.250000
2026-05-19-09-48-32,-3466.409912,14058.290039,9217.099609,4.200000,4.800000,-158.399994,2222248.000000
2026-05-19-09-48-33,-3462.580078,14087.589844,9154.080078,4.200000,4.800000,-158.399994,2224132.250000
2026-05-19-09-48-35,-3458.610107,14118.500000,9087.490234,4.200000,4.800000,-158.300003,2226131.250000
2026-05-19-09-48-36,-3455.159912,14146.030273,9028.200195,4.200000,4.800000,-158.300003,2227915.250000
2026-05-19-09-48-38,-3450.949951,14179.139648,8956.589844,4.200000,4.800000,-158.300003,2230071.250000
2026-05-19-09-48-39,-3447.179932,14208.790039,8892.269531,4.100000,4.700000,-158.199997,2232010.000000
2026-05-19-09-48-41,-3443.209961,14239.530273,8825.669922,4.100000,4.700000,-158.199997,2234026.250000
2026-05-19-09-48-43,-3439.699951,14267.190430,8765.519531,4.200000,4.800000,-158.199997,2235849.250000
2026-05-19-09-48-44,-3435.429932,14300.200195,8693.459961,4.200000,4.800000,-158.100006,2238037.750000
2026-05-19-09-48-46,-3431.600098,14330.000000,8628.040039,4.300000,4.800000,-158.100006,2240031.250000
2026-05-19-09-48-47,-3427.520020,14361.190430,8559.080078,4.200000,4.800000,-158.000000,2242132.500000
2026-05-19-09-48-49,-3423.840088,14388.900391,8497.480469,4.200000,4.700000,-157.899994,2244011.750000
2026-05-19-09-48-51,-3419.560059,14421.259766,8425.500000,4.200000,4.700000,-157.899994,2246211.250000
2026-05-19-09-48-52,-3415.610107,14450.580078,8359.980469,4.200000,4.700000,-157.899994,2248216.500000
2026-05-19-09-48-54,-3411.600098,14479.559570,8294.980469,4.200000,4.800000,-157.899994,2250212.500000
2026-05-19-09-48-55,-3407.459961,14511.259766,8226.280273,4.100000,4.800000,-158.800003,2252320.750000
2026-05-19-09-48-57,-3403.080078,14545.219727,8152.319824,4.100000,4.700000,-158.800003,2254593.500000
2026-05-19-09-48-59,-3399.239990,14575.200195,8086.790039,4.100000,4.800000,-158.699997,2256611.250000
2026-05-19-09-49-00,-3395.060059,14607.679688,8015.649902,4.100000,4.800000,-158.600006,2258809.000000
2026-05-19-09-49-02,-3391.229980,14636.549805,7952.100098,4.100000,4.800000,-158.600006,2260777.500000
2026-05-19-09-49-03,-3386.639893,14670.799805,7876.709961,4.100000,4.800000,-158.500000,2263126.500000
2026-05-19-09-49-05,-3382.610107,14700.929688,7810.279785,4.200000,4.700000,-158.500000,2265202.750000
2026-05-19-09-49-07,-3378.250000,14733.570312,7738.509766,4.200000,4.800000,-158.399994,2267456.500000
2026-05-19-09-49-08,-3374.399902,14762.370117,7674.790039,4.100000,4.700000,-158.399994,2269459.500000
2026-05-19-09-49-10,-3369.830078,14796.440430,7599.279785,4.200000,4.700000,-158.300003,2271840.000000
2026-05-19-09-49-11,-3365.770020,14826.790039,7531.759766,4.200000,4.800000,-158.300003,2273976.000000
2026-05-19-09-49-13,-3361.770020,14856.389648,7465.229980,4.100000,4.800000,-158.300003,2276082.000000
2026-05-19-09-49-15,-3358.530029,14888.570312,7394.850098,4.200000,4.800000,-158.199997,2278331.000000
2026-05-19-09-49-16,-3355.030029,14923.070312,7319.069824,4.200000,4.700000,-158.199997,2280756.500000
2026-05-19-09-49-18,-3351.899902,14953.900391,7251.000000,4.100000,4.800000,-158.100006,2282940.500000
2026-05-19-09-49-19,-3348.520020,14986.969727,7177.540039,4.100000,4.700000,-158.100006,2285301.750000
2026-05-19-09-49-21,-3345.379883,15016.290039,7112.149902,4.400000,4.600000,-158.699997,2287407.500000
2026-05-19-09-49-23,-3342.520020,15051.440430,7035.430176,4.100000,4.700000,-158.699997,2289883.250000
2026-05-19-09-49-24,-3340.050049,15082.379883,6967.569824,4.100000,4.800000,-158.699997,2292080.250000
2026-05-19-09-49-26,-3337.290039,15116.120117,6893.319824,4.200000,4.800000,-158.600006,2294490.000000
2026-05-19-09-49-27,-3334.889893,15145.769531,6827.770020,4.200000,4.700000,-158.600006,2296620.500000
2026-05-19-09-49-29,-3332.080078,15180.940430,6749.850098,4.100000,4.800000,-158.500000,2299158.000000
2026-05-19-09-49-30,-3329.580078,15211.459961,6681.910156,4.100000,4.700000,-158.500000,2301375.000000
2026-05-19-09-49-32,-3327.060059,15242.120117,6613.430176,4.100000,4.700000,-158.500000,2303615.750000
2026-05-19-09-49-34,-3324.340088,15274.980469,6539.859863,4.100000,4.700000,-158.399994,2306029.250000
2026-05-19-09-49-35,-3321.340088,15310.160156,6460.750000,4.000000,4.700000,-158.399994,2308631.500000
2026-05-19-09-49-37,-3318.649902,15341.419922,6390.430176,4.100000,4.800000,-158.300003,2310951.750000
2026-05-19-09-49-38,-3315.919922,15371.980469,6321.580078,4.100000,4.700000,-158.199997,2313229.000000
2026-05-19-09-49-40,-3312.989990,15404.629883,6247.959961,4.100000,4.700000,-158.199997,2315672.500000
2026-05-19-09-49-42,-3309.850098,15439.950195,6168.049805,4.100000,4.700000,-158.199997,2318334.250000
2026-05-19-09-49-43,-3307.060059,15471.650391,6096.080078,4.100000,4.800000,-158.100006,2320740.500000
2026-05-19-09-49-45,-3304.239990,15504.620117,6021.240234,4.000000,4.800000,-158.100006,2323246.750000
2026-05-19-09-49-46,-3301.699951,15534.459961,5953.359863,4.000000,4.600000,-158.100006,2325528.000000
2026-05-19-09-49-48,-3298.639893,15569.889648,5872.520020,4.000000,4.800000,-157.899994,2328252.500000
2026-05-19-09-49-50,-3295.939941,15600.639648,5802.620117,4.100000,4.700000,-158.000000,2330617.250000
2026-05-19-09-49-51,-3292.949951,15634.269531,5725.830078,4.100000,4.800000,-157.899994,2333221.500000
2026-05-19-09-49-53,-3290.350098,15664.059570,5657.609863,4.000000,4.700000,-157.800003,2335541.000000
2026-05-19-09-49-54,-3287.260010,15699.370117,5576.490234,4.100000,4.700000,-157.800003,2338307.000000
2026-05-19-09-49-56,-3284.389893,15730.790039,5504.120117,4.100000,4.700000,-157.800003,2340782.000000
2026-05-19-09-49-58,-3281.439941,15764.240234,5426.629883,4.100000,4.700000,-157.699997,2343436.250000
2026-05-19-09-49-59,-3278.649902,15793.919922,5357.419922,4.000000,4.600000,-157.600006,2345809.000000
2026-05-19-09-50-01,-3275.340088,15828.570312,5276.350098,4.000000,4.700000,-157.600006,2348594.500000
2026-05-19-09-50-02,-3272.169922,15860.610352,5201.520020,4.000000,4.700000,-157.600006,2351176.000000
2026-05-19-09-50-04,-3268.929932,15894.179688,5123.020020,4.000000,4.700000,-157.500000,2353895.000000
2026-05-19-09-50-05,-3266.010010,15923.889648,5053.140137,4.100000,4.700000,-157.500000,2356321.250000
2026-05-19-09-50-07,-3262.489990,15958.889648,4970.600098,4.000000,4.700000,-157.500000,2359196.000000
2026-05-19-09-50-09,-3259.340088,15990.370117,4896.439941,4.000000,4.700000,-157.399994,2361786.000000
2026-05-19-09-50-10,-3256.270020,16021.250000,4823.430176,4.100000,4.700000,-157.399994,2364346.000000
2026-05-19-09-50-12,-3253.020020,16054.339844,4745.149902,4.100000,4.700000,-157.300003,2367098.250000
2026-05-19-09-50-14,-3249.520020,16089.759766,4661.560059,4.000000,4.600000,-157.300003,2370050.000000
2026-05-19-09-50-15,-3246.389893,16121.139648,4587.270020,4.000000,4.700000,-157.199997,2372681.500000
2026-05-19-09-50-17,-3242.889893,16154.959961,4507.080078,4.000000,4.700000,-157.100006,2375530.250000
2026-05-19-09-50-18,-3239.729980,16185.080078,4435.680176,4.000000,4.700000,-157.100006,2378077.250000
2026-05-19-09-50-20,-3236.080078,16220.629883,4351.259766,4.100000,4.700000,-157.000000,2381097.500000
2026-05-19-09-50-21,-3232.899902,16251.709961,4277.209961,4.000000,4.700000,-156.899994,2383753.500000
2026-05-19-09-50-23,-3229.419922,16285.700195,4195.910156,4.000000,4.700000,-156.899994,2386675.750000
2026-05-19-09-50-25,-3226.310059,16315.700195,4123.810059,4.000000,4.700000,-156.899994,2389274.000000
2026-05-19-09-50-26,-3222.639893,16351.209961,4038.530029,4.000000,4.700000,-156.800003,2392359.000000
2026-05-19-09-50-28,-3219.169922,16383.290039,3961.360107,4.000000,4.700000,-156.699997,2395159.750000
2026-05-19-09-50-29,-3215.379883,16417.140625,3879.080078,4.100000,4.700000,-156.699997,2398143.000000
2026-05-19-09-50-31,-3212.000000,16447.089844,3806.479980,4.100000,4.700000,-156.699997,2400787.250000
2026-05-19-09-50-33,-3208.050049,16482.099609,3721.189941,4.000000,4.700000,-156.699997,2403907.000000
2026-05-19-09-50-34,-3204.469971,16513.839844,3643.780029,4.100000,4.600000,-156.699997,2406747.500000
2026-05-19-09-50-36,-3200.659912,16547.500000,3561.550049,4.100000,4.600000,-156.699997,2409770.000000
2026-05-19-09-50-37,-3197.320068,16577.300781,3488.510010,4.100000,4.700000,-156.600006,2412460.750000
2026-05-19-09-50-39,-3193.409912,16612.779297,3401.810059,4.000000,4.600000,-156.500000,2415669.750000
2026-05-19-09-50-41,-3189.909912,16644.359375,3324.540039,4.000000,4.700000,-156.500000,2418540.750000
2026-05-19-09-50-42,-3186.229980,16678.269531,3241.320068,4.000000,4.700000,-156.500000,2421637.000000
2026-05-19-09-50-44,-3182.969971,16708.490234,3167.090088,4.000000,4.600000,-156.500000,2424408.000000
2026-05-19-09-50-45,-3179.159912,16743.750000,3080.449951,4.000000,4.700000,-156.500000,2427651.000000
2026-05-19-09-50-47,-3175.709961,16775.029297,3003.540039,4.100000,4.700000,-156.500000,2430543.250000
2026-05-19-09-50-49,-3171.989990,16808.960938,2919.639893,4.000000,4.700000,-156.399994,2433706.500000
2026-05-19-09-50-50,-3168.760010,16838.839844,2845.659912,4.100000,4.700000,-156.300003,2436506.750000
2026-05-19-09-50-52,-3164.820068,16874.160156,2757.929932,4.000000,4.700000,-156.300003,2439836.250000
2026-05-19-09-50-53,-3161.239990,16905.980469,2678.820068,4.100000,4.700000,-156.300003,2442849.750000
2026-05-19-09-50-55,-3157.449951,16939.890625,2594.129883,4.000000,4.600000,-156.300003,2446081.500000
2026-05-19-09-50-56,-3154.060059,16969.830078,2519.270020,4.100000,4.700000,-156.300003,2448946.500000
2026-05-19-09-50-58,-3149.860107,17005.619141,2429.600098,4.100000,4.700000,-156.300003,2452392.750000
2026-05-19-09-51-00,-3146.219971,17036.519531,2352.030029,4.100000,4.700000,-156.199997,2455382.000000
2026-05-19-09-51-01,-3142.139893,17070.119141,2267.409912,4.000000,4.700000,-156.199997,2458652.250000
2026-05-19-09-51-03,-3138.469971,17100.119141,2191.919922,4.000000,4.700000,-156.100006,2461579.500000
2026-05-19-09-51-05,-3134.209961,17135.720703,2102.169922,3.200000,4.600000,-158.199997,2465062.750000
2026-05-19-09-51-06,-3130.229980,17167.400391,2023.160034,3.600000,4.600000,-157.399994,2468135.000000
2026-05-19-09-51-07,-3129.189941,17196.539062,1944.359985,3.700000,4.700000,-157.300003,2471221.000000
2026-05-19-09-51-09,-3128.050049,17227.810547,1860.109985,3.800000,4.700000,-157.300003,2474532.250000
2026-05-19-09-51-11,-3126.780029,17261.380859,1769.660034,3.800000,4.700000,-157.300003,2478096.500000
2026-05-19-09-51-12,-3125.590088,17291.089844,1689.349976,3.800000,4.700000,-157.399994,2481269.500000
2026-05-19-09-51-14,-3124.120117,17323.050781,1602.810059,3.800000,4.700000,-157.300003,2484694.750000
2026-05-19-09-51-16,-3122.840088,17351.240234,1526.459961,3.800000,4.700000,-157.300003,2487727.250000
2026-05-19-09-51-17,-3121.149902,17385.279297,1434.060059,3.700000,4.600000,-157.199997,2491408.000000
2026-05-19-09-51-19,-3119.620117,17414.789062,1353.979980,3.800000,4.600000,-157.199997,2494611.500000
2026-05-19-09-51-20,-3117.949951,17446.589844,1267.359985,3.800000,4.600000,-157.199997,2498085.750000
2026-05-19-09-51-22,-3116.540039,17474.789062,1190.619995,3.800000,4.700000,-157.199997,2501175.250000
2026-05-19-09-51-24,-3114.929932,17508.130859,1099.719971,3.900000,4.700000,-157.100006,2504845.750000
2026-05-19-09-51-25,-3113.439941,17538.519531,1016.580017,3.800000,4.700000,-157.100006,2508212.000000
2026-05-19-09-51-27,-3111.969971,17570.480469,929.049988,3.800000,4.600000,-157.000000,2511772.000000
2026-05-19-09-51-28,-3110.610107,17599.000000,850.849976,3.800000,4.700000,-157.000000,2514956.000000
2026-05-19-09-51-30,-3108.909912,17632.910156,757.760010,3.900000,4.700000,-157.000000,2518755.500000
2026-05-19-09-51-31,-3107.459961,17663.320312,674.700012,3.800000,4.700000,-156.899994,2522159.750000
2026-05-19-09-51-33,-3105.639893,17695.529297,586.059998,3.800000,4.600000,-156.899994,2525797.000000
2026-05-19-09-51-35,-3104.040039,17724.320312,506.760010,3.900000,4.700000,-156.899994,2529055.500000
2026-05-19-09-51-36,-3102.040039,17758.519531,412.239990,3.800000,4.700000,-156.800003,2532940.000000
2026-05-19-09-51-38,-3100.239990,17788.820312,328.559998,3.900000,4.700000,-156.800003,2536388.250000
2026-05-19-09-51-39,-3098.310059,17821.140625,239.199997,3.900000,4.700000,-156.800003,2540084.250000
2026-05-19-09-51-41,-3096.669922,17849.929688,159.399994,3.900000,4.700000,-156.699997,2543396.750000
2026-05-19-09-51-43,-3094.600098,17883.919922,64.660004,3.900000,4.600000,-156.800003,2547339.500000
2026-05-19-09-51-44,-3092.810059,17913.990234,-19.160000,3.700000,4.600000,-156.800003,2550840.500000
2026-05-19-09-51-46,-3090.919922,17946.230469,-109.510002,3.700000,4.600000,-156.699997,2554624.500000
2026-05-19-09-51-47,-3089.199951,17975.109375,-190.559998,3.800000,4.600000,-156.699997,2558028.750000
2026-05-19-09-51-49,-3087.050049,18009.029297,-286.269989,3.800000,4.600000,-156.699997,2562056.750000
2026-05-19-09-51-51,-3085.040039,18039.630859,-372.609985,3.800000,4.600000,-156.699997,2565699.500000
2026-05-19-09-51-52,-3082.870117,18072.089844,-464.170013,3.700000,4.600000,-156.699997,2569579.250000
2026-05-19-09-51-54,-3080.899902,18100.710938,-544.960022,3.800000,4.700000,-156.600006,2573007.500000
2026-05-19-09-51-56,-3078.510010,18135.080078,-641.809998,3.700000,4.600000,-156.600006,2577130.500000
2026-05-19-09-51-57,-3076.409912,18165.410156,-727.590027,3.800000,4.600000,-156.600006,2580793.500000
2026-05-19-09-51-59,-3074.189941,18197.500000,-818.419983,3.800000,4.600000,-156.600006,2584686.750000
2026-05-19-09-52-00,-3072.250000,18226.380859,-900.489990,3.800000,4.700000,-156.500000,2588216.000000
2026-05-19-09-52-02,-3069.909912,18260.080078,-996.539978,3.800000,4.600000,-156.500000,2592363.000000
2026-05-19-09-52-03,-3067.790039,18290.179688,-1082.670044,3.800000,4.600000,-156.500000,2596094.000000
2026-05-19-09-52-05,-3065.659912,18322.189453,-1174.339966,3.800000,4.700000,-156.399994,2600079.750000
2026-05-19-09-52-07,-3063.840088,18350.880859,-1256.459961,3.700000,4.600000,-156.399994,2603660.250000
2026-05-19-09-52-08,-3061.629883,18384.179688,-1351.910034,3.900000,4.600000,-156.399994,2607832.500000
2026-05-19-09-52-10,-3059.610107,18414.750000,-1439.739990,3.800000,4.600000,-156.399994,2611683.000000
2026-05-19-09-52-11,-3057.399902,18447.259766,-1532.930054,3.800000,4.600000,-156.300003,2615784.750000
2026-05-19-09-52-13,-3055.419922,18475.929688,-1615.589966,3.800000,4.600000,-156.300003,2619427.750000
2026-05-19-09-52-15,-3053.080078,18509.980469,-1713.979980,3.700000,4.500000,-156.300003,2623779.000000
2026-05-19-09-52-16,-3051.020020,18539.720703,-1800.099976,3.800000,4.600000,-156.199997,2627605.000000
2026-05-19-09-52-18,-3048.790039,18571.630859,-1892.719971,3.700000,4.600000,-156.300003,2631733.000000
2026-05-19-09-52-19,-3046.790039,18599.880859,-1974.819946,3.800000,4.600000,-156.199997,2635404.750000
2026-05-19-09-52-21,-3044.350098,18633.580078,-2073.020020,3.800000,4.600000,-156.199997,2639803.250000
2026-05-19-09-52-22,-3042.179932,18663.609375,-2160.629883,3.700000,4.600000,-156.100006,2643736.750000
2026-05-19-09-52-24,-3039.870117,18695.810547,-2254.770020,3.700000,4.600000,-156.100006,2647971.250000
2026-05-19-09-52-26,-3037.780029,18724.400391,-2338.639893,3.800000,4.600000,-156.100006,2651747.750000
2026-05-19-09-52-27,-3035.179932,18758.490234,-2438.760010,3.800000,4.600000,-156.100006,2656269.000000
2026-05-19-09-52-29,-3032.820068,18788.740234,-2527.850098,3.900000,4.600000,-156.100006,2660305.000000
2026-05-19-09-52-30,-3030.300049,18820.630859,-2621.899902,3.700000,4.600000,-156.100006,2664578.000000
2026-05-19-09-52-32,-3028.080078,18849.279297,-2706.719971,3.800000,4.600000,-156.100006,2668436.500000
2026-05-19-09-52-34,-3025.330078,18883.310547,-2807.540039,3.800000,4.600000,-156.000000,2673038.500000
2026-05-19-09-52-35,-3022.929932,18913.500000,-2897.300049,3.700000,4.600000,-156.000000,2677146.250000
2026-05-19-09-52-37,-3020.340088,18945.660156,-2992.850098,3.800000,4.600000,-156.000000,2681528.750000
2026-05-19-09-52-38,-3018.080078,18974.240234,-3078.000000,3.700000,4.600000,-156.000000,2685443.000000
2026-05-19-09-52-40,-3015.379883,19008.339844,-3179.199951,3.800000,4.600000,-155.899994,2690105.500000
2026-05-19-09-52-42,-3012.929932,19038.580078,-3269.409912,3.700000,4.600000,-155.899994,2694271.750000
2026-05-19-09-52-43,-3010.379883,19070.630859,-3364.979980,3.700000,4.700000,-155.899994,2698697.250000
2026-05-19-09-52-45,-3008.169922,19099.320312,-3450.550049,3.700000,4.600000,-155.899994,2702669.250000
2026-05-19-09-52-47,-3005.500000,19133.150391,-3552.209961,3.800000,4.600000,-155.800003,2707396.750000
2026-05-19-09-52-48,-3003.229980,19162.730469,-3641.149902,3.700000,4.500000,-155.800003,2711543.750000
2026-05-19-09-52-50,-3000.729980,19195.070312,-3738.719971,3.700000,4.600000,-155.699997,2716102.250000
2026-05-19-09-52-51,-2998.510010,19223.630859,-3824.989990,3.800000,4.600000,-155.699997,2720147.500000
2026-05-19-09-52-53,-2995.929932,19257.160156,-3926.300049,3.800000,4.500000,-155.699997,2724910.000000
2026-05-19-09-52-54,-2993.600098,19286.779297,-4015.510010,3.800000,4.600000,-155.600006,2729117.250000
2026-05-19-09-52-56,-2991.300049,19316.609375,-4105.669922,3.800000,4.600000,-155.600006,2733379.750000
2026-05-19-09-52-57,-2988.810059,19348.269531,-4201.640137,3.700000,4.600000,-155.600006,2737931.250000
2026-05-19-09-52-59,-2986.159912,19382.310547,-4304.950195,3.800000,4.600000,-155.600006,2742846.000000
2026-05-19-09-53-01,-2983.889893,19412.660156,-4396.990234,3.800000,4.500000,-155.600006,2747236.250000
2026-05-19-09-53-02,-2981.540039,19444.500000,-4493.930176,3.800000,4.600000,-155.600006,2751872.000000
2026-05-19-09-53-04,-2979.469971,19472.849609,-4580.299805,3.800000,4.600000,-155.600006,2756018.000000
2026-05-19-09-53-06,-2977.010010,19507.160156,-4684.810059,3.800000,4.600000,-155.500000,2761050.500000
2026-05-19-09-53-07,-2974.780029,19537.710938,-4778.370117,3.800000,4.500000,-155.500000,2765569.000000
2026-05-19-09-53-09,-2972.560059,19570.119141,-4877.479980,3.800000,4.600000,-155.399994,2770367.500000
2026-05-19-09-53-10,-2970.629883,19598.759766,-4965.180176,3.800000,4.500000,-155.399994,2774625.750000
2026-05-19-09-53-12,-2968.429932,19632.630859,-5069.060059,3.800000,4.500000,-155.300003,2779680.250000
2026-05-19-09-53-13,-2966.469971,19662.720703,-5161.490234,3.800000,4.600000,-155.300003,2784190.750000
2026-05-19-09-53-15,-2964.340088,19695.160156,-5261.279785,3.800000,4.600000,-155.300003,2789072.500000
2026-05-19-09-53-17,-2962.580078,19724.109375,-5350.430176,3.800000,4.600000,-155.300003,2793441.000000
2026-05-19-09-53-18,-2960.550049,19757.800781,-5454.549805,3.800000,4.500000,-155.199997,2798555.750000
2026-05-19-09-53-20,-2958.689941,19787.939453,-5547.850098,3.900000,4.600000,-155.199997,2803157.000000
2026-05-19-09-53-21,-2956.879883,19817.660156,-5640.049805,3.800000,4.600000,-155.100006,2807714.000000
2026-05-19-09-53-23,-2954.899902,19849.250000,-5738.209961,3.800000,4.500000,-155.100006,2812577.250000
2026-05-19-09-53-25,-2952.790039,19883.050781,-5843.529785,3.800000,4.500000,-155.000000,2817809.250000
2026-05-19-09-53-26,-2951.020020,19912.710938,-5935.990234,3.800000,4.600000,-155.000000,2822420.750000
2026-05-19-09-53-28,-2949.020020,19944.939453,-6036.830078,3.800000,4.500000,-154.899994,2827455.500000
2026-05-19-09-53-29,-2947.300049,19973.560547,-6126.299805,3.800000,4.600000,-154.899994,2831938.250000
2026-05-19-09-53-31,-2945.169922,20007.619141,-6233.279785,3.800000,4.500000,-154.899994,2837311.250000
2026-05-19-09-53-32,-2943.260010,20037.380859,-6327.049805,3.800000,4.500000,-154.800003,2842031.500000
2026-05-19-09-53-34,-2941.199951,20069.310547,-6427.979980,3.800000,4.500000,-154.800003,2847121.500000
2026-05-19-09-53-36,-2939.389893,20098.080078,-6518.839844,3.800000,4.500000,-154.800003,2851712.500000
2026-05-19-09-53-37,-2937.139893,20132.289062,-6627.270020,3.800000,4.500000,-154.699997,2857204.500000
2026-05-19-09-53-39,-2935.149902,20162.789062,-6724.200195,3.800000,4.500000,-154.699997,2862126.000000
2026-05-19-09-53-40,-2933.020020,20194.859375,-6826.379883,3.800000,4.600000,-154.699997,2867329.000000
2026-05-19-09-53-42,-2931.110107,20223.119141,-6916.560059,3.800000,4.500000,-154.699997,2871934.000000
2026-05-19-09-53-44,-2928.870117,20256.720703,-7023.990234,3.900000,4.500000,-154.699997,2877431.750000
2026-05-19-09-53-45,-2926.919922,20286.310547,-7118.729980,3.900000,4.500000,-154.699997,2882283.000000
2026-05-19-09-53-47,-2924.919922,20315.710938,-7213.060059,3.800000,4.500000,-154.699997,2887127.500000
2026-05-19-09-53-48,-2922.729980,20346.820312,-7313.299805,3.800000,4.600000,-154.600006,2892282.250000
2026-05-19-09-53-50,-2920.330078,20380.820312,-7423.040039,3.800000,4.500000,-154.600006,2897943.000000
2026-05-19-09-53-52,-2918.250000,20410.769531,-7519.979980,3.800000,4.500000,-154.500000,2902956.250000
2026-05-19-09-53-53,-2916.199951,20439.960938,-7614.439941,3.900000,4.500000,-154.600006,2907855.000000
2026-05-19-09-53-55,-2913.979980,20471.310547,-7716.250000,3.900000,4.500000,-154.500000,2913148.750000
2026-05-19-09-53-56,-2911.699951,20504.550781,-7824.450195,3.800000,4.500000,-154.500000,2918787.500000
2026-05-19-09-53-58,-2909.590088,20534.730469,-7922.500000,3.800000,4.500000,-154.399994,2923909.250000
2026-05-19-09-54-00,-2907.350098,20566.640625,-8026.490234,3.800000,4.500000,-154.399994,2929348.000000
2026-05-19-09-54-01,-2905.270020,20594.740234,-8118.640137,3.800000,4.500000,-154.300003,2934178.750000
2026-05-19-09-54-03,-2902.750000,20627.929688,-8228.169922,3.800000,4.500000,-154.199997,2939937.000000
2026-05-19-09-54-04,-2900.520020,20657.759766,-8326.419922,3.800000,4.500000,-154.199997,2945112.250000
2026-05-19-09-54-06,-2898.300049,20686.580078,-8421.879883,3.800000,4.500000,-154.199997,2950151.500000
2026-05-19-09-54-07,-2895.899902,20717.640625,-8524.950195,3.800000,4.500000,-154.100006,2955606.000000
2026-05-19-09-54-09,-2893.199951,20751.400391,-8637.370117,3.800000,4.500000,-154.100006,2961564.500000
2026-05-19-09-54-11,-2890.830078,20781.189453,-8736.610352,3.900000,4.500000,-154.100006,2966843.000000
2026-05-19-09-54-12,-2888.300049,20812.970703,-8842.809570,3.800000,4.500000,-154.100006,2972504.500000
2026-05-19-09-54-14,-2886.050049,20841.009766,-8936.730469,3.800000,4.500000,-154.000000,2977523.750000
2026-05-19-09-54-16,-2883.310059,20873.990234,-9047.879883,3.800000,4.500000,-154.000000,2983473.250000
2026-05-19-09-54-17,-2880.770020,20903.349609,-9147.219727,3.800000,4.500000,-153.899994,2988799.500000
2026-05-19-09-54-19,-2878.070068,20934.660156,-9253.179688,3.800000,4.500000,-153.899994,2994493.000000
2026-05-19-09-54-20,-2875.679932,20962.660156,-9348.150391,3.800000,4.500000,-153.899994,2999613.000000
2026-05-19-09-54-22,-2872.870117,20995.730469,-9460.950195,3.800000,4.500000,-153.899994,3005706.500000
2026-05-19-09-54-23,-2870.370117,21024.820312,-9560.370117,3.800000,4.400000,-153.899994,3011091.250000
2026-05-19-09-54-25,-2867.649902,21056.390625,-9668.209961,3.900000,4.400000,-153.899994,3016942.000000
2026-05-19-09-54-27,-2865.169922,21084.400391,-9763.860352,3.800000,4.500000,-153.800003,3022146.250000
2026-05-19-09-54-28,-2862.229980,21116.769531,-9875.099609,3.800000,4.500000,-153.800003,3028210.250000
2026-05-19-09-54-30,-2859.550049,21146.150391,-9976.049805,3.800000,4.500000,-153.699997,3033729.500000
2026-05-19-09-54-31,-2856.639893,21177.519531,-10083.870117,3.700000,4.500000,-153.699997,3039638.500000
2026-05-19-09-54-33,-2854.179932,21205.310547,-10179.480469,3.800000,4.500000,-153.600006,3044891.750000
2026-05-19-09-54-35,-2851.239990,21238.519531,-10293.620117,3.800000,4.500000,-153.600006,3051181.250000
2026-05-19-09-54-36,-2848.800049,21267.720703,-10394.230469,3.800000,4.400000,-153.600006,3056736.500000
2026-05-19-09-54-38,-2846.239990,21298.470703,-10500.660156,3.800000,4.400000,-153.600006,3062624.000000
2026-05-19-09-54-39,-2843.909912,21326.150391,-10596.769531,3.700000,4.500000,-153.600006,3067947.000000
2026-05-19-09-54-41,-2841.100098,21358.890625,-10710.639648,3.700000,4.400000,-153.500000,3074270.750000
2026-05-19-09-54-42,-2838.520020,21387.890625,-10811.440430,3.800000,4.500000,-153.500000,3079877.250000
2026-05-19-09-54-44,-2835.770020,21418.769531,-10918.780273,3.800000,4.400000,-153.399994,3085864.750000
2026-05-19-09-54-46,-2833.209961,21446.660156,-11016.000000,3.800000,4.400000,-153.399994,3091293.750000
2026-05-19-09-54-47,-2830.110107,21479.500000,-11130.759766,3.800000,4.500000,-153.399994,3097713.500000
2026-05-19-09-54-49,-2827.379883,21508.640625,-11232.740234,3.800000,4.400000,-153.399994,3103431.250000
2026-05-19-09-54-50,-2824.500000,21539.720703,-11341.349609,3.700000,4.400000,-153.300003,3109529.750000
2026-05-19-09-54-52,-2821.909912,21567.400391,-11438.120117,3.800000,4.500000,-153.300003,3114974.500000
2026-05-19-09-54-54,-2818.840088,21600.839844,-11554.910156,3.800000,4.400000,-153.199997,3121560.000000
2026-05-19-09-54-55,-2816.070068,21629.880859,-11656.389648,3.800000,4.400000,-153.199997,3127291.750000
2026-05-19-09-54-57,-2813.090088,21661.470703,-11766.730469,3.800000,4.400000,-153.199997,3133540.750000
2026-05-19-09-54-58,-2810.469971,21689.519531,-11864.969727,3.800000,4.500000,-153.199997,3139114.750000
2026-05-19-09-55-00,-2807.419922,21722.029297,-11978.889648,3.700000,4.400000,-153.100006,3145589.750000
2026-05-19-09-55-02,-2804.669922,21751.570312,-12082.259766,3.800000,4.400000,-153.100006,3151472.500000
2026-05-19-09-55-03,-2801.709961,21783.150391,-12192.980469,3.800000,4.400000,-153.100006,3157789.000000
2026-05-19-09-55-05,-2799.070068,21811.189453,-12291.190430,3.800000,4.500000,-153.000000,3163409.500000
2026-05-19-09-55-06,-2795.889893,21844.859375,-12409.030273,3.800000,4.400000,-153.000000,3170170.000000
2026-05-19-09-55-08,-2793.040039,21874.529297,-12513.139648,3.800000,4.400000,-153.000000,3176151.750000
2026-05-19-09-55-10,-2789.979980,21905.970703,-12624.070312,3.900000,4.400000,-153.000000,3182539.500000
2026-05-19-09-55-11,-2787.110107,21934.070312,-12723.309570,3.800000,4.500000,-152.899994,3188258.750000
2026-05-19-09-55-13,-2783.699951,21967.640625,-12842.209961,3.800000,4.400000,-152.899994,3195125.000000
2026-05-19-09-55-14,-2780.530029,21997.439453,-12948.190430,3.700000,4.400000,-152.899994,3201257.750000
2026-05-19-09-55-16,-2777.100098,22029.509766,-13062.009766,3.800000,4.500000,-152.800003,3207855.500000
2026-05-19-09-55-18,-2774.080078,22057.779297,-13162.480469,3.800000,4.400000,-152.699997,3213688.000000
2026-05-19-09-55-19,-2770.469971,22091.039062,-13281.009766,3.800000,4.400000,-152.699997,3220581.750000
2026-05-19-09-55-21,-2767.239990,22120.529297,-13386.120117,3.700000,4.400000,-152.699997,3226711.750000
2026-05-19-09-55-22,-2763.820068,22152.050781,-13498.120117,3.800000,4.400000,-152.600006,3233260.250000
2026-05-19-09-55-24,-2760.840088,22180.130859,-13598.110352,3.700000,4.400000,-152.600006,3239114.500000
2026-05-19-09-55-26,-2757.300049,22213.359375,-13716.650391,3.800000,4.400000,-152.500000,3246067.750000
2026-05-19-09-55-27,-2754.219971,22242.710938,-13821.610352,3.800000,4.500000,-152.500000,3252245.250000
2026-05-19-09-55-29,-2750.820068,22274.330078,-13935.030273,3.800000,4.400000,-152.399994,3258930.000000
2026-05-19-09-55-30,-2747.850098,22302.650391,-14036.669922,3.800000,4.400000,-152.399994,3264930.500000
2026-05-19-09-55-32,-2744.449951,22335.769531,-14156.389648,3.800000,4.500000,-152.399994,3272000.000000
2026-05-19-09-55-33,-2741.389893,22365.269531,-14263.320312,3.800000,4.400000,-152.300003,3278324.000000
2026-05-19-09-55-35,-2738.120117,22396.779297,-14377.750000,3.800000,4.400000,-152.300003,3285112.500000
2026-05-19-09-55-37,-2735.199951,22424.830078,-14479.660156,3.800000,4.400000,-152.199997,3291173.750000
2026-05-19-09-55-38,-2731.739990,22458.089844,-14600.889648,3.800000,4.400000,-152.199997,3298385.500000
2026-05-19-09-55-40,-2728.649902,22487.500000,-14708.320312,3.700000,4.400000,-152.199997,3304783.500000
2026-05-19-09-55-41,-2725.419922,22518.759766,-14822.709961,3.700000,4.400000,-152.199997,3311609.500000
2026-05-19-09-55-43,-2722.530029,22546.669922,-14924.940430,3.700000,4.400000,-152.100006,3317722.250000
2026-05-19-09-55-45,-2719.020020,22579.740234,-15045.919922,3.700000,4.300000,-152.100006,3324971.750000
2026-05-19-09-55-46,-2715.850098,22609.169922,-15153.820312,3.700000,4.400000,-152.100006,3331447.500000
2026-05-19-09-55-48,-2712.449951,22641.109375,-15270.410156,3.700000,4.400000,-152.000000,3338458.750000
2026-05-19-09-55-49,-2709.429932,22669.400391,-15373.769531,3.700000,4.400000,-152.000000,3344687.750000
2026-05-19-09-55-51,-2705.889893,22702.660156,-15495.429688,3.700000,4.300000,-152.000000,3352027.000000
2026-05-19-09-55-53,-2702.770020,22732.400391,-15603.910156,3.700000,4.400000,-151.899994,3358579.250000
2026-05-19-09-55-54,-2699.280029,22764.519531,-15721.339844,3.700000,4.400000,-151.899994,3365689.000000
2026-05-19-09-55-56,-2696.290039,22792.580078,-15824.059570,3.700000,4.300000,-151.800003,3371918.250000
2026-05-19-09-55-58,-2692.840088,22825.730469,-15945.690430,3.700000,4.400000,-151.800003,3379314.750000
2026-05-19-09-55-59,-2689.780029,22855.429688,-16054.709961,3.800000,4.400000,-151.800003,3385962.750000
2026-05-19-09-56-01,-2686.449951,22887.359375,-16171.990234,3.700000,4.400000,-151.699997,3393131.500000
2026-05-19-09-56-02,-2683.449951,22915.410156,-16275.559570,3.700000,4.400000,-151.699997,3399472.750000
2026-05-19-09-56-04,-2679.770020,22948.980469,-16399.919922,3.700000,4.400000,-151.699997,3407102.750000
2026-05-19-09-56-05,-2676.560059,22978.240234,-16508.570312,3.600000,4.400000,-151.699997,3413778.500000
2026-05-19-09-56-07,-2673.060059,23009.720703,-16625.460938,3.700000,4.300000,-151.699997,3420967.000000
2026-05-19-09-56-09,-2669.899902,23037.589844,-16728.970703,3.700000,4.400000,-151.600006,3427339.250000
2026-05-19-09-56-10,-2666.060059,23070.919922,-16852.650391,3.700000,4.400000,-151.600006,3434965.250000
2026-05-19-09-56-12,-2662.600098,23100.949219,-16964.119141,3.700000,4.300000,-151.600006,3441856.000000
2026-05-19-09-56-13,-2659.350098,23129.730469,-17071.490234,3.700000,4.300000,-151.600006,3448504.750000
2026-05-19-09-56-15,-2655.810059,23160.880859,-17188.279297,3.700000,4.300000,-151.600006,3455735.000000
2026-05-19-09-56-17,-2652.090088,23194.119141,-17312.699219,3.700000,4.300000,-151.500000,3463447.500000
2026-05-19-09-56-18,-2648.760010,23223.519531,-17423.089844,3.600000,4.400000,-151.500000,3470298.000000
2026-05-19-09-56-20,-2645.110107,23254.869141,-17541.269531,3.700000,4.300000,-151.500000,3477641.500000
2026-05-19-09-56-21,-2641.810059,23283.009766,-17647.630859,3.600000,4.400000,-151.399994,3484259.750000
2026-05-19-09-56-23,-2637.889893,23315.820312,-17771.769531,3.700000,4.300000,-151.399994,3491993.750000
2026-05-19-09-56-24,-2634.360107,23345.380859,-17883.800781,3.700000,4.300000,-151.300003,3498989.250000
2026-05-19-09-56-26,-2630.649902,23376.779297,-18002.830078,3.700000,4.300000,-151.300003,3506437.000000
2026-05-19-09-56-28,-2627.370117,23404.699219,-18108.609375,3.700000,4.400000,-151.300003,3513071.000000
2026-05-19-09-56-29,-2623.540039,23437.890625,-18234.720703,3.700000,4.300000,-151.199997,3520995.500000
2026-05-19-09-56-31,-2620.110107,23467.250000,-18346.570312,3.700000,4.300000,-151.199997,3528038.000000
2026-05-19-09-56-32,-2616.489990,23498.500000,-18465.560547,3.700000,4.300000,-151.199997,3535547.500000
2026-05-19-09-56-34,-2613.330078,23526.310547,-18571.359375,3.700000,4.300000,-151.100006,3542225.250000
2026-05-19-09-56-36,-2609.469971,23559.240234,-18697.070312,3.600000,4.300000,-151.100006,3550174.500000
2026-05-19-09-56-37,-2605.949951,23589.050781,-18810.679688,3.700000,4.300000,-151.100006,3557376.000000
2026-05-19-09-56-39,-2602.310059,23620.570312,-18931.050781,3.700000,4.300000,-151.100006,3565016.000000
2026-05-19-09-56-40,-2599.070068,23648.810547,-19038.869141,3.600000,4.300000,-151.100006,3571869.500000
2026-05-19-09-56-42,-2595.110107,23682.359375,-19166.990234,3.600000,4.300000,-151.000000,3580021.250000
2026-05-19-09-56-43,-2591.780029,23711.660156,-19279.179688,3.600000,4.300000,-151.000000,3587165.500000
2026-05-19-09-56-45,-2588.129883,23743.640625,-19401.630859,3.600000,4.400000,-151.000000,3594982.250000
2026-05-19-09-56-47,-2584.939941,23771.660156,-19509.439453,3.600000,4.300000,-151.000000,3601881.500000
2026-05-19-09-56-48,-2581.000000,23804.689453,-19636.500000,3.600000,4.300000,-151.000000,3610029.500000
2026-05-19-09-56-50,-2577.459961,23834.349609,-19750.509766,3.600000,4.300000,-150.899994,3617354.250000
2026-05-19-09-56-52,-2573.689941,23865.820312,-19871.669922,3.600000,4.300000,-150.899994,3625142.250000
2026-05-19-09-56-53,-2570.370117,23894.169922,-19980.689453,3.600000,4.400000,-150.800003,3632161.500000
2026-05-19-09-56-55,-2566.489990,23927.380859,-20108.589844,3.600000,4.300000,-150.800003,3640417.500000
2026-05-19-09-56-56,-2562.979980,23956.769531,-20221.830078,3.700000,4.400000,-150.800003,3647742.500000
2026-05-19-09-56-58,-2559.280029,23988.730469,-20344.890625,3.700000,4.300000,-149.699997,3655716.250000
2026-05-19-09-56-59,-2556.060059,24016.970703,-20453.570312,3.600000,4.300000,-149.699997,3662772.500000
2026-05-19-09-57-01,-2552.250000,24050.199219,-20581.740234,3.700000,4.300000,-149.600006,3671107.500000
2026-05-19-09-57-03,-2548.840088,24079.640625,-20695.410156,3.600000,4.300000,-149.600006,3678515.500000
2026-05-19-09-57-04,-2545.090088,24111.619141,-20819.289062,3.600000,4.300000,-149.600006,3686608.500000
2026-05-19-09-57-06,-2541.870117,24139.689453,-20928.429688,3.600000,4.300000,-149.500000,3693751.500000
2026-05-19-09-57-08,-2538.020020,24172.570312,-21056.820312,3.600000,4.300000,-149.500000,3702166.500000
2026-05-19-09-57-09,-2534.550049,24202.050781,-21172.230469,3.600000,4.300000,-149.500000,3709742.500000
2026-05-19-09-57-11,-2530.649902,24233.300781,-21294.720703,3.600000,4.300000,-149.500000,3717802.750000
2026-05-19-09-57-12,-2527.199951,24261.089844,-21403.609375,3.700000,4.300000,-149.500000,3724989.000000
2026-05-19-09-57-14,-2523.110107,24294.019531,-21532.750000,3.700000,4.300000,-149.399994,3733536.250000
2026-05-19-09-57-15,-2519.469971,24323.029297,-21646.410156,3.600000,4.300000,-149.399994,3741072.000000
2026-05-19-09-57-17,-2515.510010,24354.439453,-21769.789062,3.600000,4.300000,-149.399994,3749265.500000
2026-05-19-09-57-19,-2511.979980,24382.359375,-21879.390625,3.600000,4.300000,-149.399994,3756555.250000
2026-05-19-09-57-20,-2507.800049,24415.560547,-22009.619141,3.700000,4.300000,-149.300003,3765232.750000
2026-05-19-09-57-22,-2504.080078,24445.150391,-22125.599609,3.600000,4.300000,-149.300003,3772969.000000
2026-05-19-09-57-23,-2500.110107,24476.570312,-22248.890625,3.700000,4.200000,-149.199997,3781220.000000
2026-05-19-09-57-25,-2496.669922,24504.279297,-22357.669922,3.600000,4.200000,-149.199997,3788511.750000
2026-05-19-09-57-26,-2493.189941,24532.000000,-22466.349609,3.700000,4.200000,-149.199997,3795814.000000
2026-05-19-09-57-28,-2489.399902,24561.820312,-22583.439453,3.700000,4.200000,-149.100006,3803698.750000
2026-05-19-09-57-29,-2486.280029,24586.500000,-22680.320312,3.700000,4.200000,-149.100006,3810232.000000
2026-05-19-09-57-31,-2482.040039,24620.349609,-22813.240234,3.700000,4.300000,-149.100006,3819205.250000
2026-05-19-09-57-32,-2478.239990,24650.080078,-22930.109375,3.600000,4.200000,-149.100006,3827108.000000
2026-05-19-09-57-34,-2474.229980,24681.810547,-23054.929688,3.600000,4.300000,-149.000000,3835557.000000
2026-05-19-09-57-36,-2470.629883,24709.679688,-23164.699219,3.600000,4.300000,-149.000000,3842994.250000
2026-05-19-09-57-37,-2466.389893,24742.869141,-23295.990234,3.700000,4.300000,-149.000000,3851899.500000
2026-05-19-09-57-39,-2462.590088,24772.189453,-23412.099609,3.700000,4.200000,-148.899994,3859795.000000
2026-05-19-09-57-40,-2458.489990,24803.500000,-23536.539062,3.700000,4.200000,-148.899994,3868272.750000
2026-05-19-09-57-42,-2454.840088,24831.250000,-23647.150391,3.700000,4.300000,-148.899994,3875822.000000
2026-05-19-09-57-44,-2450.510010,24864.019531,-23777.740234,3.600000,4.200000,-148.899994,3884751.500000
2026-05-19-09-57-45,-2446.719971,24892.849609,-23892.859375,3.700000,4.200000,-148.800003,3892638.250000
2026-05-19-09-57-47,-2442.629883,24924.009766,-24017.759766,3.700000,4.200000,-148.800003,3901207.250000
2026-05-19-09-57-48,-2439.000000,24951.490234,-24128.669922,3.700000,4.200000,-148.800003,3908827.000000
2026-05-19-09-57-50,-2434.699951,24983.900391,-24259.820312,3.700000,4.200000,-148.699997,3917850.500000
2026-05-19-09-57-51,-2430.760010,25012.779297,-24376.880859,3.700000,4.200000,-148.699997,3925921.000000
2026-05-19-09-57-53,-2426.590088,25043.880859,-24503.119141,3.700000,4.200000,-148.699997,3934622.250000
2026-05-19-09-57-55,-2422.780029,25071.519531,-24615.640625,3.600000,4.300000,-148.600006,3942391.000000
2026-05-19-09-57-56,-2418.280029,25104.310547,-24749.169922,3.700000,4.200000,-148.600006,3951621.750000
2026-05-19-09-57-58,-2414.280029,25133.330078,-24867.369141,3.700000,4.300000,-148.600006,3959809.000000
2026-05-19-09-57-59,-2409.989990,25165.009766,-24996.230469,3.700000,4.200000,-148.500000,3968745.500000
2026-05-19-09-58-01,-2406.239990,25192.740234,-25108.939453,3.700000,4.300000,-148.500000,3976580.000000
2026-05-19-09-58-03,-2401.689941,25225.359375,-25241.910156,3.700000,4.200000,-148.399994,3985829.250000
2026-05-19-09-58-04,-2397.669922,25254.539062,-25360.699219,3.600000,4.200000,-148.399994,3994099.000000
2026-05-19-09-58-06,-2393.760010,25283.279297,-25478.240234,3.700000,4.200000,-148.399994,4002287.000000
2026-05-19-09-58-07,-2389.570068,25313.980469,-25604.080078,3.600000,4.200000,-148.399994,4011067.250000
2026-05-19-09-58-09,-2385.199951,25346.769531,-25738.539062,3.600000,4.200000,-148.399994,4020457.000000
2026-05-19-09-58-11,-2381.219971,25376.099609,-25858.849609,3.600000,4.300000,-148.399994,4028870.000000
2026-05-19-09-58-12,-2377.090088,25407.279297,-25985.990234,3.600000,4.200000,-148.300003,4037773.250000
2026-05-19-09-58-14,-2373.409912,25435.390625,-26100.529297,3.700000,4.200000,-148.300003,4045809.250000
2026-05-19-09-58-16,-2369.050049,25468.480469,-26236.130859,3.700000,4.300000,-148.300003,4055331.250000
2026-05-19-09-58-17,-2365.189941,25497.570312,-26355.710938,3.600000,4.200000,-148.300003,4063736.750000
2026-05-19-09-58-19,-2360.959961,25528.990234,-26485.060547,3.600000,4.300000,-148.300003,4072839.000000
2026-05-19-09-58-20,-2357.330078,25556.369141,-26598.019531,3.600000,4.300000,-148.399994,4080808.250000
2026-05-19-09-58-22,-2352.959961,25588.830078,-26731.859375,3.700000,4.300000,-148.399994,4090262.500000
2026-05-19-09-58-23,-2349.030029,25617.779297,-26852.080078,3.700000,4.200000,-148.399994,4098774.250000
2026-05-19-09-58-25,-2344.879883,25648.800781,-26980.689453,3.700000,4.300000,-148.300003,4107888.500000
2026-05-19-09-58-27,-2341.060059,25676.679688,-27096.150391,3.600000,4.200000,-148.199997,4116076.750000
2026-05-19-09-58-28,-2336.550049,25709.480469,-27231.740234,3.600000,4.300000,-147.699997,4125714.500000
2026-05-19-09-58-30,-2332.209961,25738.720703,-27352.179688,3.600000,4.300000,-147.800003,4134287.000000
2026-05-19-09-58-31,-2327.959961,25767.349609,-27470.029297,3.600000,4.300000,-147.699997,4142691.250000
2026-05-19-09-58-33,-2323.479980,25798.250000,-27597.550781,3.700000,4.200000,-147.699997,4151795.500000
2026-05-19-09-58-35,-2318.750000,25830.919922,-27732.539062,3.800000,4.400000,-147.600006,4161445.000000
2026-05-19-09-58-36,-2314.479980,25860.039062,-27853.640625,3.600000,4.200000,-147.699997,4170109.000000
2026-05-19-09-58-38,-2309.879883,25891.140625,-27982.890625,3.600000,4.300000,-147.600006,4179364.250000
2026-05-19-09-58-39,-2305.820068,25918.960938,-28098.369141,3.600000,4.200000,-147.600006,4187636.000000
2026-05-19-09-58-41,-2301.060059,25951.849609,-28234.839844,3.600000,4.300000,-147.600006,4197432.000000
2026-05-19-09-58-42,-2296.790039,25981.359375,-28357.429688,3.500000,4.300000,-147.500000,4206250.000000
2026-05-19-09-58-44,-2292.219971,26012.810547,-28488.429688,3.500000,4.200000,-147.500000,4215685.500000
2026-05-19-09-58-46,-2288.209961,26040.259766,-28603.220703,3.600000,4.300000,-147.399994,4223965.000000
2026-05-19-09-58-47,-2283.360107,26073.369141,-28741.679688,3.500000,4.200000,-147.399994,4233966.000000
2026-05-19-09-58-49,-2279.139893,26102.660156,-28864.330078,3.600000,4.300000,-147.300003,4242832.000000
2026-05-19-09-58-50,-2274.629883,26133.849609,-28995.000000,3.500000,4.300000,-147.300003,4252290.000000
2026-05-19-09-58-52,-2270.659912,26161.310547,-29110.250000,3.500000,4.200000,-147.300003,4260640.000000
2026-05-19-09-58-54,-2265.780029,26194.589844,-29250.179688,3.500000,4.300000,-147.300003,4270796.500000
2026-05-19-09-58-55,-2261.500000,26223.619141,-29371.880859,3.500000,4.200000,-147.300003,4279641.000000
2026-05-19-09-58-57,-2256.750000,26254.880859,-29503.740234,3.500000,4.300000,-147.300003,4289236.500000
2026-05-19-09-58-58,-2252.489990,26282.349609,-29619.640625,3.500000,4.200000,-147.300003,4297673.500000
2026-05-19-09-59-00,-2247.350098,26315.400391,-29759.509766,3.500000,4.200000,-147.199997,4307872.000000
2026-05-19-09-59-01,-2242.810059,26344.470703,-29882.320312,3.500000,4.300000,-147.199997,4316837.500000
2026-05-19-09-59-03,-2238.360107,26373.130859,-30003.250000,3.500000,4.300000,-147.199997,4325674.000000
2026-05-19-09-59-05,-2233.629883,26403.880859,-30133.500000,3.500000,4.300000,-147.199997,4335196.000000
2026-05-19-09-59-06,-2228.629883,26436.720703,-30272.609375,3.600000,4.200000,-147.199997,4345385.000000
2026-05-19-09-59-08,-2224.209961,26465.849609,-30396.130859,3.500000,4.300000,-147.100006,4354447.000000
2026-05-19-09-59-10,-2219.469971,26496.769531,-30527.160156,3.500000,4.200000,-147.000000,4364082.500000
2026-05-19-09-59-11,-2215.280029,26524.320312,-30643.900391,3.500000,4.200000,-147.100006,4372673.500000
2026-05-19-09-59-13,-2210.479980,26556.929688,-30782.509766,3.500000,4.300000,-147.000000,4382881.000000
2026-05-19-09-59-14,-2206.080078,26586.689453,-30908.750000,3.500000,4.300000,-147.000000,4392194.000000
2026-05-19-09-59-16,-2201.439941,26617.960938,-31041.769531,3.500000,4.200000,-147.000000,4402017.000000
2026-05-19-09-59-17,-2197.360107,26645.929688,-31160.789062,3.500000,4.200000,-146.899994,4410810.000000
2026-05-19-09-59-19,-2192.590088,26679.150391,-31302.359375,3.500000,4.200000,-146.899994,4421276.000000
2026-05-19-09-59-21,-2188.429932,26708.390625,-31427.410156,3.500000,4.300000,-146.899994,4430532.500000
2026-05-19-09-59-22,-2183.889893,26740.160156,-31562.710938,3.500000,4.200000,-146.899994,4440565.500000
2026-05-19-09-59-24,-2179.949951,26768.050781,-31681.550781,3.500000,4.200000,-146.899994,4449380.500000
2026-05-19-09-59-26,-2175.310059,26800.810547,-31821.789062,3.400000,4.200000,-146.899994,4459797.000000
2026-05-19-09-59-27,-2171.120117,26830.109375,-31947.560547,3.400000,4.200000,-146.899994,4469141.000000
2026-05-19-09-59-28,-2167.050049,26858.599609,-32070.320312,3.500000,4.300000,-146.899994,4478270.000000
2026-05-19-09-59-30,-2162.770020,26889.359375,-32203.150391,3.500000,4.200000,-146.800003,4488159.500000
2026-05-19-09-59-32,-2158.189941,26922.769531,-32347.380859,3.500000,4.200000,-146.800003,4498917.500000
2026-05-19-09-59-33,-2154.179932,26952.269531,-32474.929688,3.500000,4.300000,-146.800003,4508439.000000
2026-05-19-09-59-35,-2149.899902,26983.080078,-32608.109375,3.500000,4.200000,-146.699997,4518408.000000
2026-05-19-09-59-37,-2146.000000,27010.679688,-32727.710938,3.500000,4.300000,-146.699997,4527376.500000
2026-05-19-09-59-38,-2141.520020,27043.289062,-32869.429688,3.500000,4.300000,-146.699997,4538018.000000
2026-05-19-09-59-40,-2137.479980,27072.589844,-32997.109375,3.400000,4.200000,-146.699997,4547616.500000
2026-05-19-09-59-41,-2133.229980,27103.369141,-33131.558594,3.500000,4.300000,-146.600006,4557744.500000
2026-05-19-09-59-43,-2129.500000,27130.509766,-33250.769531,3.500000,4.200000,-146.600006,4566733.500000
2026-05-19-09-59-45,-2125.000000,27162.949219,-33392.550781,3.600000,3.500000,-146.699997,4577441.500000
2026-05-19-09-59-46,-2120.669922,27192.390625,-33519.070312,3.700000,3.300000,-145.800003,4586963.000000
2026-05-19-09-59-48,-2116.280029,27223.599609,-33654.070312,3.600000,3.700000,-145.800003,4597128.000000
2026-05-19-09-59-49,-2112.449951,27251.570312,-33775.421875,3.600000,4.000000,-145.800003,4606278.000000
2026-05-19-09-59-51,-2107.939941,27284.779297,-33919.750000,3.600000,4.100000,-145.800003,4617172.000000
2026-05-19-09-59-53,-2103.850098,27314.529297,-34049.031250,3.600000,4.100000,-145.699997,4626949.000000
2026-05-19-09-59-54,-2099.530029,27345.980469,-34185.628906,3.400000,4.000000,-146.300003,4637292.500000
2026-05-19-09-59-56,-2095.639893,27373.580078,-34305.859375,3.500000,4.000000,-146.300003,4646406.000000
2026-05-19-09-59-57,-2091.030029,27406.339844,-34448.589844,3.500000,4.000000,-146.300003,4657240.500000
2026-05-19-09-59-59,-2086.899902,27436.080078,-34578.230469,3.500000,4.000000,-146.300003,4667094.000000
2026-05-19-10-00-01,-2082.570068,27467.109375,-34713.820312,3.500000,4.100000,-146.300003,4677414.500000
2026-05-19-10-00-02,-2078.709961,27495.009766,-34835.480469,3.500000,4.100000,-146.199997,4686678.000000
2026-05-19-10-00-04,-2074.169922,27528.269531,-34980.730469,3.500000,4.000000,-146.199997,4697762.500000
2026-05-19-10-00-05,-2070.020020,27558.009766,-35110.519531,3.500000,4.000000,-146.199997,4707677.500000
2026-05-19-10-00-07,-2065.989990,27586.910156,-35236.570312,3.500000,4.000000,-146.199997,4717315.000000
2026-05-19-10-00-08,-2061.760010,27618.119141,-35372.359375,3.500000,4.000000,-146.199997,4727719.500000
2026-05-19-10-00-10,-2058.669922,27651.740234,-35514.699219,3.400000,4.100000,-146.199997,4738656.500000
2026-05-19-10-00-12,-2055.850098,27682.410156,-35644.640625,3.400000,4.000000,-146.100006,4748648.500000
2026-05-19-10-00-13,-2052.840088,27714.750000,-35781.738281,3.500000,4.100000,-146.100006,4759205.500000
2026-05-19-10-00-15,-2050.239990,27743.269531,-35902.769531,3.500000,4.000000,-146.100006,4768537.000000
2026-05-19-10-00-17,-2046.790039,27776.970703,-36047.691406,3.500000,4.000000,-146.000000,4779708.500000
2026-05-19-10-00-18,-2043.660034,27807.339844,-36178.070312,3.500000,4.000000,-146.000000,4789773.500000
2026-05-19-10-00-20,-2040.359985,27839.609375,-36317.031250,3.500000,4.000000,-146.000000,4800520.500000
2026-05-19-10-00-21,-2037.459961,27868.320312,-36440.671875,3.500000,4.000000,-145.899994,4810087.000000
2026-05-19-10-00-23,-2033.910034,27902.509766,-36587.921875,3.500000,4.000000,-145.899994,4821485.000000
2026-05-19-10-00-24,-2030.819946,27932.150391,-36716.179688,3.500000,4.000000,-145.899994,4831420.000000
2026-05-19-10-00-26,-2027.479980,27964.330078,-36855.738281,3.500000,4.000000,-145.800003,4842236.500000
2026-05-19-10-00-28,-2024.530029,27993.009766,-36980.058594,3.500000,4.000000,-145.800003,4851884.500000
2026-05-19-10-00-29,-2021.099976,28026.849609,-37126.160156,3.500000,4.000000,-145.800003,4863248.500000
2026-05-19-10-00-31,-2018.060059,28056.599609,-37254.859375,3.500000,4.000000,-145.699997,4873272.500000
2026-05-19-10-00-32,-2014.819946,28089.099609,-37395.410156,3.500000,4.000000,-145.699997,4884227.000000
2026-05-19-10-00-34,-2012.010010,28117.900391,-37519.468750,3.500000,4.000000,-145.600006,4893911.000000
2026-05-19-10-00-36,-2008.729980,28151.359375,-37663.660156,3.500000,4.000000,-145.699997,4905183.500000
2026-05-19-10-00-37,-2005.750000,28181.960938,-37795.648438,3.500000,4.000000,-145.600006,4915512.000000
2026-05-19-10-00-39,-2002.599976,28213.839844,-37933.171875,3.600000,4.000000,-145.600006,4926301.500000
2026-05-19-10-00-40,-1999.729980,28242.519531,-38057.851562,3.500000,4.000000,-145.600006,4936096.500000
2026-05-19-10-00-42,-1996.339966,28276.359375,-38204.839844,3.500000,4.000000,-145.600006,4947653.000000
2026-05-19-10-00-43,-1993.260010,28306.449219,-38335.320312,3.400000,4.000000,-145.500000,4957930.000000
2026-05-19-10-00-45,-1989.869995,28338.800781,-38476.031250,3.500000,4.000000,-145.399994,4969011.500000
2026-05-19-10-00-47,-1986.829956,28367.460938,-38600.421875,3.500000,4.000000,-145.399994,4978816.500000
2026-05-19-10-00-48,-1983.319946,28401.009766,-38746.289062,3.500000,4.000000,-145.399994,4990326.500000
2026-05-19-10-00-50,-1980.290039,28431.080078,-38877.000000,3.400000,4.000000,-145.300003,5000657.000000
2026-05-19-10-00-51,-1977.000000,28463.080078,-39016.578125,3.500000,4.000000,-145.300003,5011694.500000
2026-05-19-10-00-53,-1974.130005,28491.460938,-39140.910156,3.400000,3.900000,-145.300003,5021541.000000
2026-05-19-10-00-55,-1970.650024,28524.980469,-39288.171875,3.400000,4.000000,-145.199997,5033210.500000
2026-05-19-10-00-56,-1967.500000,28554.519531,-39418.539062,3.400000,4.000000,-145.199997,5043548.000000
2026-05-19-10-00-58,-1964.410034,28583.869141,-39548.441406,3.400000,4.000000,-145.199997,5053862.500000
2026-05-19-10-00-59,-1961.069946,28615.179688,-39686.960938,3.400000,4.000000,-145.199997,5064868.500000
2026-05-19-10-01-01,-1957.550049,28648.910156,-39836.128906,3.500000,4.000000,-145.199997,5076727.000000
2026-05-19-10-01-03,-1954.469971,28678.339844,-39966.531250,3.500000,4.000000,-145.199997,5087102.000000
2026-05-19-10-01-04,-1951.020020,28710.789062,-40110.441406,3.500000,4.000000,-145.100006,5098560.500000
2026-05-19-10-01-06,-1948.020020,28739.220703,-40236.519531,3.500000,4.000000,-145.100006,5108607.000000
2026-05-19-10-01-08,-1944.420044,28773.220703,-40387.699219,3.500000,4.000000,-145.100006,5120665.500000
2026-05-19-10-01-09,-1941.239990,28803.000000,-40519.988281,3.500000,4.000000,-145.100006,5131233.500000
2026-05-19-10-01-11,-1937.739990,28834.880859,-40661.820312,3.500000,4.000000,-145.100006,5142578.500000
2026-05-19-10-01-12,-1934.650024,28863.539062,-40788.941406,3.500000,3.900000,-145.000000,5152759.000000
2026-05-19-10-01-14,-1931.000000,28897.269531,-40938.789062,3.500000,3.900000,-145.000000,5164770.000000
2026-05-19-10-01-15,-1927.579956,28927.269531,-41072.218750,3.400000,3.900000,-144.899994,5175472.500000
2026-05-19-10-01-17,-1924.239990,28957.089844,-41204.878906,3.500000,3.900000,-144.899994,5186140.000000
2026-05-19-10-01-19,-1920.599976,28988.810547,-41346.000000,3.400000,4.000000,-144.899994,5197497.500000
2026-05-19-10-01-20,-1916.770020,29022.560547,-41496.429688,3.400000,3.900000,-144.899994,5209612.000000
2026-05-19-10-01-22,-1913.500000,29052.289062,-41628.730469,3.500000,3.900000,-144.899994,5220282.500000
2026-05-19-10-01-23,-1909.939941,29084.119141,-41772.078125,3.400000,3.900000,-144.800003,5231823.500000
2026-05-19-10-01-25,-1906.670044,29112.189453,-41899.109375,3.500000,4.000000,-144.800003,5242051.000000
2026-05-19-10-01-27,-1902.770020,29145.359375,-42050.261719,3.400000,4.000000,-144.800003,5254233.500000
2026-05-19-10-01-28,-1899.199951,29174.919922,-42184.960938,3.500000,4.000000,-144.800003,5265101.000000
2026-05-19-10-01-30,-1895.479980,29206.339844,-42328.609375,3.500000,4.000000,-144.699997,5276687.000000
2026-05-19-10-01-31,-1892.069946,29234.150391,-42456.640625,3.500000,4.000000,-144.699997,5287011.000000
2026-05-19-10-01-33,-1888.140015,29266.689453,-42606.031250,3.500000,3.900000,-144.699997,5299063.000000
2026-05-19-10-01-34,-1884.630005,29295.820312,-42740.699219,3.500000,3.900000,-144.699997,5309926.000000
2026-05-19-10-01-36,-1880.859985,29327.009766,-42885.031250,3.400000,3.900000,-144.600006,5321575.000000
2026-05-19-10-01-38,-1877.459961,29354.849609,-43013.871094,3.400000,3.900000,-144.600006,5331979.000000
2026-05-19-10-01-39,-1873.390015,29388.089844,-43167.750000,3.400000,3.900000,-144.600006,5344420.000000
2026-05-19-10-01-41,-1869.790039,29417.089844,-43302.171875,3.400000,3.900000,-144.600006,5355301.000000
2026-05-19-10-01-42,-1865.900024,29448.619141,-43447.421875,3.400000,3.900000,-144.600006,5367081.500000
2026-05-19-10-01-44,-1862.430054,29476.609375,-43576.378906,3.400000,3.900000,-144.600006,5377552.500000
2026-05-19-10-01-46,-1858.449951,29509.490234,-43727.550781,3.500000,3.900000,-144.600006,5389850.500000
2026-05-19-10-01-47,-1855.040039,29539.349609,-43865.441406,3.500000,3.900000,-144.500000,5401069.000000
2026-05-19-10-01-49,-1851.459961,29570.529297,-44009.980469,3.400000,4.000000,-144.500000,5412845.500000
2026-05-19-10-01-50,-1848.300049,29598.359375,-44138.898438,3.500000,3.900000,-144.500000,5423363.500000
2026-05-19-10-01-52,-1844.520020,29631.580078,-44292.558594,3.400000,3.800000,-144.500000,5435892.500000
2026-05-19-10-01-53,-1841.270020,29660.519531,-44426.738281,3.400000,3.900000,-144.500000,5446832.000000
2026-05-19-10-01-55,-1837.650024,29691.859375,-44572.511719,3.400000,3.900000,-144.399994,5458728.500000
2026-05-19-10-01-57,-1834.410034,29719.859375,-44702.800781,3.500000,4.000000,-144.399994,5469375.000000
2026-05-19-10-01-58,-1830.439941,29753.220703,-44858.218750,3.500000,3.900000,-144.399994,5482092.500000
2026-05-19-10-02-00,-1826.959961,29782.900391,-44996.699219,3.500000,3.900000,-144.300003,5493428.500000
2026-05-19-10-02-01,-1823.380005,29813.970703,-45141.769531,3.400000,3.900000,-144.300003,5505318.500000
2026-05-19-10-02-03,-1820.140015,29841.769531,-45271.859375,3.400000,3.900000,-144.300003,5515989.500000
2026-05-19-10-02-05,-1816.329956,29874.490234,-45425.531250,3.400000,4.000000,-144.300003,5528607.000000
2026-05-19-10-02-06,-1812.930054,29903.730469,-45563.328125,3.400000,3.900000,-144.300003,5539931.000000
2026-05-19-10-02-08,-1809.280029,29935.199219,-45712.101562,3.400000,3.900000,-144.300003,5552163.500000
2026-05-19-10-02-09,-1806.099976,29962.869141,-45842.839844,3.400000,3.900000,-144.300003,5562914.000000
2026-05-19-10-02-11,-1802.339966,29995.410156,-45996.808594,3.500000,3.900000,-144.300003,5575586.500000
2026-05-19-10-02-13,-1798.969971,30024.400391,-46133.921875,3.400000,3.900000,-144.300003,5586896.500000
2026-05-19-10-02-14,-1795.349976,30056.130859,-46283.828125,3.400000,3.900000,-144.199997,5599264.500000
2026-05-19-10-02-16,-1792.170044,30084.130859,-46416.128906,3.400000,3.900000,-144.199997,5610192.500000
2026-05-19-10-02-18,-1788.369995,30117.130859,-46572.480469,3.400000,3.900000,-144.199997,5623124.500000
2026-05-19-10-02-19,-1784.959961,30146.730469,-46713.289062,3.400000,3.900000,-144.100006,5634768.500000
2026-05-19-10-02-21,-1781.410034,30177.710938,-46861.191406,3.400000,3.900000,-144.100006,5647013.000000
2026-05-19-10-02-22,-1778.239990,30205.390625,-46993.300781,3.400000,3.900000,-144.000000,5657958.000000
2026-05-19-10-02-24,-1774.459961,30238.400391,-47151.050781,3.300000,3.900000,-144.000000,5671039.500000
2026-05-19-10-02-25,-1771.119995,30267.410156,-47290.191406,3.400000,3.900000,-144.000000,5682595.000000
2026-05-19-10-02-27,-1767.410034,30298.029297,-47437.820312,3.300000,3.900000,-144.000000,5694856.500000
2026-05-19-10-02-29,-1764.199951,30325.210938,-47568.511719,3.400000,3.900000,-143.899994,5705727.000000
2026-05-19-10-02-30,-1760.280029,30357.390625,-47723.648438,3.300000,4.000000,-144.000000,5718642.000000
2026-05-19-10-02-32,-1756.660034,30386.390625,-47863.480469,3.300000,3.900000,-143.899994,5730290.000000
2026-05-19-10-02-33,-1752.849976,30417.089844,-48011.960938,3.300000,3.900000,-143.899994,5742679.000000
2026-05-19-10-02-35,-1749.349976,30444.560547,-48145.011719,3.400000,3.900000,-143.899994,5753784.500000
2026-05-19-10-02-37,-1745.180054,30477.339844,-48304.191406,3.400000,3.900000,-143.899994,5767091.000000
2026-05-19-10-02-38,-1741.530029,30506.189453,-48443.640625,3.300000,3.900000,-143.800003,5778757.500000
2026-05-19-10-02-40,-1737.599976,30536.869141,-48592.769531,3.300000,3.900000,-143.800003,5791220.500000
2026-05-19-10-02-41,-1734.150024,30564.099609,-48725.238281,3.300000,3.900000,-143.800003,5802300.500000
2026-05-19-10-02-43,-1729.869995,30596.679688,-48883.878906,3.300000,3.900000,-143.800003,5815584.500000
2026-05-19-10-02-44,-1726.069946,30625.460938,-49024.628906,3.300000,3.900000,-143.699997,5827369.500000
2026-05-19-10-02-46,-1722.040039,30656.439453,-49176.218750,3.300000,3.900000,-143.699997,5840084.000000
2026-05-19-10-02-48,-1718.569946,30683.640625,-49309.050781,3.300000,3.900000,-143.699997,5851244.000000
2026-05-19-10-02-49,-1714.560059,30716.019531,-49467.281250,3.300000,3.900000,-143.699997,5864541.000000
2026-05-19-10-02-51,-1710.880005,30744.980469,-49609.519531,3.300000,3.900000,-143.600006,5876498.500000
2026-05-19-10-02-52,-1707.270020,30773.109375,-49748.031250,3.200000,3.900000,-143.600006,5888146.500000
2026-05-19-10-02-54,-1703.290039,30803.220703,-49897.109375,3.300000,3.900000,-143.600006,5900688.000000
2026-05-19-10-02-56,-1699.140015,30835.339844,-50056.300781,3.300000,3.800000,-143.500000,5914096.500000
2026-05-19-10-02-57,-1695.400024,30863.849609,-50197.890625,3.300000,3.900000,-143.500000,5926046.000000
2026-05-19-10-02-59,-1691.260010,30894.759766,-50351.371094,3.200000,3.900000,-143.500000,5939010.500000
2026-05-19-10-03-00,-1687.709961,30921.589844,-50484.808594,3.300000,3.900000,-143.399994,5950297.500000
2026-05-19-10-03-02,-1683.520020,30953.560547,-50643.398438,3.300000,3.900000,-143.399994,5963719.000000
2026-05-19-10-03-04,-1679.969971,30982.230469,-50785.851562,3.200000,3.900000,-143.399994,5975784.000000
2026-05-19-10-03-05,-1676.089966,31012.599609,-50936.699219,3.300000,3.900000,-143.399994,5988582.500000
2026-05-19-10-03-07,-1672.660034,31039.960938,-51072.531250,3.200000,3.900000,-143.399994,6000117.000000
2026-05-19-10-03-08,-1668.650024,31071.800781,-51230.398438,3.300000,3.900000,-143.399994,6013536.000000
2026-05-19-10-03-10,-1664.949951,31100.500000,-51373.199219,3.200000,3.900000,-143.399994,6025694.500000
2026-05-19-10-03-12,-1661.109985,31130.970703,-51524.570312,3.200000,3.900000,-143.300003,6038600.000000
2026-05-19-10-03-13,-1657.650024,31158.230469,-51659.769531,3.300000,3.900000,-143.399994,6050137.500000
2026-05-19-10-03-15,-1653.650024,31190.699219,-51821.089844,3.300000,3.800000,-143.300003,6063910.000000
2026-05-19-10-03-16,-1650.170044,31219.130859,-51962.371094,3.200000,3.900000,-143.199997,6075991.500000
2026-05-19-10-03-18,-1646.739990,31247.429688,-52102.929688,3.300000,3.900000,-143.199997,6088017.500000
2026-05-19-10-03-19,-1643.189941,31277.179688,-52251.011719,3.300000,3.900000,-143.199997,6100695.500000
2026-05-19-10-03-21,-1639.400024,31309.380859,-52411.351562,3.300000,3.800000,-143.199997,6114427.000000
2026-05-19-10-03-23,-1636.020020,31337.849609,-52553.218750,3.200000,3.900000,-143.199997,6126581.500000
2026-05-19-10-03-24,-1632.250000,31368.800781,-52707.878906,3.300000,3.900000,-143.199997,6139867.500000
2026-05-19-10-03-26,-1628.959961,31395.890625,-52843.511719,3.300000,3.800000,-143.199997,6151526.000000
2026-05-19-10-03-28,-1625.079956,31428.050781,-53004.671875,3.300000,3.900000,-143.199997,6165387.000000
2026-05-19-10-03-29,-1621.660034,31456.279297,-53146.101562,3.200000,3.800000,-143.199997,6177570.500000
2026-05-19-10-03-31,-1618.079956,31486.769531,-53298.761719,3.300000,3.900000,-143.100006,6190734.000000
2026-05-19-10-03-32,-1614.760010,31513.789062,-53434.339844,3.300000,3.900000,-143.000000,6202460.000000
2026-05-19-10-03-34,-1610.760010,31546.150391,-53597.058594,3.300000,3.800000,-143.000000,6216547.000000
2026-05-19-10-03-35,-1607.160034,31574.589844,-53740.281250,3.300000,3.900000,-143.000000,6228964.500000
2026-05-19-10-03-37,-1603.489990,31604.720703,-53892.160156,3.300000,3.900000,-143.000000,6242145.500000
2026-05-19-10-03-39,-1600.109985,31631.820312,-54028.769531,3.400000,3.900000,-142.899994,6254013.000000
2026-05-19-10-03-40,-1596.079956,31663.740234,-54189.628906,3.300000,3.800000,-142.899994,6268002.500000
2026-05-19-10-03-42,-1592.569946,31692.169922,-54332.859375,3.400000,3.900000,-142.899994,6280467.000000
2026-05-19-10-03-43,-1589.239990,31720.029297,-54473.140625,3.300000,3.900000,-142.899994,6292687.000000
2026-05-19-10-03-45,-1585.760010,31749.900391,-54623.851562,3.300000,3.900000,-142.899994,6305838.000000
2026-05-19-10-03-47,-1581.939941,31782.449219,-54788.519531,3.400000,3.900000,-142.899994,6320218.500000
2026-05-19-10-03-48,-1578.630005,31810.960938,-54933.511719,3.300000,3.800000,-142.800003,6332896.000000
2026-05-19-10-03-50,-1575.109985,31841.480469,-55088.421875,3.300000,3.900000,-142.800003,6346454.000000
2026-05-19-10-03-51,-1571.989990,31868.509766,-55225.351562,3.400000,3.900000,-142.800003,6358460.000000
2026-05-19-10-03-53,-1568.390015,31900.150391,-55386.359375,3.400000,3.900000,-142.800003,6372588.500000
2026-05-19-10-03-55,-1565.219971,31928.230469,-55529.351562,3.400000,3.800000,-142.800003,6385145.000000
2026-05-19-10-03-56,-1561.709961,31958.380859,-55682.960938,3.400000,3.800000,-142.800003,6398661.000000
2026-05-19-10-03-58,-1558.650024,31985.380859,-55820.769531,3.400000,3.800000,-142.800003,6410813.000000
2026-05-19-10-03-59,-1555.140015,32016.990234,-55982.269531,3.400000,3.900000,-142.800003,6425070.000000
2026-05-19-10-04-01,-1552.050049,32044.990234,-56125.601562,3.400000,3.900000,-142.800003,6437734.000000
2026-05-19-10-04-03,-1548.839966,32074.910156,-56278.488281,3.400000,3.800000,-142.699997,6451239.000000
2026-05-19-10-04-04,-1545.930054,32101.640625,-56414.941406,3.400000,3.800000,-142.699997,6463301.000000
2026-05-19-10-04-06,-1542.390015,32133.529297,-56577.781250,3.400000,3.800000,-142.699997,6477714.000000
2026-05-19-10-04-07,-1539.349976,32161.660156,-56721.300781,3.400000,3.900000,-142.600006,6490426.000000
2026-05-19-10-04-09,-1535.969971,32192.000000,-56876.578125,3.400000,3.700000,-142.600006,6504202.000000
2026-05-19-10-04-10,-1533.000000,32218.949219,-57013.648438,3.400000,3.900000,-142.600006,6516370.500000
2026-05-19-10-04-12,-1529.449951,32250.830078,-57176.101562,3.400000,3.900000,-142.600006,6530804.000000
2026-05-19-10-04-14,-1526.250000,32278.910156,-57319.191406,3.400000,3.900000,-142.500000,6543526.000000
2026-05-19-10-04-15,-1522.800049,32309.140625,-57473.640625,3.400000,3.900000,-142.500000,6557268.000000
2026-05-19-10-04-17,-1519.770020,32335.880859,-57610.671875,3.400000,3.800000,-142.600006,6569459.000000
2026-05-19-10-04-19,-1516.119995,32367.640625,-57773.359375,3.400000,3.800000,-142.500000,6583955.500000
2026-05-19-10-04-20,-1512.930054,32396.039062,-57918.828125,3.400000,3.800000,-142.600006,6596930.000000
2026-05-19-10-04-22,-1509.560059,32426.269531,-58073.808594,3.400000,3.800000,-142.500000,6610763.000000
2026-05-19-10-04-23,-1506.569946,32453.189453,-58211.500000,3.400000,3.900000,-142.500000,6623080.500000
2026-05-19-10-04-25,-1503.010010,32484.779297,-58372.800781,3.400000,3.800000,-142.500000,6637518.500000
2026-05-19-10-04-26,-1499.780029,32513.429688,-58518.871094,3.400000,3.800000,-142.399994,6650605.500000
2026-05-19-10-04-28,-1496.319946,32544.220703,-58676.070312,3.500000,3.900000,-142.399994,6664697.500000
2026-05-19-10-04-30,-1493.209961,32571.580078,-58815.570312,3.300000,3.800000,-142.300003,6677223.500000
2026-05-19-10-04-31,-1489.500000,32603.439453,-58978.179688,3.300000,3.800000,-142.300003,6691828.000000
2026-05-19-10-04-33,-1486.250000,32631.750000,-59122.769531,3.300000,3.800000,-142.300003,6704814.500000
2026-05-19-10-04-34,-1482.709961,32662.589844,-59280.269531,3.400000,3.800000,-142.300003,6718977.000000
2026-05-19-10-04-36,-1479.550049,32689.429688,-59417.328125,3.400000,3.800000,-142.300003,6731313.500000
2026-05-19-10-04-38,-1475.829956,32721.470703,-59580.988281,3.400000,3.800000,-142.300003,6746065.000000
2026-05-19-10-04-39,-1472.510010,32750.410156,-59728.941406,3.400000,3.900000,-142.199997,6759425.500000
2026-05-19-10-04-41,-1468.989990,32781.078125,-59886.121094,3.400000,3.800000,-142.199997,6773645.000000
2026-05-19-10-04-42,-1465.859985,32808.011719,-60024.351562,3.300000,3.800000,-142.199997,6786160.500000
2026-05-19-10-04-44,-1462.089966,32839.750000,-60187.968750,3.400000,3.800000,-142.100006,6800992.000000
2026-05-19-10-04-45,-1458.709961,32868.089844,-60334.449219,3.400000,3.800000,-142.100006,6814289.500000
2026-05-19-10-04-47,-1455.180054,32898.128906,-60489.968750,3.400000,3.700000,-142.100006,6828413.000000
2026-05-19-10-04-49,-1452.079956,32924.738281,-60628.000000,3.400000,3.800000,-142.100006,6840955.500000
2026-05-19-10-04-50,-1448.290039,32956.230469,-60791.988281,3.500000,3.800000,-142.100006,6855842.500000
2026-05-19-10-04-52,-1444.920044,32983.949219,-60936.449219,3.400000,3.800000,-142.100006,6868969.000000
2026-05-19-10-04-53,-1441.270020,33014.199219,-61094.261719,3.300000,3.800000,-142.100006,6883328.500000
2026-05-19-10-04-55,-1438.060059,33040.890625,-61233.738281,3.300000,3.800000,-142.000000,6896034.500000
2026-05-19-10-04-57,-1434.260010,33072.378906,-61398.480469,3.400000,3.900000,-142.000000,6911048.500000
2026-05-19-10-04-58,-1430.989990,33100.140625,-61543.179688,3.400000,3.800000,-142.000000,6924248.500000
2026-05-19-10-05-00,-1427.420044,33130.570312,-61701.980469,3.400000,3.800000,-142.000000,6938727.500000
2026-05-19-10-05-01,-1424.310059,33157.398438,-61842.218750,3.400000,3.800000,-142.000000,6951514.000000
2026-05-19-10-05-03,-1420.569946,33189.410156,-62009.789062,3.400000,3.800000,-141.899994,6966790.000000
2026-05-19-10-05-05,-1417.229980,33217.609375,-62157.699219,3.300000,3.800000,-141.899994,6980281.500000
2026-05-19-10-05-06,-1413.560059,33247.898438,-62317.371094,3.400000,3.800000,-141.899994,6994858.000000
2026-05-19-10-05-08,-1410.380005,33274.339844,-62457.351562,3.400000,3.800000,-141.899994,7007642.000000
2026-05-19-10-05-10,-1406.660034,33305.730469,-62623.500000,3.300000,3.800000,-141.800003,7022818.000000
2026-05-19-10-05-11,-1403.400024,33333.378906,-62770.031250,3.400000,3.800000,-141.800003,7036209.500000
2026-05-19-10-05-13,-1399.849976,33363.230469,-62928.941406,3.300000,3.800000,-141.800003,7050736.000000
2026-05-19-10-05-14,-1396.699951,33389.500000,-63069.371094,3.300000,3.800000,-141.699997,7063592.000000
2026-05-19-10-05-16,-1392.959961,33420.839844,-63236.718750,3.400000,3.800000,-141.699997,7078920.500000
2026-05-19-10-05-17,-1389.609985,33448.468750,-63384.289062,3.400000,3.800000,-141.699997,7092440.500000
2026-05-19-10-05-19,-1386.369995,33475.621094,-63530.210938,3.400000,3.800000,-141.600006,7105816.000000
2026-05-19-10-05-21,-1382.979980,33504.460938,-63685.660156,3.300000,3.800000,-141.600006,7120078.000000
2026-05-19-10-05-22,-1379.349976,33535.269531,-63851.519531,3.300000,3.800000,-141.500000,7135311.500000
2026-05-19-10-05-24,-1376.130005,33562.640625,-63998.511719,3.300000,3.800000,-141.500000,7148829.000000
2026-05-19-10-05-25,-1372.560059,33592.621094,-64159.839844,3.300000,3.700000,-141.399994,7163667.500000
2026-05-19-10-05-27,-1369.500000,33618.910156,-64301.218750,3.300000,3.800000,-141.399994,7176683.000000
2026-05-19-10-05-29,-1365.930054,33650.050781,-64468.851562,3.300000,3.800000,-141.399994,7192123.000000
2026-05-19-10-05-30,-1362.689941,33678.109375,-64619.750000,3.300000,3.800000,-141.399994,7206031.000000
2026-05-19-10-05-31,-1359.739990,33705.500000,-64767.789062,3.300000,3.800000,-141.399994,7219642.500000
2026-05-19-10-05-33,-1356.560059,33734.738281,-64926.089844,3.300000,3.800000,-141.399994,7234178.500000
2026-05-19-10-05-35,-1353.219971,33765.980469,-65094.808594,3.300000,3.800000,-141.399994,7249679.000000
2026-05-19-10-05-36,-1350.170044,33793.968750,-65246.558594,3.200000,3.800000,-141.399994,7263640.500000
2026-05-19-10-05-38,-1346.939941,33824.070312,-65409.718750,3.300000,3.800000,-141.399994,7278648.000000
2026-05-19-10-05-40,-1344.089966,33850.289062,-65551.937500,3.300000,3.800000,-141.399994,7291738.000000
2026-05-19-10-05-41,-1340.569946,33881.691406,-65722.132812,3.300000,3.800000,-141.300003,7307408.000000
2026-05-19-10-05-43,-1337.569946,33909.960938,-65875.117188,3.300000,3.700000,-141.300003,7321517.000000
2026-05-19-10-05-44,-1334.670044,33937.660156,-66024.828125,3.300000,3.800000,-141.300003,7335343.000000
2026-05-19-10-05-46,-1331.640015,33967.160156,-66183.789062,3.300000,3.800000,-141.300003,7350049.000000
2026-05-19-10-05-48,-1328.430054,33998.488281,-66352.531250,3.300000,3.800000,-141.300003,7365668.000000
2026-05-19-10-05-49,-1325.619995,34026.339844,-66502.218750,3.300000,3.800000,-141.199997,7379542.000000
2026-05-19-10-05-51,-1322.449951,34056.550781,-66665.320312,3.300000,3.800000,-141.300003,7394660.500000
2026-05-19-10-05-52,-1319.680054,34082.949219,-66808.289062,3.300000,3.800000,-141.199997,7407916.500000
2026-05-19-10-05-54,-1316.300049,34114.199219,-66977.820312,3.300000,3.800000,-141.300003,7423646.000000
2026-05-19-10-05-56,-1313.430054,34141.789062,-67127.343750,3.300000,3.800000,-141.199997,7437529.500000
2026-05-19-10-05-57,-1310.290039,34171.890625,-67290.453125,3.300000,3.800000,-141.100006,7452690.500000
2026-05-19-10-05-59,-1307.489990,34198.199219,-67433.500000,3.300000,3.800000,-141.100006,7465996.000000
2026-05-19-10-06-00,-1304.209961,34229.500000,-67603.750000,3.300000,3.800000,-141.100006,7481840.500000
2026-05-19-10-06-02,-1300.949951,34261.531250,-67778.101562,3.500000,3.800000,-141.100006,7498076.000000
2026-05-19-10-06-04,-1298.020020,34290.101562,-67933.742188,3.400000,3.800000,-141.000000,7512594.000000
2026-05-19-10-06-05,-1295.260010,34318.328125,-68087.671875,3.200000,3.700000,-141.000000,7526952.000000
2026-05-19-10-06-07,-1292.599976,34344.511719,-68230.476562,3.300000,3.800000,-141.000000,7540280.500000
2026-05-19-10-06-08,-1289.900024,34372.148438,-68381.382812,3.200000,3.800000,-141.000000,7554366.000000
2026-05-19-10-06-10,-1286.869995,34402.371094,-68544.882812,3.300000,3.700000,-140.899994,7569631.500000
2026-05-19-10-06-11,-1284.109985,34429.191406,-68690.007812,3.400000,3.700000,-140.899994,7583193.500000
2026-05-19-10-06-13,-1281.000000,34460.691406,-68860.320312,3.300000,3.800000,-140.899994,7599131.500000
2026-05-19-10-06-15,-1278.319946,34488.808594,-69012.000000,3.400000,3.800000,-140.899994,7613351.500000
2026-05-19-10-06-16,-1275.119995,34519.230469,-69177.367188,3.400000,3.700000,-140.899994,7628823.000000
2026-05-19-10-06-18,-1272.349976,34545.890625,-69322.960938,3.300000,3.700000,-140.899994,7642432.000000
2026-05-19-10-06-19,-1269.069946,34577.230469,-69494.203125,3.300000,3.700000,-140.800003,7658452.000000
2026-05-19-10-06-21,-1266.160034,34605.691406,-69649.929688,3.300000,3.700000,-140.800003,7673050.000000
2026-05-19-10-06-23,-1263.140015,34635.601562,-69813.851562,3.300000,3.700000,-140.800003,7688419.000000
2026-05-19-10-06-24,-1260.500000,34662.179688,-69959.789062,3.200000,3.700000,-140.699997,7702107.000000
2026-05-19-10-06-26,-1257.359985,34693.531250,-70132.273438,3.300000,3.700000,-140.699997,7718285.000000
2026-05-19-10-06-27,-1254.560059,34721.191406,-70284.601562,3.200000,3.800000,-140.699997,7732583.500000
2026-05-19-10-06-29,-1251.609985,34751.218750,-70449.257812,3.300000,3.700000,-140.699997,7748048.000000
2026-05-19-10-06-30,-1249.000000,34777.750000,-70594.937500,3.300000,3.800000,-140.699997,7761730.500000
2026-05-19-10-06-32,-1246.010010,34808.558594,-70764.648438,3.300000,3.800000,-140.600006,7777673.000000
2026-05-19-10-06-34,-1243.280029,34836.769531,-70919.953125,3.200000,3.800000,-140.600006,7792266.500000
2026-05-19-10-06-35,-1240.339966,34867.070312,-71087.250000,3.300000,3.800000,-140.600006,7807988.500000
2026-05-19-10-06-37,-1237.819946,34893.750000,-71234.343750,3.300000,3.700000,-140.600006,7821827.500000
2026-05-19-10-06-39,-1234.569946,34925.429688,-71409.468750,3.300000,3.800000,-140.600006,7838306.500000
2026-05-19-10-06-40,-1231.650024,34953.230469,-71562.882812,3.300000,3.700000,-140.500000,7852750.500000
2026-05-19-10-06-42,-1228.359985,34983.410156,-71729.601562,3.300000,3.700000,-140.500000,7868452.000000
2026-05-19-10-06-43,-1225.439941,35010.171875,-71877.703125,3.200000,3.800000,-140.500000,7882407.500000
2026-05-19-10-06-45,-1222.020020,35041.910156,-72053.671875,3.100000,3.700000,-140.399994,7898998.500000
2026-05-19-10-06-46,-1218.939941,35070.468750,-72211.812500,3.200000,3.700000,-140.399994,7913914.500000
2026-05-19-10-06-48,-1215.689941,35099.679688,-72373.851562,3.300000,3.700000,-140.399994,7929218.000000
2026-05-19-10-06-50,-1212.719971,35126.339844,-72521.789062,3.300000,3.700000,-140.399994,7943203.500000
2026-05-19-10-06-51,-1209.209961,35157.519531,-72695.070312,3.300000,3.700000,-140.399994,7959602.000000
2026-05-19-10-06-53,-1206.020020,35185.550781,-72851.523438,3.300000,3.700000,-140.399994,7974409.000000
2026-05-19-10-06-54,-1202.660034,35215.300781,-73018.781250,3.200000,3.700000,-140.300003,7990241.500000
2026-05-19-10-06-56,-1199.739990,35241.570312,-73167.203125,3.200000,3.700000,-140.300003,8004299.000000
2026-05-19-10-06-58,-1196.310059,35272.500000,-73342.078125,3.300000,3.700000,-140.300003,8020870.500000
2026-05-19-10-06-59,-1192.819946,35303.898438,-73520.789062,3.300000,3.700000,-140.300003,8037816.000000
2026-05-19-10-07-01,-1189.550049,35332.761719,-73685.429688,3.300000,3.800000,-140.300003,8053433.500000
2026-05-19-10-07-02,-1186.260010,35360.289062,-73842.968750,3.300000,3.800000,-140.300003,8068398.500000
2026-05-19-10-07-04,-1183.290039,35385.859375,-73989.328125,3.300000,3.600000,-140.300003,8082304.000000
2026-05-19-10-07-05,-1180.069946,35413.300781,-74146.687500,3.400000,3.700000,-140.300003,8097265.000000
2026-05-19-10-07-07,-1176.890015,35440.039062,-74299.960938,3.400000,3.700000,-140.300003,8111846.000000
2026-05-19-10-07-09,-1173.420044,35468.500000,-74463.320312,3.300000,3.700000,-140.199997,8127396.500000
2026-05-19-10-07-10,-1169.670044,35498.980469,-74639.570312,3.400000,3.700000,-140.199997,8144176.500000
2026-05-19-10-07-12,-1166.449951,35526.140625,-74796.429688,3.400000,3.700000,-140.199997,8159132.500000
2026-05-19-10-07-13,-1162.920044,35555.308594,-74965.367188,3.400000,3.700000,-140.100006,8175251.000000
2026-05-19-10-07-15,-1159.719971,35581.031250,-75114.609375,3.400000,3.800000,-140.100006,8189502.000000
2026-05-19-10-07-17,-1155.930054,35611.511719,-75291.476562,3.400000,3.800000,-140.199997,8206397.000000
2026-05-19-10-07-18,-1152.579956,35638.609375,-75448.148438,3.500000,3.700000,-140.100006,8221381.500000
2026-05-19-10-07-20,-1149.089966,35667.500000,-75615.281250,3.500000,3.700000,-140.100006,8237393.000000
2026-05-19-10-07-21,-1145.969971,35693.378906,-75764.359375,3.400000,3.800000,-140.100006,8251707.000000
2026-05-19-10-07-23,-1142.199951,35724.039062,-75941.718750,3.400000,3.800000,-140.100006,8268738.000000
2026-05-19-10-07-25,-1138.819946,35751.550781,-76100.757812,3.500000,3.600000,-140.000000,8283997.000000
2026-05-19-10-07-26,-1135.280029,35778.070312,-76254.937500,3.500000,3.700000,-139.399994,8298839.500000
2026-05-19-10-07-28,-1131.589966,35806.429688,-76419.953125,3.400000,3.700000,-139.500000,8314720.000000
2026-05-19-10-07-30,-1127.640015,35836.699219,-76595.726562,3.400000,3.700000,-139.500000,8331636.000000
2026-05-19-10-07-31,-1123.969971,35864.500000,-76757.148438,3.500000,3.700000,-139.500000,8347192.000000
2026-05-19-10-07-32,-1120.410034,35890.878906,-76911.296875,3.400000,3.700000,-139.500000,8362056.000000
2026-05-19-10-07-34,-1116.569946,35919.191406,-77076.257812,3.400000,3.700000,-139.500000,8377978.500000
2026-05-19-10-07-36,-1112.349976,35950.148438,-77256.453125,3.500000,3.700000,-139.500000,8395389.000000
2026-05-19-10-07-37,-1108.699951,35977.429688,-77415.687500,3.500000,3.800000,-139.500000,8410792.000000
2026-05-19-10-07-39,-1105.099976,36004.281250,-77572.929688,3.500000,3.800000,-139.500000,8425998.000000
2026-05-19-10-07-41,-1101.410034,36032.511719,-77738.117188,3.500000,3.700000,-139.500000,8441993.000000
2026-05-19-10-07-42,-1097.349976,36063.070312,-77917.242188,3.500000,3.700000,-139.500000,8459339.000000
2026-05-19-10-07-44,-1093.729980,36090.359375,-78076.617188,3.500000,3.800000,-139.500000,8474790.000000
2026-05-19-10-07-45,-1090.219971,36116.871094,-78231.132812,3.500000,3.700000,-139.399994,8489784.000000
2026-05-19-10-07-47,-1086.369995,36145.199219,-78397.351562,3.600000,3.800000,-139.399994,8505920.000000
2026-05-19-10-07-49,-1082.250000,36175.468750,-78575.992188,3.600000,3.700000,-139.500000,8523258.000000
2026-05-19-10-07-50,-1078.550049,36202.449219,-78735.757812,3.500000,3.700000,-139.300003,8538777.000000
2026-05-19-10-07-52,-1074.650024,36230.929688,-78904.156250,3.500000,3.800000,-139.300003,8555152.000000
2026-05-19-10-07-53,-1071.109985,36256.500000,-79055.250000,3.500000,3.700000,-139.300003,8569857.000000
2026-05-19-10-07-55,-1066.989990,36286.851562,-79234.960938,3.500000,3.700000,-139.199997,8587371.000000
2026-05-19-10-07-57,-1063.180054,36314.078125,-79396.593750,3.500000,3.700000,-139.300003,8603128.000000
2026-05-19-10-07-58,-1059.219971,36342.699219,-79566.992188,3.500000,3.700000,-139.199997,8619756.000000
2026-05-19-10-08-00,-1055.670044,36368.218750,-79719.187500,3.500000,3.700000,-139.100006,8634624.000000
2026-05-19-10-08-02,-1051.430054,36398.589844,-79900.953125,3.600000,3.800000,-139.100006,8652380.000000
2026-05-19-10-08-03,-1047.800049,36424.808594,-80058.281250,3.500000,3.700000,-139.100006,8667759.000000
2026-05-19-10-08-04,-1044.119995,36450.808594,-80215.039062,3.500000,3.700000,-139.100006,8683094.000000
2026-05-19-10-08-06,-1040.250000,36478.339844,-80380.968750,3.600000,3.900000,-139.000000,8699340.000000
2026-05-19-10-08-08,-1035.949951,36508.339844,-80562.343750,3.400000,3.700000,-139.000000,8717128.000000
2026-05-19-10-08-09,-1032.119995,36534.750000,-80721.773438,3.300000,3.800000,-139.000000,8732773.000000
2026-05-19-10-08-11,-1027.989990,36563.070312,-80892.812500,3.400000,3.700000,-139.000000,8749564.000000
2026-05-19-10-08-13,-1024.410034,36588.191406,-81044.523438,3.300000,3.700000,-138.899994,8764457.000000
2026-05-19-10-08-14,-1020.099976,36617.980469,-81224.000000,3.400000,3.700000,-138.899994,8782092.000000
2026-05-19-10-08-16,-1016.229980,36644.628906,-81384.953125,3.400000,3.700000,-138.800003,8797916.000000
2026-05-19-10-08-17,-1012.130005,36672.941406,-81556.210938,3.400000,3.700000,-138.800003,8814768.000000
2026-05-19-10-08-19,-1008.500000,36698.109375,-81708.648438,3.500000,3.800000,-138.800003,8829770.000000
2026-05-19-10-08-21,-1004.169983,36727.441406,-81887.148438,3.500000,3.700000,-138.699997,8847345.000000
2026-05-19-10-08-22,-1000.400024,36753.519531,-82046.562500,3.300000,3.700000,-138.699997,8863040.000000
2026-05-19-10-08-24,-996.229980,36781.769531,-82220.281250,3.300000,3.700000,-138.699997,8880142.000000
2026-05-19-10-08-25,-992.609985,36806.589844,-82373.046875,3.400000,3.700000,-137.399994,8895198.000000
2026-05-19-10-08-27,-988.330017,36836.488281,-82556.687500,3.500000,3.600000,-137.300003,8913278.000000
2026-05-19-10-08-28,-984.500000,36862.800781,-82718.726562,3.400000,3.600000,-137.300003,8929218.000000
2026-05-19-10-08-30,-979.669983,36890.769531,-82888.007812,3.400000,3.600000,-137.199997,8945954.000000
2026-05-19-10-08-32,-975.270020,36915.828125,-83039.460938,3.400000,3.600000,-137.199997,8960951.000000
2026-05-19-10-08-33,-969.960022,36945.898438,-83221.898438,3.500000,3.500000,-137.100006,8979022.000000
2026-05-19-10-08-35,-965.349976,36972.488281,-83383.437500,3.700000,3.500000,-137.100006,8995023.000000
2026-05-19-10-08-36,-960.280029,37001.160156,-83558.062500,3.500000,3.600000,-137.000000,9012318.000000
2026-05-19-10-08-38,-955.799988,37026.500000,-83712.171875,3.600000,3.600000,-137.000000,9027578.000000
2026-05-19-10-08-40,-950.599976,37056.589844,-83894.710938,3.500000,3.700000,-137.000000,9045650.000000
2026-05-19-10-08-41,-945.409973,37083.339844,-84057.296875,3.600000,3.600000,-136.899994,9061732.000000
2026-05-19-10-08-43,-940.140015,37112.140625,-84230.750000,3.600000,3.700000,-136.899994,9078900.000000
2026-05-19-10-08-44,-935.469971,37137.718750,-84384.250000,3.500000,3.600000,-136.899994,9094115.000000
2026-05-19-10-08-46,-929.979980,37168.128906,-84565.570312,3.600000,3.700000,-136.800003,9112092.000000
2026-05-19-10-08-48,-925.239990,37195.179688,-84726.070312,3.600000,3.700000,-136.800003,9128017.000000
2026-05-19-10-08-49,-920.140015,37224.691406,-84900.820312,3.500000,3.700000,-136.800003,9145370.000000
2026-05-19-10-08-51,-915.859985,37250.929688,-85055.710938,3.500000,3.700000,-136.699997,9160803.000000
2026-05-19-10-08-52,-910.820007,37281.511719,-85236.117188,3.500000,3.600000,-136.699997,9178783.000000
2026-05-19-10-08-54,-906.309998,37308.199219,-85393.882812,3.600000,3.600000,-136.699997,9194522.000000
2026-05-19-10-08-55,-901.849976,37334.851562,-85551.656250,3.600000,3.600000,-136.699997,9210271.000000
2026-05-19-10-08-57,-896.969971,37363.390625,-85721.382812,3.600000,3.600000,-136.600006,9227231.000000
2026-05-19-10-08-59,-891.609985,37394.078125,-85903.531250,3.500000,3.600000,-136.600006,9245439.000000
2026-05-19-10-09-00,-886.960022,37421.328125,-86064.992188,3.500000,3.600000,-136.600006,9261590.000000
2026-05-19-10-09-02,-882.000000,37450.449219,-86237.718750,3.500000,3.600000,-136.500000,9278873.000000
2026-05-19-10-09-03,-877.580017,37476.660156,-86393.343750,3.500000,3.600000,-136.500000,9294452.000000
2026-05-19-10-09-05,-872.609985,37507.371094,-86575.359375,3.500000,3.600000,-136.500000,9312685.000000
2026-05-19-10-09-07,-868.289978,37534.710938,-86737.609375,3.500000,3.600000,-136.500000,9328936.000000
2026-05-19-10-09-08,-863.559998,37564.390625,-86913.562500,3.500000,3.600000,-136.500000,9346556.000000
2026-05-19-10-09-10,-859.450012,37590.601562,-87069.031250,3.500000,3.600000,-136.399994,9362137.000000
2026-05-19-10-09-12,-854.599976,37621.531250,-87252.367188,3.600000,3.600000,-136.399994,9380518.000000
2026-05-19-10-09-13,-850.299988,37649.019531,-87415.703125,3.600000,3.600000,-136.399994,9396903.000000
2026-05-19-10-09-15,-845.869995,37678.160156,-87588.718750,3.500000,3.600000,-136.399994,9414270.000000
2026-05-19-10-09-16,-841.989990,37704.390625,-87744.648438,3.500000,3.600000,-136.300003,9429928.000000
2026-05-19-10-09-18,-837.330017,37735.421875,-87928.601562,3.500000,3.500000,-136.500000,9448428.000000
2026-05-19-10-09-19,-833.219971,37762.968750,-88092.031250,3.500000,3.600000,-136.500000,9464870.000000
2026-05-19-10-09-21,-828.869995,37792.460938,-88266.718750,3.500000,3.600000,-136.500000,9482461.000000
2026-05-19-10-09-23,-824.909973,37818.851562,-88423.039062,3.600000,3.600000,-136.399994,9498222.000000
2026-05-19-10-09-24,-820.260010,37849.859375,-88606.960938,3.600000,3.600000,-136.399994,9516784.000000
2026-05-19-10-09-26,-816.039978,37877.578125,-88771.882812,3.600000,3.600000,-136.399994,9533432.000000
2026-05-19-10-09-27,-811.580017,37906.871094,-88946.242188,3.600000,3.600000,-136.399994,9551043.000000
2026-05-19-10-09-29,-807.559998,37932.859375,-89101.406250,3.600000,3.600000,-136.399994,9566727.000000
2026-05-19-10-09-31,-802.650024,37963.699219,-89286.007812,3.600000,3.600000,-136.300003,9585403.000000
2026-05-19-10-09-32,-798.260010,37991.300781,-89451.039062,3.600000,3.600000,-136.300003,9602103.000000
2026-05-19-10-09-34,-793.950012,38018.148438,-89611.859375,3.600000,3.600000,-136.199997,9618382.000000
2026-05-19-10-09-35,-789.320007,38046.968750,-89784.898438,3.600000,3.600000,-136.199997,9635910.000000
2026-05-19-10-09-37,-784.250000,38077.800781,-89970.078125,3.600000,3.600000,-136.199997,9654677.000000
2026-05-19-10-09-38,-779.659973,38105.218750,-90134.828125,3.600000,3.600000,-136.199997,9671373.000000
2026-05-19-10-09-40,-775.250000,38131.648438,-90295.242188,3.700000,3.500000,-136.199997,9687657.000000
2026-05-19-10-09-42,-770.530029,38160.078125,-90468.257812,3.600000,3.600000,-136.100006,9705235.000000
2026-05-19-10-09-43,-765.440002,38190.609375,-90654.367188,3.700000,3.600000,-136.100006,9724149.000000
2026-05-19-10-09-45,-760.880005,38217.781250,-90820.257812,3.700000,3.600000,-136.100006,9741034.000000
2026-05-19-10-09-47,-756.020020,38246.718750,-90997.242188,3.700000,3.600000,-136.100006,9759048.000000
2026-05-19-10-09-48,-751.739990,38272.210938,-91153.218750,3.700000,3.600000,-136.100006,9774929.000000
2026-05-19-10-09-50,-746.659973,38302.449219,-91338.289062,3.700000,3.600000,-136.100006,9793778.000000
2026-05-19-10-09-51,-742.169983,38329.191406,-91502.226562,3.600000,3.500000,-136.000000,9810471.000000
2026-05-19-10-09-53,-737.340027,38358.230469,-91679.476562,3.700000,3.600000,-136.000000,9828537.000000
2026-05-19-10-09-54,-732.960022,38384.011719,-91837.492188,3.700000,3.600000,-136.000000,9844641.000000
2026-05-19-10-09-56,-727.929993,38414.089844,-92022.343750,3.700000,3.600000,-136.000000,9863504.000000
2026-05-19-10-09-58,-723.419983,38441.191406,-92189.140625,3.700000,3.600000,-135.899994,9880539.000000
2026-05-19-10-09-59,-718.669983,38470.140625,-92366.726562,3.700000,3.500000,-135.899994,9898702.000000
2026-05-19-10-10-01,-714.400024,38495.781250,-92524.250000,3.700000,3.500000,-135.899994,9914821.000000
2026-05-19-10-10-03,-709.390015,38526.281250,-92711.312500,3.700000,3.600000,-135.899994,9933970.000000
2026-05-19-10-10-04,-704.989990,38552.898438,-92874.968750,3.700000,3.500000,-135.899994,9950715.000000
2026-05-19-10-10-06,-700.359985,38581.398438,-93050.703125,3.700000,3.500000,-135.899994,9968697.000000
2026-05-19-10-10-07,-696.289978,38607.101562,-93209.226562,3.700000,3.500000,-135.800003,9984929.000000
2026-05-19-10-10-09,-691.469971,38637.199219,-93395.140625,3.700000,3.600000,-135.800003,10003988.000000
2026-05-19-10-10-10,-687.109985,38664.148438,-93561.429688,3.700000,3.600000,-135.800003,10021048.000000
2026-05-19-10-10-12,-682.359985,38693.179688,-93740.351562,3.700000,3.600000,-135.800003,10039418.000000
2026-05-19-10-10-14,-678.250000,38718.691406,-93897.562500,3.800000,3.600000,-135.800003,10055580.000000
2026-05-19-10-10-15,-673.380005,38748.851562,-94083.500000,3.700000,3.500000,-135.699997,10074702.000000
2026-05-19-10-10-17,-669.130005,38775.839844,-94249.718750,3.700000,3.500000,-135.699997,10091808.000000
2026-05-19-10-10-18,-664.979980,38802.230469,-94412.531250,3.700000,3.500000,-135.699997,10108573.000000
2026-05-19-10-10-20,-660.500000,38830.140625,-94585.632812,3.700000,3.600000,-135.699997,10126403.000000
2026-05-19-10-10-22,-655.679993,38860.289062,-94772.906250,3.600000,3.500000,-135.699997,10145708.000000
2026-05-19-10-10-23,-651.340027,38887.121094,-94939.007812,3.600000,3.500000,-135.600006,10162859.000000
2026-05-19-10-10-25,-646.469971,38916.070312,-95118.617188,3.700000,3.500000,-135.600006,10181448.000000
2026-05-19-10-10-26,-642.210022,38941.648438,-95277.453125,3.700000,3.600000,-135.600006,10197900.000000
2026-05-19-10-10-28,-637.130005,38972.070312,-95466.382812,3.700000,3.600000,-135.500000,10217484.000000
2026-05-19-10-10-29,-632.630005,38998.468750,-95630.593750,3.700000,3.500000,-135.500000,10234515.000000
2026-05-19-10-10-31,-627.679993,39027.359375,-95810.398438,3.700000,3.500000,-135.399994,10253178.000000
2026-05-19-10-10-33,-623.320007,39052.738281,-95968.820312,3.800000,3.600000,-135.500000,10269614.000000
2026-05-19-10-10-34,-618.200012,39083.058594,-96157.687500,3.700000,3.500000,-135.399994,10289224.000000
2026-05-19-10-10-36,-613.070007,39113.730469,-96349.320312,3.700000,3.600000,-135.399994,10309132.000000
2026-05-19-10-10-38,-608.460022,39141.070312,-96520.257812,3.700000,3.600000,-135.399994,10326902.000000
2026-05-19-10-10-39,-603.880005,39168.261719,-96690.156250,3.700000,3.600000,-135.399994,10344574.000000
2026-05-19-10-10-41,-599.590027,39193.460938,-96847.882812,3.700000,3.500000,-135.300003,10360989.000000
2026-05-19-10-10-42,-594.909973,39220.390625,-97017.273438,3.800000,3.500000,-135.300003,10378625.000000
2026-05-19-10-10-44,-589.909973,39248.988281,-97197.648438,3.700000,3.500000,-135.199997,10397403.000000
2026-05-19-10-10-45,-585.500000,39273.921875,-97355.281250,3.700000,3.500000,-135.199997,10413818.000000
2026-05-19-10-10-47,-580.380005,39303.710938,-97543.187500,3.700000,3.500000,-135.199997,10433407.000000
2026-05-19-10-10-48,-575.900024,39330.011719,-97708.679688,3.700000,3.600000,-135.199997,10450673.000000
2026-05-19-10-10-50,-571.130005,39358.429688,-97887.789062,3.700000,3.500000,-135.199997,10469372.000000
2026-05-19-10-10-52,-566.900024,39383.789062,-98047.703125,3.700000,3.600000,-135.199997,10486076.000000
2026-05-19-10-10-53,-561.950012,39413.578125,-98236.406250,3.700000,3.500000,-135.100006,10505799.000000
2026-05-19-10-10-55,-557.450012,39440.148438,-98405.742188,3.700000,3.500000,-135.100006,10523501.000000
2026-05-19-10-10-57,-552.770020,39468.171875,-98583.796875,3.600000,3.600000,-135.100006,10542126.000000
2026-05-19-10-10-58,-548.570007,39493.359375,-98743.718750,3.600000,3.500000,-135.000000,10558875.000000
2026-05-19-10-11-00,-543.570007,39522.988281,-98931.812500,3.600000,3.500000,-135.000000,10578576.000000
2026-05-19-10-11-01,-539.109985,39549.429688,-99100.156250,3.600000,3.500000,-135.000000,10596220.000000
2026-05-19-10-11-03,-534.299988,39577.660156,-99280.062500,3.600000,3.500000,-135.000000,10615082.000000
2026-05-19-10-11-04,-530.150024,39602.730469,-99439.601562,3.600000,3.500000,-135.000000,10631812.000000
2026-05-19-10-11-06,-525.099976,39632.718750,-99630.601562,3.500000,3.500000,-135.000000,10651851.000000
2026-05-19-10-11-08,-520.640015,39659.320312,-99800.312500,3.500000,3.500000,-135.000000,10669662.000000
2026-05-19-10-11-09,-515.859985,39687.609375,-99980.937500,3.600000,3.500000,-135.000000,10688625.000000
2026-05-19-10-11-11,-511.540009,39712.988281,-100142.812500,3.500000,3.500000,-135.000000,10705633.000000
2026-05-19-10-11-13,-506.519989,39742.691406,-100332.328125,3.500000,3.500000,-135.000000,10725561.000000
2026-05-19-10-11-14,-502.140015,39768.859375,-100499.492188,3.500000,3.500000,-135.000000,10743137.000000
2026-05-19-10-11-15,-497.790009,39794.628906,-100664.117188,3.500000,3.500000,-134.899994,10760463.000000
2026-05-19-10-11-17,-493.029999,39822.308594,-100841.632812,3.600000,3.500000,-134.899994,10779156.000000
2026-05-19-10-11-19,-487.959991,39851.609375,-101030.242188,3.500000,3.500000,-134.899994,10799033.000000
2026-05-19-10-11-20,-483.480011,39877.500000,-101197.898438,3.600000,3.500000,-134.800003,10816716.000000
2026-05-19-10-11-22,-478.529999,39905.621094,-101379.539062,3.500000,3.500000,-134.800003,10835893.000000
2026-05-19-10-11-24,-474.160004,39930.460938,-101540.117188,3.600000,3.500000,-134.800003,10852860.000000
2026-05-19-10-11-25,-468.980011,39959.769531,-101730.179688,3.600000,3.400000,-134.800003,10872951.000000
2026-05-19-10-11-27,-464.359985,39985.539062,-101896.953125,3.700000,3.500000,-134.800003,10890607.000000
2026-05-19-10-11-28,-459.390015,40013.511719,-102077.632812,3.600000,3.500000,-134.800003,10909762.000000
2026-05-19-10-11-30,-455.089996,40038.539062,-102238.492188,3.600000,3.500000,-134.699997,10926819.000000
2026-05-19-10-11-32,-449.890015,40068.328125,-102430.148438,3.600000,3.500000,-134.699997,10947149.000000
2026-05-19-10-11-33,-445.279999,40094.781250,-102600.789062,3.500000,3.500000,-134.699997,10965245.000000
2026-05-19-10-11-35,-440.320007,40122.949219,-102783.070312,3.500000,3.500000,-134.699997,10984583.000000
2026-05-19-10-11-36,-435.989990,40147.660156,-102943.156250,3.600000,3.500000,-134.699997,11001574.000000
2026-05-19-10-11-38,-430.989990,40176.808594,-103131.773438,3.600000,3.400000,-134.699997,11021608.000000
2026-05-19-10-11-39,-426.380005,40203.359375,-103304.046875,3.500000,3.500000,-134.699997,11039909.000000
2026-05-19-10-11-41,-421.570007,40231.121094,-103484.953125,3.600000,3.500000,-134.600006,11059129.000000
2026-05-19-10-11-43,-417.190002,40255.921875,-103646.507812,3.500000,3.500000,-134.500000,11076296.000000
2026-05-19-10-11-44,-412.149994,40285.050781,-103836.546875,3.600000,3.500000,-134.600006,11096485.000000
2026-05-19-10-11-46,-407.630005,40311.128906,-104006.531250,3.500000,3.500000,-134.500000,11114562.000000
2026-05-19-10-11-47,-403.109985,40336.980469,-104175.242188,3.500000,3.500000,-134.600006,11132506.000000
2026-05-19-10-11-49,-398.429993,40364.449219,-104353.976562,3.600000,3.500000,-134.500000,11151537.000000
2026-05-19-10-11-51,-393.350006,40394.058594,-104546.281250,3.500000,3.500000,-134.500000,11172017.000000
2026-05-19-10-11-52,-388.850006,40420.550781,-104718.562500,3.600000,3.500000,-134.500000,11190381.000000
2026-05-19-10-11-54,-383.970001,40448.449219,-104900.289062,3.500000,3.400000,-134.500000,11209791.000000
2026-05-19-10-11-55,-379.529999,40473.488281,-105063.468750,3.500000,3.500000,-134.399994,11227233.000000
2026-05-19-10-11-57,-374.179993,40502.828125,-105255.007812,3.500000,3.500000,-134.399994,11247704.000000
2026-05-19-10-11-58,-369.299988,40529.269531,-105428.093750,3.500000,3.500000,-134.399994,11266206.000000
2026-05-19-10-12-00,-364.000000,40557.800781,-105614.000000,3.500000,3.500000,-134.300003,11286108.000000
2026-05-19-10-12-02,-359.369995,40582.488281,-105775.929688,3.500000,3.500000,-134.300003,11303433.000000
2026-05-19-10-12-03,-353.929993,40611.531250,-105966.070312,3.500000,3.500000,-134.300003,11323797.000000
2026-05-19-10-12-05,-349.109985,40637.761719,-106137.937500,3.500000,3.500000,-134.199997,11342208.000000
2026-05-19-10-12-06,-343.950012,40666.121094,-106323.382812,3.600000,3.400000,-134.199997,11362080.000000
2026-05-19-10-12-08,-339.480011,40690.980469,-106486.046875,3.500000,3.400000,-134.199997,11379528.000000
2026-05-19-10-12-10,-334.040009,40720.800781,-106680.101562,3.500000,3.500000,-134.199997,11400386.000000
2026-05-19-10-12-11,-329.320007,40747.089844,-106851.531250,3.500000,3.400000,-134.100006,11418817.000000
2026-05-19-10-12-13,-323.559998,40775.621094,-107034.546875,3.500000,3.500000,-134.100006,11438618.000000
2026-05-19-10-12-14,-318.510010,40801.019531,-107197.601562,3.500000,3.500000,-134.100006,11456264.000000
2026-05-19-10-12-16,-312.700012,40830.628906,-107387.468750,3.500000,3.500000,-134.000000,11476834.000000
2026-05-19-10-12-18,-307.309998,40857.328125,-107559.132812,3.500000,3.500000,-134.000000,11495451.000000
2026-05-19-10-12-19,-301.579987,40885.519531,-107740.859375,3.500000,3.400000,-133.899994,11515167.000000
2026-05-19-10-12-21,-296.329987,40910.679688,-107903.289062,3.400000,3.500000,-133.899994,11532790.000000
2026-05-19-10-12-23,-290.100006,40940.449219,-108095.968750,3.500000,3.400000,-133.899994,11553715.000000
2026-05-19-10-12-24,-284.480011,40967.078125,-108268.148438,3.500000,3.400000,-133.899994,11572427.000000
2026-05-19-10-12-26,-278.480011,40995.511719,-108451.820312,3.500000,3.400000,-134.000000,11592400.000000
2026-05-19-10-12-27,-273.190002,41020.660156,-108613.898438,3.500000,3.400000,-133.899994,11610028.000000
2026-05-19-10-12-29,-266.769989,41050.460938,-108806.476562,3.500000,3.400000,-133.899994,11630982.000000
2026-05-19-10-12-30,-261.209991,41076.488281,-108974.320312,3.600000,3.400000,-133.800003,11649263.000000
2026-05-19-10-12-32,-254.960007,41105.320312,-109159.898438,3.400000,3.400000,-133.899994,11669483.000000
2026-05-19-10-12-34,-249.559998,41130.500000,-109321.578125,3.400000,3.400000,-133.899994,11687104.000000
2026-05-19-10-12-35,-243.110001,41160.691406,-109515.218750,3.400000,3.400000,-133.800003,11708229.000000
2026-05-19-10-12-37,-237.490005,41187.429688,-109686.531250,3.500000,3.400000,-133.800003,11726931.000000
2026-05-19-10-12-38,-231.860001,41213.929688,-109856.601562,3.500000,3.400000,-133.699997,11745520.000000
2026-05-19-10-12-40,-225.889999,41241.941406,-110036.671875,3.500000,3.400000,-133.699997,11765205.000000
2026-05-19-10-12-42,-219.589996,41271.640625,-110227.546875,3.500000,3.500000,-133.699997,11786084.000000
2026-05-19-10-12-43,-213.919998,41298.628906,-110400.968750,3.400000,3.400000,-133.600006,11805065.000000
2026-05-19-10-12-45,-207.919998,41327.339844,-110585.187500,3.400000,3.400000,-133.600006,11825227.000000
2026-05-19-10-12-46,-202.589996,41352.851562,-110748.640625,3.400000,3.400000,-133.600006,11843121.000000
2026-05-19-10-12-48,-196.270004,41383.250000,-110943.750000,3.400000,3.400000,-133.600006,11864490.000000
2026-05-19-10-12-49,-190.669998,41410.160156,-111116.148438,3.500000,3.400000,-133.500000,11883377.000000
2026-05-19-10-12-51,-185.210007,41436.601562,-111285.171875,3.500000,3.400000,-133.500000,11901882.000000
2026-05-19-10-12-53,-179.360001,41464.558594,-111464.812500,3.400000,3.400000,-133.600006,11921559.000000
2026-05-19-10-12-54,-173.160004,41495.171875,-111661.468750,3.500000,3.500000,-133.500000,11943126.000000
2026-05-19-10-12-56,-167.710007,41522.199219,-111835.898438,3.500000,3.500000,-133.500000,11962275.000000
2026-05-19-10-12-57,-161.929993,41550.441406,-112017.507812,3.400000,3.500000,-133.500000,11982246.000000
2026-05-19-10-12-59,-156.779999,41576.148438,-112181.968750,3.500000,3.400000,-133.500000,12000342.000000
2026-05-19-10-13-01,-150.619995,41606.718750,-112378.031250,3.500000,3.400000,-133.699997,12021932.000000
2026-05-19-10-13-02,-145.270004,41633.601562,-112550.492188,3.500000,3.400000,-133.699997,12040923.000000
2026-05-19-10-13-04,-139.600006,41662.531250,-112736.460938,3.500000,3.400000,-133.699997,12061415.000000
2026-05-19-10-13-05,-134.600006,41688.050781,-112900.281250,3.600000,3.400000,-133.699997,12079482.000000
2026-05-19-10-13-07,-128.690002,41718.441406,-113095.437500,3.600000,3.400000,-133.699997,12101002.000000
2026-05-19-10-13-09,-123.489998,41745.238281,-113267.546875,3.600000,3.400000,-133.600006,12119987.000000
2026-05-19-10-13-10,-117.870003,41774.191406,-113454.000000,3.500000,3.400000,-133.600006,12140554.000000
2026-05-19-10-13-12,-112.930000,41799.691406,-113618.140625,3.600000,3.500000,-133.600006,12158670.000000
2026-05-19-10-13-14,-106.980003,41830.128906,-113813.687500,3.600000,3.400000,-133.500000,12180283.000000
2026-05-19-10-13-15,-100.940002,41860.789062,-114010.453125,3.600000,3.500000,-133.500000,12202043.000000
2026-05-19-10-13-17,-95.430000,41888.238281,-114186.960938,3.400000,4.800000,-135.199997,12221620.000000
2026-05-19-10-13-18,-90.529999,41916.300781,-114362.351562,75.500000,-11.800000,-138.399994,12240922.000000
2026-05-19-10-13-20,-83.989998,41941.988281,-114534.882812,6.200000,7.400000,-124.500000,12259636.000000
2026-05-19-10-13-21,-77.389999,41969.359375,-114707.898438,3.700000,-0.900000,-106.199997,12278202.000000
2026-05-19-10-13-23,-69.830002,41998.148438,-114892.289062,5.400000,1.200000,-121.000000,12297916.000000
2026-05-19-10-13-24,-63.529999,42025.671875,-115070.828125,-0.700000,7.300000,-150.100006,12317142.000000
2026-05-19-10-13-26,-56.669998,42054.441406,-115248.992188,-1.500000,3.600000,-136.600006,12336480.000000
2026-05-19-10-13-27,-50.040001,42084.589844,-115425.031250,2.100000,2.200000,-134.300003,12355684.000000
2026-05-19-10-13-28,-50.040001,42084.589844,-115425.031250,2.100000,2.200000,-134.300003,12355684.000000
2026-05-19-10-13-29,-0.050000,-0.020000,0.020000,-0.100000,0.300000,-137.199997,0.700000
2026-05-19-10-13-31,0.610000,0.190000,-0.110000,-2.200000,3.000000,1.500000,7.700000
2026-05-19-10-13-32,-0.450000,0.340000,-0.970000,4.100000,-2.000000,5.000000,16.900000
2026-05-19-10-13-34,-2.000000,-0.260000,-2.600000,-3.500000,5.900000,5.600000,27.900000
2026-05-19-10-13-35,-4.570000,-1.730000,-4.420000,-3.000000,6.500000,3.600000,40.599998
2026-05-19-10-13-37,-9.110000,-3.050000,-6.040000,-4.100000,2.900000,-1.100000,54.700001
2026-05-19-10-13-38,-14.910000,-4.480000,-7.680000,0.400000,-3.700000,6.700000,70.099998
2026-05-19-10-13-40,-20.620001,-5.260000,-10.280000,-0.800000,2.800000,9.400000,86.900002
2026-05-19-10-13-41,-26.450001,-6.330000,-13.200000,1.800000,3.600000,4.900000,104.800003
2026-05-19-10-13-43,-32.549999,-7.150000,-16.280001,0.600000,5.700000,1.600000,123.900002
2026-05-19-10-13-44,-39.160000,-7.740000,-19.379999,-5.700000,3.800000,4.100000,144.399994
2026-05-19-10-13-46,-45.509998,-8.630000,-22.240000,-4.100000,6.900000,7.000000,166.100006
2026-05-19-10-13-47,-52.849998,-9.700000,-25.610001,-0.200000,5.500000,1.600000,189.300003
2026-05-19-10-13-49,-60.200001,-10.670000,-28.820000,-2.600000,4.500000,2.900000,214.000000
2026-05-19-10-13-51,-67.459999,-12.010000,-31.600000,-8.500000,4.000000,1.500000,238.800003
2026-05-19-10-13-52,-74.599998,-13.150000,-34.160000,-1.800000,3.300000,-6.900000,262.299988
2026-05-19-10-13-53,-83.339996,-14.470000,-37.980000,-1.200000,5.300000,0.600000,290.299988
2026-05-19-10-13-55,-92.690002,-15.620000,-41.919998,-2.200000,1.900000,19.700001,319.500000
2026-05-19-10-13-57,-105.879997,-14.240000,-45.820000,3.500000,-2.100000,57.900002,349.899994
2026-05-19-10-13-58,-117.940002,-12.090000,-49.410000,8.700000,3.500000,78.699997,381.700012
2026-05-19-10-14-00,-134.000000,-9.310000,-54.950001,-4.000000,-5.200000,111.699997,414.600006
2026-05-19-10-14-01,-152.470001,-6.490000,-59.200001,-1.600000,-7.300000,127.199997,448.100006
2026-05-19-10-14-03,-171.080002,-2.670000,-63.380001,10.700000,-10.300000,96.300003,482.500000
2026-05-19-10-14-04,-187.630005,0.770000,-65.110001,-1.700000,-25.000000,120.599998,517.299988
2026-05-19-10-14-06,-204.449997,4.130000,-65.900002,9.100000,-3.200000,87.400002,552.200012
2026-05-19-10-14-07,-220.559998,7.180000,-67.379997,3.700000,-2.100000,84.500000,586.099976
2026-05-19-10-14-09,-239.000000,11.990000,-70.389999,-4.500000,-20.000000,103.400002,626.200012
2026-05-19-10-14-10,-257.760010,16.510000,-74.230003,2.600000,-12.600000,125.099998,665.700012
2026-05-19-10-14-12,-275.489990,20.250000,-77.190002,3.900000,-6.800000,123.000000,701.400024
2026-05-19-10-14-14,-295.670013,25.430000,-80.910004,5.300000,3.100000,115.300003,741.200012
2026-05-19-10-14-15,-316.420013,29.059999,-86.970001,1.200000,-0.900000,108.099998,780.000000
2026-05-19-10-14-16,-334.869995,32.660000,-92.309998,5.000000,-1.400000,103.000000,819.599976
2026-05-19-10-14-18,-353.529999,36.770000,-94.910004,3.300000,2.400000,98.699997,860.700012
2026-05-19-10-14-20,-372.880005,41.130001,-99.330002,1.200000,-3.900000,115.599998,906.900024
2026-05-19-10-14-21,-391.869995,47.430000,-106.610001,11.900000,-6.500000,81.000000,948.799988
2026-05-19-10-14-23,-408.700012,53.669998,-115.000000,-4.500000,-19.500000,103.699997,996.200012
2026-05-19-10-14-24,-429.579987,60.119999,-121.900002,12.400000,-15.600000,97.500000,1046.800049
2026-05-19-10-14-26,-447.859985,63.610001,-123.410004,0.500000,-19.000000,118.099998,1099.199951
2026-05-19-10-14-29,-479.570007,69.050003,-124.889999,4.100000,-11.100000,1.000000,1202.699951
2026-05-19-10-14-31,-496.179993,70.440002,-129.190002,-3.800000,-37.900002,134.100006,1260.000000
2026-05-19-10-14-32,-517.700012,71.889999,-135.929993,11.700000,-22.200001,138.600006,1319.099976
2026-05-19-10-14-34,-536.969971,73.540001,-141.320007,1.900000,1.700000,86.400002,1376.400024
2026-05-19-10-14-35,-561.030029,73.269997,-147.149994,-1.300000,-14.100000,103.400002,1438.800049
2026-05-19-10-14-37,-584.320007,72.570000,-153.080002,3.900000,-1.700000,111.099998,1504.699951
2026-05-19-10-14-39,-605.890015,71.779999,-158.589996,4.400000,1.700000,114.400002,1567.800049
2026-05-19-10-14-40,-627.140015,70.970001,-164.149994,4.100000,1.000000,114.699997,1633.599976
2026-05-19-10-14-42,-648.909973,69.690002,-170.089996,5.800000,1.000000,115.900002,1701.300049
2026-05-19-10-14-43,-671.659973,68.800003,-177.500000,4.400000,1.400000,116.300003,1770.699951
2026-05-19-10-14-45,-693.500000,68.190002,-185.639999,5.500000,1.700000,114.300003,1842.099976
2026-05-19-10-14-46,-715.559998,66.480003,-193.850006,5.300000,1.300000,113.199997,1916.500000
2026-05-19-10-14-48,-738.590027,64.580002,-203.169998,-0.600000,0.300000,-19.600000,1993.099976
2026-05-19-10-14-49,-761.479980,61.570000,-211.750000,13.900000,-9.300000,-84.400002,2068.699951
2026-05-19-10-14-51,-785.390015,61.369999,-221.389999,-5.100000,-3.200000,-85.099998,2139.800049
2026-05-19-10-14-52,-813.210022,60.369999,-232.759995,2.500000,-2.400000,-88.800003,2215.899902
2026-05-19-10-14-54,-839.359985,58.660000,-244.699997,3.600000,2.200000,-90.800003,2288.399902
2026-05-19-10-14-55,-867.609985,58.040001,-256.209991,-14.700000,-11.500000,-47.200001,2363.300049
2026-05-19-10-14-57,-895.400024,58.470001,-268.160004,2.200000,-16.299999,-57.099998,2440.699951
2026-05-19-10-14-58,-928.130005,53.500000,-277.859985,16.299999,-10.600000,-100.599998,2517.899902
2026-05-19-10-15-00,-964.280029,52.259998,-284.809998,-19.799999,-7.800000,-42.099998,2591.899902
2026-05-19-10-15-02,-999.880005,52.790001,-293.000000,22.100000,-13.500000,-84.400002,2662.399902
2026-05-19-10-15-03,-1041.540039,53.290001,-301.609985,7.300000,-24.700001,-88.099998,2732.600098
2026-05-19-10-15-05,-1078.770020,51.630001,-313.760010,-15.900000,-41.200001,-65.199997,2800.399902
2026-05-19-10-15-06,-1117.479980,52.020000,-323.679993,-21.100000,-40.599998,-28.200001,2865.500000
2026-05-19-10-15-08,-1158.189941,54.360001,-331.399994,0.100000,-20.900000,-19.299999,2931.699951
2026-05-19-10-15-09,-1201.849976,57.160000,-339.220001,-0.400000,-2.600000,-122.500000,3003.000000
2026-05-19-10-15-11,-1243.680054,57.209999,-347.799988,-15.100000,-6.900000,-66.099998,3070.800049
2026-05-19-10-15-12,-1288.079956,56.279999,-356.579987,-12.200000,-16.900000,-32.500000,3139.399902
2026-05-19-10-15-14,-1325.469971,58.250000,-366.390015,2.900000,-16.299999,-18.200001,3203.600098
2026-05-19-10-15-16,-1363.410034,57.490002,-375.170013,11.900000,12.400000,0.800000,3267.800049
2026-05-19-10-15-17,-1401.380005,57.040001,-383.059998,24.700001,-6.500000,38.400002,3332.600098
2026-05-19-10-15-18,-1432.250000,59.400002,-389.859985,9.300000,-0.900000,-7.100000,3390.800049
2026-05-19-10-15-20,-1468.599976,60.950001,-399.730011,12.200000,-9.200000,-51.599998,3458.600098
2026-05-19-10-15-22,-1504.890015,62.290001,-410.720001,-0.500000,0.900000,-99.000000,3524.600098
2026-05-19-10-15-23,-1544.459961,63.290001,-419.910004,-2.400000,-9.200000,-89.599998,3589.800049
2026-05-19-10-15-25,-1590.060059,63.869999,-428.450012,22.000000,-12.100000,-170.100006,3654.000000
2026-05-19-10-15-26,-1637.989990,68.599998,-441.359985,-0.500000,-23.299999,-177.800003,3718.199951
2026-05-19-10-15-28,-1686.869995,73.730003,-455.140015,-3.200000,-10.300000,-167.399994,3782.500000
2026-05-19-10-15-29,-1730.790039,82.500000,-465.750000,11.600000,-7.200000,-142.399994,3839.600098
2026-05-19-10-15-30,-1776.989990,92.260002,-476.790009,0.400000,-3.900000,-132.199997,3897.100098
2026-05-19-10-15-32,-1830.670044,102.900002,-488.880005,2.700000,-2.300000,-123.599998,3961.899902
2026-05-19-10-15-33,-1878.339966,111.900002,-499.739990,4.400000,1.700000,-129.800003,4018.699951
2026-05-19-10-15-35,-1931.339966,122.000000,-511.989990,2.500000,5.400000,-133.199997,4081.000000
2026-05-19-10-15-36,-1983.160034,131.539993,-524.109985,4.400000,-4.200000,-141.100006,4143.100098
2026-05-19-10-15-38,-2035.550049,140.190002,-536.500000,2.500000,-1.100000,-144.100006,4206.000000
2026-05-19-10-15-40,-2088.540039,148.470001,-549.289978,4.700000,-1.900000,-146.800003,4270.299805
2026-05-19-10-15-41,-2141.510010,156.589996,-563.479980,4.800000,-2.000000,-147.600006,4334.700195
2026-05-19-10-15-43,-2193.050049,164.759995,-577.700012,4.200000,-1.600000,-146.100006,4398.799805
2026-05-19-10-15-44,-2240.169922,173.949997,-590.909973,3.600000,-2.400000,-143.600006,4460.100098
2026-05-19-10-15-46,-2287.820068,183.710007,-604.760010,4.300000,-1.500000,-139.399994,4521.700195
2026-05-19-10-15-47,-2335.110107,193.740005,-619.070007,3.600000,-0.900000,-133.000000,4583.000000
2026-05-19-10-15-49,-2383.129883,204.149994,-633.429993,3.300000,-2.700000,-125.900002,4645.799805
2026-05-19-10-15-51,-2429.620117,215.250000,-647.260010,3.300000,-3.100000,-120.800003,4709.000000
2026-05-19-10-15-52,-2475.219971,225.750000,-661.190002,1.300000,-3.600000,-116.199997,4773.200195
2026-05-19-10-15-54,-2518.639893,234.979996,-674.849976,0.800000,-2.800000,-111.699997,4832.200195
2026-05-19-10-15-55,-2564.449951,244.580002,-688.580017,3.300000,0.200000,-110.199997,4893.200195
2026-05-19-10-15-57,-2610.330078,255.179993,-702.710022,2.300000,-1.300000,-107.599998,4956.500000
2026-05-19-10-15-58,-2656.260010,267.730011,-716.450012,1.500000,-3.700000,-105.599998,5022.700195
2026-05-19-10-16-00,-2700.239990,278.760010,-730.020020,2.800000,-0.600000,-101.199997,5086.100098
2026-05-19-10-16-01,-2747.169922,291.230011,-744.940002,0.100000,-3.100000,-97.400002,5153.899902
2026-05-19-10-16-03,-2794.189941,303.480011,-760.229980,3.000000,-1.700000,-107.599998,5222.100098
2026-05-19-10-16-04,-2839.629883,317.079987,-776.179993,4.400000,-1.300000,-115.699997,5291.700195
2026-05-19-10-16-06,-2884.110107,330.029999,-791.000000,3.000000,-2.700000,-122.699997,5363.000000
2026-05-19-10-16-08,-2927.760010,342.299988,-805.549988,3.800000,-3.100000,-129.800003,5435.100098
2026-05-19-10-16-09,-2972.139893,354.440002,-819.549988,4.400000,-0.500000,-148.899994,5509.600098
2026-05-19-10-16-11,-3016.629883,367.209991,-832.440002,-52.500000,-3.500000,-145.300003,5585.799805
2026-05-19-10-16-12,-3053.219971,377.640015,-840.039978,-99.099998,15.300000,-173.500000,5650.299805
2026-05-19-10-16-13,-3053.219971,377.640015,-840.039978,-99.099998,15.300000,-173.500000,5650.299805
2026-05-19-10-16-15,0.810000,-16.049999,-7.330000,14.200000,4.200000,-2.800000,1.400000
2026-05-19-10-16-17,2.140000,-19.400000,-9.630000,36.299999,11.300000,-7.900000,6.800000
2026-05-19-10-16-18,2.010000,-20.459999,-11.740000,54.299999,12.400000,-8.800000,13.400000
2026-05-19-10-16-19,1.740000,-21.500000,-14.540000,55.000000,12.200000,-8.800000,23.700001
2026-05-19-10-16-21,1.650000,-22.100000,-17.190001,55.500000,12.000000,-8.900000,34.900002
2026-05-19-10-16-23,1.870000,-22.200001,-19.809999,55.900002,11.900000,-8.900000,48.599998
2026-05-19-10-16-24,2.140000,-21.940001,-21.900000,55.900002,11.800000,-8.900000,61.500000
2026-05-19-10-16-25,2.590000,-21.350000,-23.840000,56.000000,11.700000,-8.900000,75.699997
2026-05-19-10-16-27,3.160000,-20.540001,-25.820000,56.099998,11.600000,-8.900000,91.500000
2026-05-19-10-16-28,3.870000,-19.620001,-27.680000,56.000000,11.600000,-8.900000,108.000000
2026-05-19-10-16-30,4.650000,-18.600000,-29.400000,56.000000,11.600000,-8.800000,125.000000
2026-05-19-10-16-31,5.630000,-17.309999,-31.090000,56.099998,11.500000,-8.700000,144.199997
2026-05-19-10-16-32,6.680000,-16.000000,-32.570000,56.099998,11.500000,-8.700000,163.399994
2026-05-19-10-16-34,7.880000,-14.610000,-34.020000,56.099998,11.400000,-8.700000,183.600006
2026-05-19-10-16-35,9.190000,-12.990000,-35.480000,56.099998,11.300000,-8.700000,205.800003
2026-05-19-10-16-37,10.510000,-11.360000,-36.889999,56.099998,11.300000,-8.700000,228.300003
2026-05-19-10-16-38,11.860000,-9.700000,-38.110001,56.099998,11.100000,-8.800000,251.100006
2026-05-19-10-16-40,13.500000,-7.770000,-39.410000,56.200001,11.200000,-8.500000,276.399994
2026-05-19-10-16-41,15.220000,-5.660000,-40.509998,56.200001,11.100000,-8.600000,302.299988
2026-05-19-10-16-42,16.860001,-3.450000,-41.490002,56.099998,11.100000,-8.600000,328.600006
2026-05-19-10-16-44,18.650000,-1.010000,-42.439999,56.200001,11.100000,-8.500000,357.399994
2026-05-19-10-16-45,20.370001,1.440000,-43.349998,56.200001,11.000000,-8.400000,386.000000
2026-05-19-10-16-47,22.170000,3.880000,-44.189999,56.299999,11.000000,-8.400000,415.200012
2026-05-19-10-16-48,24.139999,6.610000,-45.049999,56.299999,10.900000,-8.300000,447.600006
2026-05-19-10-16-49,26.110001,9.270000,-45.830002,56.299999,10.900000,-8.200000,480.200012
2026-05-19-10-16-51,27.910000,11.870000,-46.619999,56.299999,10.800000,-8.200000,513.200012
2026-05-19-10-16-52,29.900000,14.690000,-47.340000,56.299999,10.700000,-8.200000,549.599976
2026-05-19-10-16-54,31.840000,17.420000,-47.970001,56.299999,10.700000,-8.100000,586.000000
2026-05-19-10-16-55,33.840000,20.190001,-48.509998,56.500000,10.600000,-8.100000,623.299988
2026-05-19-10-16-57,35.900002,23.230000,-49.080002,56.599998,10.600000,-8.000000,664.099976
2026-05-19-10-16-58,37.849998,26.120001,-49.619999,56.599998,10.500000,-8.000000,703.700012
2026-05-19-10-16-59,39.840000,29.070000,-50.099998,56.599998,10.400000,-8.000000,744.500000
2026-05-19-10-17-01,42.020000,32.349998,-50.570000,56.500000,10.400000,-7.900000,789.400024
2026-05-19-10-17-02,44.160000,35.430000,-51.020000,56.599998,10.300000,-7.900000,833.799988
2026-05-19-10-17-04,46.340000,38.630001,-51.439999,56.599998,10.200000,-7.900000,879.599976
2026-05-19-10-17-05,48.250000,42.029999,-52.290001,56.599998,10.200000,-7.700000,928.700012
2026-05-19-10-17-06,50.240002,45.279999,-53.099998,56.599998,10.100000,-7.700000,978.299988
2026-05-19-10-17-08,52.169998,48.480000,-53.820000,56.599998,10.100000,-7.700000,1028.599976
2026-05-19-10-17-09,54.230000,51.840000,-54.560001,56.599998,10.100000,-7.600000,1082.599976
2026-05-19-10-17-11,56.160000,55.119999,-55.209999,56.599998,10.000000,-7.600000,1135.300049
2026-05-19-10-17-12,58.080002,58.590000,-56.060001,56.700001,9.900000,-7.600000,1190.900024
2026-05-19-10-17-14,60.119999,62.230000,-57.029999,56.700001,9.900000,-7.500000,1250.800049
2026-05-19-10-17-15,62.130001,65.790001,-57.750000,56.500000,9.900000,-7.400000,1309.099976
2026-05-19-10-17-16,63.860001,69.529999,-60.009998,56.500000,9.800000,-7.400000,1369.000000
2026-05-19-10-17-18,65.739998,73.639999,-62.410000,56.700001,9.800000,-7.300000,1433.900024
2026-05-19-10-17-19,67.540001,77.699997,-64.839996,56.599998,9.800000,-7.300000,1498.699951
2026-05-19-10-17-21,69.169998,81.480003,-67.110001,56.599998,9.900000,-7.200000,1563.400024
2026-05-19-10-17-22,70.730003,85.410004,-69.620003,56.599998,9.800000,-7.200000,1634.400024
2026-05-19-10-17-23,72.169998,89.199997,-72.089996,56.700001,9.700000,-7.200000,1704.900024
2026-05-19-10-17-25,73.550003,93.010002,-74.519997,56.700001,9.700000,-7.200000,1775.699951
2026-05-19-10-17-26,74.889999,97.019997,-77.089996,56.700001,9.600000,-7.200000,1852.099976
2026-05-19-10-17-28,76.150002,100.970001,-79.500000,56.799999,9.500000,-7.100000,1928.400024
2026-05-19-10-17-29,77.349998,104.839996,-82.019997,56.799999,9.500000,-7.100000,2005.199951
2026-05-19-10-17-31,78.620003,108.830002,-84.610001,56.799999,9.400000,-7.100000,2087.000000
2026-05-19-10-17-32,79.800003,112.680000,-87.040001,56.700001,9.400000,-7.100000,2167.100098
2026-05-19-10-17-33,80.930000,116.519997,-89.459999,56.700001,9.300000,-7.000000,2249.000000
2026-05-19-10-17-35,82.209999,120.599998,-92.029999,56.700001,9.200000,-7.000000,2337.899902
2026-05-19-10-17-36,83.459999,124.639999,-94.540001,56.799999,9.200000,-7.000000,2426.199951
2026-05-19-10-17-38,84.750000,128.699997,-97.080002,56.799999,9.200000,-6.900000,2515.899902
2026-05-19-10-17-39,86.089996,132.970001,-99.709999,56.799999,9.100000,-6.900000,2611.100098
2026-05-19-10-17-40,87.459999,137.139999,-102.150002,56.799999,9.100000,-6.900000,2703.600098
2026-05-19-10-17-42,88.870003,141.360001,-104.500000,56.799999,9.100000,-6.800000,2798.500000
2026-05-19-10-17-43,90.419998,145.839996,-106.870003,56.700001,9.000000,-6.900000,2900.899902
2026-05-19-10-17-45,91.889999,150.080002,-109.169998,56.799999,8.900000,-6.800000,2999.000000
2026-05-19-10-17-46,93.650002,155.020004,-111.800003,56.799999,9.000000,-6.800000,3112.899902
2026-05-19-10-17-48,95.089996,158.990005,-113.919998,57.200001,6.200000,-5.100000,3207.000000
2026-05-19-10-17-49,96.919998,163.539993,-116.440002,56.799999,-0.800000,-6.200000,3313.000000
2026-05-19-10-17-50,98.400002,167.089996,-118.029999,37.200001,11.500000,-5.100000,3420.899902
2026-05-19-10-17-52,100.550003,172.169998,-117.820000,-23.000000,21.200001,1.800000,3536.500000
2026-05-19-10-17-53,100.849998,177.720001,-118.029999,-37.700001,20.500000,9.100000,3645.600098
2026-05-19-10-17-55,102.419998,184.960007,-116.510002,-41.400002,12.500000,4.400000,3759.699951
2026-05-19-10-17-56,102.879997,190.630005,-114.160004,-10.400000,11.000000,-13.700000,3871.300049
2026-05-19-10-17-57,103.940002,194.190002,-110.540001,21.900000,22.799999,-7.000000,3982.300049
2026-05-19-10-17-59,105.459999,196.009995,-106.660004,18.400000,12.900000,-0.600000,4094.500000
2026-05-19-10-18-00,107.339996,197.080002,-102.260002,26.100000,19.799999,-3.100000,4225.700195
2026-05-19-10-18-02,108.739998,197.179993,-98.879997,47.599998,11.400000,-11.000000,4343.500000
2026-05-19-10-18-03,109.830002,197.520004,-95.910004,59.599998,13.500000,-11.700000,4462.899902
2026-05-19-10-18-04,111.589996,198.259995,-93.720001,57.400002,13.200000,-8.200000,4583.500000
2026-05-19-10-18-06,0.050000,0.030000,0.070000,54.900002,11.200000,-4.800000,0.800000
2026-05-19-10-18-07,-0.240000,0.370000,-0.130000,-2.800000,6.000000,2.200000,6.400000
2026-05-19-10-18-08,-1.150000,-8.200000,-4.930000,-3.300000,-2.900000,-1.700000,13.600000
2026-05-19-10-18-10,-1.330000,-24.160000,-13.720000,5.700000,-2.600000,-7.800000,22.700001
2026-05-19-10-18-11,-0.460000,-44.580002,-25.309999,3.600000,4.100000,-17.299999,32.799999
2026-05-19-10-18-12,-0.800000,-69.720001,-39.290001,-1.500000,1.900000,-63.400002,43.900002
2026-05-19-10-18-14,-1.760000,-101.209999,-56.259998,0.600000,3.200000,-111.500000,56.400002
2026-05-19-10-18-15,-4.940000,-134.360001,-74.989998,-3.900000,-2.000000,-85.099998,68.800003
2026-05-19-10-18-16,-9.500000,-172.039993,-94.930000,10.100000,-20.000000,-89.199997,82.400002
2026-05-19-10-18-18,-12.240000,-218.070007,-120.459999,11.700000,-14.800000,-101.800003,98.099998
2026-05-19-10-18-19,-17.809999,-266.559998,-149.479996,-2.100000,15.800000,-88.699997,114.699997
2026-05-19-10-18-21,-23.330000,-319.790009,-184.729996,3.000000,0.000000,111.440002,132.199997
2026-05-19-10-18-22,-29.709999,-376.619995,-221.320007,13.300000,-19.100000,-87.800003,150.800003
2026-05-19-10-18-23,-31.639999,-439.619995,-261.670013,21.900000,23.600000,-89.300003,170.300003
2026-05-19-10-18-25,-31.820000,-507.850006,-306.070007,-2.100000,-6.600000,-78.900002,190.899994
2026-05-19-10-18-26,-31.750000,-577.039978,-348.450012,-7.200000,13.200000,-72.099998,212.000000
2026-05-19-10-18-28,-31.820000,-650.890015,-392.730011,9.100000,-6.700000,-71.300003,234.100006
2026-05-19-10-18-29,-28.139999,-732.260010,-440.859985,17.600000,-6.400000,-121.500000,257.899994
2026-05-19-10-18-30,-23.580000,-815.719971,-492.489990,-1.800000,-11.600000,-126.300003,282.600006
2026-05-19-10-18-32,-19.459999,-901.049988,-544.150024,4.000000,2.800000,-128.199997,307.799988
2026-05-19-10-18-33,-14.810000,-990.380005,-597.080017,3.200000,2.400000,-126.500000,334.100006
2026-05-19-10-18-35,-11.340000,-1086.650024,-652.239990,4.300000,2.100000,-123.900002,362.399994
2026-05-19-10-18-36,-8.670000,-1186.530029,-708.099976,5.600000,3.400000,-120.199997,392.000000
2026-05-19-10-18-38,-5.860000,-1293.280029,-767.369995,4.200000,3.400000,-115.800003,424.000000
2026-05-19-10-18-39,-3.510000,-1401.150024,-827.000000,5.800000,3.200000,-111.500000,457.200012
2026-05-19-10-18-41,-1.380000,-1511.359985,-886.979980,5.700000,1.900000,-108.400002,491.899994
2026-05-19-10-18-42,0.630000,-1621.000000,-946.219971,5.800000,2.700000,-103.900002,527.200012
2026-05-19-10-18-44,3.300000,-1727.479980,-1003.090027,5.800000,2.900000,-100.599998,562.299988
2026-05-19-10-18-45,6.520000,-1828.609985,-1057.380005,5.500000,1.200000,-97.000000,596.500000
2026-05-19-10-18-46,9.300000,-1935.319946,-1115.109985,4.800000,1.100000,-93.199997,633.700012
2026-05-19-10-18-48,11.520000,-2046.939941,-1174.280029,6.000000,2.000000,-90.300003,673.700012
2026-05-19-10-18-49,14.330000,-2149.120117,-1228.239990,6.500000,1.400000,-89.099998,711.299988
2026-05-19-10-18-50,17.309999,-2249.419922,-1281.869995,5.600000,0.500000,-87.699997,749.200012
2026-05-19-10-18-52,18.740000,-2357.469971,-1338.800049,5.300000,0.500000,-87.699997,790.799988
2026-05-19-10-18-53,19.510000,-2467.840088,-1395.949951,7.200000,1.400000,-87.800003,834.099976
2026-05-19-10-18-55,22.350000,-2580.510010,-1454.520020,4.800000,0.600000,-89.300003,879.700012
2026-05-19-10-18-56,25.180000,-2697.870117,-1515.579956,7.200000,1.200000,-89.099998,928.400024
2026-05-19-10-18-57,27.129999,-2803.419922,-1569.439941,7.200000,0.300000,-87.599998,973.500000
2026-05-19-10-18-59,28.610001,-2920.149902,-1628.680054,6.900000,1.500000,-86.199997,1024.400024
2026-05-19-10-19-00,30.170000,-3033.370117,-1686.630005,4.800000,-0.200000,-84.699997,1075.099976
2026-05-19-10-19-02,30.820000,-3145.949951,-1743.560059,6.600000,1.700000,-81.900002,1126.900024
2026-05-19-10-19-03,30.629999,-3265.250000,-1803.239990,6.700000,-0.200000,-80.000000,1183.099976
2026-05-19-10-19-04,30.730000,-3379.489990,-1859.829956,5.500000,10.500000,-129.899994,1238.300049
2026-05-19-10-19-06,32.740002,-3491.350098,-1915.609985,4.200000,1.600000,-101.699997,1294.300049
2026-05-19-10-19-07,33.279999,-3592.790039,-1965.089966,9.300000,1.500000,-84.599998,1346.800049
2026-05-19-10-19-08,33.320000,-3704.419922,-2019.180054,3.200000,4.600000,-122.099998,1406.199951
2026-05-19-10-19-10,34.020000,-3817.669922,-2074.169922,4.600000,4.200000,-128.600006,1468.000000
2026-05-19-10-19-11,34.419998,-3926.780029,-2127.580078,5.600000,4.000000,-130.699997,1529.000000
2026-05-19-10-19-12,35.689999,-4026.419922,-2176.219971,4.600000,3.500000,-129.600006,1585.599976
2026-05-19-10-19-14,36.389999,-4137.890137,-2229.770020,6.200000,3.600000,-128.100006,1650.099976
2026-05-19-10-19-15,36.910000,-4250.879883,-2283.909912,4.500000,4.100000,-125.500000,1716.800049
2026-05-19-10-19-16,37.380001,-4368.430176,-2340.080078,4.900000,3.000000,-122.000000,1787.800049
2026-05-19-10-19-18,37.049999,-4482.270020,-2394.209961,5.700000,4.000000,-117.099998,1858.199951
2026-05-19-10-19-19,37.290001,-4602.939941,-2452.000000,7.200000,1.800000,-114.000000,1934.500000
2026-05-19-10-19-21,37.880001,-4722.080078,-2508.280029,5.700000,3.600000,-110.900002,2011.099976
2026-05-19-10-19-22,39.820000,-4842.890137,-2566.459961,6.600000,1.500000,-107.000000,2090.800049
2026-05-19-10-19-23,41.230000,-4957.589844,-2621.250000,6.000000,2.000000,-103.199997,2167.800049
2026-05-19-10-19-25,41.439999,-5070.680176,-2674.000000,4.600000,2.300000,-102.099998,2244.899902
2026-05-19-10-19-26,43.009998,-5193.779785,-2732.080078,7.300000,1.500000,-99.000000,2330.899902
2026-05-19-10-19-27,43.900002,-5305.160156,-2784.489990,9.000000,2.700000,-97.500000,2410.399902
2026-05-19-10-19-29,44.520000,-5432.189941,-2843.649902,5.300000,3.100000,-97.500000,2503.100098
2026-05-19-10-19-30,46.840000,-5545.520020,-2897.689941,7.100000,1.200000,-97.500000,2588.000000
2026-05-19-10-19-32,48.860001,-5660.160156,-2951.979980,6.400000,1.700000,-96.699997,2675.000000
2026-05-19-10-19-47,-1.280000,0.770000,0.420000,-7.500000,5.300000,174.000000,0.700000
2026-05-19-10-19-47,-1.870000,0.900000,0.200000,-7.500000,5.300000,174.000000,0.900000
2026-05-19-10-19-47,-1.860000,0.920000,0.240000,-6.200000,5.900000,173.000000,0.900000
2026-05-19-10-19-47,-1.840000,0.970000,0.210000,-6.600000,5.800000,170.699997,0.900000
2026-05-19-10-19-48,-1.840000,0.920000,0.170000,-10.800000,4.800000,152.000000,0.900000
2026-05-19-10-19-48,-1.830000,0.840000,0.180000,-14.500000,0.100000,120.400002,0.900000
2026-05-19-10-19-48,-1.830000,0.860000,0.190000,-16.900000,-4.100000,108.300003,0.900000
2026-05-19-10-19-49,-1.820000,0.910000,0.220000,-24.000000,-1.800000,126.900002,0.900000
2026-05-19-10-19-49,-1.750000,0.980000,0.220000,-26.200001,2.800000,145.699997,0.900000
2026-05-19-10-19-50,-1.730000,1.000000,0.220000,-27.000000,5.200000,149.899994,0.900000
2026-05-19-10-19-50,-1.730000,1.040000,0.240000,-24.600000,11.000000,151.199997,0.900000
2026-05-19-10-19-50,-1.690000,1.060000,0.230000,-23.299999,13.000000,152.600006,0.900000
2026-05-19-10-19-51,-1.690000,1.040000,0.230000,-23.100000,11.800000,153.500000,0.900000
2026-05-19-10-19-51,-1.690000,1.080000,0.260000,-18.900000,11.000000,153.500000,0.900000
2026-05-19-10-19-51,-1.690000,1.050000,0.240000,-20.100000,9.600000,152.300003,0.900000
2026-05-19-10-19-52,-1.690000,1.040000,0.250000,-23.500000,8.900000,152.000000,0.900000
2026-05-19-10-19-52,-1.650000,1.090000,0.280000,-21.700001,7.800000,150.600006,0.900000
2026-05-19-10-19-53,-1.640000,1.110000,0.250000,-19.400000,8.000000,148.500000,0.900000
2026-05-19-10-19-53,-1.660000,1.060000,0.220000,-17.500000,6.500000,146.300003,0.900000
2026-05-19-10-19-53,-1.670000,1.050000,0.250000,-15.900000,6.900000,144.000000,0.900000
2026-05-19-10-19-54,-1.640000,1.080000,0.300000,-11.300000,5.700000,143.000000,0.900000
2026-05-19-10-19-54,-1.610000,1.090000,0.270000,-9.300000,4.500000,140.199997,0.900000
2026-05-19-10-19-54,-1.660000,1.060000,0.230000,-10.600000,5.300000,136.800003,0.900000
2026-05-19-10-19-55,-1.670000,1.060000,0.240000,-12.000000,5.600000,135.399994,0.900000
2026-05-19-10-19-55,-1.620000,1.060000,0.270000,-11.400000,5.000000,133.100006,0.900000
2026-05-19-10-19-56,-1.600000,1.060000,0.290000,-10.700000,4.200000,130.600006,0.900000
2026-05-19-10-19-56,-1.610000,1.050000,0.250000,-9.600000,4.300000,127.099998,0.900000
2026-05-19-10-19-56,-1.630000,1.030000,0.230000,-9.200000,4.500000,125.400002,0.900000
2026-05-19-10-19-56,-1.640000,1.050000,0.220000,-9.000000,4.800000,124.400002,0.900000
2026-05-19-10-19-57,-1.640000,1.050000,0.250000,-7.300000,5.300000,122.300003,0.900000
2026-05-19-10-19-57,-1.590000,1.040000,0.300000,-6.000000,4.200000,120.400002,0.900000
2026-05-19-10-19-58,-1.580000,1.020000,0.290000,-6.500000,3.200000,115.800003,0.900000
2026-05-19-10-19-58,-1.590000,1.040000,0.240000,-7.300000,4.100000,114.000000,0.900000
2026-05-19-10-19-58,-1.610000,1.040000,0.210000,-8.600000,3.100000,111.599998,0.900000
2026-05-19-10-19-59,-1.640000,1.010000,0.250000,-8.500000,3.600000,108.300003,0.900000
2026-05-19-10-19-59,-1.580000,1.010000,0.310000,-4.700000,3.100000,105.500000,0.900000
2026-05-19-10-19-59,-1.550000,1.000000,0.290000,-4.000000,3.700000,103.099998,0.900000
2026-05-19-10-20-00,-1.560000,1.000000,0.250000,-5.400000,2.700000,100.099998,0.900000
2026-05-19-10-20-00,-1.610000,1.000000,0.210000,-7.600000,0.900000,97.699997,0.900000
2026-05-19-10-20-00,-1.620000,1.010000,0.250000,-7.400000,2.800000,95.099998,0.900000
2026-05-19-10-20-01,-1.590000,0.990000,0.290000,-9.000000,3.100000,92.000000,0.900000
2026-05-19-10-20-01,-1.580000,0.960000,0.280000,-8.000000,3.000000,89.500000,0.900000
2026-05-19-10-20-01,-1.550000,0.970000,0.260000,-7.300000,3.600000,87.699997,0.900000
2026-05-19-10-20-02,-1.560000,0.970000,0.220000,-5.800000,0.800000,85.699997,0.900000
2026-05-19-10-20-02,-1.590000,0.970000,0.230000,-5.500000,1.300000,82.099998,0.900000
2026-05-19-10-20-03,-1.580000,0.980000,0.260000,-4.200000,2.200000,79.599998,0.900000
2026-05-19-10-20-03,-1.560000,0.940000,0.270000,-4.600000,2.300000,77.099998,0.900000
2026-05-19-10-20-03,-1.540000,0.930000,0.270000,-4.600000,2.400000,74.500000,0.900000
2026-05-19-10-20-04,-1.550000,0.940000,0.230000,-6.700000,2.900000,71.199997,0.900000
2026-05-19-10-20-05,-1.500000,1.210000,0.270000,-15.600000,10.100000,75.000000,0.900000
2026-05-19-10-20-05,-1.420000,1.340000,0.270000,-17.200001,3.900000,77.099998,0.900000
2026-05-19-10-20-05,-1.380000,1.400000,0.250000,-16.500000,-3.300000,69.900002,0.900000
2026-05-19-10-20-05,-1.350000,1.540000,0.200000,-14.300000,-10.600000,52.500000,0.900000
2026-05-19-10-20-06,-1.300000,1.730000,0.210000,-17.600000,-10.600000,48.200001,0.900000
2026-05-19-10-20-06,-1.230000,1.870000,0.250000,-20.100000,-10.700000,48.299999,0.900000
2026-05-19-10-20-06,-1.200000,2.070000,0.250000,-25.200001,-14.300000,50.599998,0.900000
2026-05-19-10-20-07,-1.110000,2.130000,0.280000,-28.200001,-15.300000,52.799999,0.900000
2026-05-19-10-20-07,-0.980000,2.240000,0.280000,-33.799999,-16.700001,56.200001,0.900000
2026-05-19-10-20-07,-0.860000,2.390000,0.300000,-38.500000,-15.200000,58.799999,0.900000
2026-05-19-10-20-08,-0.760000,2.580000,0.320000,-42.500000,-14.000000,62.000000,0.900000
2026-05-19-10-20-08,-0.690000,2.710000,0.340000,-43.400002,-13.100000,63.099998,0.900000
2026-05-19-10-20-08,-0.650000,2.810000,0.360000,-42.400002,-14.500000,60.700001,0.900000
2026-05-19-10-20-08,-0.620000,2.900000,0.380000,-37.200001,-20.400000,51.799999,0.900000
2026-05-19-10-20-09,-0.590000,2.980000,0.400000,-33.099998,-23.100000,44.200001,0.900000
2026-05-19-10-20-09,-0.530000,3.040000,0.430000,-32.500000,-23.000000,40.799999,0.900000
2026-05-19-10-20-09,-0.370000,3.180000,0.500000,-30.400000,-11.400000,30.000000,0.900000
2026-05-19-10-20-09,-0.280000,3.250000,0.510000,-31.500000,-5.000000,25.500000,0.900000
2026-05-19-10-20-10,-0.180000,3.310000,0.490000,-34.200001,-2.400000,24.799999,0.900000
2026-05-19-10-20-10,-0.080000,3.380000,0.480000,-37.500000,-1.400000,26.100000,0.900000
2026-05-19-10-20-10,0.010000,3.460000,0.470000,-43.900002,0.200000,27.200001,0.900000
2026-05-19-10-20-10,0.100000,3.560000,0.480000,-51.500000,9.900000,18.200001,0.900000
2026-05-19-10-20-11,0.170000,3.610000,0.480000,-54.599998,16.600000,9.500000,0.900000
2026-05-19-10-20-11,0.250000,3.630000,0.460000,-55.500000,18.100000,8.900000,0.900000
2026-05-19-10-20-11,0.350000,3.630000,0.420000,-54.400002,12.000000,9.000000,0.900000
2026-05-19-10-20-11,0.440000,3.630000,0.370000,-50.799999,0.500000,6.300000,0.900000
2026-05-19-10-20-11,0.550000,3.640000,0.320000,-43.700001,-13.600000,-0.300000,0.900000
2026-05-19-10-20-12,0.640000,3.660000,0.280000,-31.900000,-26.400000,-11.800000,0.900000
2026-05-19-10-20-12,0.730000,3.680000,0.260000,-23.600000,-33.299999,-20.799999,0.900000
2026-05-19-10-20-12,0.820000,3.700000,0.270000,-20.299999,-37.200001,-25.299999,0.900000
2026-05-19-10-20-12,0.890000,3.700000,0.310000,-19.400000,-39.900002,-26.799999,0.900000
2026-05-19-10-20-13,0.960000,3.680000,0.360000,-21.100000,-41.799999,-27.200001,0.900000
2026-05-19-10-20-13,1.040000,3.650000,0.430000,-25.200001,-43.799999,-27.000000,0.900000
2026-05-19-10-20-13,1.120000,3.630000,0.500000,-29.799999,-45.299999,-27.100000,0.900000
2026-05-19-10-20-13,1.190000,3.590000,0.580000,-35.599998,-46.500000,-25.200001,0.900000
2026-05-19-10-20-14,1.300000,3.500000,0.680000,-56.700001,-38.799999,-7.700000,0.900000
2026-05-19-10-20-14,1.380000,3.460000,0.720000,-66.900002,-30.700001,-1.000000,0.900000
2026-05-19-10-20-14,1.550000,3.470000,0.790000,-66.099998,-25.900000,0.200000,0.900000
2026-05-19-10-20-15,1.660000,3.490000,0.830000,-60.200001,-25.100000,0.900000,0.900000
2026-05-19-10-20-15,1.700000,3.480000,0.870000,-52.200001,-24.700001,-0.800000,0.900000
2026-05-19-10-20-15,1.710000,3.460000,0.900000,-47.000000,-23.900000,-3.200000,0.900000
2026-05-19-10-20-15,1.720000,3.420000,0.890000,-41.900002,-22.900000,-6.800000,0.900000
2026-05-19-10-20-16,1.730000,3.390000,0.870000,-38.500000,-21.500000,-10.800000,0.900000
2026-05-19-10-20-16,1.750000,3.370000,0.840000,-35.099998,-21.200001,-17.299999,0.900000
2026-05-19-10-20-16,1.770000,3.310000,0.820000,-28.100000,-30.100000,-39.200001,0.900000
2026-05-19-10-20-16,1.820000,3.400000,0.760000,-24.700001,-34.000000,-54.099998,0.900000
2026-05-19-10-20-17,1.870000,3.420000,0.780000,-21.200001,-35.799999,-71.000000,0.900000
2026-05-19-10-20-17,1.870000,3.410000,0.810000,-17.799999,-35.200001,-79.300003,0.900000
2026-05-19-10-20-17,1.830000,3.370000,0.810000,-14.700000,-33.900002,-85.000000,0.900000
2026-05-19-10-20-17,1.790000,3.320000,0.780000,-13.000000,-31.200001,-88.500000,0.900000
2026-05-19-10-20-18,1.770000,3.290000,0.720000,-12.200000,-27.799999,-93.599998,0.900000
2026-05-19-10-20-18,1.820000,3.310000,0.680000,-12.100000,-25.700001,-99.699997,0.900000
2026-05-19-10-20-18,1.850000,3.330000,0.700000,-11.800000,-22.900000,-104.000000,0.900000
2026-05-19-10-20-19,1.830000,3.310000,0.770000,-9.200000,-16.299999,-108.400002,0.900000
2026-05-19-10-20-19,1.780000,3.290000,0.790000,-7.700000,-10.400000,-110.000000,0.900000
2026-05-19-10-20-19,1.770000,3.310000,0.770000,-7.300000,-9.200000,-109.400002,0.900000
2026-05-19-10-20-20,1.760000,3.320000,0.750000,-5.600000,-7.500000,-112.099998,0.900000
2026-05-19-10-20-20,1.760000,3.320000,0.740000,-5.600000,-5.200000,-112.300003,0.900000
2026-05-19-10-20-20,1.800000,3.290000,0.710000,-7.500000,-2.900000,-111.599998,0.900000
2026-05-19-10-20-21,1.790000,3.290000,0.730000,-7.300000,-0.300000,-111.300003,0.900000
2026-05-19-10-20-21,1.730000,3.290000,0.790000,-6.800000,2.400000,-112.400002,0.900000
2026-05-19-10-20-22,1.730000,3.320000,0.780000,-5.600000,1.300000,-111.800003,0.900000
2026-05-19-10-20-22,1.740000,3.320000,0.730000,-5.000000,2.600000,-113.199997,0.900000
2026-05-19-10-20-22,1.780000,3.300000,0.730000,-3.400000,3.100000,-112.099998,0.900000
2026-05-19-10-20-23,1.730000,3.320000,0.750000,-1.300000,3.600000,-112.300003,0.900000
2026-05-19-10-20-23,1.690000,3.340000,0.770000,-0.300000,4.600000,-113.199997,0.900000
2026-05-19-10-20-23,1.720000,3.340000,0.750000,-1.300000,4.500000,-113.099998,0.900000
2026-05-19-10-20-24,1.780000,3.340000,0.750000,-3.400000,3.100000,-113.000000,0.900000
2026-05-19-10-20-24,1.770000,3.350000,0.790000,-0.800000,3.900000,-113.900002,0.900000
2026-05-19-10-20-25,1.680000,3.390000,0.760000,2.200000,4.700000,-115.000000,0.900000
2026-05-19-10-20-25,1.750000,3.380000,0.730000,0.000000,4.100000,-114.800003,0.900000
2026-05-19-10-20-25,1.790000,3.370000,0.750000,-0.100000,4.200000,-117.000000,0.900000
2026-05-19-10-20-26,1.770000,3.390000,0.770000,0.000000,4.600000,-116.699997,0.900000
2026-05-19-10-20-26,1.760000,3.410000,0.770000,-0.300000,4.900000,-119.099998,0.900000
2026-05-19-10-20-26,1.780000,3.410000,0.780000,-0.300000,4.900000,-119.599998,0.900000
2026-05-19-10-20-27,1.770000,3.430000,0.760000,0.000000,4.300000,-119.800003,0.900000
2026-05-19-10-20-27,1.780000,3.430000,0.750000,0.900000,4.400000,-120.900002,0.900000
2026-05-19-10-20-27,1.770000,3.450000,0.750000,1.800000,4.600000,-122.099998,0.900000
2026-05-19-10-20-28,1.790000,3.450000,0.730000,0.500000,5.600000,-124.900002,0.900000
2026-05-19-10-20-28,1.840000,3.450000,0.780000,0.100000,4.600000,-125.000000,0.900000
2026-05-19-10-20-28,1.820000,3.490000,0.800000,3.300000,3.700000,-127.000000,0.900000
2026-05-19-10-20-29,1.730000,3.560000,0.770000,14.800000,8.000000,-131.399994,0.900000
2026-05-19-10-20-29,1.710000,3.540000,0.760000,7.400000,9.200000,-139.300003,0.900000
2026-05-19-10-20-30,1.700000,3.540000,0.790000,-7.700000,7.200000,-144.600006,0.900000
2026-05-19-10-20-30,1.650000,3.610000,0.810000,-12.600000,5.000000,-148.100006,0.900000
2026-05-19-10-20-30,1.630000,3.610000,0.820000,-20.100000,19.600000,-157.300003,0.900000
2026-05-19-10-20-31,1.580000,3.520000,0.870000,-34.799999,45.099998,-177.800003,0.900000
2026-05-19-10-20-31,1.530000,3.490000,0.940000,-42.400002,48.400002,170.800003,0.900000
2026-05-19-10-20-32,1.510000,3.510000,0.970000,-37.400002,37.400002,177.300003,0.900000
2026-05-19-10-20-32,1.520000,3.550000,0.970000,-30.700001,22.400000,-173.399994,0.900000
2026-05-19-10-20-32,1.540000,3.620000,0.880000,-26.900000,-17.299999,-154.100006,0.900000
2026-05-19-10-20-32,1.500000,3.760000,0.830000,-36.099998,-41.599998,-138.100006,0.900000
2026-05-19-10-20-33,1.410000,4.060000,0.900000,-56.299999,-57.200001,-115.500000,0.900000
2026-05-19-10-20-33,1.500000,3.660000,0.820000,-88.300003,-63.799999,-82.300003,0.900000
2026-05-19-10-20-33,1.490000,3.820000,0.920000,-91.599998,-65.500000,-86.099998,0.900000
2026-05-19-10-20-34,1.530000,3.670000,0.880000,-78.699997,-64.900002,-103.500000,0.900000
2026-05-19-10-20-34,1.560000,3.760000,0.880000,-52.000000,-56.400002,-136.500000,0.900000
2026-05-19-10-20-34,1.610000,3.760000,0.850000,-32.200001,-44.299999,-159.199997,0.900000
2026-05-19-10-20-34,1.640000,3.700000,0.850000,-22.700001,-22.100000,-178.800003,0.900000
2026-05-19-10-20-35,1.530000,3.640000,0.920000,-22.500000,-2.800000,173.000000,0.900000
2026-05-19-10-20-35,1.260000,3.740000,0.920000,-23.100000,-12.400000,179.899994,0.900000
2026-05-19-10-20-36,1.210000,3.790000,0.890000,-25.600000,-24.799999,-173.899994,0.900000
2026-05-19-10-20-36,1.090000,3.850000,0.940000,-31.000000,-30.200001,-169.100006,0.900000
2026-05-19-10-20-36,0.890000,3.890000,1.040000,-38.799999,-42.400002,-157.399994,0.900000
2026-05-19-10-20-37,0.880000,3.940000,1.060000,-51.400002,-55.000000,-140.100006,0.900000
2026-05-19-10-20-37,0.920000,4.020000,1.110000,-85.300003,-63.200001,-102.099998,0.900000
2026-05-19-10-20-37,0.890000,3.920000,1.200000,-90.000000,-62.900002,-98.400002,0.900000
2026-05-19-10-20-37,0.900000,3.830000,1.340000,-79.000000,-61.799999,-111.599998,0.900000
2026-05-19-10-20-38,0.940000,3.850000,1.620000,-59.400002,-56.599998,-133.500000,0.900000
2026-05-19-10-20-38,0.960000,3.880000,1.880000,-44.299999,-47.799999,-148.600006,0.900000
2026-05-19-10-20-38,0.770000,3.800000,1.930000,-30.200001,-36.299999,-158.100006,0.900000
2026-05-19-10-20-39,0.660000,3.770000,2.010000,-21.000000,-46.000000,-160.100006,0.900000
2026-05-19-10-20-39,0.620000,3.720000,2.050000,-20.000000,-56.700001,-158.500000,0.900000
2026-05-19-10-20-39,0.640000,3.630000,2.140000,-17.600000,-56.000000,-161.000000,0.900000
2026-05-19-10-20-39,0.690000,3.530000,2.290000,-16.000000,-49.799999,-164.399994,0.900000
2026-05-19-10-20-40,0.770000,3.440000,2.430000,-16.799999,-41.200001,-165.899994,0.900000
2026-05-19-10-20-40,0.290000,3.720000,2.420000,-12.800000,-36.200001,-173.600006,0.900000
2026-05-19-10-20-40,0.230000,3.700000,2.470000,-4.600000,-34.099998,172.500000,0.900000
2026-05-19-10-20-41,0.100000,3.700000,2.540000,8.900000,-24.100000,136.500000,0.900000
2026-05-19-10-20-42,-0.150000,3.970000,2.670000,-0.200000,27.799999,120.900002,0.900000
2026-05-19-10-20-42,-0.200000,4.060000,2.650000,-5.300000,48.099998,121.099998,0.900000
2026-05-19-10-20-42,-0.230000,4.130000,2.590000,-11.300000,53.900002,121.699997,0.900000
2026-05-19-10-20-42,-0.240000,4.190000,2.500000,-15.800000,51.599998,124.599998,0.900000
2026-05-19-10-20-42,-0.240000,4.230000,2.430000,-20.700001,45.000000,128.199997,0.900000
2026-05-19-10-20-43,-0.240000,4.260000,2.370000,-25.400000,37.599998,132.000000,0.900000
2026-05-19-10-20-43,-0.240000,4.290000,2.310000,-31.100000,27.700001,137.000000,0.900000
2026-05-19-10-20-43,-0.230000,4.320000,2.260000,-34.900002,19.100000,141.100006,0.900000
2026-05-19-10-20-43,-0.230000,4.350000,2.220000,-36.599998,12.900000,143.600006,0.900000
2026-05-19-10-20-44,-0.230000,4.380000,2.180000,-36.500000,5.600000,145.600006,0.900000
2026-05-19-10-20-44,-0.220000,4.410000,2.150000,-34.700001,0.400000,145.899994,0.900000
2026-05-19-10-20-44,-0.200000,4.430000,2.120000,-31.600000,-3.500000,144.699997,0.900000
2026-05-19-10-20-44,-0.190000,4.440000,2.090000,-28.500000,-5.800000,142.500000,0.900000
2026-05-19-10-20-44,-0.190000,4.460000,2.060000,-24.900000,-6.900000,138.800003,0.900000
2026-05-19-10-20-45,-0.190000,4.470000,2.030000,-22.200001,-6.400000,134.899994,0.900000
2026-05-19-10-20-45,-0.190000,4.480000,2.000000,-20.200001,-5.100000,130.899994,0.900000
2026-05-19-10-20-45,-0.190000,4.490000,1.970000,-19.100000,-3.400000,126.800003,0.900000
2026-05-19-10-20-45,-0.180000,4.500000,1.940000,-18.500000,-1.800000,123.300003,0.900000
2026-05-19-10-20-46,-0.180000,4.510000,1.910000,-18.200001,-0.100000,119.500000,0.900000
2026-05-19-10-20-46,-0.170000,4.510000,1.870000,-17.900000,1.200000,116.099998,0.900000
2026-05-19-10-20-46,-0.160000,4.510000,1.840000,-17.500000,2.100000,113.300003,0.900000
2026-05-19-10-20-46,-0.140000,4.510000,1.800000,-16.799999,3.000000,110.099998,0.900000
2026-05-19-10-20-46,-0.130000,4.510000,1.750000,-16.100000,3.900000,106.599998,0.900000
2026-05-19-10-20-47,-0.130000,4.510000,1.710000,-15.600000,4.400000,103.900002,0.900000
2026-05-19-10-20-47,-0.130000,4.500000,1.670000,-15.200000,4.500000,101.599998,0.900000
2026-05-19-10-20-47,-0.130000,4.490000,1.630000,-14.700000,4.500000,99.500000,0.900000
2026-05-19-10-20-47,-0.110000,4.480000,1.590000,-13.900000,4.800000,97.099998,0.900000
2026-05-19-10-20-48,-0.090000,4.480000,1.550000,-12.800000,5.300000,94.699997,0.900000
2026-05-19-10-20-48,-0.080000,4.470000,1.500000,-12.000000,5.900000,92.500000,0.900000
2026-05-19-10-20-48,-0.070000,4.460000,1.460000,-11.700000,6.500000,90.300003,0.900000
2026-05-19-10-20-48,-0.080000,4.450000,1.420000,-11.800000,6.600000,88.300003,0.900000
2026-05-19-10-20-48,-0.090000,4.430000,1.380000,-12.000000,6.500000,86.599998,0.900000
2026-05-19-10-20-49,-0.100000,4.410000,1.350000,-11.700000,6.600000,85.000000,0.900000
2026-05-19-10-20-49,-0.080000,4.380000,1.310000,-11.000000,6.200000,83.300003,0.900000
2026-05-19-10-20-49,-0.060000,4.360000,1.260000,-10.200000,5.900000,81.000000,0.900000
2026-05-19-10-20-49,-0.050000,4.360000,1.210000,-10.100000,7.900000,78.500000,0.900000
2026-05-19-10-20-49,-0.050000,4.360000,1.170000,-10.200000,9.700000,76.699997,0.900000
2026-05-19-10-20-50,-0.060000,4.360000,1.140000,-9.900000,9.300000,75.099998,0.900000
2026-05-19-10-20-50,-0.070000,4.330000,1.110000,-9.600000,5.100000,73.199997,0.900000
2026-05-19-10-20-50,-0.100000,4.270000,1.100000,-9.300000,0.700000,71.800003,0.900000
2026-05-19-10-20-51,-0.090000,4.250000,1.130000,-5.900000,1.100000,66.699997,0.900000
2026-05-19-10-20-51,-0.120000,4.240000,1.110000,-6.500000,2.600000,63.299999,0.900000
2026-05-19-10-20-51,-0.160000,4.260000,1.160000,-7.800000,4.400000,61.400002,0.900000
2026-05-19-10-20-52,-0.130000,4.180000,1.120000,-7.000000,2.700000,59.299999,0.900000
2026-05-19-10-20-52,-0.150000,4.180000,1.100000,-1.600000,4.100000,54.400002,0.900000
2026-05-19-10-20-53,-0.110000,4.170000,1.120000,1.900000,5.900000,48.200001,0.900000
2026-05-19-10-20-53,-0.080000,4.190000,1.170000,-10.400000,4.100000,44.000000,0.900000
2026-05-19-10-20-54,-0.010000,4.160000,1.190000,-16.200001,2.200000,41.400002,0.900000
2026-05-19-10-20-54,0.020000,4.100000,1.180000,-15.800000,0.500000,37.400002,0.900000
2026-05-19-10-20-54,0.040000,4.090000,1.190000,-15.100000,0.600000,29.200001,0.900000
2026-05-19-10-20-55,0.050000,4.100000,1.200000,-23.100000,-3.200000,23.200001,0.900000
2026-05-19-10-20-55,0.110000,4.030000,1.270000,-27.500000,-5.700000,17.200001,0.900000
2026-05-19-10-20-55,0.140000,4.010000,1.280000,-30.000000,-7.800000,14.100000,0.900000
2026-05-19-10-20-55,0.150000,3.990000,1.280000,-31.100000,-8.200000,11.100000,0.900000
2026-05-19-10-20-56,0.140000,3.960000,1.290000,-29.000000,-8.400000,6.700000,0.900000
2026-05-19-10-20-56,0.130000,3.920000,1.280000,-24.500000,-9.800000,2.400000,0.900000
2026-05-19-10-20-56,0.150000,3.890000,1.300000,-22.000000,-8.200000,-0.500000,0.900000
2026-05-19-10-20-57,0.100000,3.880000,1.310000,-23.000000,-11.600000,-4.900000,0.900000
2026-05-19-10-20-57,-0.010000,3.840000,1.310000,-24.200001,-13.700000,-10.500000,0.900000
2026-05-19-10-20-58,-0.170000,3.880000,1.250000,-27.200001,-14.700000,-17.600000,0.900000
2026-05-19-10-20-58,-0.320000,3.970000,1.190000,-29.900000,-15.800000,-25.799999,0.900000
2026-05-19-10-20-58,-0.460000,4.070000,1.180000,-30.600000,-16.700001,-34.099998,0.900000
2026-05-19-10-20-59,-0.610000,4.130000,1.190000,-28.400000,-15.000000,-42.299999,0.900000
2026-05-19-10-20-59,-0.680000,4.150000,1.160000,-27.200001,-13.500000,-44.799999,0.900000
2026-05-19-10-20-59,-0.730000,4.180000,1.100000,-26.900000,-12.500000,-47.000000,0.900000
2026-05-19-10-21-00,-0.810000,4.300000,1.000000,-28.299999,-15.400000,-43.500000,0.900000
2026-05-19-10-21-00,-0.880000,4.410000,1.000000,-28.400000,-16.799999,-45.000000,0.900000
2026-05-19-10-21-00,-0.940000,4.410000,1.020000,-28.100000,-14.900000,-47.000000,0.900000
2026-05-19-10-21-00,-0.990000,4.400000,1.010000,-28.700001,-13.000000,-46.900002,0.900000
2026-05-19-10-21-01,-1.020000,4.430000,0.980000,-29.700001,-11.300000,-47.500000,0.900000
2026-05-19-10-21-01,-1.060000,4.510000,0.940000,-36.000000,-1.400000,-53.700001,0.900000
2026-05-19-10-21-02,-1.010000,4.580000,0.990000,-44.099998,21.299999,-72.699997,0.900000
2026-05-19-10-21-02,-1.000000,4.620000,1.040000,-44.400002,25.299999,-76.599998,0.900000
2026-05-19-10-21-02,-1.030000,4.650000,1.080000,-37.799999,21.299999,-71.400002,0.900000
2026-05-19-10-21-03,-1.180000,4.670000,0.930000,-57.500000,-46.400002,-10.900000,0.900000
2026-05-19-10-21-03,-1.180000,4.670000,0.950000,-104.500000,-56.500000,38.000000,0.900000
2026-05-19-10-21-03,-1.220000,4.700000,0.990000,-138.000000,-53.599998,67.199997,0.900000
2026-05-19-10-21-04,-1.340000,4.570000,1.050000,-136.899994,-68.599998,53.099998,0.900000
2026-05-19-10-21-04,-1.240000,4.860000,1.030000,-54.500000,-76.000000,-42.500000,0.900000
2026-05-19-10-21-05,-1.260000,4.920000,1.070000,-21.100000,-48.000000,-83.000000,0.900000
2026-05-19-10-21-05,-1.290000,4.880000,1.170000,-18.000000,-26.100000,-88.000000,0.900000
2026-05-19-10-21-05,-1.320000,4.760000,1.240000,-17.400000,-17.900000,-86.699997,0.900000
2026-05-19-10-21-05,-1.340000,4.700000,1.250000,-18.100000,-16.400000,-84.699997,0.900000
2026-05-19-10-21-06,-1.370000,4.650000,1.250000,-19.100000,-16.400000,-82.500000,0.900000
2026-05-19-10-21-06,-1.430000,4.600000,1.270000,-19.600000,-16.700001,-81.500000,0.900000
2026-05-19-10-21-06,-1.490000,4.560000,1.240000,-20.600000,-18.100000,-80.500000,0.900000
2026-05-19-10-21-07,-1.490000,4.550000,1.180000,-22.000000,-19.900000,-81.500000,0.900000
2026-05-19-10-21-07,-1.470000,4.530000,1.170000,-21.200001,-17.400000,-84.300003,0.900000
2026-05-19-10-21-07,-1.460000,4.520000,1.210000,-18.900000,-8.600000,-89.300003,0.900000
2026-05-19-10-21-08,-1.480000,4.500000,1.230000,-18.299999,-2.200000,-89.900002,0.900000
2026-05-19-10-21-08,-1.500000,4.490000,1.240000,-18.200001,-2.400000,-90.000000,0.900000
2026-05-19-10-21-08,-1.520000,4.480000,1.250000,-16.900000,-4.500000,-90.900002,0.900000
2026-05-19-10-21-09,-1.510000,4.410000,1.230000,-17.000000,0.300000,-91.099998,0.900000
2026-05-19-10-21-09,-1.500000,4.260000,1.250000,-21.000000,5.600000,-88.599998,0.900000
2026-05-19-10-21-09,-1.500000,4.120000,1.260000,-22.200001,5.600000,-84.599998,0.900000
2026-05-19-10-21-10,-1.530000,4.020000,1.270000,-23.400000,2.300000,-80.099998,0.900000
2026-05-19-10-21-10,-1.550000,3.900000,1.280000,-25.100000,0.100000,-77.599998,0.900000
2026-05-19-10-21-10,-1.550000,3.790000,1.250000,-26.000000,-2.000000,-77.699997,0.900000
2026-05-19-10-21-10,-1.520000,3.710000,1.210000,-25.100000,-8.700000,-86.099998,0.900000
2026-05-19-10-21-10,-1.480000,3.610000,1.180000,-22.700001,-13.900000,-95.500000,0.900000
2026-05-19-10-21-11,-1.430000,3.510000,1.190000,-21.900000,-17.600000,-105.800003,0.900000
2026-05-19-10-21-11,-1.410000,3.410000,1.240000,-20.900000,-17.700001,-112.199997,0.900000
2026-05-19-10-21-11,-1.460000,3.280000,1.290000,-20.299999,-19.100000,-115.400002,0.900000
2026-05-19-10-21-11,-1.530000,3.190000,1.330000,-22.500000,-19.700001,-115.300003,0.900000
2026-05-19-10-21-12,-1.590000,3.110000,1.350000,-25.000000,-19.500000,-115.099998,0.900000
2026-05-19-10-21-12,-1.660000,3.010000,1.360000,-28.000000,-19.400000,-114.400002,0.900000
2026-05-19-10-21-12,-1.710000,2.920000,1.380000,-31.700001,-19.200001,-113.800003,0.900000
2026-05-19-10-21-12,-1.760000,2.820000,1.410000,-36.299999,-18.600000,-113.300003,0.900000
2026-05-19-10-21-13,-1.810000,2.730000,1.460000,-40.299999,-17.799999,-111.900002,0.900000
2026-05-19-10-21-13,-1.860000,2.640000,1.510000,-43.200001,-16.700001,-110.500000,0.900000
2026-05-19-10-21-13,-1.910000,2.550000,1.550000,-45.500000,-15.900000,-109.599998,0.900000
2026-05-19-10-21-13,-1.950000,2.460000,1.580000,-47.099998,-14.700000,-109.400002,0.900000
2026-05-19-10-21-13,-2.010000,2.370000,1.620000,-47.400002,-13.300000,-109.400002,0.900000
2026-05-19-10-21-14,-2.060000,2.270000,1.650000,-47.599998,-11.700000,-109.300003,0.900000
2026-05-19-10-21-14,-2.110000,2.180000,1.670000,-47.799999,-10.600000,-108.900002,0.900000
2026-05-19-10-21-14,-2.150000,2.080000,1.690000,-48.000000,-9.300000,-108.800003,0.900000
2026-05-19-10-21-14,-2.190000,1.970000,1.720000,-48.000000,-7.800000,-108.699997,0.900000
2026-05-19-10-21-15,-2.230000,1.850000,1.750000,-47.700001,-6.600000,-108.599998,0.900000
2026-05-19-10-21-15,-2.270000,1.750000,1.770000,-47.299999,-5.600000,-107.900002,0.900000
2026-05-19-10-21-15,-2.320000,1.650000,1.790000,-47.799999,-4.800000,-106.699997,0.900000
2026-05-19-10-21-15,-2.360000,1.550000,1.810000,-48.500000,-4.500000,-105.500000,0.900000
2026-05-19-10-21-15,-2.400000,1.450000,1.810000,-49.400002,-4.700000,-104.500000,0.900000
2026-05-19-10-21-16,-2.430000,1.350000,1.810000,-48.900002,-8.200000,-106.500000,0.900000
2026-05-19-10-21-16,-2.490000,1.170000,1.810000,-38.900002,-25.799999,-125.500000,0.900000
2026-05-19-10-21-16,-2.520000,1.080000,1.830000,-34.700001,-29.200001,-134.300003,0.900000
2026-05-19-10-21-16,-2.570000,1.000000,1.880000,-32.799999,-29.600000,-139.300003,0.900000
2026-05-19-10-21-17,-2.640000,0.930000,1.940000,-33.000000,-29.000000,-141.600006,0.900000
2026-05-19-10-21-17,-2.840000,0.880000,2.040000,-36.700001,-28.400000,-143.199997,0.900000
2026-05-19-10-21-17,-2.790000,0.800000,2.040000,-39.200001,-28.500000,-143.600006,0.900000
2026-05-19-10-21-17,-2.880000,0.750000,2.080000,-41.700001,-28.700001,-143.699997,0.900000
2026-05-19-10-21-18,-2.970000,0.700000,2.130000,-45.799999,-28.700001,-142.899994,0.900000
2026-05-19-10-21-18,-3.060000,0.640000,2.190000,-49.500000,-28.200001,-142.500000,0.900000
2026-05-19-10-21-18,-3.140000,0.590000,2.240000,-51.500000,-29.000000,-143.699997,0.900000
2026-05-19-10-21-18,-3.210000,0.540000,2.280000,-48.200001,-36.200001,-151.399994,0.900000
2026-05-19-10-21-18,-3.280000,0.490000,2.320000,-41.200001,-43.799999,-164.199997,0.900000
2026-05-19-10-21-19,-3.350000,0.450000,2.370000,-35.599998,-46.700001,-174.800003,0.900000
2026-05-19-10-21-19,-3.420000,0.430000,2.450000,-31.100000,-45.900002,178.199997,0.900000
2026-05-19-10-21-19,-3.500000,0.440000,2.530000,-29.900000,-44.700001,175.399994,0.900000
2026-05-19-10-21-19,-3.580000,0.450000,2.610000,-30.400000,-43.700001,173.899994,0.900000
2026-05-19-10-21-20,-3.660000,0.480000,2.680000,-31.799999,-43.299999,173.800003,0.900000
2026-05-19-10-21-20,-3.740000,0.500000,2.750000,-34.599998,-42.799999,174.500000,0.900000
2026-05-19-10-21-20,-3.830000,0.510000,2.820000,-38.200001,-41.900002,175.000000,0.900000
2026-05-19-10-21-20,-3.900000,0.530000,2.910000,-41.099998,-40.799999,175.100006,0.900000
2026-05-19-10-21-21,-4.070000,0.590000,3.080000,-48.000000,-35.599998,172.800003,0.900000
2026-05-19-10-21-21,-4.210000,0.710000,3.160000,-50.799999,-30.100000,169.600006,0.900000
2026-05-19-10-21-21,-4.280000,0.790000,3.180000,-51.200001,-28.600000,169.199997,0.900000
2026-05-19-10-21-21,-4.360000,0.850000,3.210000,-50.700001,-28.299999,169.800003,0.900000
2026-05-19-10-21-22,-4.440000,0.900000,3.230000,-50.400002,-28.700001,172.100006,0.900000
2026-05-19-10-21-22,-4.530000,0.940000,3.270000,-51.299999,-29.299999,175.399994,0.900000
2026-05-19-10-21-22,-4.620000,0.970000,3.330000,-54.500000,-29.500000,178.699997,0.900000
2026-05-19-10-21-22,-4.720000,0.980000,3.390000,-58.000000,-29.600000,-179.000000,0.900000
2026-05-19-10-21-23,-4.810000,1.000000,3.460000,-60.000000,-29.400000,-177.699997,0.900000
2026-05-19-10-21-23,-4.890000,1.020000,3.530000,-60.599998,-30.400000,-177.899994,0.900000
2026-05-19-10-21-23,-4.960000,1.030000,3.580000,-55.500000,-38.500000,175.899994,0.900000
2026-05-19-10-21-23,-5.030000,1.050000,3.620000,-42.900002,-48.799999,161.699997,0.900000
2026-05-19-10-21-23,-5.090000,1.060000,3.660000,-19.600000,-56.599998,135.399994,0.900000
2026-05-19-10-21-24,-5.140000,1.090000,3.720000,-1.200000,-55.900002,114.000000,0.900000
2026-05-19-10-21-24,-5.180000,1.140000,3.800000,4.800000,-52.700001,103.599998,0.900000
2026-05-19-10-21-24,-5.190000,1.200000,3.890000,2.400000,-49.599998,99.300003,0.900000
2026-05-19-10-21-24,-5.190000,1.270000,3.970000,-1.200000,-48.299999,98.000000,0.900000
2026-05-19-10-21-25,-5.170000,1.350000,4.050000,-13.700000,-47.799999,107.500000,0.900000
2026-05-19-10-21-25,-5.140000,1.420000,4.110000,-34.299999,-44.200001,125.500000,0.900000
2026-05-19-10-21-25,-5.130000,1.480000,4.170000,-46.500000,-36.200001,134.399994,0.900000
2026-05-19-10-21-25,-5.150000,1.550000,4.240000,-52.299999,-29.600000,136.800003,0.900000
2026-05-19-10-21-25,-5.190000,1.610000,4.310000,-55.099998,-25.000000,136.800003,0.900000
2026-05-19-10-21-26,-5.220000,1.660000,4.350000,-56.099998,-23.700001,137.300003,0.900000
2026-05-19-10-21-26,-5.240000,1.710000,4.380000,-54.099998,-23.700001,137.800003,0.900000
2026-05-19-10-21-26,-5.240000,1.750000,4.400000,-49.400002,-24.100000,137.399994,0.900000
2026-05-19-10-21-26,-5.220000,1.810000,4.390000,-45.200001,-23.200001,136.600006,0.900000
2026-05-19-10-21-26,-5.190000,1.850000,4.370000,-41.500000,-22.200001,135.000000,0.900000
2026-05-19-10-21-27,-5.180000,1.890000,4.360000,-37.700001,-20.900000,132.500000,0.900000
2026-05-19-10-21-27,-5.120000,1.970000,4.360000,-34.799999,-19.200001,129.100006,0.900000
2026-05-19-10-21-27,-5.160000,1.970000,4.310000,-33.599998,-17.700001,125.800003,0.900000
2026-05-19-10-21-27,-5.160000,1.990000,4.290000,-33.200001,-16.400000,122.400002,0.900000
2026-05-19-10-21-28,-5.180000,2.010000,4.260000,-32.400002,-18.700001,112.199997,0.900000
2026-05-19-10-21-28,-5.180000,2.020000,4.240000,-29.700001,-22.299999,101.000000,0.900000
2026-05-19-10-21-28,-5.160000,2.040000,4.240000,-29.500000,-23.200001,95.699997,0.900000
2026-05-19-10-21-28,-5.140000,2.110000,4.250000,-31.200001,-20.400000,93.900002,0.900000
2026-05-19-10-21-29,-5.110000,2.200000,4.270000,-31.500000,-18.400000,93.000000,0.900000
2026-05-19-10-21-29,-5.090000,2.310000,4.300000,-33.099998,-17.600000,93.699997,0.900000
2026-05-19-10-21-29,-5.080000,2.420000,4.320000,-36.099998,-18.600000,95.800003,0.900000
2026-05-19-10-21-29,-5.080000,2.530000,4.350000,-39.799999,-20.400000,98.500000,0.900000
2026-05-19-10-21-29,-5.080000,2.650000,4.400000,-43.099998,-22.000000,101.400002,0.900000
2026-05-19-10-21-30,-5.080000,2.760000,4.450000,-46.299999,-22.700001,103.800003,0.900000
2026-05-19-10-21-30,-5.080000,2.850000,4.510000,-50.400002,-22.799999,105.500000,0.900000
2026-05-19-10-21-30,-5.080000,2.950000,4.580000,-52.799999,-22.799999,106.000000,0.900000
2026-05-19-10-21-30,-5.090000,3.040000,4.640000,-54.700001,-22.900000,106.000000,0.900000
2026-05-19-10-21-30,-5.090000,3.130000,4.700000,-55.299999,-22.900000,105.500000,0.900000
2026-05-19-10-21-31,-5.100000,3.220000,4.740000,-55.299999,-23.000000,105.000000,0.900000
2026-05-19-10-21-31,-5.110000,3.330000,4.790000,-55.099998,-22.900000,104.500000,0.900000
2026-05-19-10-21-31,-5.130000,3.430000,4.840000,-54.700001,-22.500000,104.300003,0.900000
2026-05-19-10-21-31,-5.150000,3.540000,4.890000,-54.200001,-21.799999,104.099998,0.900000
2026-05-19-10-21-32,-5.170000,3.640000,4.940000,-53.000000,-24.700001,101.900002,0.900000
2026-05-19-10-21-32,-5.190000,3.720000,4.970000,-48.000000,-35.000000,93.500000,0.900000
2026-05-19-10-21-32,-5.210000,3.800000,5.010000,-36.299999,-44.900002,78.500000,0.900000
2026-05-19-10-21-32,-5.200000,3.870000,5.070000,-24.600000,-48.599998,63.900002,0.900000
2026-05-19-10-21-32,-5.170000,3.930000,5.160000,-19.799999,-48.900002,55.900002,0.900000
2026-05-19-10-21-33,-5.110000,3.970000,5.220000,-26.200001,-47.500000,61.799999,0.900000
2026-05-19-10-21-33,-5.060000,4.000000,5.280000,-39.000000,-46.500000,74.400002,0.900000
2026-05-19-10-21-33,-5.020000,4.030000,5.330000,-49.299999,-39.200001,82.400002,0.900000
2026-05-19-10-21-33,-4.990000,4.090000,5.390000,-51.900002,-32.799999,81.699997,0.900000
2026-05-19-10-21-33,-4.980000,4.170000,5.450000,-51.599998,-29.500000,78.800003,0.900000
2026-05-19-10-21-34,-4.960000,4.250000,5.510000,-50.099998,-27.100000,74.699997,0.900000
2026-05-19-10-21-34,-4.930000,4.340000,5.570000,-48.900002,-25.299999,72.099998,0.900000
2026-05-19-10-21-34,-4.890000,4.440000,5.630000,-49.299999,-24.100000,71.599998,0.900000
2026-05-19-10-21-34,-4.840000,4.530000,5.700000,-51.200001,-23.500000,72.000000,0.900000
2026-05-19-10-21-35,-4.800000,4.620000,5.760000,-53.099998,-23.900000,72.000000,0.900000
2026-05-19-10-21-35,-4.730000,4.790000,5.860000,-50.000000,-18.500000,61.400002,0.900000
2026-05-19-10-21-35,-4.690000,4.880000,5.910000,-47.700001,-9.600000,49.900002,0.900000
2026-05-19-10-21-35,-4.620000,4.950000,5.930000,-47.400002,-8.700000,46.299999,0.900000
2026-05-19-10-21-36,-4.540000,5.020000,5.950000,-46.799999,-10.600000,44.500000,0.900000
2026-05-19-10-21-36,-4.450000,5.100000,5.970000,-46.000000,-13.500000,43.900002,0.900000
2026-05-19-10-21-36,-4.370000,5.180000,5.990000,-45.099998,-16.500000,43.700001,0.900000
2026-05-19-10-21-36,-4.290000,5.250000,6.010000,-43.599998,-20.100000,42.599998,0.900000
2026-05-19-10-21-37,-4.210000,5.310000,6.050000,-42.299999,-23.600000,41.500000,0.900000
2026-05-19-10-21-37,-4.140000,5.370000,6.090000,-41.799999,-26.400000,41.099998,0.900000
2026-05-19-10-21-37,-3.960000,5.420000,6.200000,-42.200001,-29.600000,40.900002,0.900000
2026-05-19-10-21-37,-4.040000,5.530000,6.140000,-43.599998,-31.600000,40.799999,0.900000
2026-05-19-10-21-37,-3.950000,5.580000,6.200000,-46.099998,-33.900002,40.900002,0.900000
2026-05-19-10-21-38,-3.890000,5.620000,6.230000,-49.400002,-37.099998,40.400002,0.900000
2026-05-19-10-21-38,-3.830000,5.640000,6.240000,-52.200001,-40.000000,39.299999,0.900000
2026-05-19-10-21-38,-3.780000,5.660000,6.260000,-53.700001,-42.700001,36.799999,0.900000
2026-05-19-10-21-38,-3.740000,5.670000,6.270000,-52.700001,-44.599998,32.500000,0.900000
2026-05-19-10-21-39,-3.700000,5.680000,6.270000,-49.299999,-45.599998,26.600000,0.900000
2026-05-19-10-21-39,-3.680000,5.680000,6.280000,-43.000000,-45.299999,18.500000,0.900000
2026-05-19-10-21-39,-3.650000,5.670000,6.280000,-35.900002,-43.900002,10.500000,0.900000
2026-05-19-10-21-39,-3.630000,5.660000,6.260000,-30.400000,-42.000000,107.260002,0.900000
2026-05-19-10-21-39,-3.640000,5.660000,6.210000,-28.100000,-44.400002,-2.500000,0.900000
2026-05-19-10-21-40,-3.650000,5.660000,6.140000,-26.000000,-46.400002,-8.700000,0.900000
2026-05-19-10-21-40,-3.660000,5.670000,6.080000,-23.100000,-47.000000,-14.300000,0.900000
2026-05-19-10-21-40,-3.670000,5.670000,6.040000,-19.100000,-45.400002,-20.400000,0.900000
2026-05-19-10-21-40,-3.670000,5.680000,6.000000,-15.300000,-42.099998,-26.400000,0.900000
2026-05-19-10-21-40,-3.670000,5.680000,5.960000,-13.200000,-38.500000,-30.700001,0.900000
2026-05-19-10-21-41,-3.670000,5.680000,5.930000,-11.900000,-34.299999,-34.900002,0.900000
2026-05-19-10-21-41,-3.680000,5.680000,5.890000,-11.100000,-30.000000,-38.799999,0.900000
2026-05-19-10-21-41,-3.680000,5.680000,5.840000,-10.600000,-26.500000,-41.799999,0.900000
2026-05-19-10-21-41,-3.680000,5.670000,5.800000,-10.400000,-22.600000,-44.900002,0.900000
2026-05-19-10-21-42,-3.670000,5.660000,5.760000,-10.300000,-19.100000,-47.400002,0.900000
2026-05-19-10-21-42,-3.670000,5.650000,5.710000,-10.300000,-16.100000,-49.599998,0.900000
2026-05-19-10-21-42,-3.680000,5.650000,5.670000,-10.300000,-14.100000,-51.200001,0.900000
2026-05-19-10-21-42,-3.690000,5.640000,5.620000,-10.200000,-12.100000,-53.099998,0.900000
2026-05-19-10-21-42,-3.690000,5.640000,5.580000,-10.300000,-9.700000,-55.200001,0.900000
2026-05-19-10-21-43,-3.700000,5.640000,5.540000,-10.500000,-8.100000,-56.599998,0.900000
2026-05-19-10-21-43,-3.700000,5.640000,5.500000,-10.600000,-6.400000,-58.000000,0.900000
2026-05-19-10-21-43,-3.710000,5.640000,5.470000,-10.400000,-5.200000,-59.200001,0.900000
2026-05-19-10-21-43,-3.720000,5.650000,5.420000,-9.900000,-4.300000,-60.500000,0.900000
2026-05-19-10-21-44,-3.730000,5.650000,5.370000,-9.500000,-2.600000,-62.200001,0.900000
2026-05-19-10-21-44,-3.730000,5.650000,5.320000,-9.200000,-0.900000,-63.700001,0.900000
2026-05-19-10-21-44,-3.750000,5.650000,5.270000,-8.400000,0.200000,-64.900002,0.900000
2026-05-19-10-21-44,-3.780000,5.650000,5.230000,-7.000000,0.800000,-65.800003,0.900000
2026-05-19-10-21-44,-3.800000,5.660000,5.180000,-5.900000,0.700000,-66.900002,0.900000
2026-05-19-10-21-45,-3.790000,5.680000,5.130000,-5.800000,0.700000,-69.000000,0.900000
2026-05-19-10-21-45,-3.770000,5.680000,5.100000,-6.700000,1.700000,-71.599998,0.900000
2026-05-19-10-21-45,-3.740000,5.690000,5.140000,-5.100000,1.900000,-73.099998,0.900000
2026-05-19-10-21-45,-3.770000,5.710000,5.180000,-1.500000,0.600000,-73.800003,0.900000
2026-05-19-10-21-46,-3.800000,5.730000,5.180000,1.800000,0.500000,-75.400002,0.900000
2026-05-19-10-21-46,-3.810000,5.750000,5.160000,2.900000,0.600000,-78.199997,0.900000
2026-05-19-10-21-46,-3.790000,5.760000,5.140000,1.600000,0.800000,-79.900002,0.900000
2026-05-19-10-21-46,-3.760000,5.790000,5.140000,-0.800000,2.500000,-80.599998,0.900000
2026-05-19-10-21-47,-3.790000,5.800000,5.160000,-1.100000,2.800000,-83.099998,0.900000
2026-05-19-10-21-47,-3.740000,5.840000,5.180000,-2.300000,2.200000,-84.599998,0.900000
2026-05-19-10-21-47,-3.760000,5.830000,5.160000,-1.800000,2.300000,-86.400002,0.900000
2026-05-19-10-21-47,-3.800000,5.820000,5.170000,2.400000,5.400000,-88.500000,0.900000
2026-05-19-10-21-48,-3.870000,5.810000,5.170000,9.200000,8.800000,-92.699997,0.900000
2026-05-19-10-21-48,-3.970000,5.800000,5.150000,11.100000,10.300000,-101.699997,0.900000
2026-05-19-10-21-49,-4.010000,5.760000,5.160000,-3.600000,7.300000,-108.800003,0.900000
2026-05-19-10-21-49,-4.050000,5.750000,5.210000,-18.100000,0.700000,-113.599998,0.900000
2026-05-19-10-21-49,-4.150000,5.760000,5.240000,-19.200001,0.100000,-116.500000,0.900000
2026-05-19-10-21-49,-4.200000,5.770000,5.260000,-15.800000,0.000000,-119.500000,0.900000
2026-05-19-10-21-50,-4.230000,5.770000,5.260000,-15.800000,-1.200000,-124.699997,0.900000
2026-05-19-10-21-50,-4.260000,5.770000,5.250000,-17.400000,-1.000000,-128.399994,0.900000
2026-05-19-10-21-50,-4.290000,5.770000,5.250000,-19.900000,-0.500000,-132.000000,0.900000
2026-05-19-10-21-50,-4.300000,5.750000,5.250000,-22.799999,-0.700000,-135.000000,0.900000
2026-05-19-10-21-51,-4.310000,5.750000,5.270000,-24.799999,-0.500000,-136.800003,0.900000
2026-05-19-10-21-51,-4.340000,5.760000,5.290000,-25.400000,-0.100000,-138.300003,0.900000
2026-05-19-10-21-51,-4.370000,5.780000,5.310000,-25.299999,-0.600000,-140.800003,0.900000
2026-05-19-10-21-51,-4.400000,5.810000,5.310000,-24.600000,-0.900000,-142.699997,0.900000
2026-05-19-10-21-51,-4.430000,5.840000,5.310000,-23.000000,-0.600000,-143.899994,0.900000
2026-05-19-10-21-52,-4.460000,5.860000,5.300000,-20.299999,0.100000,-145.699997,0.900000
2026-05-19-10-21-52,-4.470000,5.860000,5.280000,-18.900000,0.700000,-148.199997,0.900000
2026-05-19-10-21-52,-4.440000,5.800000,5.290000,-18.299999,2.100000,-152.399994,0.900000
2026-05-19-10-21-53,-4.440000,5.810000,5.350000,-17.400000,2.000000,-153.100006,0.900000
2026-05-19-10-21-53,-4.460000,5.850000,5.370000,-15.000000,1.400000,-154.100006,0.900000
2026-05-19-10-21-53,-4.500000,5.910000,5.370000,-12.000000,1.500000,-156.100006,0.900000
2026-05-19-10-21-53,-4.520000,5.950000,5.340000,-9.600000,2.300000,-157.500000,0.900000
2026-05-19-10-21-53,-4.520000,5.940000,5.300000,-8.900000,4.000000,-159.199997,0.900000
2026-05-19-10-21-54,-4.500000,5.880000,5.310000,-10.600000,4.100000,-161.800003,0.900000
2026-05-19-10-21-54,-4.490000,5.910000,5.360000,-10.000000,4.400000,-162.699997,0.900000
2026-05-19-10-21-55,-4.520000,5.960000,5.370000,-9.200000,5.900000,-164.800003,0.900000
2026-05-19-10-21-55,-4.510000,5.990000,5.360000,-8.100000,5.700000,-166.199997,0.900000
2026-05-19-10-21-55,-4.510000,6.020000,5.340000,-6.700000,6.400000,-168.300003,0.900000
2026-05-19-10-21-56,-4.520000,6.000000,5.350000,-6.100000,7.700000,-170.199997,0.900000
2026-05-19-10-21-56,-4.500000,6.030000,5.350000,-4.100000,7.700000,-172.199997,0.900000
2026-05-19-10-21-56,-4.460000,6.050000,5.270000,-10.600000,6.900000,-172.000000,0.900000
2026-05-19-10-21-57,-4.460000,6.030000,5.270000,-20.900000,5.900000,-172.899994,0.900000
2026-05-19-10-21-57,-4.490000,6.040000,5.370000,-19.400000,8.200000,-175.600006,0.900000
2026-05-19-10-21-57,-4.440000,6.010000,5.440000,-19.600000,7.600000,-175.899994,0.900000
2026-05-19-10-21-57,-4.500000,6.050000,5.470000,-20.000000,4.900000,-176.199997,0.900000
2026-05-19-10-21-58,-4.480000,6.030000,5.500000,-20.600000,3.000000,-177.399994,0.900000
2026-05-19-10-21-58,-4.480000,6.000000,5.560000,-21.299999,1.100000,-179.000000,0.900000
2026-05-19-10-21-58,-4.470000,5.970000,5.630000,-21.600000,-1.200000,-179.899994,0.900000
2026-05-19-10-21-58,-4.460000,5.940000,5.710000,-22.299999,-4.200000,179.100006,0.900000
2026-05-19-10-21-59,-4.460000,5.900000,5.790000,-23.200001,-6.700000,177.899994,0.900000
2026-05-19-10-21-59,-4.460000,5.860000,5.870000,-24.100000,-8.300000,176.300003,0.900000
2026-05-19-10-21-59,-4.450000,5.820000,5.950000,-25.400000,-9.800000,174.800003,0.900000
2026-05-19-10-21-59,-4.440000,5.790000,6.030000,-26.299999,-11.200000,173.899994,0.900000
2026-05-19-10-21-59,-4.420000,5.760000,6.110000,-26.799999,-12.600000,173.100006,0.900000
2026-05-19-10-22-00,-4.400000,5.740000,6.160000,-27.600000,-14.000000,171.600006,0.900000
2026-05-19-10-22-00,-4.390000,5.730000,6.190000,-28.900000,-14.700000,169.699997,0.900000
2026-05-19-10-22-00,-4.380000,5.710000,6.210000,-30.200001,-15.000000,167.000000,0.900000
2026-05-19-10-22-00,-4.390000,5.700000,6.240000,-31.000000,-13.500000,164.000000,0.900000
2026-05-19-10-22-01,-4.450000,5.710000,6.290000,-31.400000,-8.900000,160.800003,0.900000
2026-05-19-10-22-01,-4.530000,5.740000,6.340000,-31.100000,-3.700000,158.100006,0.900000
2026-05-19-10-22-01,-4.610000,5.780000,6.390000,-30.400000,2.200000,156.500000,0.900000
2026-05-19-10-22-01,-4.690000,5.830000,6.420000,-29.900000,6.800000,156.199997,0.900000
2026-05-19-10-22-01,-4.780000,5.900000,6.430000,-30.000000,10.400000,157.000000,0.900000
2026-05-19-10-22-02,-4.860000,5.970000,6.430000,-31.299999,12.200000,158.699997,0.900000
2026-05-19-10-22-02,-4.950000,6.050000,6.420000,-33.599998,12.600000,161.300003,0.900000
2026-05-19-10-22-02,-5.050000,6.120000,6.400000,-37.299999,12.100000,164.300003,0.900000
2026-05-19-10-22-02,-5.160000,6.180000,6.380000,-41.700001,11.800000,167.199997,0.900000
2026-05-19-10-22-02,-5.270000,6.230000,6.360000,-45.799999,11.600000,169.699997,0.900000
2026-05-19-10-22-03,-5.390000,6.270000,6.340000,-49.000000,11.400000,171.600006,0.900000
2026-05-19-10-22-03,-5.630000,6.320000,6.330000,-51.500000,10.400000,174.899994,0.900000
2026-05-19-10-22-03,-5.720000,6.340000,6.310000,-51.000000,3.300000,172.100006,0.900000
2026-05-19-10-22-04,-5.790000,6.350000,6.300000,-47.500000,-8.300000,164.800003,0.900000
2026-05-19-10-22-04,-5.860000,6.370000,6.290000,-40.500000,-19.900000,153.500000,0.900000
2026-05-19-10-22-04,-5.940000,6.410000,6.300000,-32.700001,-26.600000,142.100006,0.900000
2026-05-19-10-22-04,-6.000000,6.470000,6.340000,-29.200001,-28.600000,134.500000,0.900000
2026-05-19-10-22-04,-6.070000,6.540000,6.390000,-30.900000,-28.299999,130.699997,0.900000
2026-05-19-10-22-05,-6.130000,6.620000,6.450000,-34.200001,-28.299999,128.600006,0.900000
2026-05-19-10-22-05,-6.190000,6.710000,6.500000,-37.500000,-29.100000,127.800003,0.900000
2026-05-19-10-22-05,-6.230000,6.800000,6.570000,-41.000000,-29.900000,127.699997,0.900000
2026-05-19-10-22-05,-6.280000,6.890000,6.640000,-45.200001,-30.299999,127.900002,0.900000
2026-05-19-10-22-06,-6.310000,6.960000,6.710000,-49.599998,-30.200001,127.500000,0.900000
2026-05-19-10-22-06,-6.350000,7.040000,6.780000,-53.400002,-29.700001,127.199997,0.900000
2026-05-19-10-22-06,-6.390000,7.130000,6.860000,-56.200001,-29.400000,127.099998,0.900000
2026-05-19-10-22-06,-6.420000,7.210000,6.930000,-58.700001,-29.000000,126.900002,0.900000
2026-05-19-10-22-06,-6.460000,7.290000,7.000000,-60.500000,-28.500000,126.599998,0.900000
2026-05-19-10-22-07,-6.510000,7.380000,7.070000,-61.599998,-28.000000,126.500000,0.900000
2026-05-19-10-22-07,-6.550000,7.460000,7.140000,-61.799999,-27.400000,126.099998,0.900000
2026-05-19-10-22-07,-6.600000,7.540000,7.220000,-61.599998,-26.700001,125.599998,0.900000
2026-05-19-10-22-07,-6.640000,7.660000,7.310000,-61.099998,-25.600000,124.599998,0.900000
2026-05-19-10-22-08,-6.800000,7.710000,7.340000,-60.900002,-24.799999,123.900002,0.900000
2026-05-19-10-22-08,-6.840000,7.790000,7.400000,-61.299999,-24.200001,123.300003,0.900000
2026-05-19-10-22-08,-6.880000,7.880000,7.460000,-60.700001,-25.500000,121.800003,0.900000
2026-05-19-10-22-08,-6.920000,7.960000,7.500000,-57.500000,-31.299999,117.599998,0.900000
2026-05-19-10-22-08,-6.960000,8.030000,7.560000,-51.900002,-37.200001,110.900002,0.900000
2026-05-19-10-22-09,-6.980000,8.110000,7.630000,-48.700001,-38.700001,106.199997,0.900000
2026-05-19-10-22-09,-6.990000,8.190000,7.720000,-47.900002,-38.200001,103.400002,0.900000
2026-05-19-10-22-09,-7.000000,8.280000,7.800000,-47.900002,-37.500000,100.500000,0.900000
2026-05-19-10-22-09,-7.000000,8.390000,7.900000,-48.799999,-37.000000,98.500000,0.900000
2026-05-19-10-22-10,-7.000000,8.480000,7.990000,-51.200001,-36.799999,97.500000,0.900000
2026-05-19-10-22-10,-7.000000,8.570000,8.080000,-52.700001,-36.000000,96.199997,0.900000
2026-05-19-10-22-10,-6.990000,8.670000,8.170000,-53.799999,-35.000000,94.800003,0.900000
2026-05-19-10-22-10,-6.990000,8.770000,8.270000,-54.900002,-33.900002,93.099998,0.900000
2026-05-19-10-22-10,-6.990000,8.860000,8.350000,-57.200001,-32.900002,92.099998,0.900000
2026-05-19-10-22-11,-6.990000,8.950000,8.430000,-55.299999,-27.799999,83.900002,0.900000
2026-05-19-10-22-11,-6.980000,9.030000,8.510000,-54.000000,-23.000000,77.500000,0.900000
2026-05-19-10-22-11,-6.950000,9.120000,8.580000,-53.700001,-22.100000,76.000000,0.900000
2026-05-19-10-22-11,-6.920000,9.210000,8.650000,-53.400002,-22.200001,75.800003,0.900000
2026-05-19-10-22-12,-6.850000,9.500000,8.840000,-48.599998,-12.000000,63.099998,0.900000
2026-05-19-10-22-12,-6.810000,9.570000,8.880000,-49.200001,-10.700000,61.099998,0.900000
2026-05-19-10-22-13,-6.740000,9.650000,8.910000,-51.599998,-13.600000,63.799999,0.900000
2026-05-19-10-22-13,-6.680000,9.750000,8.950000,-54.200001,-16.400000,66.000000,0.900000
2026-05-19-10-22-13,-6.620000,9.850000,8.990000,-57.000000,-18.299999,67.599998,0.900000
2026-05-19-10-22-13,-6.570000,9.950000,9.040000,-58.500000,-19.799999,68.400002,0.900000
2026-05-19-10-22-14,-6.510000,10.060000,9.090000,-59.099998,-21.500000,69.400002,0.900000
2026-05-19-10-22-14,-6.470000,10.170000,9.130000,-60.400002,-23.299999,70.699997,0.900000
2026-05-19-10-22-15,-6.370000,10.460000,9.340000,-59.099998,-8.900000,38.000000,0.900000
2026-05-19-10-22-15,-6.290000,10.530000,9.380000,-58.200001,-1.100000,24.900000,0.900000
2026-05-19-10-22-15,-6.180000,10.570000,9.400000,-57.599998,-0.400000,23.799999,0.900000
2026-05-19-10-22-15,-6.060000,10.610000,9.400000,-57.599998,-2.000000,27.000000,0.900000
2026-05-19-10-22-16,-5.940000,10.660000,9.410000,-58.700001,-4.500000,31.500000,0.900000
2026-05-19-10-22-16,-5.830000,10.710000,9.420000,-60.900002,-7.200000,36.200001,0.900000
2026-05-19-10-22-16,-5.720000,10.780000,9.430000,-63.099998,-10.200000,41.500000,0.900000
2026-05-19-10-22-16,-5.630000,10.840000,9.460000,-65.099998,-13.100000,46.900002,0.900000
2026-05-19-10-22-16,-5.540000,10.910000,9.480000,-67.300003,-15.100000,51.500000,0.900000
2026-05-19-10-22-17,-5.460000,10.980000,9.520000,-70.699997,-16.799999,56.099998,0.900000
2026-05-19-10-22-17,-5.380000,11.050000,9.570000,-74.400002,-18.200001,60.700001,0.900000
2026-05-19-10-22-17,-5.310000,11.120000,9.620000,-75.699997,-19.200001,62.900002,0.900000
2026-05-19-10-22-17,-5.250000,11.200000,9.670000,-76.800003,-20.200001,64.500000,0.900000
2026-05-19-10-22-17,-5.050000,11.180000,9.780000,-78.099998,-21.400000,65.699997,0.900000
2026-05-19-10-22-18,-5.120000,11.410000,9.800000,-78.500000,-22.100000,65.900002,0.900000
2026-05-19-10-22-18,-5.080000,11.520000,9.860000,-75.900002,-20.700001,58.900002,0.900000
2026-05-19-10-22-18,-5.040000,11.620000,9.910000,-72.699997,-15.800000,43.700001,0.900000
2026-05-19-10-22-18,-4.960000,11.690000,9.950000,-73.000000,-14.600000,40.700001,0.900000
2026-05-19-10-22-19,-4.880000,11.760000,9.980000,-73.900002,-14.500000,40.099998,0.900000
2026-05-19-10-22-19,-4.800000,11.830000,10.030000,-74.800003,-15.000000,40.500000,0.900000
2026-05-19-10-22-19,-4.730000,11.890000,10.070000,-75.599998,-18.200001,41.000000,0.900000
2026-05-19-10-22-19,-4.660000,11.940000,10.090000,-73.099998,-28.600000,39.400002,0.900000
2026-05-19-10-22-19,-4.600000,11.990000,10.100000,-63.000000,-44.200001,30.900000,0.900000
2026-05-19-10-22-20,-4.540000,12.030000,10.130000,-42.700001,-57.900002,12.000000,0.900000
2026-05-19-10-22-20,-4.490000,12.050000,10.160000,-14.900000,-64.199997,-14.900000,0.900000
2026-05-19-10-22-20,-4.440000,12.050000,10.230000,1.800000,-63.099998,-32.599998,0.900000
2026-05-19-10-22-20,-4.400000,12.040000,10.300000,5.600000,-61.500000,-39.099998,0.900000
2026-05-19-10-22-21,-4.360000,12.020000,10.350000,4.900000,-61.900002,-43.099998,0.900000
2026-05-19-10-22-21,-4.340000,12.000000,10.380000,2.300000,-63.000000,-47.099998,0.900000
2026-05-19-10-22-21,-4.320000,11.970000,10.410000,-0.700000,-64.300003,-51.299999,0.900000
2026-05-19-10-22-21,-4.300000,11.940000,10.420000,-2.700000,-64.699997,-55.799999,0.900000
2026-05-19-10-22-21,-4.290000,11.900000,10.430000,-3.500000,-63.700001,-59.200001,0.900000
2026-05-19-10-22-22,-4.290000,11.870000,10.430000,-4.300000,-60.599998,-61.799999,0.900000
2026-05-19-10-22-22,-4.280000,11.830000,10.430000,-4.800000,-57.000000,-62.799999,0.900000
2026-05-19-10-22-22,-4.270000,11.810000,10.420000,-4.800000,-51.400002,-63.799999,0.900000
2026-05-19-10-22-22,-4.260000,11.780000,10.410000,-4.500000,-46.000000,-64.400002,0.900000
2026-05-19-10-22-22,-4.260000,11.760000,10.400000,-4.500000,-39.799999,-64.000000,0.900000
2026-05-19-10-22-23,-4.250000,11.700000,10.440000,-6.700000,-34.200001,-61.700001,0.900000
2026-05-19-10-22-23,-4.230000,11.630000,10.490000,-10.000000,-29.500000,-60.500000,0.900000
2026-05-19-10-22-23,-4.210000,11.550000,10.540000,-12.600000,-27.900000,-59.400002,0.900000
2026-05-19-10-22-23,-4.190000,11.450000,10.590000,-14.500000,-28.700001,-58.099998,0.900000
2026-05-19-10-22-24,-4.170000,11.350000,10.640000,-16.400000,-30.500000,-56.599998,0.900000
2026-05-19-10-22-24,-4.140000,11.250000,10.690000,-19.900000,-32.700001,-54.400002,0.900000
2026-05-19-10-22-24,-4.100000,11.150000,10.740000,-23.600000,-34.099998,-53.099998,0.900000
2026-05-19-10-22-24,-4.080000,11.090000,10.770000,-27.100000,-36.000000,-53.099998,0.900000
2026-05-19-10-22-24,-4.060000,11.040000,10.780000,-28.799999,-37.099998,-53.900002,0.900000
2026-05-19-10-22-25,-4.040000,11.000000,10.790000,-28.299999,-37.299999,-55.900002,0.900000
2026-05-19-10-22-25,-4.030000,10.980000,10.800000,-26.200001,-36.299999,-58.099998,0.900000
2026-05-19-10-22-25,-4.030000,10.960000,10.810000,-22.900000,-34.299999,-60.799999,0.900000
2026-05-19-10-22-25,-4.050000,10.950000,10.810000,-19.700001,-31.500000,-63.500000,0.900000
2026-05-19-10-22-26,-4.080000,10.920000,10.800000,-17.100000,-28.299999,-66.099998,0.900000
2026-05-19-10-22-26,-4.100000,10.900000,10.790000,-15.500000,-24.700001,-68.699997,0.900000
2026-05-19-10-22-26,-4.110000,10.870000,10.770000,-16.400000,-17.400000,-72.000000,0.900000
2026-05-19-10-22-26,-4.110000,10.830000,10.780000,-18.100000,3.200000,-78.300003,0.900000
2026-05-19-10-22-26,-4.080000,10.780000,10.790000,-25.299999,29.900000,-88.500000,0.900000
2026-05-19-10-22-27,-3.970000,10.650000,10.860000,-30.200001,36.000000,-92.199997,0.900000
2026-05-19-10-22-27,-3.750000,10.390000,11.020000,-32.599998,35.500000,-91.699997,0.900000
2026-05-19-10-22-27,-3.370000,9.900000,11.340000,-32.500000,28.600000,-86.900002,0.900000
2026-05-19-10-22-27,-4.080000,10.720000,10.700000,-36.000000,18.000000,-81.300003,0.900000
2026-05-19-10-22-28,-4.140000,10.720000,10.620000,-31.400000,-6.100000,-68.599998,0.900000
2026-05-19-10-22-28,-4.210000,10.700000,10.540000,-36.599998,-30.600000,-53.400002,0.900000
2026-05-19-10-22-28,-4.320000,10.690000,10.420000,-49.700001,-50.200001,-33.299999,0.900000
2026-05-19-10-22-28,-4.590000,10.760000,10.180000,-59.900002,-57.500000,-22.000000,0.900000
2026-05-19-10-22-29,-4.190000,10.620000,10.570000,-57.200001,-58.799999,-27.299999,0.900000
2026-05-19-10-22-29,-4.220000,10.640000,10.500000,-38.200001,-52.500000,-53.099998,0.900000
2026-05-19-10-22-29,-4.230000,10.650000,10.450000,-24.900000,-40.000000,-75.300003,0.900000
2026-05-19-10-22-30,-4.200000,10.650000,10.420000,-11.500000,-28.799999,-113.099998,0.900000
2026-05-19-10-22-30,-4.210000,10.670000,10.390000,-12.600000,-25.299999,-121.500000,0.900000
2026-05-19-10-22-30,-4.240000,10.690000,10.360000,-14.600000,-21.000000,-129.600006,0.900000
2026-05-19-10-22-30,-4.280000,10.700000,10.320000,-16.299999,-16.400000,-136.000000,0.900000
2026-05-19-10-22-31,-4.340000,10.660000,10.300000,-18.299999,-11.900000,-140.699997,0.900000
2026-05-19-10-22-31,-4.390000,10.620000,10.300000,-21.100000,-10.100000,-143.500000,0.900000
2026-05-19-10-22-31,-4.450000,10.570000,10.300000,-24.299999,-12.300000,-143.199997,0.900000
2026-05-19-10-22-31,-4.520000,10.520000,10.340000,-27.400000,-17.299999,-140.500000,0.900000
2026-05-19-10-22-31,-4.600000,10.460000,10.400000,-29.600000,-21.500000,-137.600006,0.900000
2026-05-19-10-22-32,-4.680000,10.400000,10.460000,-31.200001,-22.900000,-135.300003,0.900000
2026-05-19-10-22-32,-4.740000,10.370000,10.490000,-31.700001,-23.400000,-135.000000,0.900000
2026-05-19-10-22-32,-4.790000,10.360000,10.520000,-31.000000,-22.200001,-135.399994,0.900000
2026-05-19-10-22-32,-4.830000,10.370000,10.540000,-29.900000,-20.100000,-134.300003,0.900000
2026-05-19-10-22-33,-4.850000,10.390000,10.540000,-27.400000,-19.200001,-134.300003,0.900000
2026-05-19-10-22-33,-4.860000,10.390000,10.530000,-24.500000,-17.900000,-136.699997,0.900000
2026-05-19-10-22-33,-4.890000,10.380000,10.540000,-22.200001,-13.600000,-139.100006,0.900000
2026-05-19-10-22-33,-4.920000,10.350000,10.530000,-21.100000,-8.600000,-140.699997,0.900000
2026-05-19-10-22-33,-4.940000,10.310000,10.530000,-21.299999,-3.700000,-143.000000,0.900000
2026-05-19-10-22-34,-4.940000,10.280000,10.530000,-22.200001,-1.000000,-144.899994,0.900000
2026-05-19-10-22-34,-4.950000,10.290000,10.540000,-22.100000,-0.400000,-144.899994,0.900000
2026-05-19-10-22-34,-4.960000,10.320000,10.560000,-20.500000,-1.000000,-144.500000,0.900000
2026-05-19-10-22-34,-4.970000,10.360000,10.560000,-18.299999,-2.200000,-144.800003,0.900000
2026-05-19-10-22-34,-4.980000,10.380000,10.550000,-16.900000,-3.100000,-146.100006,0.900000
2026-05-19-10-22-35,-4.980000,10.360000,10.550000,-15.700000,-1.600000,-148.500000,0.900000
2026-05-19-10-22-35,-4.990000,10.340000,10.570000,-14.600000,0.900000,-150.300003,0.900000
2026-05-19-10-22-35,-5.000000,10.340000,10.580000,-13.300000,2.700000,-151.800003,0.900000
2026-05-19-10-22-35,-4.990000,10.360000,10.570000,-12.200000,3.000000,-153.199997,0.900000
2026-05-19-10-22-36,-4.980000,10.380000,10.550000,-11.800000,3.000000,-154.199997,0.900000
2026-05-19-10-22-36,-4.980000,10.390000,10.530000,-11.200000,4.000000,-155.800003,0.900000
2026-05-19-10-22-36,-4.990000,10.390000,10.530000,-11.000000,5.100000,-158.600006,0.900000
2026-05-19-10-22-36,-4.990000,10.380000,10.530000,-10.600000,5.700000,-160.500000,0.900000
2026-05-19-10-22-36,-4.980000,10.370000,10.540000,-9.900000,5.900000,-161.399994,0.900000
2026-05-19-10-22-37,-4.970000,10.380000,10.550000,-9.100000,5.500000,-162.399994,0.900000
2026-05-19-10-22-37,-4.960000,10.400000,10.580000,-8.300000,4.800000,-164.500000,0.900000
2026-05-19-10-22-37,-4.950000,10.420000,10.600000,-7.200000,4.200000,-166.199997,0.900000
2026-05-19-10-22-37,-4.940000,10.440000,10.580000,-6.700000,4.300000,-167.600006,0.900000
2026-05-19-10-22-38,-4.820000,10.350000,10.610000,-5.600000,5.300000,-170.600006,0.900000
2026-05-19-10-22-38,-4.910000,10.460000,10.540000,-5.200000,5.700000,-171.899994,0.900000
2026-05-19-10-22-38,-4.900000,10.440000,10.520000,-5.800000,6.000000,-173.899994,0.900000
2026-05-19-10-22-38,-4.900000,10.400000,10.520000,-6.700000,7.500000,-177.100006,0.900000
2026-05-19-10-22-38,-4.910000,10.390000,10.560000,-6.200000,9.000000,-178.800003,0.900000
2026-05-19-10-22-39,-4.900000,10.420000,10.600000,-4.200000,8.600000,-178.800003,0.900000
2026-05-19-10-22-39,-4.870000,10.460000,10.620000,-3.000000,6.800000,-179.500000,0.900000
2026-05-19-10-22-39,-4.840000,10.480000,10.610000,-3.100000,5.100000,178.199997,0.900000
2026-05-19-10-22-39,-4.820000,10.480000,10.570000,-3.300000,4.600000,176.300003,0.900000
2026-05-19-10-22-40,-4.800000,10.480000,10.550000,-4.400000,5.000000,174.800003,0.900000
2026-05-19-10-22-40,-4.800000,10.480000,10.540000,-4.700000,5.300000,173.199997,0.900000
2026-05-19-10-22-40,-4.790000,10.470000,10.530000,-4.500000,5.700000,171.500000,0.900000
2026-05-19-10-22-40,-4.790000,10.450000,10.530000,-5.900000,7.100000,169.800003,0.900000
2026-05-19-10-22-40,-4.800000,10.430000,10.550000,-6.400000,9.000000,167.800003,0.900000
2026-05-19-10-22-41,-4.800000,10.440000,10.600000,-4.800000,9.400000,166.399994,0.900000
2026-05-19-10-22-41,-4.770000,10.470000,10.630000,-2.100000,8.200000,165.300003,0.900000
2026-05-19-10-22-41,-4.720000,10.500000,10.620000,-1.000000,6.500000,163.800003,0.900000
2026-05-19-10-22-41,-4.690000,10.510000,10.600000,-0.800000,4.800000,161.500000,0.900000
2026-05-19-10-22-42,-4.670000,10.500000,10.580000,-0.900000,4.800000,159.600006,0.900000
2026-05-19-10-22-42,-4.670000,10.490000,10.540000,-1.600000,5.600000,158.000000,0.900000
2026-05-19-10-22-42,-4.690000,10.480000,10.510000,-3.300000,6.600000,156.500000,0.900000
2026-05-19-10-22-42,-4.700000,10.440000,10.520000,-5.200000,7.400000,155.100006,0.900000
2026-05-19-10-22-42,-4.690000,10.390000,10.560000,-6.500000,7.000000,153.300003,0.900000
2026-05-19-10-22-43,-4.660000,10.430000,10.600000,-7.700000,6.500000,150.800003,0.900000
2026-05-19-10-22-43,-4.630000,10.490000,10.640000,-1.200000,8.400000,148.199997,0.900000
2026-05-19-10-22-43,-4.600000,10.560000,10.630000,5.300000,9.800000,143.800003,0.900000
2026-05-19-10-22-44,-4.580000,10.710000,10.570000,4.200000,11.900000,130.000000,0.900000
2026-05-19-10-22-44,-4.560000,10.820000,10.610000,-7.200000,7.900000,120.699997,0.900000
2026-05-19-10-22-44,-4.530000,10.920000,10.690000,-18.600000,1.100000,116.800003,0.900000
2026-05-19-10-22-45,-4.500000,10.990000,10.710000,-24.500000,-0.700000,113.699997,0.900000
2026-05-19-10-22-45,-4.490000,11.020000,10.730000,-25.500000,-0.800000,112.300003,0.900000
2026-05-19-10-22-45,-4.460000,11.050000,10.770000,-22.500000,-1.900000,109.000000,0.900000
2026-05-19-10-22-45,-4.420000,11.080000,10.830000,-20.000000,-2.300000,105.000000,0.900000
2026-05-19-10-22-46,-4.400000,11.110000,10.860000,-23.700001,-3.200000,99.400002,0.900000
2026-05-19-10-22-46,-4.370000,11.130000,10.870000,-27.700001,-4.900000,95.699997,0.900000
2026-05-19-10-22-46,-4.320000,11.170000,10.870000,-31.000000,-4.600000,92.000000,0.900000
2026-05-19-10-22-46,-4.260000,11.200000,10.850000,-33.900002,-2.900000,88.599998,0.900000
2026-05-19-10-22-46,-4.270000,11.220000,10.820000,-36.400002,-10.300000,75.099998,0.900000
2026-05-19-10-22-47,-4.300000,11.240000,10.810000,-32.900002,-23.900000,55.799999,0.900000
2026-05-19-10-22-47,-4.320000,11.270000,10.850000,-21.200001,-35.500000,30.799999,0.900000
2026-05-19-10-22-47,-4.300000,11.300000,10.890000,-8.400000,-38.299999,8.700000,0.900000
2026-05-19-10-22-47,-4.260000,11.320000,10.900000,-2.400000,-37.099998,-3.500000,0.900000
2026-05-19-10-22-48,-4.130000,11.400000,10.950000,3.000000,-35.599998,-14.300000,0.900000
2026-05-19-10-22-48,-4.210000,11.320000,10.890000,4.300000,-33.599998,-19.100000,0.900000
2026-05-19-10-22-48,-4.180000,11.310000,10.910000,3.300000,-31.100000,-20.700001,0.900000
2026-05-19-10-22-48,-4.140000,11.310000,10.920000,1.300000,-25.600000,-23.000000,0.900000
2026-05-19-10-22-48,-4.110000,11.310000,10.910000,-0.600000,-21.600000,-25.400000,0.900000
2026-05-19-10-22-49,-4.120000,11.300000,10.910000,-2.100000,-20.799999,-26.500000,0.900000
2026-05-19-10-22-49,-4.130000,11.270000,10.930000,-3.800000,-20.400000,-25.600000,0.900000
2026-05-19-10-22-49,-4.130000,11.260000,10.960000,-5.400000,-17.900000,-24.700001,0.900000
2026-05-19-10-22-49,-4.090000,11.230000,10.990000,-6.100000,-14.600000,-23.799999,0.900000
2026-05-19-10-22-50,-4.020000,11.180000,11.030000,-7.200000,-11.400000,-22.000000,0.900000
2026-05-19-10-22-50,-3.930000,11.120000,11.050000,-8.800000,-8.600000,-19.799999,0.900000
2026-05-19-10-22-50,-3.830000,11.060000,11.070000,-11.500000,-6.800000,-17.600000,0.900000
2026-05-19-10-22-50,-3.740000,11.020000,11.070000,-15.000000,-7.200000,-15.700000,0.900000
2026-05-19-10-22-50,-3.650000,10.960000,11.090000,-17.500000,-9.800000,-13.600000,0.900000
2026-05-19-10-22-51,-3.570000,10.890000,11.120000,-19.299999,-13.500000,-10.800000,0.900000
2026-05-19-10-22-51,-3.480000,10.840000,11.160000,-22.900000,-15.700000,-9.700000,0.900000
2026-05-19-10-22-51,-3.400000,10.820000,11.180000,-27.299999,-17.700001,-9.400000,0.900000
2026-05-19-10-22-51,-3.340000,10.810000,11.190000,-29.100000,-18.900000,-9.900000,0.900000
2026-05-19-10-22-52,-3.310000,10.770000,11.210000,-28.900000,-18.700001,-9.700000,0.900000
2026-05-19-10-22-52,-3.280000,10.730000,11.220000,-27.700001,-17.400000,-9.600000,0.900000
2026-05-19-10-22-52,-3.250000,10.720000,11.210000,-26.299999,-15.000000,-11.700000,0.900000
2026-05-19-10-22-52,-3.220000,10.690000,11.200000,-24.799999,-12.000000,-13.600000,0.900000
2026-05-19-10-22-52,-3.210000,10.650000,11.210000,-23.600000,-9.400000,-13.400000,0.900000
2026-05-19-10-22-53,-3.210000,10.630000,11.210000,-22.299999,-6.800000,-12.900000,0.900000
2026-05-19-10-22-53,-3.190000,10.620000,11.220000,-21.600000,-4.400000,-14.000000,0.900000
2026-05-19-10-22-53,-3.170000,10.600000,11.240000,-21.000000,-2.400000,-15.400000,0.900000
2026-05-19-10-22-53,-3.160000,10.580000,11.260000,-19.700001,-1.900000,-15.100000,0.900000
2026-05-19-10-22-53,-3.160000,10.550000,11.270000,-18.700001,-2.200000,-14.000000,0.900000
2026-05-19-10-22-54,-3.150000,10.540000,11.280000,-19.500000,-3.800000,-13.200000,0.900000
2026-05-19-10-22-54,-3.130000,10.550000,11.330000,-20.600000,-5.300000,-13.800000,0.900000
2026-05-19-10-22-54,-3.110000,10.560000,11.390000,-22.900000,-5.700000,-15.100000,0.900000
2026-05-19-10-22-54,-3.100000,10.550000,11.440000,-24.200001,-6.900000,-15.400000,0.900000
2026-05-19-10-22-55,-3.120000,10.550000,11.480000,-24.400000,-10.000000,-15.100000,0.900000
2026-05-19-10-22-55,-3.130000,10.560000,11.520000,-24.600000,-13.500000,-15.600000,0.900000
2026-05-19-10-22-55,-3.150000,10.600000,11.580000,-25.500000,-16.200001,-16.799999,0.900000
2026-05-19-10-22-55,-3.160000,10.660000,11.660000,-26.299999,-18.200001,-18.200001,0.900000
2026-05-19-10-22-55,-3.170000,10.720000,11.740000,-26.500000,-20.100000,-19.799999,0.900000
2026-05-19-10-22-56,-3.180000,10.770000,11.810000,-26.600000,-22.000000,-21.299999,0.900000
2026-05-19-10-22-56,-3.190000,10.790000,11.840000,-27.100000,-23.100000,-22.900000,0.900000
2026-05-19-10-22-56,-3.200000,10.800000,11.860000,-28.200001,-23.200001,-25.400000,0.900000
2026-05-19-10-22-56,-3.200000,10.830000,11.880000,-37.299999,-21.900000,-28.000000,0.900000
2026-05-19-10-22-56,-3.210000,10.870000,11.910000,-42.900002,-22.500000,-29.600000,0.900000
2026-05-19-10-22-57,-3.220000,10.930000,11.950000,-43.000000,-24.299999,-31.000000,0.900000
2026-05-19-10-22-57,-3.220000,10.990000,12.000000,-41.000000,-25.700001,-32.700001,0.900000
2026-05-19-10-22-57,-3.220000,11.060000,12.040000,-38.400002,-27.200001,-34.599998,0.900000
2026-05-19-10-22-57,-3.230000,11.100000,12.060000,-35.299999,-28.000000,-37.200001,0.900000
2026-05-19-10-22-58,-3.290000,11.120000,12.080000,-32.099998,-27.900000,-41.099998,0.900000
2026-05-19-10-22-58,-3.240000,11.190000,12.080000,-30.900000,-27.299999,-44.099998,0.900000
2026-05-19-10-22-58,-3.250000,11.210000,12.070000,-30.400000,-26.600000,-46.500000,0.900000
2026-05-19-10-22-58,-3.260000,11.230000,12.060000,-30.000000,-25.500000,-48.900002,0.900000
2026-05-19-10-22-59,-3.260000,11.240000,12.050000,-29.100000,-23.900000,-51.500000,0.900000
2026-05-19-10-22-59,-3.270000,11.260000,12.040000,-27.600000,-22.200001,-53.799999,0.900000
2026-05-19-10-22-59,-3.270000,11.270000,12.020000,-25.500000,-20.299999,-56.000000,0.900000
2026-05-19-10-22-59,-3.270000,11.290000,12.020000,-24.400000,-12.600000,-60.200001,0.900000
2026-05-19-10-22-59,-3.260000,11.300000,12.040000,-25.700001,4.900000,-68.500000,0.900000
2026-05-19-10-23-00,-3.250000,11.300000,12.040000,-28.100000,12.700000,-72.500000,0.900000
2026-05-19-10-23-00,-3.250000,11.300000,12.020000,-29.200001,14.800000,-73.400002,0.900000
2026-05-19-10-23-00,-3.260000,11.300000,12.000000,-29.200001,14.200000,-72.599998,0.900000
2026-05-19-10-23-00,-3.280000,11.300000,11.970000,-23.000000,6.700000,-69.599998,0.900000
2026-05-19-10-23-00,-3.320000,11.300000,11.910000,-19.799999,-11.100000,-63.700001,0.900000
2026-05-19-10-23-01,-3.370000,11.280000,11.840000,-22.700001,-37.299999,-53.599998,0.900000
2026-05-19-10-23-01,-3.510000,11.230000,11.780000,-42.000000,-63.599998,-29.900000,0.900000
2026-05-19-10-23-01,-3.880000,11.180000,11.670000,-134.300003,-66.800003,65.400002,0.900000
2026-05-19-10-23-01,-4.290000,11.190000,11.490000,-154.300003,-55.099998,85.400002,1.000000
2026-05-19-10-23-02,-3.570000,11.110000,12.110000,-164.600006,-59.000000,88.599998,1.000000
2026-05-19-10-23-02,-3.570000,11.140000,11.830000,-170.199997,-78.699997,82.900002,1.000000
2026-05-19-10-23-03,-3.590000,11.120000,11.920000,-2.300000,-74.800003,-97.500000,1.000000
2026-05-19-10-23-03,-3.650000,11.150000,11.870000,-7.600000,-46.000000,-105.000000,1.000000
2026-05-19-10-23-03,-3.630000,11.170000,11.820000,-12.100000,-19.000000,-111.699997,1.000000
2026-05-19-10-23-04,-3.620000,11.190000,11.780000,-12.500000,-5.500000,-115.599998,1.000000
2026-05-19-10-23-04,-3.620000,11.210000,11.750000,-11.200000,1.600000,-118.099998,1.000000
2026-05-19-10-23-04,-3.630000,11.230000,11.730000,-9.100000,7.300000,-120.199997,1.000000
2026-05-19-10-23-04,-3.650000,11.250000,11.690000,-7.100000,11.300000,-121.699997,1.000000
2026-05-19-10-23-04,-3.650000,11.260000,11.640000,-5.700000,12.400000,-122.599998,1.000000
2026-05-19-10-23-05,-3.640000,11.280000,11.580000,-4.900000,12.200000,-123.099998,1.000000
2026-05-19-10-23-05,-3.620000,11.300000,11.540000,-4.800000,11.100000,-123.500000,1.000000
2026-05-19-10-23-05,-3.610000,11.320000,11.530000,-5.200000,8.500000,-124.400002,1.000000
2026-05-19-10-23-05,-3.610000,11.320000,11.520000,-5.700000,4.700000,-125.099998,1.000000
2026-05-19-10-23-06,-3.630000,11.320000,11.510000,-5.400000,2.100000,-125.099998,1.000000
2026-05-19-10-23-06,-3.640000,11.330000,11.500000,-4.400000,1.500000,-126.000000,1.000000
2026-05-19-10-23-06,-3.650000,11.350000,11.500000,-4.000000,1.900000,-128.100006,1.000000
2026-05-19-10-23-06,-3.650000,11.370000,11.500000,-3.800000,3.300000,-128.699997,1.000000
2026-05-19-10-23-06,-3.650000,11.380000,11.500000,-3.700000,4.500000,-129.000000,1.000000
2026-05-19-10-23-07,-3.640000,11.400000,11.500000,-3.900000,5.400000,-130.300003,1.000000
2026-05-19-10-23-07,-3.620000,11.410000,11.510000,-4.200000,5.700000,-130.500000,1.000000
2026-05-19-10-23-07,-3.610000,11.410000,11.520000,-4.200000,6.300000,-131.199997,1.000000
2026-05-19-10-23-07,-3.620000,11.400000,11.540000,-3.900000,6.200000,-132.300003,1.000000
2026-05-19-10-23-08,-3.610000,11.410000,11.560000,-3.300000,5.600000,-133.100006,1.000000
2026-05-19-10-23-08,-3.660000,11.430000,11.550000,-2.400000,5.800000,-132.699997,1.000000
2026-05-19-10-23-08,-3.680000,11.440000,11.540000,-1.700000,6.400000,-133.399994,1.000000
2026-05-19-10-23-08,-3.690000,11.470000,11.510000,-1.200000,6.800000,-134.000000,1.000000
2026-05-19-10-23-08,-3.660000,11.490000,11.480000,-0.900000,6.500000,-133.500000,1.000000
2026-05-19-10-23-09,-3.610000,11.500000,11.460000,-1.600000,6.000000,-133.899994,1.000000
2026-05-19-10-23-09,-3.550000,11.500000,11.490000,-1.600000,4.800000,-135.600006,1.000000
2026-05-19-10-23-09,-3.580000,11.510000,11.560000,-2.000000,4.800000,-135.500000,1.000000
2026-05-19-10-23-10,-3.640000,11.510000,11.600000,-0.400000,6.500000,-136.399994,1.000000
2026-05-19-10-23-10,-3.680000,11.520000,11.590000,0.300000,8.000000,-137.300003,1.000000
2026-05-19-10-23-10,-3.670000,11.550000,11.540000,0.500000,8.200000,-137.600006,1.000000
2026-05-19-10-23-10,-3.630000,11.570000,11.490000,0.200000,6.700000,-137.399994,1.000000
2026-05-19-10-23-10,-3.580000,11.580000,11.480000,-0.800000,5.300000,-137.600006,1.000000
2026-05-19-10-23-11,-3.560000,11.560000,11.530000,-3.000000,8.500000,-141.000000,1.000000
2026-05-19-10-23-11,-3.560000,11.550000,11.550000,-3.200000,8.800000,-141.800003,1.000000
2026-05-19-10-23-11,-3.570000,11.570000,11.540000,-2.800000,7.700000,-141.300003,1.000000
2026-05-19-10-23-12,-3.580000,11.600000,11.530000,-2.500000,6.900000,-142.600006,1.000000
2026-05-19-10-23-12,-3.590000,11.620000,11.530000,-2.300000,6.600000,-145.000000,1.000000
2026-05-19-10-23-12,-3.590000,11.630000,11.530000,-1.700000,6.200000,-145.199997,1.000000
2026-05-19-10-23-12,-3.590000,11.620000,11.530000,-0.700000,7.900000,-144.600006,1.000000
2026-05-19-10-23-12,-3.610000,11.610000,11.520000,-2.300000,11.100000,-144.699997,1.000000
2026-05-19-10-23-13,-3.600000,11.600000,11.510000,-4.400000,10.800000,-144.500000,1.000000
2026-05-19-10-23-13,-3.590000,11.590000,11.510000,-6.700000,8.900000,-144.199997,1.000000
2026-05-19-10-23-13,-3.600000,11.590000,11.500000,-8.600000,8.000000,-140.000000,1.000000
2026-05-19-10-23-13,-3.640000,11.600000,11.520000,-8.800000,10.300000,-125.400002,1.000000
2026-05-19-10-23-13,-3.680000,11.610000,11.540000,-9.300000,11.100000,-116.400002,1.000000
2026-05-19-10-23-14,-3.710000,11.630000,11.560000,-9.200000,11.200000,-112.800003,1.000000
2026-05-19-10-23-14,-3.730000,11.640000,11.560000,-8.600000,11.600000,-109.500000,1.000000
2026-05-19-10-23-14,-3.730000,11.650000,11.540000,-8.300000,12.300000,-106.300003,1.000000
2026-05-19-10-23-14,-3.720000,11.610000,11.510000,-7.800000,15.500000,-103.599998,1.000000
2026-05-19-10-23-15,-3.730000,11.530000,11.480000,-8.500000,19.100000,-101.800003,1.000000
2026-05-19-10-23-15,-3.710000,11.440000,11.450000,-10.200000,20.500000,-99.000000,1.000000
2026-05-19-10-23-15,-3.710000,11.340000,11.450000,-11.000000,19.799999,-96.599998,1.000000
2026-05-19-10-23-15,-3.760000,11.230000,11.450000,-10.100000,17.200001,-93.500000,1.000000
2026-05-19-10-23-15,-3.820000,11.130000,11.430000,-8.700000,13.600000,-91.199997,1.000000
2026-05-19-10-23-16,-3.870000,11.030000,11.400000,-10.900000,11.000000,-90.400002,1.000000
2026-05-19-10-23-16,-3.880000,10.920000,11.380000,-13.500000,10.500000,-90.599998,1.000000
2026-05-19-10-23-16,-3.880000,10.810000,11.360000,-16.299999,9.500000,-90.599998,1.000000
2026-05-19-10-23-16,-3.870000,10.710000,11.330000,-19.400000,5.900000,-89.599998,1.000000
2026-05-19-10-23-16,-3.860000,10.610000,11.300000,-23.299999,2.000000,-89.000000,1.000000
2026-05-19-10-23-17,-3.860000,10.510000,11.260000,-24.700001,-3.300000,-95.099998,1.000000
2026-05-19-10-23-17,-3.860000,10.410000,11.240000,-22.000000,-7.900000,-106.199997,1.000000
2026-05-19-10-23-17,-3.890000,10.270000,11.250000,-15.400000,-12.900000,-128.699997,1.000000
2026-05-19-10-23-18,-3.960000,10.180000,11.290000,-15.800000,-12.700000,-134.300003,1.000000
2026-05-19-10-23-18,-4.160000,10.150000,11.390000,-18.900000,-10.500000,-137.899994,1.000000
2026-05-19-10-23-18,-4.210000,9.960000,11.370000,-24.799999,-11.400000,-139.899994,1.000000
2026-05-19-10-23-18,-4.250000,9.910000,11.410000,-28.000000,-12.200000,-139.699997,1.000000
2026-05-19-10-23-19,-4.300000,9.850000,11.450000,-30.799999,-11.800000,-140.100006,1.000000
2026-05-19-10-23-19,-4.370000,9.800000,11.510000,-32.099998,-10.800000,-141.000000,1.000000
2026-05-19-10-23-19,-4.440000,9.760000,11.550000,-32.099998,-12.600000,-146.600006,1.000000
2026-05-19-10-23-19,-4.520000,9.730000,11.580000,-28.600000,-18.400000,-159.699997,1.000000
2026-05-19-10-23-20,-4.600000,9.710000,11.590000,-23.100000,-23.799999,-175.300003,1.000000
2026-05-19-10-23-20,-4.680000,9.700000,11.610000,-15.400000,-27.799999,166.500000,1.000000
2026-05-19-10-23-20,-4.770000,9.710000,11.650000,-13.000000,-27.799999,157.100006,1.000000
2026-05-19-10-23-20,-4.850000,9.750000,11.710000,-13.200000,-27.600000,151.699997,1.000000
2026-05-19-10-23-20,-4.940000,9.790000,11.760000,-15.400000,-28.000000,149.300003,1.000000
2026-05-19-10-23-21,-5.010000,9.850000,11.820000,-18.000000,-28.900000,149.000000,1.000000
2026-05-19-10-23-21,-5.080000,9.910000,11.870000,-21.600000,-29.799999,149.899994,1.000000
2026-05-19-10-23-21,-5.150000,9.990000,11.940000,-26.700001,-30.299999,151.800003,1.000000
2026-05-19-10-23-21,-5.220000,10.080000,12.000000,-32.799999,-29.799999,153.899994,1.000000
2026-05-19-10-23-22,-5.300000,10.160000,12.070000,-38.900002,-28.600000,155.800003,1.000000
2026-05-19-10-23-22,-5.370000,10.230000,12.140000,-43.700001,-26.600000,156.899994,1.000000
2026-05-19-10-23-22,-5.440000,10.290000,12.210000,-47.000000,-24.799999,157.500000,1.000000
2026-05-19-10-23-22,-5.530000,10.350000,12.290000,-49.299999,-23.200001,157.899994,1.000000
2026-05-19-10-23-22,-5.600000,10.390000,12.350000,-50.200001,-24.400000,156.500000,1.000000
2026-05-19-10-23-23,-5.670000,10.420000,12.390000,-46.000000,-32.299999,149.300003,1.000000
2026-05-19-10-23-23,-5.730000,10.460000,12.420000,-34.400002,-41.900002,135.000000,1.000000
2026-05-19-10-23-23,-5.780000,10.510000,12.470000,-19.000000,-47.099998,117.500000,1.000000
2026-05-19-10-23-23,-5.810000,10.590000,12.540000,-8.900000,-46.900002,105.099998,1.000000
2026-05-19-10-23-23,-5.840000,10.700000,12.640000,-6.800000,-44.900002,99.199997,1.000000
2026-05-19-10-23-24,-5.830000,10.780000,12.710000,-8.400000,-43.200001,97.500000,1.000000
2026-05-19-10-23-24,-5.830000,10.870000,12.790000,-12.000000,-42.700001,97.599998,1.000000
2026-05-19-10-23-24,-5.810000,10.960000,12.880000,-16.799999,-42.599998,98.800003,1.000000
2026-05-19-10-23-24,-5.800000,11.040000,12.960000,-21.500000,-41.900002,99.800003,1.000000
2026-05-19-10-23-25,-5.790000,11.100000,13.050000,-27.600000,-41.000000,100.699997,1.000000
2026-05-19-10-23-25,-5.780000,11.200000,13.140000,-33.000000,-39.799999,101.500000,1.000000
2026-05-19-10-23-25,-5.760000,11.270000,13.230000,-37.200001,-38.400002,102.199997,1.000000
2026-05-19-10-23-25,-5.750000,11.360000,13.320000,-40.200001,-36.799999,102.699997,1.000000
2026-05-19-10-23-25,-5.740000,11.450000,13.410000,-42.500000,-35.000000,103.099998,1.000000
2026-05-19-10-23-26,-5.730000,11.530000,13.480000,-44.200001,-33.400002,103.599998,1.000000
2026-05-19-10-23-26,-5.730000,11.620000,13.560000,-46.000000,-32.000000,104.400002,1.000000
2026-05-19-10-23-26,-5.740000,11.710000,13.640000,-47.500000,-30.700001,105.000000,1.000000
2026-05-19-10-23-26,-5.740000,11.790000,13.710000,-46.500000,-32.299999,103.099998,1.000000
2026-05-19-10-23-27,-5.750000,11.860000,13.760000,-39.200001,-39.500000,94.000000,1.000000
2026-05-19-10-23-27,-5.750000,11.930000,13.800000,-24.299999,-46.299999,77.099998,1.000000
2026-05-19-10-23-27,-5.740000,12.000000,13.860000,-8.100000,-47.500000,59.799999,1.000000
2026-05-19-10-23-27,-5.710000,12.060000,13.940000,-1.900000,-45.799999,51.500000,1.000000
2026-05-19-10-23-27,-5.650000,12.120000,14.020000,-2.200000,-43.799999,47.599998,1.000000
2026-05-19-10-23-28,-5.590000,12.170000,14.100000,-4.900000,-42.200001,46.099998,1.000000
2026-05-19-10-23-28,-5.470000,12.300000,14.240000,-8.800000,-41.500000,46.000000,1.000000
2026-05-19-10-23-28,-5.430000,12.210000,14.260000,-13.100000,-41.099998,46.299999,1.000000
2026-05-19-10-23-28,-5.350000,12.260000,14.350000,-18.400000,-40.299999,46.900002,1.000000
2026-05-19-10-23-29,-5.270000,12.300000,14.430000,-23.600000,-39.200001,47.400002,1.000000
2026-05-19-10-23-29,-5.180000,12.350000,14.510000,-28.000000,-37.500000,48.099998,1.000000
2026-05-19-10-23-29,-5.110000,12.390000,14.590000,-31.200001,-36.400002,48.500000,1.000000
2026-05-19-10-23-29,-5.040000,12.440000,14.670000,-34.400002,-35.099998,49.200001,1.000000
2026-05-19-10-23-29,-4.960000,12.490000,14.760000,-36.599998,-33.799999,49.900002,1.000000
2026-05-19-10-23-30,-4.890000,12.540000,14.840000,-37.900002,-32.500000,50.500000,1.000000
2026-05-19-10-23-30,-4.810000,12.600000,14.920000,-39.200001,-31.100000,51.099998,1.000000
2026-05-19-10-23-30,-4.740000,12.650000,14.990000,-40.500000,-30.200001,51.299999,1.000000
2026-05-19-10-23-30,-4.690000,12.700000,15.040000,-36.599998,-34.799999,44.900002,1.000000
2026-05-19-10-23-30,-4.640000,12.740000,15.080000,-25.900000,-41.099998,31.000000,1.000000
2026-05-19-10-23-31,-4.590000,12.790000,15.130000,-12.100000,-44.099998,14.200000,1.000000
2026-05-19-10-23-31,-4.520000,12.820000,15.190000,0.300000,-42.299999,-3.000000,1.000000
2026-05-19-10-23-31,-4.440000,12.820000,15.270000,3.600000,-39.400002,-9.000000,1.000000
2026-05-19-10-23-31,-4.350000,12.800000,15.340000,2.700000,-36.799999,-12.100000,1.000000
2026-05-19-10-23-32,-4.260000,12.770000,15.410000,0.100000,-35.700001,-12.800000,1.000000
2026-05-19-10-23-32,-4.160000,12.730000,15.480000,-3.500000,-36.099998,-13.000000,1.000000
2026-05-19-10-23-32,-4.070000,12.680000,15.550000,-7.900000,-36.599998,-12.400000,1.000000
2026-05-19-10-23-32,-3.980000,12.640000,15.620000,-12.300000,-36.500000,-11.800000,1.000000
2026-05-19-10-23-32,-3.900000,12.600000,15.700000,-16.900000,-35.400002,-11.100000,1.000000
2026-05-19-10-23-33,-3.810000,12.550000,15.770000,-20.700001,-34.299999,-10.500000,1.000000
2026-05-19-10-23-33,-3.720000,12.510000,15.840000,-23.700001,-33.900002,-10.000000,1.000000
2026-05-19-10-23-33,-3.670000,12.470000,15.880000,-27.200001,-35.000000,-9.700000,1.000000
2026-05-19-10-23-33,-3.630000,12.440000,15.900000,-27.900000,-35.700001,-10.200000,1.000000
2026-05-19-10-23-34,-3.610000,12.410000,15.920000,-25.799999,-35.200001,-12.200000,1.000000
2026-05-19-10-23-34,-3.580000,12.380000,15.940000,-22.600000,-33.500000,-14.600000,1.000000
2026-05-19-10-23-34,-3.560000,12.360000,15.950000,-18.799999,-30.600000,-17.500000,1.000000
2026-05-19-10-23-34,-3.530000,12.330000,15.960000,-16.000000,-27.200001,-20.000000,1.000000
2026-05-19-10-23-34,-3.510000,12.300000,15.960000,-13.800000,-22.400000,-22.900000,1.000000
2026-05-19-10-23-35,-3.500000,12.270000,15.950000,-12.900000,-18.600000,-24.900000,1.000000
2026-05-19-10-23-35,-3.490000,12.240000,15.950000,-12.700000,-14.900000,-26.700001,1.000000
2026-05-19-10-23-35,-3.490000,12.220000,15.930000,-12.900000,-12.100000,-28.100000,1.000000
2026-05-19-10-23-35,-3.490000,12.200000,15.910000,-13.100000,-9.600000,-29.400000,1.000000
2026-05-19-10-23-35,-3.490000,12.180000,15.890000,-13.100000,-7.700000,-30.299999,1.000000
2026-05-19-10-23-36,-3.500000,12.160000,15.870000,-12.800000,-5.700000,-31.299999,1.000000
2026-05-19-10-23-36,-3.500000,12.140000,15.850000,-12.400000,-4.400000,-31.900000,1.000000
2026-05-19-10-23-36,-3.500000,12.120000,15.820000,-11.600000,-3.200000,-32.500000,1.000000
2026-05-19-10-23-36,-3.500000,12.100000,15.800000,-10.800000,-2.200000,-33.099998,1.000000
2026-05-19-10-23-37,-3.510000,12.080000,15.760000,-9.800000,-1.500000,-33.599998,1.000000
2026-05-19-10-23-37,-3.520000,12.060000,15.730000,-8.700000,-0.900000,-34.099998,1.000000
2026-05-19-10-23-37,-3.540000,12.060000,15.690000,-7.700000,-0.600000,-34.599998,1.000000
2026-05-19-10-23-37,-3.560000,12.060000,15.660000,-6.800000,-0.300000,-35.099998,1.000000
2026-05-19-10-23-37,-3.580000,12.060000,15.620000,-5.900000,-0.100000,-35.799999,1.000000
2026-05-19-10-23-38,-3.600000,12.060000,15.590000,-5.300000,0.300000,-36.500000,1.000000
2026-05-19-10-23-38,-3.640000,12.130000,15.590000,-4.800000,0.900000,-37.599998,1.000000
2026-05-19-10-23-38,-3.630000,12.060000,15.520000,-4.500000,1.500000,-38.500000,1.000000
2026-05-19-10-23-38,-3.640000,12.050000,15.480000,-4.200000,2.300000,-39.599998,1.000000
2026-05-19-10-23-39,-3.650000,12.050000,15.440000,-3.900000,2.900000,-40.599998,1.000000
2026-05-19-10-23-39,-3.660000,12.050000,15.400000,-3.600000,3.400000,-41.700001,1.000000
2026-05-19-10-23-39,-3.680000,12.060000,15.360000,-3.400000,3.500000,-42.700001,1.000000
2026-05-19-10-23-39,-3.700000,12.080000,15.310000,-3.200000,3.600000,-43.799999,1.000000
2026-05-19-10-23-39,-3.720000,12.100000,15.270000,-2.900000,3.800000,-45.099998,1.000000
2026-05-19-10-23-40,-3.730000,12.110000,15.240000,-2.700000,4.200000,-46.200001,1.000000
2026-05-19-10-23-40,-3.740000,12.120000,15.200000,-2.500000,4.600000,-47.400002,1.000000
2026-05-19-10-23-40,-3.750000,12.120000,15.170000,-2.200000,4.800000,-48.700001,1.000000
2026-05-19-10-23-40,-3.760000,12.130000,15.130000,-1.800000,4.700000,-49.900002,1.000000
2026-05-19-10-23-41,-3.780000,12.130000,15.090000,-1.500000,4.600000,-51.000000,1.000000
2026-05-19-10-23-41,-3.790000,12.140000,15.050000,-1.400000,4.700000,-52.299999,1.000000
2026-05-19-10-23-41,-3.800000,12.150000,15.000000,-1.300000,5.100000,-53.400002,1.000000
2026-05-19-10-23-41,-3.810000,12.160000,14.960000,-1.100000,5.300000,-54.700001,1.000000
2026-05-19-10-23-41,-3.820000,12.180000,14.910000,-0.900000,5.300000,-55.700001,1.000000
2026-05-19-10-23-42,-3.830000,12.200000,14.860000,-0.900000,5.300000,-56.700001,1.000000
2026-05-19-10-23-42,-3.840000,12.220000,14.820000,-1.100000,5.400000,-57.799999,1.000000
2026-05-19-10-23-42,-3.850000,12.240000,14.790000,-1.100000,5.100000,-59.000000,1.000000
2026-05-19-10-23-42,-3.860000,12.250000,14.760000,-0.600000,4.100000,-60.299999,1.000000
2026-05-19-10-23-43,-3.880000,12.260000,14.730000,-0.100000,3.900000,-61.700001,1.000000
2026-05-19-10-23-43,-3.880000,12.250000,14.690000,-0.100000,5.000000,-63.000000,1.000000
2026-05-19-10-23-43,-3.880000,12.260000,14.630000,-0.300000,5.600000,-63.599998,1.000000
2026-05-19-10-23-43,-3.880000,12.270000,14.580000,-0.300000,5.100000,-64.000000,1.000000
2026-05-19-10-23-43,-3.890000,12.290000,14.530000,-0.300000,4.900000,-65.400002,1.000000
2026-05-19-10-23-44,-3.890000,12.310000,14.490000,-0.400000,4.900000,-67.300003,1.000000
2026-05-19-10-23-44,-3.910000,12.350000,14.460000,0.500000,1.900000,-69.199997,1.000000
2026-05-19-10-23-44,-3.930000,12.400000,14.490000,0.300000,-0.600000,-71.300003,1.000000
2026-05-19-10-23-44,-3.920000,12.400000,14.520000,0.600000,0.500000,-73.900002,1.000000
2026-05-19-10-23-45,-3.930000,12.380000,14.530000,1.900000,3.800000,-78.500000,1.000000
2026-05-19-10-23-45,-3.920000,12.390000,14.540000,0.500000,7.300000,-94.400002,1.000000
2026-05-19-10-23-45,-3.900000,12.420000,14.530000,-3.000000,5.400000,-103.400002,1.000000
2026-05-19-10-23-45,-3.880000,12.430000,14.540000,-6.900000,3.300000,-110.900002,1.000000
2026-05-19-10-23-46,-3.880000,12.430000,14.540000,-10.400000,3.300000,-118.599998,1.000000
2026-05-19-10-23-46,-3.910000,12.430000,14.540000,-12.900000,4.100000,-123.800003,1.000000
2026-05-19-10-23-46,-3.920000,12.460000,14.520000,-14.700000,2.600000,-128.000000,1.000000
2026-05-19-10-23-46,-3.910000,12.490000,14.500000,-16.500000,0.500000,-131.699997,1.000000
2026-05-19-10-23-46,-3.900000,12.520000,14.480000,-16.600000,-0.100000,-133.699997,1.000000
2026-05-19-10-23-47,-3.930000,12.560000,14.530000,-17.900000,-0.600000,-118.199997,1.000000
2026-05-19-10-23-47,-3.970000,12.540000,14.580000,-19.299999,4.300000,-101.599998,1.000000
2026-05-19-10-23-47,-4.010000,12.530000,14.610000,-18.799999,9.900000,-91.800003,1.000000
2026-05-19-10-23-47,-4.050000,12.540000,14.590000,-18.200001,11.400000,-86.400002,1.000000
2026-05-19-10-23-48,-4.060000,12.580000,14.580000,-17.000000,10.800000,-83.000000,1.000000
2026-05-19-10-23-48,-4.080000,12.690000,14.600000,-14.900000,13.100000,-81.800003,1.000000
2026-05-19-10-23-48,-4.060000,12.610000,14.550000,-12.900000,15.400000,-81.599998,1.000000
2026-05-19-10-23-48,-4.060000,12.620000,14.540000,-12.800000,15.800000,-82.599998,1.000000
2026-05-19-10-23-49,-4.030000,12.640000,14.550000,-17.299999,12.100000,-98.500000,1.000000
2026-05-19-10-23-49,-3.990000,12.650000,14.570000,-21.100000,5.700000,-116.500000,1.000000
2026-05-19-10-23-49,-3.970000,12.640000,14.580000,-24.000000,-4.000000,-137.000000,1.000000
2026-05-19-10-23-49,-3.960000,12.610000,14.600000,-22.400000,-14.300000,-158.300003,1.000000
2026-05-19-10-23-49,-3.980000,12.580000,14.600000,-16.299999,-23.200001,179.500000,1.000000
2026-05-19-10-23-50,-4.020000,12.570000,14.580000,-13.100000,-26.100000,166.800003,1.000000
2026-05-19-10-23-50,-4.060000,12.570000,14.550000,-11.800000,-26.500000,157.399994,1.000000
2026-05-19-10-23-50,-4.080000,12.590000,14.520000,-10.200000,-26.799999,149.699997,1.000000
2026-05-19-10-23-50,-4.060000,12.630000,14.520000,2.200000,-29.500000,125.400002,1.000000
2026-05-19-10-23-51,-4.100000,12.680000,14.610000,8.000000,-24.000000,98.500000,1.000000
2026-05-19-10-23-51,-4.160000,12.700000,14.660000,4.700000,-20.600000,88.900002,1.000000
2026-05-19-10-23-51,-4.160000,12.730000,14.660000,1.200000,-18.600000,85.800003,1.000000
2026-05-19-10-23-52,-4.150000,12.750000,14.650000,-6.500000,-20.100000,98.699997,1.000000
2026-05-19-10-23-52,-4.110000,12.780000,14.650000,-13.900000,-20.600000,113.400002,1.000000
2026-05-19-10-23-52,-4.080000,12.830000,14.640000,-19.299999,-19.200001,123.599998,1.000000
2026-05-19-10-23-52,-4.060000,12.880000,14.660000,-22.400000,-14.000000,132.800003,1.000000
2026-05-19-10-23-53,-4.100000,12.980000,14.730000,-24.500000,-4.600000,146.500000,1.000000
2026-05-19-10-23-53,-4.210000,13.080000,14.780000,-24.600000,-1.400000,150.800003,1.000000
2026-05-19-10-23-53,-4.280000,13.150000,14.780000,-24.799999,-1.700000,153.399994,1.000000
2026-05-19-10-23-53,-4.340000,13.220000,14.760000,-24.200001,-6.400000,148.899994,1.000000
2026-05-19-10-23-54,-4.400000,13.270000,14.750000,-21.600000,-12.600000,139.899994,1.000000
2026-05-19-10-23-54,-4.460000,13.320000,14.760000,-17.500000,-17.700001,130.600006,1.000000
2026-05-19-10-23-54,-4.570000,13.430000,14.850000,-20.100000,-20.299999,124.900002,1.000000
2026-05-19-10-23-54,-4.700000,13.590000,14.900000,-26.900000,-20.100000,123.900002,1.000000
2026-05-19-10-23-55,-4.740000,13.700000,14.930000,-30.200001,-21.100000,124.500000,1.000000
2026-05-19-10-23-55,-4.770000,13.800000,14.980000,-33.400002,-21.299999,125.300003,1.000000
2026-05-19-10-23-55,-4.810000,13.900000,15.020000,-37.000000,-22.400000,126.300003,1.000000
2026-05-19-10-23-55,-4.830000,13.990000,15.060000,-39.900002,-23.400000,127.400002,1.000000
2026-05-19-10-23-56,-4.850000,14.070000,15.130000,-42.299999,-23.500000,128.399994,1.000000
2026-05-19-10-23-56,-4.900000,14.140000,15.220000,-43.799999,-22.900000,128.399994,1.000000
2026-05-19-10-23-56,-4.990000,14.230000,15.300000,-44.900002,-22.200001,128.300003,1.000000
2026-05-19-10-23-56,-5.080000,14.340000,15.360000,-45.500000,-21.200001,127.599998,1.000000
2026-05-19-10-23-56,-5.140000,14.460000,15.390000,-46.400002,-20.500000,127.300003,1.000000
2026-05-19-10-23-57,-5.180000,14.580000,15.420000,-47.900002,-20.200001,127.699997,1.000000
2026-05-19-10-23-57,-5.210000,14.670000,15.460000,-49.200001,-19.799999,128.300003,1.000000
2026-05-19-10-23-57,-5.240000,14.760000,15.520000,-49.400002,-19.200001,128.500000,1.000000
2026-05-19-10-23-57,-5.270000,14.830000,15.590000,-49.000000,-18.500000,128.600006,1.000000
2026-05-19-10-23-58,-5.330000,14.920000,15.660000,-48.500000,-17.700001,128.899994,1.000000
2026-05-19-10-23-58,-5.400000,15.020000,15.730000,-48.000000,-16.200001,128.800003,1.000000
2026-05-19-10-23-58,-5.400000,15.170000,15.800000,-48.400002,-14.300000,128.600006,1.000000
2026-05-19-10-23-58,-5.560000,15.260000,15.820000,-49.500000,-12.800000,128.500000,1.000000
2026-05-19-10-23-58,-5.610000,15.370000,15.850000,-50.400002,-12.000000,128.500000,1.000000
2026-05-19-10-23-59,-5.650000,15.460000,15.890000,-50.500000,-11.100000,128.399994,1.000000
2026-05-19-10-23-59,-5.700000,15.550000,15.940000,-50.500000,-10.500000,128.600006,1.000000
2026-05-19-10-23-59,-5.750000,15.640000,15.990000,-50.700001,-9.800000,128.600006,1.000000
2026-05-19-10-23-59,-5.800000,15.720000,16.030001,-50.400002,-12.700000,126.199997,1.000000
2026-05-19-10-24-00,-5.860000,15.810000,16.059999,-46.000000,-20.100000,117.199997,1.000000
2026-05-19-10-24-00,-5.910000,15.890000,16.080000,-38.099998,-26.500000,103.199997,1.000000
2026-05-19-10-24-00,-5.950000,15.980000,16.090000,-27.600000,-32.700001,85.900002,1.000000
2026-05-19-10-24-00,-5.950000,16.059999,16.129999,-19.400000,-35.099998,72.800003,1.000000
2026-05-19-10-24-00,-5.930000,16.129999,16.170000,-16.400000,-36.099998,65.099998,1.000000
2026-05-19-10-24-01,-5.900000,16.170000,16.190001,-17.200001,-37.500000,59.700001,1.000000
2026-05-19-10-24-01,-5.870000,16.209999,16.219999,-20.100000,-38.200001,55.599998,1.000000
2026-05-19-10-24-01,-5.840000,16.240000,16.240000,-23.799999,-38.299999,51.500000,1.000000
2026-05-19-10-24-01,-5.810000,16.280001,16.250000,-26.200001,-38.000000,48.099998,1.000000
2026-05-19-10-24-02,-5.780000,16.299999,16.250000,-27.500000,-38.200001,45.799999,1.000000
2026-05-19-10-24-02,-5.730000,16.330000,16.219999,-28.299999,-38.299999,44.599998,1.000000
2026-05-19-10-24-02,-5.670000,16.340000,16.170000,-29.100000,-36.099998,42.599998,1.000000
2026-05-19-10-24-02,-5.590000,16.350000,16.110001,-30.200001,-32.200001,40.400002,1.000000
2026-05-19-10-24-02,-5.500000,16.340000,16.030001,-30.700001,-28.100000,38.400002,1.000000
2026-05-19-10-24-03,-5.420000,16.299999,15.960000,-29.900000,-23.400000,36.400002,1.000000
2026-05-19-10-24-03,-5.350000,16.260000,15.890000,-28.500000,-18.299999,34.599998,1.000000
2026-05-19-10-24-03,-5.290000,16.240000,15.820000,-28.200001,-12.600000,33.000000,1.000000
2026-05-19-10-24-03,-5.260000,16.230000,15.770000,-29.000000,-9.700000,32.000000,1.000000
2026-05-19-10-24-03,-5.240000,16.230000,15.730000,-29.200001,-9.200000,32.200001,1.000000
2026-05-19-10-24-04,-5.240000,16.230000,15.660000,-31.600000,-13.700000,36.599998,1.000000
2026-05-19-10-24-04,-5.260000,16.200001,15.660000,-26.600000,-11.800000,41.200001,1.000000
2026-05-19-10-24-05,-5.270000,16.180000,15.690000,-21.500000,-6.000000,43.099998,1.000000
2026-05-19-10-24-05,-5.280000,16.200001,15.700000,-22.400000,-0.300000,46.700001,1.000000
2026-05-19-10-24-05,-5.310000,16.200001,15.690000,-25.400000,-8.300000,27.100000,1.000000
2026-05-19-10-24-06,-5.350000,16.219999,15.690000,-20.299999,-18.500000,1.800000,1.000000
2026-05-19-10-24-06,-5.350000,16.250000,15.710000,-19.400000,-22.299999,-7.300000,1.000000
2026-05-19-10-24-06,-5.330000,16.280001,15.700000,-21.500000,-25.600000,-12.100000,1.000000
2026-05-19-10-24-06,-5.300000,16.290001,15.660000,-25.400000,-28.700001,-14.900000,1.000000
2026-05-19-10-24-07,-5.280000,16.240000,15.630000,-27.500000,-29.700001,-18.100000,1.000000
2026-05-19-10-24-07,-5.300000,16.170000,15.650000,-25.799999,-28.900000,-20.600000,1.000000
2026-05-19-10-24-07,-5.310000,16.110001,15.720000,-23.500000,-24.799999,-21.100000,1.000000
2026-05-19-10-24-07,-5.210000,16.090000,15.820000,-26.100000,-22.500000,-19.600000,1.000000
2026-05-19-10-24-08,-5.070000,16.059999,15.880000,-29.500000,-21.700001,-17.000000,1.000000
2026-05-19-10-24-08,-4.940000,15.960000,15.940000,-32.599998,-20.400000,-15.300000,1.000000
2026-05-19-10-24-08,-4.870000,15.890000,15.970000,-35.500000,-20.799999,-13.100000,1.000000
2026-05-19-10-24-08,-4.810000,15.820000,16.010000,-37.900002,-21.600000,-11.200000,1.000000
2026-05-19-10-24-09,-4.700000,15.780000,16.100000,-36.000000,-31.600000,-19.700001,1.000000
2026-05-19-10-24-09,-4.570000,15.760000,16.190001,-22.900000,-42.099998,-39.099998,1.000000
2026-05-19-10-24-09,-4.500000,15.730000,16.250000,-12.100000,-44.799999,-52.799999,1.000000
2026-05-19-10-24-10,-4.440000,15.670000,16.309999,-8.700000,-45.900002,-58.299999,1.000000
2026-05-19-10-24-10,-4.390000,15.590000,16.360001,-12.000000,-46.299999,-59.599998,1.000000
2026-05-19-10-24-10,-4.350000,15.480000,16.440001,-16.500000,-45.599998,-60.700001,1.000000
2026-05-19-10-24-10,-4.340000,15.320000,16.570000,-20.799999,-45.599998,-60.200001,1.000000
2026-05-19-10-24-11,-4.330000,15.240000,16.670000,-25.100000,-45.099998,-59.799999,1.000000
2026-05-19-10-24-11,-4.290000,15.110000,16.879999,-30.400000,-43.599998,-60.200001,1.000000
2026-05-19-10-24-11,-4.260000,15.020000,16.980000,-32.700001,-42.599998,-60.700001,1.000000
2026-05-19-10-24-11,-4.230000,14.930000,17.070000,-34.599998,-42.200001,-60.700001,1.000000
2026-05-19-10-24-12,-4.210000,14.840000,17.150000,-37.000000,-41.799999,-60.299999,1.000000
2026-05-19-10-24-12,-4.190000,14.760000,17.230000,-39.099998,-41.299999,-59.900002,1.000000
2026-05-19-10-24-12,-4.170000,14.680000,17.309999,-40.400002,-40.700001,-59.799999,1.000000
2026-05-19-10-24-12,-4.150000,14.600000,17.400000,-41.099998,-40.000000,-59.700001,1.000000
2026-05-19-10-24-13,-4.130000,14.520000,17.490000,-40.500000,-39.000000,-59.900002,1.000000
2026-05-19-10-24-13,-4.110000,14.460000,17.549999,-39.900002,-39.200001,-60.099998,1.000000
2026-05-19-10-24-13,-4.100000,14.400000,17.590000,-38.200001,-39.500000,-61.299999,1.000000
2026-05-19-10-24-13,-4.120000,14.340000,17.590000,-36.400002,-39.000000,-62.799999,1.000000
2026-05-19-10-24-13,-4.140000,14.270000,17.580000,-33.299999,-36.099998,-66.199997,1.000000
2026-05-19-10-24-14,-4.160000,14.220000,17.559999,-30.000000,-32.599998,-70.099998,1.000000
2026-05-19-10-24-14,-4.180000,14.170000,17.559999,-27.400000,-29.299999,-73.500000,1.000000
2026-05-19-10-24-14,-4.190000,14.140000,17.540001,-26.200001,-26.400000,-76.599998,1.000000
2026-05-19-10-24-14,-4.210000,14.090000,17.510000,-25.200001,-26.799999,-76.900002,1.000000
2026-05-19-10-24-14,-4.240000,14.040000,17.440001,-24.400000,-24.100000,-78.699997,1.000000
2026-05-19-10-24-15,-4.270000,13.980000,17.360001,-23.900000,-19.100000,-81.300003,1.000000
2026-05-19-10-24-15,-4.300000,13.920000,17.250000,-24.100000,-13.500000,-83.900002,1.000000
2026-05-19-10-24-15,-4.350000,13.900000,17.160000,-27.100000,-9.500000,-85.300003,1.000000
2026-05-19-10-24-15,-4.350000,13.940000,17.150000,-30.500000,-11.600000,-81.400002,1.000000
2026-05-19-10-24-16,-4.290000,13.960000,17.219999,-24.100000,-7.100000,-79.599998,1.000000
2026-05-19-10-24-16,-4.220000,13.940000,17.240000,-22.600000,-7.000000,-83.400002,1.000000
2026-05-19-10-24-17,-4.160000,13.910000,17.240000,-17.600000,-10.900000,-102.500000,1.000000
2026-05-19-10-24-17,-4.110000,13.900000,17.240000,-15.200000,-9.900000,-130.300003,1.000000
2026-05-19-10-24-17,-4.040000,13.930000,17.219999,-14.400000,-13.100000,-152.699997,1.000000
2026-05-19-10-24-18,-4.050000,13.930000,17.219999,-14.600000,-21.100000,-161.199997,1.000000
2026-05-19-10-24-18,-4.110000,13.970000,17.270000,-14.400000,-21.700001,-160.000000,1.000000
2026-05-19-10-24-18,-4.200000,13.920000,17.350000,-15.100000,-21.600000,-158.699997,1.000000
2026-05-19-10-24-18,-4.320000,13.850000,17.400000,-19.799999,-23.900000,-155.300003,1.000000
2026-05-19-10-24-19,-4.420000,13.800000,17.420000,-23.500000,-25.600000,-152.699997,1.000000
2026-05-19-10-24-19,-4.530000,13.780000,17.459999,-27.500000,-25.700001,-149.500000,1.000000
2026-05-19-10-24-19,-4.640000,13.760000,17.520000,-30.400000,-25.200001,-147.600006,1.000000
2026-05-19-10-24-19,-4.780000,13.730000,17.629999,-34.799999,-26.600000,-144.500000,1.000000
2026-05-19-10-24-20,-4.930000,13.640000,17.750000,-41.900002,-28.000000,-139.800003,1.000000
2026-05-19-10-24-20,-5.070000,13.510000,17.820000,-47.200001,-27.700001,-138.000000,1.000000
2026-05-19-10-24-20,-5.180000,13.460000,17.870001,-49.900002,-27.900000,-138.199997,1.000000
2026-05-19-10-24-21,-5.310000,13.430000,17.930000,-51.799999,-28.200001,-137.399994,1.000000
2026-05-19-10-24-21,-5.440000,13.360000,18.070000,-50.700001,-26.299999,-138.000000,1.000000
2026-05-19-10-24-21,-5.530000,13.270000,18.170000,-50.400002,-25.299999,-138.300003,1.000000
2026-05-19-10-24-22,-5.610000,13.190000,18.250000,-50.500000,-24.700001,-138.399994,1.000000
2026-05-19-10-24-22,-5.690000,13.130000,18.309999,-51.000000,-24.100000,-138.399994,1.000000
2026-05-19-10-24-22,-5.780000,13.060000,18.360001,-51.700001,-23.400000,-139.100006,1.000000
2026-05-19-10-24-22,-5.890000,13.000000,18.400000,-52.000000,-22.600000,-140.000000,1.000000
2026-05-19-10-24-22,-5.990000,12.970000,18.450001,-51.599998,-21.900000,-140.500000,1.000000
2026-05-19-10-24-23,-6.080000,12.950000,18.510000,-51.299999,-21.400000,-140.600006,1.000000
2026-05-19-10-24-23,-6.160000,12.910000,18.590000,-51.200001,-21.000000,-140.300003,1.000000
2026-05-19-10-24-23,-6.240000,12.840000,18.670000,-51.599998,-20.400000,-140.199997,1.000000
2026-05-19-10-24-23,-6.310000,12.780000,18.719999,-52.200001,-21.200001,-140.600006,1.000000
2026-05-19-10-24-23,-6.380000,12.740000,18.740000,-52.099998,-22.700001,-141.500000,1.000000
2026-05-19-10-24-24,-6.450000,12.730000,18.730000,-51.000000,-24.100000,-143.000000,1.000000
2026-05-19-10-24-24,-6.500000,12.750000,18.730000,-48.400002,-25.299999,-145.399994,1.000000
2026-05-19-10-24-24,-6.530000,12.770000,18.730000,-45.200001,-25.200001,-148.300003,1.000000
2026-05-19-10-24-24,-6.550000,12.790000,18.740000,-41.099998,-23.200001,-153.000000,1.000000
2026-05-19-10-24-25,-6.570000,12.800000,18.760000,-38.000000,-20.500000,-157.199997,1.000000
2026-05-19-10-24-25,-6.600000,12.800000,18.780001,-34.799999,-16.400000,-162.800003,1.000000
2026-05-19-10-24-25,-6.650000,12.790000,18.790001,-32.900002,-13.200000,-166.899994,1.000000
2026-05-19-10-24-25,-6.690000,12.790000,18.770000,-31.400000,-9.900000,-171.199997,1.000000
2026-05-19-10-24-25,-6.730000,12.800000,18.730000,-30.200001,-7.400000,-174.500000,1.000000
2026-05-19-10-24-26,-6.750000,12.820000,18.700001,-28.700001,-5.100000,-177.399994,1.000000
2026-05-19-10-24-26,-6.760000,12.850000,18.660000,-27.000000,-3.500000,-179.699997,1.000000
2026-05-19-10-24-26,-6.760000,12.880000,18.629999,-25.100000,-2.100000,178.399994,1.000000
2026-05-19-10-24-26,-6.770000,12.900000,18.610001,-23.100000,-1.000000,177.000000,1.000000
2026-05-19-10-24-27,-6.780000,12.930000,18.600000,-21.000000,-0.200000,175.800003,1.000000
2026-05-19-10-24-27,-6.800000,12.940000,18.590000,-19.000000,1.200000,174.000000,1.000000
2026-05-19-10-24-27,-6.820000,12.950000,18.559999,-17.500000,3.000000,171.500000,1.000000
2026-05-19-10-24-27,-6.830000,12.960000,18.520000,-16.100000,3.800000,169.800003,1.000000
2026-05-19-10-24-27,-6.830000,12.970000,18.459999,-14.800000,3.200000,168.800003,1.000000
2026-05-19-10-24-28,-6.810000,12.960000,18.379999,-13.800000,3.000000,165.699997,1.000000
2026-05-19-10-24-28,-6.810000,12.950000,18.370001,-10.700000,3.400000,162.600006,1.000000
2026-05-19-10-24-28,-6.780000,12.910000,18.430000,-8.400000,4.000000,161.899994,1.000000
2026-05-19-10-24-29,-6.820000,13.000000,18.430000,-7.100000,6.600000,161.300003,1.000000
2026-05-19-10-24-29,-6.820000,12.980000,18.440001,-9.300000,5.600000,158.500000,1.000000
2026-05-19-10-24-29,-6.790000,12.990000,18.440001,-8.800000,5.000000,158.199997,1.000000
2026-05-19-10-24-30,-6.860000,12.970000,18.440001,-11.000000,8.900000,156.500000,1.000000
2026-05-19-10-24-30,-6.870000,12.970000,18.400000,-10.600000,8.900000,153.300003,1.000000
2026-05-19-10-24-30,-6.800000,13.000000,18.400000,-7.700000,6.400000,153.600006,1.000000
2026-05-19-10-24-31,-6.770000,13.010000,18.430000,-6.700000,5.300000,153.300003,1.000000
2026-05-19-10-24-31,-6.800000,13.020000,18.440001,-6.200000,6.500000,150.300003,1.000000
2026-05-19-10-24-32,-6.830000,13.020000,18.430000,-5.700000,8.200000,149.000000,1.000000
2026-05-19-10-24-32,-6.820000,12.990000,18.420000,-7.100000,7.400000,147.300003,1.000000
2026-05-19-10-24-32,-6.780000,12.990000,18.420000,-6.300000,6.500000,146.000000,1.000000
2026-05-19-10-24-33,-6.760000,13.020000,18.430000,-4.900000,6.500000,143.899994,1.000000
2026-05-19-10-24-33,-6.770000,13.020000,18.450001,-5.400000,6.900000,141.899994,1.000000
2026-05-19-10-24-34,-6.790000,13.000000,18.430000,-6.500000,7.500000,139.800003,1.000000
2026-05-19-10-24-34,-6.750000,13.000000,18.420000,-5.700000,6.200000,137.800003,1.000000
2026-05-19-10-24-34,-6.750000,13.000000,18.440001,-6.500000,6.700000,135.399994,1.000000
2026-05-19-10-24-35,-6.740000,13.000000,18.450001,-5.800000,6.100000,131.899994,1.000000
2026-05-19-10-24-35,-6.720000,13.000000,18.450001,-5.300000,5.800000,130.500000,1.000000
2026-05-19-10-24-35,-6.750000,12.970000,18.440001,-10.800000,4.100000,110.099998,1.000000
2026-05-19-10-24-36,-6.800000,12.970000,18.420000,-15.600000,-2.600000,77.300003,1.000000
2026-05-19-10-24-36,-6.800000,12.990000,18.420000,-16.400000,-6.600000,61.900002,1.000000
2026-05-19-10-24-37,-6.780000,12.990000,18.430000,-18.500000,-8.500000,52.400002,1.000000
2026-05-19-10-24-37,-6.780000,13.010000,18.410000,-21.799999,-6.800000,47.799999,1.000000
2026-05-19-10-24-37,-6.760000,13.000000,18.410000,-22.400000,-6.700000,43.799999,1.000000
2026-05-19-10-24-38,-6.730000,12.970000,18.440001,-20.799999,-6.600000,43.599998,1.000000
2026-05-19-10-24-38,-6.710000,12.990000,18.459999,-20.100000,-4.700000,42.000000,1.000000
2026-05-19-10-24-38,-6.710000,12.990000,18.459999,-20.000000,-4.000000,41.299999,1.000000
2026-05-19-10-24-39,-6.670000,12.980000,18.430000,-19.299999,-2.000000,41.500000,1.000000
2026-05-19-10-24-39,-6.640000,12.930000,18.440001,-17.100000,-1.700000,42.500000,1.000000
2026-05-19-10-24-39,-6.620000,12.930000,18.490000,-15.900000,-0.100000,43.700001,1.000000
2026-05-19-10-24-40,-6.620000,12.940000,18.490000,-16.100000,0.100000,44.099998,1.000000
2026-05-19-10-24-40,-6.600000,12.910000,18.469999,-14.900000,0.500000,43.799999,1.000000
2026-05-19-10-24-41,-6.560000,12.860000,18.480000,-12.900000,1.200000,45.299999,1.000000
2026-05-19-10-24-41,-6.570000,12.850000,18.500000,-12.200000,1.000000,47.000000,1.000000
2026-05-19-10-24-41,-6.570000,12.870000,18.510000,-11.000000,1.300000,47.200001,1.000000
2026-05-19-10-24-42,-6.550000,12.850000,18.500000,-9.800000,1.700000,46.799999,1.000000
2026-05-19-10-24-42,-6.530000,12.800000,18.469999,-10.100000,1.000000,48.200001,1.000000
2026-05-19-10-24-42,-6.520000,12.770000,18.469999,-9.200000,1.400000,48.000000,1.000000
2026-05-19-10-24-43,-6.500000,12.730000,18.520000,-8.200000,0.900000,49.599998,1.000000
2026-05-19-10-24-43,-6.530000,12.800000,18.559999,-13.500000,-4.000000,21.299999,1.000000
2026-05-19-10-24-44,-6.510000,12.860000,18.510000,-17.900000,-8.600000,-2.800000,1.000000
2026-05-19-10-24-44,-6.500000,12.800000,18.510000,-18.100000,-11.700000,-10.400000,1.000000
2026-05-19-10-24-44,-6.490000,12.750000,18.510000,-16.799999,-13.100000,-18.600000,1.000000
2026-05-19-10-24-45,-6.460000,12.740000,18.530001,-15.500000,-10.900000,-24.200001,1.000000
2026-05-19-10-24-45,-6.430000,12.730000,18.549999,-14.200000,-6.200000,-29.200001,1.000000
2026-05-19-10-24-45,-6.430000,12.740000,18.540001,-14.700000,-6.100000,-31.900000,1.000000
2026-05-19-10-24-46,-6.430000,12.730000,18.520000,-16.600000,-6.400000,-32.299999,1.000000
2026-05-19-10-24-46,-6.430000,12.620000,18.530001,-14.700000,-4.900000,-33.200001,1.000000
2026-05-19-10-24-47,-6.420000,12.560000,18.580000,-13.100000,-3.100000,-35.500000,1.000000
2026-05-19-10-24-47,-6.420000,12.590000,18.580000,-12.200000,-3.600000,-35.900002,1.000000
2026-05-19-10-24-47,-6.400000,12.600000,18.570000,-10.800000,-1.800000,-38.099998,1.000000
2026-05-19-10-24-48,-6.410000,12.550000,18.559999,-9.700000,-1.200000,-37.099998,1.000000
2026-05-19-10-24-48,-6.430000,12.490000,18.559999,-7.800000,-1.000000,-37.299999,1.000000
2026-05-19-10-24-48,-6.440000,12.460000,18.580000,-6.200000,-0.300000,-38.500000,1.000000
2026-05-19-10-24-49,-6.440000,12.480000,18.600000,-5.700000,-0.600000,-38.200001,1.000000
2026-05-19-10-24-49,-6.440000,12.430000,18.570000,-5.700000,-0.600000,-38.000000,1.000000
2026-05-19-10-24-49,-6.430000,12.420000,18.549999,-5.700000,0.800000,-37.500000,1.000000
2026-05-19-10-24-50,-6.450000,12.370000,18.549999,-4.600000,-0.500000,-38.700001,1.000000
2026-05-19-10-24-50,-6.500000,12.350000,18.570000,-4.800000,-2.200000,-37.900002,1.000000
2026-05-19-10-24-50,-6.490000,12.340000,18.580000,-3.300000,-1.100000,-38.900002,1.000000
2026-05-19-10-24-51,-6.500000,12.290000,18.580000,-1.700000,0.300000,-40.200001,1.000000
2026-05-19-10-24-51,-6.500000,12.310000,18.549999,-2.100000,0.500000,-40.400002,1.000000
2026-05-19-10-24-52,-6.540000,12.280000,18.540001,-1.800000,0.500000,-41.200001,1.000000
2026-05-19-10-24-52,-6.590000,12.230000,18.590000,-2.000000,-0.200000,-42.099998,1.000000
2026-05-19-10-24-52,-6.570000,12.240000,18.620001,-3.500000,-0.800000,-42.400002,1.000000
2026-05-19-10-24-53,-6.560000,12.230000,18.580000,-3.100000,-0.100000,-44.200001,1.000000
2026-05-19-10-24-53,-6.600000,12.210000,18.520000,-1.800000,-0.700000,-45.500000,1.000000
2026-05-19-10-24-53,-6.660000,12.200000,18.549999,-0.100000,-2.800000,-45.599998,1.000000
2026-05-19-10-24-54,-6.660000,12.170000,18.590000,0.500000,-0.700000,-47.299999,1.000000
2026-05-19-10-24-54,-6.660000,12.160000,18.610001,1.200000,0.300000,-47.799999,1.000000
2026-05-19-10-24-55,-6.670000,12.160000,18.580000,-0.500000,1.200000,-49.500000,1.000000
2026-05-19-10-24-55,-6.680000,12.170000,18.540001,-0.300000,1.400000,-50.400002,1.000000
2026-05-19-10-24-55,-6.730000,12.140000,18.540001,-0.400000,0.700000,-51.900002,1.000000
2026-05-19-10-24-56,-6.740000,12.140000,18.570000,-0.600000,-0.100000,-52.700001,1.000000
2026-05-19-10-24-56,-6.760000,12.140000,18.590000,1.300000,-0.300000,-54.500000,1.000000
2026-05-19-10-24-57,-6.780000,12.130000,18.580000,1.700000,-0.400000,-56.200001,1.000000
2026-05-19-10-24-57,-6.800000,12.130000,18.559999,2.300000,0.700000,-58.099998,1.000000
2026-05-19-10-24-57,-6.800000,12.130000,18.580000,0.300000,0.400000,-59.799999,1.000000
2026-05-19-10-24-58,-6.790000,12.140000,18.570000,-0.000000,0.800000,-61.400002,1.000000
2026-05-19-10-24-58,-6.870000,12.140000,18.540001,1.100000,-1.200000,-64.199997,1.000000
2026-05-19-10-24-58,-6.910000,12.140000,18.570000,1.700000,0.300000,-64.900002,1.000000
2026-05-19-10-24-59,-6.890000,12.130000,18.590000,2.300000,0.800000,-65.699997,1.000000
2026-05-19-10-24-59,-6.900000,12.100000,18.570000,2.500000,2.600000,-67.900002,1.000000
2026-05-19-10-24-59,-6.910000,12.120000,18.549999,2.900000,1.100000,-70.800003,1.000000
2026-05-19-10-25-00,-6.960000,12.150000,18.540001,0.400000,0.000000,-71.199997,1.000000
2026-05-19-10-25-00,-6.970000,12.130000,18.540001,0.400000,1.600000,-74.500000,1.000000
2026-05-19-10-25-01,-7.030000,12.140000,18.520000,2.400000,-0.600000,-76.500000,1.000000
2026-05-19-10-25-01,-7.040000,12.150000,18.570000,2.100000,1.700000,-78.800003,1.000000
2026-05-19-10-25-01,-7.000000,12.150000,18.580000,2.200000,3.300000,-81.599998,1.000000
2026-05-19-10-25-02,-7.010000,12.170000,18.540001,2.200000,3.600000,-84.599998,1.000000
2026-05-19-10-25-02,-7.090000,12.190000,18.540001,1.600000,2.300000,-86.800003,1.000000
2026-05-19-10-25-02,-7.110000,12.190000,18.540001,-1.000000,2.000000,-89.300003,1.000000
2026-05-19-10-25-03,-7.090000,12.190000,18.540001,0.400000,1.700000,-92.699997,1.000000
2026-05-19-10-25-03,-7.120000,12.210000,18.559999,0.300000,1.900000,-95.400002,1.000000
2026-05-19-10-25-04,-7.100000,12.220000,18.540001,0.400000,2.700000,-99.199997,1.000000
2026-05-19-10-25-04,-7.170000,12.210000,18.549999,-0.500000,4.700000,-79.699997,1.000000
2026-05-19-10-25-04,-7.230000,12.200000,18.559999,-1.600000,4.200000,-64.800003,1.000000
2026-05-19-10-25-05,-7.230000,12.200000,18.549999,-3.500000,4.500000,-56.500000,1.000000
2026-05-19-10-25-06,-7.260000,12.170000,18.540001,-6.600000,7.900000,-33.200001,1.000000
2026-05-19-10-25-06,-7.290000,12.110000,18.570000,-4.100000,9.700000,-5.100000,1.000000
2026-05-19-10-25-06,-7.280000,12.070000,18.559999,-3.600000,9.900000,23.500000,1.000000
2026-05-19-10-25-07,-7.230000,12.060000,18.570000,-1.700000,11.600000,52.599998,1.000000
2026-05-19-10-25-07,-7.220000,12.060000,18.549999,-5.000000,10.600000,66.800003,1.000000
2026-05-19-10-25-07,-7.200000,12.060000,18.540001,-7.600000,9.100000,59.200001,1.000000
2026-05-19-10-25-08,-7.200000,12.090000,18.559999,-10.100000,2.600000,24.600000,1.000000
2026-05-19-10-25-08,-7.240000,12.200000,18.530001,-12.700000,-7.900000,-13.600000,1.000000
2026-05-19-10-25-09,-7.230000,12.220000,18.510000,-11.500000,-11.400000,-32.200001,1.000000
2026-05-19-10-25-09,-7.220000,12.210000,18.490000,-12.200000,-12.800000,-37.900002,1.000000
2026-05-19-10-25-09,-7.180000,12.260000,18.480000,-15.200000,-12.400000,-46.799999,1.000000
2026-05-19-10-25-10,-7.160000,12.250000,18.500000,-15.200000,-13.300000,-63.700001,1.000000
2026-05-19-10-25-10,-7.110000,12.270000,18.490000,-4.700000,-20.500000,-109.199997,1.000000
2026-05-19-10-25-10,-7.050000,12.220000,18.480000,10.800000,-18.900000,-159.000000,1.000000
2026-05-19-10-25-11,-7.070000,12.170000,18.490000,15.600000,-11.900000,176.399994,1.000000
2026-05-19-10-25-11,-7.090000,12.150000,18.500000,13.200000,-7.800000,159.600006,1.000000
2026-05-19-10-25-12,-7.110000,12.120000,18.510000,6.300000,-5.200000,150.800003,1.000000
2026-05-19-10-25-12,-7.120000,12.120000,18.490000,0.700000,-4.500000,144.300003,1.000000
2026-05-19-10-25-12,-7.140000,12.180000,18.510000,-1.500000,0.100000,130.600006,1.000000
2026-05-19-10-25-13,-7.240000,12.150000,18.540001,-4.100000,-2.100000,93.400002,1.000000
2026-05-19-10-25-13,-7.280000,12.170000,18.480000,-7.400000,-6.700000,71.300003,1.000000
2026-05-19-10-25-13,-7.270000,12.220000,18.469999,-8.500000,-4.800000,57.500000,1.000000
2026-05-19-10-25-14,-7.270000,12.240000,18.530001,-10.300000,-3.800000,48.700001,1.000000
2026-05-19-10-25-14,-7.290000,12.250000,18.530001,-12.500000,-4.800000,42.400002,1.000000
2026-05-19-10-25-15,-7.300000,12.270000,18.520000,-14.500000,-5.600000,37.700001,1.000000
2026-05-19-10-25-15,-7.290000,12.290000,18.459999,-15.500000,-6.700000,35.000000,1.000000
2026-05-19-10-25-15,-7.240000,12.350000,18.459999,-16.500000,-2.900000,29.799999,1.000000
2026-05-19-10-25-16,-7.240000,12.360000,18.510000,-15.200000,-3.500000,27.299999,1.000000
2026-05-19-10-25-16,-7.240000,12.340000,18.530001,-12.800000,-4.000000,25.100000,1.000000
2026-05-19-10-25-17,-7.230000,12.360000,18.500000,-12.100000,-4.300000,20.900000,1.000000
2026-05-19-10-25-17,-7.200000,12.380000,18.490000,-15.400000,1.100000,31.700001,1.000000
2026-05-19-10-25-17,-7.170000,12.390000,18.490000,-18.500000,4.600000,42.500000,1.000000
2026-05-19-10-25-18,-7.130000,12.370000,18.500000,-18.100000,5.800000,48.200001,1.000000
2026-05-19-10-25-18,-7.110000,12.370000,18.540001,-18.299999,6.900000,51.700001,1.000000
2026-05-19-10-25-18,-7.110000,12.360000,18.520000,-20.200001,3.900000,53.500000,1.000000
2026-05-19-10-25-19,-7.080000,12.430000,18.490000,-23.900000,-0.900000,31.900000,1.000000
2026-05-19-10-25-19,-7.080000,12.440000,18.490000,-24.700001,-6.100000,19.299999,1.000000
2026-05-19-10-25-19,-7.110000,12.530000,18.450001,-22.500000,-18.100000,-2.000000,1.000000
2026-05-19-10-25-20,-7.090000,12.520000,18.430000,-15.100000,-26.000000,-20.700001,1.000000
2026-05-19-10-25-20,-7.010000,12.520000,18.400000,-12.000000,-24.500000,-36.799999,1.000000
2026-05-19-10-25-20,-6.970000,12.550000,18.430000,-6.600000,-23.200001,-56.000000,1.000000
2026-05-19-10-25-21,-6.960000,12.560000,18.480000,0.100000,-21.799999,-75.800003,1.000000
2026-05-19-10-25-21,-6.950000,12.560000,18.450001,-0.300000,-22.700001,-88.800003,1.000000
2026-05-19-10-25-21,-6.910000,12.540000,18.400000,-4.700000,-22.900000,-93.599998,1.000000
2026-05-19-10-25-22,-6.870000,12.520000,18.400000,-10.900000,-22.500000,-92.900002,1.000000
2026-05-19-10-25-22,-6.820000,12.470000,18.410000,-13.900000,-17.500000,-93.699997,1.000000
2026-05-19-10-25-23,-6.800000,12.480000,18.480000,-12.600000,-15.000000,-97.000000,1.000000
2026-05-19-10-25-23,-6.850000,12.500000,18.490000,-8.600000,-13.300000,-99.400002,1.000000
2026-05-19-10-25-23,-6.840000,12.480000,18.450001,-7.500000,-10.900000,-103.800003,1.000000
2026-05-19-10-25-24,-6.790000,12.450000,18.400000,-9.500000,-10.400000,-106.599998,1.000000
2026-05-19-10-25-24,-6.760000,12.400000,18.410000,-11.300000,-6.500000,-111.300003,1.000000
2026-05-19-10-25-25,-6.760000,12.390000,18.469999,-11.800000,-4.100000,-114.400002,1.000000
2026-05-19-10-25-25,-6.780000,12.410000,18.469999,-10.100000,-2.500000,-118.099998,1.000000
2026-05-19-10-25-26,-6.720000,12.370000,18.520000,-12.100000,-5.400000,-124.300003,1.000000
2026-05-19-10-25-26,-6.680000,12.360000,18.639999,-12.200000,-7.600000,-126.099998,1.000000
2026-05-19-10-25-26,-6.660000,12.350000,18.740000,-12.500000,-9.100000,-127.000000,1.000000
2026-05-19-10-25-26,-6.630000,12.350000,18.820000,-13.300000,-10.300000,-128.000000,1.000000
2026-05-19-10-25-27,-6.620000,12.360000,18.900000,-14.100000,-11.700000,-129.500000,1.000000
2026-05-19-10-25-27,-6.600000,12.380000,18.980000,-14.400000,-13.800000,-131.100006,1.000000
2026-05-19-10-25-27,-6.580000,12.400000,19.049999,-14.700000,-15.200000,-132.300003,1.000000
2026-05-19-10-25-27,-6.570000,12.410000,19.090000,-16.400000,-16.299999,-134.199997,1.000000
2026-05-19-10-25-28,-6.560000,12.420000,19.120001,-18.799999,-16.100000,-136.199997,1.000000
2026-05-19-10-25-28,-6.540000,12.420000,19.150000,-20.900000,-15.200000,-138.800003,1.000000
2026-05-19-10-25-28,-6.540000,12.430000,19.180000,-22.000000,-13.700000,-141.699997,1.000000
2026-05-19-10-25-28,-6.530000,12.450000,19.200001,-21.900000,-12.100000,-144.500000,1.000000
2026-05-19-10-25-28,-6.530000,12.470000,19.219999,-21.100000,-10.900000,-147.100006,1.000000
2026-05-19-10-25-29,-6.530000,12.500000,19.230000,-19.700001,-9.700000,-150.000000,1.000000
2026-05-19-10-25-29,-6.520000,12.540000,19.240000,-18.600000,-9.300000,-153.000000,1.000000
2026-05-19-10-25-29,-6.470000,12.550000,19.260000,-19.400000,-9.800000,-155.399994,1.000000
2026-05-19-10-25-29,-6.440000,12.550000,19.320000,-20.100000,-10.600000,-157.399994,1.000000
2026-05-19-10-25-30,-6.410000,12.540000,19.389999,-21.100000,-11.600000,-159.500000,1.000000
2026-05-19-10-25-30,-6.390000,12.540000,19.459999,-22.000000,-13.200000,-160.899994,1.000000
2026-05-19-10-25-30,-6.360000,12.540000,19.540001,-22.799999,-14.500000,-162.000000,1.000000
2026-05-19-10-25-30,-6.330000,12.530000,19.620001,-23.600000,-15.800000,-163.600006,1.000000
2026-05-19-10-25-30,-6.300000,12.520000,19.700001,-24.600000,-17.100000,-165.000000,1.000000
2026-05-19-10-25-31,-6.270000,12.500000,19.780001,-25.600000,-18.299999,-166.699997,1.000000
2026-05-19-10-25-31,-6.230000,12.480000,19.850000,-26.600000,-19.200001,-168.500000,1.000000
2026-05-19-10-25-31,-6.200000,12.470000,19.910000,-28.200001,-19.600000,-170.300003,1.000000
2026-05-19-10-25-31,-6.180000,12.450000,19.950001,-30.400000,-19.299999,-173.000000,1.000000
2026-05-19-10-25-32,-6.160000,12.450000,19.980000,-31.700001,-18.500000,-176.000000,1.000000
2026-05-19-10-25-32,-6.140000,12.450000,20.020000,-31.799999,-17.400000,-179.100006,1.000000
2026-05-19-10-25-32,-6.120000,12.460000,20.040001,-31.000000,-16.100000,177.300003,1.000000
2026-05-19-10-25-32,-6.090000,12.480000,20.059999,-29.600000,-14.800000,173.699997,1.000000
2026-05-19-10-25-32,-6.070000,12.490000,20.080000,-28.100000,-13.700000,170.500000,1.000000
2026-05-19-10-25-33,-6.040000,12.500000,20.090000,-26.200001,-12.600000,166.800003,1.000000
2026-05-19-10-25-33,-6.010000,12.510000,20.090000,-24.700001,-11.800000,163.600006,1.000000
2026-05-19-10-25-33,-5.980000,12.520000,20.100000,-23.799999,-11.200000,161.000000,1.000000
2026-05-19-10-25-33,-5.950000,12.530000,20.100000,-23.000000,-10.500000,157.399994,1.000000
2026-05-19-10-25-34,-5.900000,12.550000,20.090000,-21.700001,-9.600000,151.300003,1.000000
2026-05-19-10-25-34,-5.870000,12.560000,20.090000,-20.799999,-9.500000,148.300003,1.000000
2026-05-19-10-25-34,-5.840000,12.550000,20.120001,-21.100000,-10.300000,145.399994,1.000000
2026-05-19-10-25-34,-5.820000,12.540000,20.170000,-21.200001,-11.700000,142.800003,1.000000
2026-05-19-10-25-35,-5.800000,12.520000,20.200001,-21.900000,-12.900000,140.899994,1.000000
2026-05-19-10-25-35,-5.790000,12.510000,20.219999,-23.200001,-13.900000,138.699997,1.000000
2026-05-19-10-25-35,-5.770000,12.500000,20.240000,-24.799999,-14.400000,135.899994,1.000000
2026-05-19-10-25-35,-5.770000,12.480000,20.250000,-23.700001,-17.700001,123.599998,1.000000
2026-05-19-10-25-35,-5.780000,12.470000,20.270000,-16.799999,-22.900000,98.800003,1.000000
2026-05-19-10-25-36,-5.800000,12.480000,20.280001,-7.900000,-25.700001,70.900002,1.000000
2026-05-19-10-25-36,-5.800000,12.500000,20.299999,-0.900000,-25.600000,49.299999,1.000000
2026-05-19-10-25-36,-5.780000,12.510000,20.309999,1.500000,-24.700001,38.200001,1.000000
2026-05-19-10-25-36,-5.760000,12.530000,20.309999,2.100000,-23.900000,28.799999,1.000000
2026-05-19-10-25-37,-5.740000,12.530000,20.299999,1.600000,-23.600000,21.600000,1.000000
2026-05-19-10-25-37,-5.710000,12.540000,20.290001,0.500000,-23.500000,15.700000,1.000000
2026-05-19-10-25-37,-5.690000,12.540000,20.290001,-0.600000,-23.299999,10.600000,1.000000
2026-05-19-10-25-37,-5.660000,12.540000,20.280001,-0.800000,-22.900000,4.500000,1.000000
2026-05-19-10-25-37,-5.630000,12.570000,20.270000,2.900000,-22.900000,-9.600000,1.000000
2026-05-19-10-25-38,-5.590000,12.600000,20.280001,9.800000,-19.900000,-34.200001,1.000000
2026-05-19-10-25-38,-5.540000,12.620000,20.280001,14.300000,-15.400000,-57.599998,1.000000
2026-05-19-10-25-38,-5.480000,12.620000,20.290001,16.900000,-9.500000,-82.599998,1.000000
2026-05-19-10-25-38,-5.450000,12.610000,20.280001,17.000000,-6.100000,-96.400002,1.000000
2026-05-19-10-25-39,-5.430000,12.590000,20.260000,14.700000,-3.900000,-107.199997,1.000000
2026-05-19-10-25-39,-5.420000,12.580000,20.250000,11.600000,-2.700000,-114.099998,1.000000
2026-05-19-10-25-39,-5.380000,12.560000,20.240000,6.900000,-1.800000,-121.099998,1.000000
2026-05-19-10-25-39,-5.390000,12.550000,20.209999,2.800000,-1.200000,-126.099998,1.000000
2026-05-19-10-25-39,-5.390000,12.540000,20.180000,-0.400000,-0.700000,-129.399994,1.000000
2026-05-19-10-25-40,-5.380000,12.530000,20.160000,-3.500000,-0.300000,-134.699997,1.000000
2026-05-19-10-25-40,-5.360000,12.500000,20.129999,-5.600000,-0.500000,-148.300003,1.000000
2026-05-19-10-25-40,-5.350000,12.490000,20.110001,-7.300000,-0.500000,-158.100006,1.000000
2026-05-19-10-25-40,-5.350000,12.490000,20.080000,-9.100000,-0.400000,-163.899994,1.000000
2026-05-19-10-25-40,-5.360000,12.500000,20.049999,-11.300000,-0.200000,-168.300003,1.000000
2026-05-19-10-25-41,-5.370000,12.510000,20.020000,-13.400000,0.000000,-171.300003,1.000000
2026-05-19-10-25-41,-5.380000,12.520000,19.990000,-14.800000,0.200000,-173.000000,1.000000
2026-05-19-10-25-41,-5.390000,12.530000,19.959999,-16.000000,0.400000,-174.199997,1.000000
2026-05-19-10-25-41,-5.400000,12.540000,19.940001,-16.400000,1.000000,-173.399994,1.000000
2026-05-19-10-25-42,-5.420000,12.580000,19.930000,-17.900000,6.100000,-159.899994,1.000000
2026-05-19-10-25-42,-5.450000,12.610000,19.920000,-18.200001,11.900000,-142.600006,1.000000
2026-05-19-10-25-42,-5.470000,12.630000,19.910000,-16.500000,15.700000,-127.599998,1.000000
2026-05-19-10-25-42,-5.500000,12.650000,19.879999,-15.000000,17.400000,-115.599998,1.000000
2026-05-19-10-25-42,-5.520000,12.670000,19.860001,-14.000000,17.500000,-108.000000,1.000000
2026-05-19-10-25-43,-5.530000,12.680000,19.860001,-13.100000,16.700001,-104.500000,1.000000
2026-05-19-10-25-43,-5.540000,12.670000,19.889999,-13.200000,15.300000,-104.400002,1.000000
2026-05-19-10-25-43,-5.540000,12.660000,19.920000,-14.300000,14.200000,-106.000000,1.000000
2026-05-19-10-25-43,-5.540000,12.660000,19.920000,-15.900000,12.800000,-107.699997,1.000000
2026-05-19-10-25-44,-5.540000,12.670000,19.920000,-17.600000,11.100000,-109.599998,1.000000
2026-05-19-10-25-44,-5.540000,12.660000,19.920000,-25.299999,13.200000,-112.199997,1.000000
2026-05-19-10-25-44,-5.520000,12.660000,19.930000,-32.099998,14.900000,-114.800003,1.000000
2026-05-19-10-25-44,-5.510000,12.650000,19.959999,-33.299999,13.800000,-116.900002,1.000000
2026-05-19-10-25-44,-5.500000,12.640000,19.980000,-32.299999,11.900000,-118.800003,1.000000
2026-05-19-10-25-45,-5.490000,12.640000,19.990000,-30.000000,9.800000,-120.400002,1.000000
2026-05-19-10-25-45,-5.480000,12.640000,19.990000,-27.700001,7.800000,-121.900002,1.000000
2026-05-19-10-25-45,-5.470000,12.640000,19.990000,-23.400000,4.200000,-122.599998,1.000000
2026-05-19-10-25-45,-5.450000,12.630000,20.010000,-19.400000,0.200000,-123.800003,1.000000
2026-05-19-10-25-45,-5.430000,12.630000,20.049999,-19.600000,-1.600000,-125.000000,1.000000
2026-05-19-10-25-46,-5.410000,12.620000,20.090000,-21.500000,-3.200000,-126.500000,1.000000
2026-05-19-10-25-46,-5.400000,12.620000,20.110001,-25.200001,-4.700000,-127.900002,1.000000
2026-05-19-10-25-46,-5.390000,12.620000,20.120001,-30.200001,-5.600000,-129.699997,1.000000
2026-05-19-10-25-46,-5.380000,12.630000,20.129999,-33.700001,-5.800000,-131.699997,1.000000
2026-05-19-10-25-47,-5.380000,12.630000,20.139999,-36.099998,-5.800000,-134.300003,1.000000
2026-05-19-10-25-47,-5.370000,12.640000,20.150000,-37.200001,-3.800000,-134.800003,1.000000
2026-05-19-10-25-47,-5.380000,12.650000,20.170000,-38.900002,7.300000,-124.500000,1.000000
2026-05-19-10-25-47,-5.400000,12.650000,20.190001,-36.299999,19.200001,-111.599998,1.000000
2026-05-19-10-25-47,-5.420000,12.640000,20.200001,-28.799999,29.100000,-95.199997,1.000000
2026-05-19-10-25-48,-5.440000,12.620000,20.200001,-19.799999,34.900002,-79.099998,1.000000
2026-05-19-10-25-48,-5.450000,12.620000,20.190001,-14.400000,35.599998,-70.199997,1.000000
2026-05-19-10-25-48,-5.460000,12.620000,20.180000,-11.500000,34.599998,-65.000000,1.000000
2026-05-19-10-25-48,-5.470000,12.630000,20.160000,-9.000000,32.099998,-59.799999,1.000000
2026-05-19-10-25-49,-5.480000,12.630000,20.139999,-7.900000,29.799999,-57.000000,1.000000
2026-05-19-10-25-49,-5.490000,12.630000,20.120001,-7.400000,27.400000,-54.799999,1.000000
2026-05-19-10-25-49,-5.520000,12.650000,20.120001,-5.200000,25.799999,-46.799999,1.000000
2026-05-19-10-25-49,-5.470000,12.570000,20.070000,-0.300000,26.100000,-30.600000,1.000000
2026-05-19-10-25-49,-5.470000,12.540000,20.049999,5.800000,24.799999,-11.500000,1.000000
2026-05-19-10-25-50,-5.470000,12.510000,20.020000,11.800000,20.700001,7.300000,1.000000
2026-05-19-10-25-50,-5.460000,12.490000,19.990000,13.900000,16.200001,21.400000,1.000000
2026-05-19-10-25-50,-5.450000,12.490000,19.969999,13.100000,13.200000,27.700001,1.000000
2026-05-19-10-25-50,-5.440000,12.480000,19.969999,12.200000,10.900000,30.600000,1.000000
2026-05-19-10-25-51,-5.430000,12.480000,20.000000,11.900000,9.300000,30.299999,1.000000
2026-05-19-10-25-51,-5.420000,12.470000,20.030001,11.600000,7.800000,27.600000,1.000000
2026-05-19-10-25-51,-5.420000,12.470000,20.040001,9.900000,6.600000,24.000000,1.000000
2026-05-19-10-25-51,-5.420000,12.470000,20.040001,7.500000,6.100000,20.700001,1.000000
2026-05-19-10-25-51,-5.420000,12.480000,20.040001,4.100000,6.000000,16.799999,1.000000
2026-05-19-10-25-52,-5.430000,12.490000,20.020000,-3.100000,6.100000,9.200000,1.000000
2026-05-19-10-25-52,-5.430000,12.500000,20.049999,-5.100000,6.200000,5.100000,1.000000
2026-05-19-10-25-52,-5.440000,12.510000,20.090000,-6.500000,5.300000,1.000000,1.000000
2026-05-19-10-25-53,-5.440000,12.510000,20.150000,-7.700000,4.100000,-1.900000,1.000000
2026-05-19-10-25-53,-5.450000,12.530000,20.209999,-9.200000,2.000000,-5.000000,1.000000
2026-05-19-10-25-53,-5.460000,12.530000,20.270000,-11.200000,0.100000,-7.100000,1.000000
2026-05-19-10-25-53,-5.470000,12.540000,20.299999,-14.200000,-1.600000,-9.600000,1.000000
2026-05-19-10-25-53,-5.470000,12.550000,20.320000,-16.799999,-2.600000,-11.700000,1.000000
2026-05-19-10-25-54,-5.480000,12.560000,20.330000,-19.500000,-3.400000,-14.500000,1.000000
2026-05-19-10-25-54,-5.490000,12.560000,20.340000,-21.400000,-3.900000,-17.900000,1.000000
2026-05-19-10-25-54,-5.500000,12.570000,20.350000,-22.500000,-4.200000,-21.500000,1.000000
2026-05-19-10-25-54,-5.510000,12.570000,20.360001,-22.700001,-4.200000,-25.700001,1.000000
2026-05-19-10-25-54,-5.530000,12.570000,20.360001,-22.100000,-4.000000,-29.900000,1.000000
2026-05-19-10-25-55,-5.530000,12.570000,20.379999,-21.400000,4.400000,-36.900002,1.000000
2026-05-19-10-25-55,-5.510000,12.560000,20.410000,-26.200001,25.600000,-48.700001,1.000000
2026-05-19-10-25-55,-5.480000,12.530000,20.420000,-39.799999,45.799999,-66.400002,1.000000
2026-05-19-10-25-55,-5.470000,12.520000,20.400000,-47.000000,49.799999,-73.199997,1.000000
2026-05-19-10-25-56,-5.480000,12.510000,20.379999,-49.900002,49.299999,-73.699997,1.000000
2026-05-19-10-25-56,-5.500000,12.500000,20.360001,-47.500000,45.099998,-67.900002,1.000000
2026-05-19-10-25-56,-5.520000,12.480000,20.340000,-43.400002,38.599998,-60.599998,1.000000
2026-05-19-10-25-56,-5.540000,12.470000,20.299999,-39.299999,31.100000,-54.000000,1.000000
2026-05-19-10-25-56,-5.550000,12.450000,20.280001,-38.900002,30.200001,-54.700001,1.000000
2026-05-19-10-25-57,-5.530000,12.410000,20.250000,-45.099998,39.599998,-65.199997,1.000000
2026-05-19-10-25-57,-5.550000,12.250000,20.209999,-67.599998,53.400002,-94.000000,1.000000
2026-05-19-10-25-57,-5.660000,11.890000,20.150000,-97.500000,56.400002,-127.699997,1.000000
2026-05-19-10-25-57,-5.970000,11.230000,20.030001,-109.900002,55.599998,-137.600006,1.000000
2026-05-19-10-25-58,-6.360000,10.450000,19.889999,-105.599998,57.900002,-127.300003,1.000000
2026-05-19-10-25-58,-7.170000,8.900000,19.629999,-76.900002,58.000000,-86.800003,1.100000
2026-05-19-10-25-58,-5.380000,12.510000,19.950001,-51.500000,43.500000,-50.900002,1.000000
2026-05-19-10-25-59,-5.430000,12.470000,19.870001,-43.099998,29.700001,-38.500000,1.000000
2026-05-19-10-25-59,-5.450000,12.440000,19.809999,-37.599998,17.200001,-32.799999,1.000000
2026-05-19-10-25-59,-5.520000,12.330000,19.780001,-32.000000,4.000000,-30.400000,1.000000
2026-05-19-10-25-59,-5.460000,12.410000,19.700001,-28.900000,-2.700000,-30.700001,1.000000
2026-05-19-10-26-00,-5.450000,12.400000,19.670000,-24.900000,-10.100000,-33.299999,1.000000
2026-05-19-10-26-00,-5.440000,12.390000,19.639999,-22.000000,-14.000000,-36.799999,1.000000
2026-05-19-10-26-00,-5.420000,12.380000,19.610001,-18.900000,-16.500000,-42.299999,1.000000
2026-05-19-10-26-00,-5.400000,12.360000,19.570000,-16.700001,-17.100000,-47.700001,1.000000
2026-05-19-10-26-00,-5.390000,12.340000,19.530001,-14.900000,-16.500000,-53.400002,1.000000
2026-05-19-10-26-01,-5.390000,12.330000,19.480000,-13.700000,-15.500000,-58.200001,1.000000
2026-05-19-10-26-01,-5.380000,12.330000,19.440001,-12.400000,-13.600000,-64.400002,1.000000
2026-05-19-10-26-01,-5.380000,12.330000,19.389999,-11.200000,-11.200000,-69.800003,1.000000
2026-05-19-10-26-01,-5.370000,12.330000,19.360001,-10.000000,-8.800000,-74.900002,1.000000
2026-05-19-10-26-02,-5.370000,12.330000,19.320000,-8.900000,-6.700000,-79.300003,1.000000
2026-05-19-10-26-02,-5.360000,12.330000,19.280001,-7.600000,-4.300000,-84.099998,1.000000
2026-05-19-10-26-02,-5.340000,12.330000,19.250000,-6.600000,-2.400000,-88.000000,1.000000
2026-05-19-10-26-02,-5.330000,12.320000,19.209999,-5.600000,-0.100000,-92.199997,1.000000
2026-05-19-10-26-02,-5.320000,12.300000,19.160000,-4.800000,1.900000,-96.000000,1.000000
2026-05-19-10-26-03,-5.310000,12.290000,19.100000,-4.300000,3.400000,-99.699997,1.000000
2026-05-19-10-26-03,-5.300000,12.290000,19.030001,-3.700000,4.200000,-103.400002,1.000000
2026-05-19-10-26-03,-5.300000,12.300000,18.959999,-3.200000,4.600000,-106.800003,1.000000
2026-05-19-10-26-03,-5.290000,12.310000,18.900000,-3.000000,5.000000,-110.000000,1.000000
2026-05-19-10-26-03,-5.290000,12.320000,18.850000,-3.600000,6.400000,-112.900002,1.000000
2026-05-19-10-26-04,-5.280000,12.340000,18.719999,-5.500000,7.300000,-114.599998,1.000000
2026-05-19-10-26-04,-5.240000,12.350000,18.650000,-9.500000,0.600000,-114.599998,1.000000
2026-05-19-10-26-05,-5.200000,12.300000,18.700001,-14.000000,4.900000,-117.699997,1.000000
2026-05-19-10-26-05,-5.180000,12.310000,18.690001,-13.500000,3.400000,-120.599998,1.000000
2026-05-19-10-26-05,-5.160000,12.320000,18.709999,-14.600000,4.300000,-121.699997,1.000000
2026-05-19-10-26-06,-5.080000,12.290000,18.700001,-18.200001,-0.800000,-141.699997,1.000000
2026-05-19-10-26-06,-5.050000,12.240000,18.680000,-19.400000,-6.500000,-164.600006,1.000000
2026-05-19-10-26-07,-5.030000,12.210000,18.639999,-20.799999,-14.300000,-177.300003,1.000000
2026-05-19-10-26-07,-5.010000,12.200000,18.610001,-19.400000,-15.800000,172.800003,1.000000
2026-05-19-10-26-07,-4.990000,12.170000,18.600000,-19.100000,-16.799999,160.699997,1.000000
2026-05-19-10-26-08,-4.990000,12.150000,18.580000,-18.799999,-16.500000,148.800003,1.000000
2026-05-19-10-26-08,-4.970000,12.150000,18.590000,-17.900000,-14.400000,139.699997,1.000000
2026-05-19-10-26-08,-4.950000,12.120000,18.580000,-17.000000,-13.900000,132.699997,1.000000
2026-05-19-10-26-09,-4.910000,12.110000,18.590000,-15.300000,-12.200000,127.900002,1.000000
2026-05-19-10-26-09,-4.920000,12.100000,18.600000,-14.800000,-10.400000,125.199997,1.000000
2026-05-19-10-26-09,-4.930000,12.070000,18.559999,-15.900000,-8.300000,120.400002,1.000000
2026-05-19-10-26-10,-4.900000,12.060000,18.530001,-16.600000,-4.600000,116.599998,1.000000
2026-05-19-10-26-10,-4.830000,12.050000,18.549999,-15.100000,-4.000000,113.800003,1.000000
2026-05-19-10-26-11,-4.810000,12.060000,18.590000,-13.900000,-1.200000,111.199997,1.000000
2026-05-19-10-26-11,-4.820000,12.040000,18.610001,-12.800000,1.000000,108.300003,1.000000
2026-05-19-10-26-11,-4.820000,11.990000,18.580000,-13.600000,1.200000,105.199997,1.000000
2026-05-19-10-26-12,-4.780000,11.940000,18.549999,-12.600000,1.700000,103.800003,1.000000
2026-05-19-10-26-12,-4.750000,11.960000,18.570000,-12.300000,4.100000,102.400002,1.000000
2026-05-19-10-26-12,-4.730000,11.950000,18.590000,-10.900000,4.400000,100.800003,1.000000
2026-05-19-10-26-13,-4.700000,11.910000,18.629999,-9.500000,2.900000,99.000000,1.000000
2026-05-19-10-26-13,-4.710000,11.870000,18.620001,-9.300000,2.500000,98.800003,1.000000
2026-05-19-10-26-14,-4.720000,11.860000,18.590000,-10.500000,3.300000,96.199997,1.000000
2026-05-19-10-26-14,-4.710000,11.840000,18.559999,-10.000000,3.500000,95.300003,1.000000
2026-05-19-10-26-14,-4.650000,11.820000,18.590000,-8.500000,4.000000,93.800003,1.000000
2026-05-19-10-26-15,-4.620000,11.800000,18.650000,-6.700000,3.900000,92.300003,1.000000
2026-05-19-10-26-15,-4.680000,11.770000,18.650000,-10.300000,3.100000,89.900002,1.000000
2026-05-19-10-26-16,-4.690000,11.820000,18.600000,-13.400000,8.400000,88.500000,1.000000
2026-05-19-10-26-16,-4.600000,11.950000,18.620001,-12.900000,11.500000,88.900002,1.000000
2026-05-19-10-26-16,-4.580000,12.130000,18.639999,-15.300000,11.700000,89.699997,1.000000
2026-05-19-10-26-17,-4.580000,12.300000,18.610001,-19.299999,6.600000,93.400002,1.000000
2026-05-19-10-26-17,-4.540000,12.470000,18.590000,-23.299999,2.500000,97.199997,1.000000
2026-05-19-10-26-17,-4.530000,12.680000,18.590000,-29.000000,1.600000,98.900002,1.000000
2026-05-19-10-26-18,-4.550000,12.890000,18.540001,-33.599998,0.800000,99.000000,1.000000
2026-05-19-10-26-18,-4.560000,13.090000,18.570000,-35.900002,3.300000,98.199997,1.000000
2026-05-19-10-26-19,-4.560000,13.280000,18.620001,-35.700001,1.600000,98.800003,1.000000
2026-05-19-10-26-19,-4.600000,13.490000,18.620001,-37.900002,1.000000,99.099998,1.000000
2026-05-19-10-26-19,-4.600000,13.630000,18.590000,-40.000000,0.600000,99.400002,1.000000
2026-05-19-10-26-19,-4.470000,13.720000,18.629999,-41.799999,1.600000,99.000000,1.000000
2026-05-19-10-26-20,-4.580000,13.900000,18.600000,-43.000000,2.300000,97.000000,1.000000
2026-05-19-10-26-20,-4.570000,14.080000,18.650000,-43.700001,2.800000,94.300003,1.000000
2026-05-19-10-26-21,-4.590000,14.280000,18.690001,-43.500000,3.900000,92.800003,1.000000
2026-05-19-10-26-21,-4.600000,14.440000,18.680000,-44.700001,4.300000,91.400002,1.000000
2026-05-19-10-26-21,-4.590000,14.570000,18.650000,-46.299999,4.200000,90.500000,1.000000
2026-05-19-10-26-21,-4.560000,14.690000,18.620001,-47.900002,3.800000,90.300003,1.000000
2026-05-19-10-26-21,-4.520000,14.790000,18.629999,-48.900002,2.700000,91.400002,1.000000
2026-05-19-10-26-22,-4.480000,14.900000,18.670000,-49.400002,2.000000,93.199997,1.000000
2026-05-19-10-26-22,-4.480000,15.010000,18.709999,-50.900002,1.700000,94.199997,1.000000
2026-05-19-10-26-22,-4.490000,15.140000,18.750000,-52.599998,1.800000,94.300003,1.000000
2026-05-19-10-26-22,-4.500000,15.270000,18.760000,-54.000000,0.700000,93.000000,1.000000
2026-05-19-10-26-23,-4.500000,15.370000,18.750000,-53.900002,-6.700000,87.900002,1.000000
2026-05-19-10-26-23,-4.480000,15.450000,18.730000,-50.299999,-17.900000,79.199997,1.000000
2026-05-19-10-26-23,-4.460000,15.520000,18.730000,-42.799999,-28.500000,66.599998,1.000000
2026-05-19-10-26-23,-4.420000,15.600000,18.770000,-36.799999,-32.700001,56.200001,1.000000
2026-05-19-10-26-23,-4.380000,15.660000,18.840000,-34.099998,-32.900002,50.400002,1.000000
2026-05-19-10-26-24,-4.330000,15.730000,18.920000,-35.799999,-31.700001,47.700001,1.000000
2026-05-19-10-26-24,-4.260000,15.790000,18.990000,-39.200001,-31.000000,46.599998,1.000000
2026-05-19-10-26-24,-4.190000,15.860000,19.059999,-42.599998,-31.400000,46.799999,1.000000
2026-05-19-10-26-24,-4.100000,15.920000,19.110001,-45.799999,-34.400002,46.500000,1.000000
2026-05-19-10-26-24,-4.020000,15.970000,19.170000,-46.599998,-39.000000,44.099998,1.000000
2026-05-19-10-26-25,-3.930000,16.010000,19.250000,-48.500000,-42.400002,42.500000,1.000000
2026-05-19-10-26-25,-3.860000,16.049999,19.330000,-51.700001,-43.799999,42.000000,1.000000
2026-05-19-10-26-25,-3.800000,16.080000,19.420000,-54.799999,-44.500000,41.900002,1.000000
2026-05-19-10-26-25,-3.740000,16.110001,19.520000,-57.900002,-44.900002,42.700001,1.000000
2026-05-19-10-26-26,-3.680000,16.150000,19.620001,-60.599998,-44.700001,43.099998,1.000000
2026-05-19-10-26-26,-3.610000,16.200001,19.719999,-61.599998,-43.900002,42.000000,1.000000
2026-05-19-10-26-26,-3.530000,16.240000,19.809999,-62.400002,-43.099998,40.799999,1.000000
2026-05-19-10-26-26,-3.460000,16.270000,19.900000,-62.500000,-42.700001,40.000000,1.000000
2026-05-19-10-26-26,-3.410000,16.280001,19.969999,-62.799999,-43.400002,40.400002,1.000000
2026-05-19-10-26-27,-3.380000,16.270000,20.020000,-61.200001,-44.099998,39.599998,1.000000
2026-05-19-10-26-27,-3.360000,16.280001,20.059999,-56.799999,-44.200001,36.200001,1.000000
2026-05-19-10-26-27,-3.330000,16.290001,20.090000,-50.900002,-43.599998,30.900000,1.000000
2026-05-19-10-26-27,-3.300000,16.290001,20.110001,-45.299999,-42.299999,25.000000,1.000000
2026-05-19-10-26-28,-3.250000,16.280001,20.129999,-39.099998,-39.500000,17.600000,1.000000
2026-05-19-10-26-28,-3.210000,16.270000,20.129999,-34.599998,-36.299999,11.500000,1.000000
2026-05-19-10-26-28,-3.180000,16.240000,20.129999,-31.299999,-32.700001,6.400000,1.000000
2026-05-19-10-26-28,-3.150000,16.209999,20.120001,-28.500000,-28.799999,1.600000,1.000000
2026-05-19-10-26-28,-3.140000,16.190001,20.120001,-26.200001,-24.900000,-2.400000,1.000000
2026-05-19-10-26-29,-3.120000,16.170000,20.120001,-24.100000,-21.500000,-5.400000,1.000000
2026-05-19-10-26-29,-3.110000,16.150000,20.120001,-22.200001,-18.600000,-7.700000,1.000000
2026-05-19-10-26-29,-3.080000,16.150000,20.120001,-20.400000,-15.700000,-9.800000,1.000000
2026-05-19-10-26-29,-3.050000,16.139999,20.100000,-18.600000,-12.700000,-12.100000,1.000000
2026-05-19-10-26-30,-2.960000,16.120001,20.080000,-16.700001,-9.700000,-14.900000,1.000000
2026-05-19-10-26-30,-2.980000,16.080000,20.000000,-15.100000,-8.100000,-17.100000,1.000000
2026-05-19-10-26-30,-2.980000,16.049999,19.950001,-13.300000,-7.000000,-19.299999,1.000000
2026-05-19-10-26-30,-2.980000,16.020000,19.910000,-11.400000,-6.200000,-21.200001,1.000000
2026-05-19-10-26-30,-2.990000,16.000000,19.889999,-9.600000,-5.500000,-22.799999,1.000000
2026-05-19-10-26-31,-3.000000,16.000000,19.889999,-8.400000,-4.600000,-24.000000,1.000000
2026-05-19-10-26-31,-2.980000,16.000000,19.889999,-7.800000,-3.100000,-25.600000,1.000000
2026-05-19-10-26-31,-2.960000,16.020000,19.870001,-8.100000,-1.400000,-27.299999,1.000000
2026-05-19-10-26-31,-2.930000,16.020000,19.809999,-8.400000,0.300000,-29.100000,1.000000
2026-05-19-10-26-32,-2.930000,16.010000,19.719999,-7.700000,1.900000,-30.799999,1.000000
2026-05-19-10-26-32,-2.960000,15.970000,19.600000,-5.900000,3.900000,-33.400002,1.000000
2026-05-19-10-26-32,-3.020000,15.970000,19.590000,-3.600000,1.000000,-35.799999,1.000000
2026-05-19-10-26-33,-3.050000,15.970000,19.680000,-2.700000,-1.500000,-37.400002,1.000000
2026-05-19-10-26-33,-3.020000,16.010000,19.740000,-5.300000,-1.700000,-39.500000,1.000000
2026-05-19-10-26-33,-2.980000,16.000000,19.709999,-6.200000,1.000000,-40.900002,1.000000
2026-05-19-10-26-34,-2.970000,15.990000,19.629999,-4.900000,2.900000,-44.299999,1.000000
2026-05-19-10-26-34,-3.050000,15.980000,19.610001,-1.900000,1.400000,-45.500000,1.000000
2026-05-19-10-26-35,-3.110000,16.000000,19.670000,-1.200000,-2.200000,-46.200001,1.000000
2026-05-19-10-26-35,-3.060000,16.000000,19.719999,-1.600000,-1.600000,-47.799999,1.000000
2026-05-19-10-26-35,-3.010000,15.980000,19.700001,-2.000000,2.400000,-50.700001,1.000000
2026-05-19-10-26-36,-3.040000,16.010000,19.629999,-1.800000,1.400000,-53.299999,1.000000
2026-05-19-10-26-36,-3.090000,16.020000,19.629999,-0.700000,2.000000,-53.700001,1.000000
2026-05-19-10-26-37,-3.100000,16.010000,19.660000,-1.800000,1.300000,-55.299999,1.000000
2026-05-19-10-26-37,-3.110000,16.010000,19.690001,-0.000000,-0.500000,-57.299999,1.000000
2026-05-19-10-26-37,-3.100000,16.010000,19.709999,-0.200000,-0.300000,-59.200001,1.000000
2026-05-19-10-26-38,-3.040000,16.020000,19.670000,-0.000000,3.000000,-61.900002,1.000000
2026-05-19-10-26-38,-3.080000,16.030001,19.620001,-0.500000,1.400000,-64.199997,1.000000
2026-05-19-10-26-38,-3.140000,16.059999,19.620001,0.000000,1.000000,-66.199997,1.000000
2026-05-19-10-26-39,-3.190000,16.049999,19.650000,2.300000,1.100000,-67.599998,1.000000
2026-05-19-10-26-39,-3.190000,16.059999,19.709999,1.800000,-0.000000,-71.199997,1.000000
2026-05-19-10-26-39,-3.120000,16.059999,19.719999,0.700000,1.200000,-72.199997,1.000000
2026-05-19-10-26-40,-3.110000,16.030001,19.660000,-1.100000,3.100000,-74.699997,1.000000
2026-05-19-10-26-40,-3.150000,16.059999,19.600000,0.000000,0.900000,-77.900002,1.000000
2026-05-19-10-26-41,-3.280000,16.100000,19.590000,2.400000,1.800000,-80.900002,1.000000
2026-05-19-10-26-41,-3.280000,16.120001,19.670000,0.100000,2.000000,-82.300003,1.000000
2026-05-19-10-26-41,-3.230000,16.100000,19.700001,2.100000,2.600000,-84.900002,1.000000
2026-05-19-10-26-42,-3.220000,16.070000,19.660000,2.100000,3.600000,-85.599998,1.000000
2026-05-19-10-26-42,-3.230000,16.110001,19.610001,3.100000,2.500000,-89.300003,1.000000
2026-05-19-10-26-42,-3.280000,16.160000,19.600000,1.700000,3.100000,-91.400002,1.000000
2026-05-19-10-26-43,-3.310000,16.200001,19.620001,2.500000,2.300000,-92.500000,1.000000
2026-05-19-10-26-43,-3.300000,16.170000,19.680000,2.200000,3.400000,-94.900002,1.000000
2026-05-19-10-26-44,-3.280000,16.150000,19.690001,1.300000,3.900000,-97.000000,1.000000
2026-05-19-10-26-44,-3.260000,16.190001,19.629999,1.600000,3.700000,-100.500000,1.000000
2026-05-19-10-26-44,-3.280000,16.230000,19.610001,1.900000,4.600000,-101.500000,1.000000
2026-05-19-10-26-45,-3.310000,16.250000,19.639999,2.000000,4.300000,-104.599998,1.000000
2026-05-19-10-26-45,-3.330000,16.270000,19.639999,2.600000,3.900000,-106.400002,1.000000
2026-05-19-10-26-46,-3.330000,16.280001,19.670000,2.700000,2.800000,-108.900002,1.000000
2026-05-19-10-26-46,-3.290000,16.260000,19.670000,1.500000,4.300000,-111.800003,1.000000
2026-05-19-10-26-46,-3.270000,16.260000,19.639999,1.400000,4.600000,-115.000000,1.000000
2026-05-19-10-26-47,-3.300000,16.340000,19.610001,1.900000,4.400000,-118.900002,1.000000
2026-05-19-10-26-47,-3.320000,16.400000,19.620001,1.700000,4.200000,-121.599998,1.000000
2026-05-19-10-26-47,-3.300000,16.370001,19.660000,1.600000,4.400000,-124.400002,1.000000
2026-05-19-10-26-48,-3.300000,16.360001,19.670000,2.700000,5.000000,-128.500000,1.000000
2026-05-19-10-26-48,-3.310000,16.379999,19.650000,1.500000,5.000000,-131.199997,1.000000
2026-05-19-10-26-49,-3.280000,16.410000,19.629999,1.600000,4.800000,-136.399994,1.000000
2026-05-19-10-26-49,-3.280000,16.459999,19.629999,2.800000,5.300000,-137.300003,1.000000
2026-05-19-10-26-49,-3.290000,16.459999,19.650000,1.000000,6.000000,-141.899994,1.000000
2026-05-19-10-26-50,-3.270000,16.459999,19.670000,1.600000,4.900000,-143.399994,1.000000
2026-05-19-10-26-50,-3.280000,16.490000,19.660000,1.300000,5.400000,-145.500000,1.000000
2026-05-19-10-26-50,-3.280000,16.500000,19.650000,1.500000,6.000000,-148.600006,1.000000
2026-05-19-10-26-51,-3.260000,16.500000,19.650000,0.700000,5.800000,-153.000000,1.000000
2026-05-19-10-26-51,-3.220000,16.500000,19.660000,-4.200000,5.800000,-160.699997,1.000000
2026-05-19-10-26-51,-3.220000,16.480000,19.660000,-9.700000,4.800000,165.399994,1.000000
2026-05-19-10-26-52,-3.250000,16.469999,19.660000,-12.700000,1.800000,145.300003,1.000000
2026-05-19-10-26-52,-3.260000,16.430000,19.670000,-16.500000,-3.400000,132.699997,1.000000
2026-05-19-10-26-53,-3.230000,16.440001,19.670000,-21.500000,0.200000,138.899994,1.000000
2026-05-19-10-26-53,-3.210000,16.500000,19.680000,-22.200001,3.700000,141.500000,1.000000
2026-05-19-10-26-53,-3.200000,16.530001,19.680000,-20.700001,3.800000,143.300003,1.000000
2026-05-19-10-26-54,-3.220000,16.520000,19.670000,-21.000000,4.200000,142.399994,1.000000
2026-05-19-10-26-54,-3.210000,16.549999,19.680000,-20.700001,5.500000,143.000000,1.000000
2026-05-19-10-26-55,-3.200000,16.559999,19.719999,-21.000000,6.100000,141.699997,1.000000
2026-05-19-10-26-55,-3.180000,16.570000,19.740000,-20.700001,6.200000,141.300003,1.000000
2026-05-19-10-26-55,-3.170000,16.559999,19.709999,-20.000000,4.900000,141.000000,1.000000
2026-05-19-10-26-56,-3.190000,16.580000,19.680000,-19.500000,6.400000,139.300003,1.000000
2026-05-19-10-26-56,-3.160000,16.610001,19.700001,-17.400000,6.500000,136.500000,1.000000
2026-05-19-10-26-56,-3.120000,16.620001,19.740000,-15.500000,5.700000,136.000000,1.000000
2026-05-19-10-26-57,-3.130000,16.610001,19.760000,-13.900000,5.700000,134.899994,1.000000
2026-05-19-10-26-57,-3.140000,16.620001,19.740000,-13.100000,5.600000,132.100006,1.000000
2026-05-19-10-26-58,-3.120000,16.610001,19.709999,-12.100000,4.400000,130.600006,1.000000
2026-05-19-10-26-58,-3.100000,16.639999,19.709999,-11.700000,6.900000,128.399994,1.000000
2026-05-19-10-26-58,-3.060000,16.670000,19.750000,-9.500000,6.500000,126.699997,1.000000
2026-05-19-10-26-59,-3.060000,16.650000,19.780001,-10.400000,5.000000,124.599998,1.000000
2026-05-19-10-26-59,-3.090000,16.639999,19.760000,-11.200000,5.100000,123.099998,1.000000
2026-05-19-10-27-00,-3.050000,16.639999,19.730000,-10.300000,2.900000,120.699997,1.000000
2026-05-19-10-27-00,-3.020000,16.650000,19.719999,-9.200000,3.300000,119.500000,1.000000
2026-05-19-10-27-00,-2.990000,16.700001,19.740000,-7.600000,5.500000,118.199997,1.000000
2026-05-19-10-27-01,-3.010000,16.680000,19.770000,-8.300000,5.500000,114.900002,1.000000
2026-05-19-10-27-01,-2.990000,16.680000,19.760000,-7.100000,5.200000,113.300003,1.000000
2026-05-19-10-27-01,-2.960000,16.670000,19.760000,-8.100000,4.600000,111.599998,1.000000
2026-05-19-10-27-02,-2.980000,16.660000,19.750000,-6.600000,3.700000,109.800003,1.000000
2026-05-19-10-27-02,-2.950000,16.700001,19.740000,-6.600000,5.600000,107.099998,1.000000
2026-05-19-10-27-02,-2.920000,16.690001,19.750000,-5.800000,4.600000,104.199997,1.000000
2026-05-19-10-27-03,-2.930000,16.650000,19.770000,-8.700000,3.900000,103.099998,1.000000
2026-05-19-10-27-03,-2.920000,16.660000,19.760000,-7.400000,3.700000,100.599998,1.000000
2026-05-19-10-27-04,-2.880000,16.670000,19.780001,-8.200000,2.000000,99.000000,1.000000
2026-05-19-10-27-04,-2.910000,16.680000,19.780001,-6.300000,3.800000,94.300003,1.000000
2026-05-19-10-27-04,-2.920000,16.660000,19.750000,-6.300000,3.000000,92.500000,1.000000
2026-05-19-10-27-05,-2.890000,16.639999,19.719999,-4.200000,4.700000,89.500000,1.000000
2026-05-19-10-27-05,-2.790000,16.629999,19.750000,-5.400000,1.900000,87.500000,1.000000
2026-05-19-10-27-05,-2.830000,16.639999,19.809999,-6.800000,1.300000,85.000000,1.000000
2026-05-19-10-27-06,-2.860000,16.670000,19.799999,-7.200000,1.800000,81.199997,1.000000
2026-05-19-10-27-06,-2.860000,16.639999,19.740000,-6.500000,0.900000,78.099998,1.000000
2026-05-19-10-27-07,-2.810000,16.610001,19.730000,-5.500000,2.600000,76.900002,1.000000
2026-05-19-10-27-07,-2.760000,16.620001,19.780001,-5.800000,2.900000,73.400002,1.000000
2026-05-19-10-27-07,-2.800000,16.629999,19.799999,-7.300000,1.400000,70.900002,1.000000
2026-05-19-10-27-08,-2.810000,16.629999,19.770000,-7.200000,1.000000,67.699997,1.000000
2026-05-19-10-27-08,-2.780000,16.600000,19.750000,-6.300000,-0.300000,65.199997,1.000000
2026-05-19-10-27-09,-2.750000,16.580000,19.760000,-5.300000,-0.200000,61.700001,1.000000
2026-05-19-10-27-09,-2.740000,16.580000,19.770000,-4.000000,1.400000,58.900002,1.000000
2026-05-19-10-27-09,-2.770000,16.590000,19.780001,-4.900000,1.300000,55.599998,1.000000
2026-05-19-10-27-10,-2.760000,16.590000,19.780001,-5.600000,1.900000,51.799999,1.000000
2026-05-19-10-27-10,-2.670000,16.639999,19.790001,-7.100000,5.600000,51.000000,1.000000
2026-05-19-10-27-10,-2.550000,16.709999,19.770000,-8.700000,9.300000,48.900002,1.000000
2026-05-19-10-27-11,-2.410000,16.770000,19.780001,-8.800000,5.200000,48.900002,1.000000
2026-05-19-10-27-11,-2.300000,16.910000,19.790001,-14.200000,-0.900000,50.799999,1.000000
2026-05-19-10-27-11,-2.150000,17.070000,19.790001,-20.700001,-3.800000,51.900002,1.000000
2026-05-19-10-27-12,-1.980000,17.170000,19.780001,-27.299999,-5.200000,52.200001,1.000000
2026-05-19-10-27-12,-1.810000,17.280001,19.850000,-30.400000,-5.700000,51.099998,1.000000
2026-05-19-10-27-13,-1.660000,17.400000,19.930000,-31.400000,-5.700000,49.500000,1.000000
2026-05-19-10-27-13,-1.520000,17.530001,19.969999,-32.299999,-5.200000,47.099998,1.000000
2026-05-19-10-27-13,-1.380000,17.639999,19.990000,-33.599998,-5.500000,45.500000,1.000000
2026-05-19-10-27-13,-1.270000,17.700001,20.010000,-34.299999,-6.100000,44.599998,1.000000
2026-05-19-10-27-14,-1.160000,17.750000,20.049999,-35.000000,-6.900000,43.500000,1.000000
2026-05-19-10-27-14,-1.050000,17.790001,20.090000,-35.500000,-7.000000,42.299999,1.000000
2026-05-19-10-27-14,-0.960000,17.840000,20.139999,-36.000000,-6.600000,40.700001,1.000000
2026-05-19-10-27-14,-0.880000,17.889999,20.180000,-36.599998,-5.700000,38.200001,1.000000
2026-05-19-10-27-15,-0.800000,17.940001,20.209999,-36.599998,-4.800000,35.500000,1.000000
2026-05-19-10-27-15,-0.730000,17.990000,20.230000,-36.900002,-4.400000,33.400002,1.000000
2026-05-19-10-27-15,-0.670000,18.020000,20.240000,-38.500000,-4.900000,30.500000,1.000000
2026-05-19-10-27-15,-0.620000,18.030001,20.240000,-39.700001,-4.700000,27.200001,1.000000
2026-05-19-10-27-15,-0.580000,18.020000,20.230000,-40.299999,-4.100000,22.799999,1.000000
2026-05-19-10-27-16,-0.560000,17.990000,20.219999,-39.900002,-3.500000,19.799999,1.000000
2026-05-19-10-27-16,-0.560000,17.940001,20.230000,-38.400002,-3.500000,17.700001,1.000000
2026-05-19-10-27-16,-0.570000,17.900000,20.240000,-36.200001,-4.000000,16.600000,1.000000
2026-05-19-10-27-16,-0.570000,17.889999,20.250000,-34.200001,-4.400000,15.800000,1.000000
2026-05-19-10-27-17,-0.570000,17.879999,20.240000,-32.900002,-4.600000,14.800000,1.000000
2026-05-19-10-27-17,-0.560000,17.879999,20.209999,-32.200001,-4.800000,13.600000,1.000000
2026-05-19-10-27-17,-0.460000,17.820000,20.150000,-29.600000,3.700000,6.400000,1.000000
2026-05-19-10-27-18,-0.340000,17.750000,20.170000,-31.900000,9.300000,4.100000,1.000000
2026-05-19-10-27-18,-0.230000,17.680000,20.209999,-32.299999,6.100000,6.700000,1.000000
2026-05-19-10-27-19,-0.110000,17.690001,20.230000,-34.799999,-0.800000,9.500000,1.000000
2026-05-19-10-27-19,0.010000,17.709999,20.230000,-39.299999,-8.900000,-1.900000,1.000000
2026-05-19-10-27-19,0.080000,17.650000,20.260000,-35.299999,-16.500000,-16.799999,1.000000
2026-05-19-10-27-20,0.140000,17.549999,20.379999,-36.000000,-16.200001,-19.900000,1.000000
2026-05-19-10-27-20,0.200000,17.469999,20.490000,-39.299999,-13.100000,-20.000000,1.000000
2026-05-19-10-27-20,0.240000,17.510000,20.530001,-45.700001,-11.300000,-16.700001,1.000000
2026-05-19-10-27-21,0.330000,17.480000,20.610001,-52.400002,-7.700000,-17.600000,1.000000
2026-05-19-10-27-21,0.430000,17.420000,20.680000,-57.099998,-6.800000,-17.600000,1.000000
2026-05-19-10-27-21,0.450000,17.350000,20.760000,-59.299999,-8.200000,-19.500000,1.000000
2026-05-19-10-27-22,0.390000,17.309999,20.780001,-57.900002,-10.900000,-19.600000,1.000000
2026-05-19-10-27-22,0.330000,17.270000,20.799999,-54.500000,-12.900000,-19.299999,1.000000
2026-05-19-10-27-23,0.390000,17.260000,20.910000,-53.000000,-10.000000,-25.600000,1.000000
2026-05-19-10-27-23,0.510000,17.230000,20.959999,-56.000000,-7.300000,-29.799999,1.000000
2026-05-19-10-27-23,0.570000,17.120001,20.969999,-56.599998,-7.800000,-32.400002,1.000000
2026-05-19-10-27-24,0.590000,17.049999,21.030001,-52.900002,-15.200000,-38.299999,1.000000
2026-05-19-10-27-24,0.560000,17.049999,21.070000,-43.500000,-32.200001,-51.599998,1.000000
2026-05-19-10-27-25,0.550000,17.080000,21.170000,-41.500000,-32.500000,-56.400002,1.000000
2026-05-19-10-27-25,0.580000,17.020000,21.230000,-52.200001,-22.400000,-54.599998,1.000000
2026-05-19-10-27-25,0.500000,16.959999,21.290001,-59.799999,-16.299999,-54.900002,1.000000
2026-05-19-10-27-26,0.370000,17.000000,21.330000,-65.300003,-15.900000,-48.500000,1.000000
2026-05-19-10-27-26,0.290000,17.059999,21.400000,-63.400002,-16.600000,-44.799999,1.000000
2026-05-19-10-27-26,0.280000,17.059999,21.430000,-58.700001,-17.000000,-45.500000,1.000000
2026-05-19-10-27-27,0.220000,17.030001,21.410000,-53.500000,-19.200001,-48.599998,1.000000
2026-05-19-10-27-27,0.100000,17.000000,21.420000,-45.599998,-18.500000,-52.900002,1.000000
2026-05-19-10-27-28,0.040000,17.040001,21.430000,-41.400002,-19.700001,-58.700001,1.000000
2026-05-19-10-27-28,-0.000000,17.049999,21.400000,-46.900002,-19.600000,-60.599998,1.000000
2026-05-19-10-27-28,-0.010000,17.080000,21.469999,-46.599998,-19.500000,-64.500000,1.000000
2026-05-19-10-27-29,-0.020000,17.129999,21.540001,-45.799999,-21.400000,-66.000000,1.000000
2026-05-19-10-27-29,-0.050000,17.150000,21.549999,-42.200001,-21.900000,-70.900002,1.000000
2026-05-19-10-27-30,-0.050000,17.209999,21.570000,-41.099998,-23.799999,-72.199997,1.000000
2026-05-19-10-27-30,0.010000,17.280001,21.650000,-42.099998,-25.200001,-73.500000,1.000000
2026-05-19-10-27-30,0.040000,17.320000,21.730000,-43.099998,-25.400000,-75.000000,1.000000
2026-05-19-10-27-31,0.080000,17.360001,21.750000,-43.799999,-25.799999,-77.300003,1.000000
2026-05-19-10-27-31,0.080000,17.370001,21.770000,-43.400002,-24.900000,-79.199997,1.000000
2026-05-19-10-27-31,0.100000,17.340000,21.820000,-42.700001,-21.500000,-81.699997,1.000000
2026-05-19-10-27-31,0.120000,17.280001,21.879999,-42.099998,-17.000000,-85.199997,1.000000
2026-05-19-10-27-31,0.130000,17.200001,21.930000,-41.599998,-12.300000,-88.199997,1.000000
2026-05-19-10-27-32,0.140000,17.100000,21.959999,-41.400002,-9.700000,-90.099998,1.000000
2026-05-19-10-27-32,0.150000,17.010000,21.980000,-41.000000,-8.600000,-93.099998,1.000000
2026-05-19-10-27-32,0.160000,16.930000,21.990000,-39.099998,-9.100000,-100.599998,1.000000
2026-05-19-10-27-32,0.160000,16.860001,21.990000,-36.700001,-10.400000,-107.699997,1.000000
2026-05-19-10-27-32,0.150000,16.790001,21.990000,-34.500000,-12.300000,-112.800003,1.000000
2026-05-19-10-27-33,0.130000,16.750000,21.980000,-32.599998,-15.900000,-117.199997,1.000000
2026-05-19-10-27-33,0.120000,16.719999,21.959999,-27.900000,-22.600000,-128.000000,1.000000
2026-05-19-10-27-33,0.130000,16.719999,21.940001,-20.500000,-28.700001,-141.100006,1.000000
2026-05-19-10-27-33,0.120000,16.730000,21.930000,-17.799999,-30.700001,-149.600006,1.000000
2026-05-19-10-27-34,0.080000,16.730000,21.940001,-21.100000,-28.700001,-149.600006,1.000000
2026-05-19-10-27-34,0.050000,16.760000,21.930000,-26.900000,-25.799999,-146.800003,1.000000
2026-05-19-10-27-34,-0.010000,16.790001,21.940001,-32.200001,-22.600000,-143.100006,1.000000
2026-05-19-10-27-34,-0.060000,16.840000,21.950001,-41.599998,-19.100000,-137.300003,1.000000
2026-05-19-10-27-35,-0.080000,16.940001,21.940001,-49.799999,-19.400000,-131.800003,1.000000
2026-05-19-10-27-35,-0.120000,17.040001,21.940001,-50.299999,-18.700001,-131.199997,1.000000
2026-05-19-10-27-35,-0.170000,17.010000,21.959999,-49.799999,-15.100000,-136.100006,1.000000
2026-05-19-10-27-36,-0.210000,17.000000,21.980000,-46.099998,-15.100000,-143.500000,1.000000
2026-05-19-10-27-36,-0.250000,17.030001,21.990000,-42.900002,-14.700000,-150.899994,1.000000
2026-05-19-10-27-37,-0.290000,17.080000,21.980000,-42.099998,-14.400000,-157.300003,1.000000
2026-05-19-10-27-37,-0.290000,17.139999,22.030001,-42.200001,-17.900000,-159.899994,1.000000
2026-05-19-10-27-37,-0.210000,17.160000,22.020000,-51.400002,-29.200001,-153.800003,1.000000
2026-05-19-10-27-38,-0.210000,17.170000,22.010000,-55.700001,-33.700001,-153.600006,1.000000
2026-05-19-10-27-38,-0.270000,17.230000,22.090000,-51.799999,-28.900000,-163.399994,1.000000
2026-05-19-10-27-38,-0.280000,17.290001,22.170000,-45.599998,-19.400000,-173.699997,1.000000
2026-05-19-10-27-39,-0.240000,17.340000,22.290001,-43.500000,-13.700000,-178.800003,1.000000
2026-05-19-10-27-39,-0.220000,17.360001,22.309999,-47.599998,-16.600000,-179.699997,1.000000
2026-05-19-10-27-40,-0.200000,17.400000,22.290001,-54.299999,-23.700001,-176.899994,1.000000
2026-05-19-10-27-40,-0.160000,17.459999,22.260000,-63.099998,-30.799999,-170.100006,1.000000
2026-05-19-10-27-40,-0.140000,17.549999,22.270000,-62.900002,-32.799999,-170.000000,1.000000
2026-05-19-10-27-41,-0.120000,17.549999,22.270000,-55.400002,-32.799999,-176.399994,1.000000
2026-05-19-10-27-41,-0.080000,17.540001,22.280001,-49.900002,-32.000000,177.800003,1.000000
2026-05-19-10-27-41,-0.030000,17.530001,22.250000,-41.400002,-30.299999,167.800003,1.000000
2026-05-19-10-27-42,0.040000,17.549999,22.230000,-34.700001,-27.000000,160.100006,1.000000
2026-05-19-10-27-42,0.100000,17.570000,22.230000,-28.400000,-24.100000,152.600006,1.000000
2026-05-19-10-27-42,0.120000,17.580000,22.250000,-24.200001,-19.700001,145.300003,1.000000
2026-05-19-10-27-43,0.120000,17.600000,22.219999,-22.299999,-13.000000,137.300003,1.000000
2026-05-19-10-27-43,0.240000,17.610001,22.219999,-18.400000,-11.300000,132.199997,1.000000
2026-05-19-10-27-44,0.300000,17.600000,22.260000,-15.600000,-7.700000,127.400002,1.000000
2026-05-19-10-27-44,0.300000,17.570000,22.280001,-13.900000,-4.100000,121.900002,1.000000
2026-05-19-10-27-44,0.310000,17.559999,22.299999,-12.900000,-1.400000,116.699997,1.000000
2026-05-19-10-27-45,0.320000,17.540001,22.250000,-13.500000,1.000000,112.300003,1.000000
2026-05-19-10-27-45,0.420000,17.559999,22.219999,-12.200000,3.000000,107.900002,1.000000
2026-05-19-10-27-45,0.480000,17.540001,22.270000,-11.100000,2.300000,103.900002,1.000000
2026-05-19-10-27-46,0.470000,17.520000,22.320000,-8.500000,2.500000,99.699997,1.000000
2026-05-19-10-27-46,0.450000,17.480000,22.320000,-8.100000,1.900000,95.800003,1.000000
2026-05-19-10-27-47,0.480000,17.469999,22.290001,-8.300000,3.200000,93.500000,1.000000
2026-05-19-10-27-47,0.540000,17.469999,22.260000,-10.400000,5.900000,89.099998,1.000000
2026-05-19-10-27-47,0.570000,17.420000,22.260000,-9.300000,2.600000,85.800003,1.000000
2026-05-19-10-27-48,0.610000,17.400000,22.309999,-8.500000,3.500000,83.099998,1.000000
2026-05-19-10-27-48,0.590000,17.400000,22.360001,-8.500000,2.500000,79.900002,1.000000
2026-05-19-10-27-49,0.610000,17.370001,22.350000,-8.100000,2.900000,77.199997,1.000000
2026-05-19-10-27-49,0.610000,17.350000,22.290001,-7.100000,3.200000,74.599998,1.000000
2026-05-19-10-27-49,0.650000,17.330000,22.299999,-6.000000,4.500000,72.099998,1.000000
2026-05-19-10-27-50,0.680000,17.299999,22.350000,-7.200000,2.900000,68.000000,1.000000
2026-05-19-10-27-50,0.660000,17.280001,22.360001,-7.400000,1.300000,65.400002,1.000000
2026-05-19-10-27-50,0.660000,17.270000,22.350000,-7.200000,1.400000,64.400002,1.000000
2026-05-19-10-27-51,0.780000,17.270000,22.290001,-6.500000,2.000000,60.599998,1.000000
2026-05-19-10-27-51,0.780000,17.230000,22.299999,-5.200000,0.700000,57.700001,1.000000
2026-05-19-10-27-51,0.760000,17.219999,22.309999,-6.000000,1.200000,54.299999,1.000000
2026-05-19-10-27-52,0.780000,17.209999,22.330000,-4.100000,1.400000,50.500000,1.000000
2026-05-19-10-27-52,0.790000,17.180000,22.330000,-4.900000,1.900000,47.200001,1.000000
2026-05-19-10-27-53,0.780000,17.170000,22.309999,-4.400000,1.400000,44.599998,1.000000
2026-05-19-10-27-53,0.780000,17.120001,22.309999,-5.000000,0.000000,41.099998,1.000000
2026-05-19-10-27-53,0.780000,17.110001,22.320000,-5.800000,0.400000,38.099998,1.100000
2026-05-19-10-27-54,0.770000,17.120001,22.330000,-4.900000,0.500000,34.200001,1.100000
2026-05-19-10-27-54,0.770000,17.080000,22.340000,-3.900000,0.700000,31.600000,1.100000
2026-05-19-10-27-54,0.770000,17.070000,22.340000,-3.900000,1.000000,27.799999,1.100000
2026-05-19-10-27-55,0.750000,17.040001,22.320000,-3.500000,-0.100000,26.299999,1.100000
2026-05-19-10-27-55,0.760000,17.000000,22.309999,-2.600000,-0.100000,23.299999,1.100000
2026-05-19-10-27-56,0.760000,16.990000,22.330000,-4.400000,0.300000,18.900000,1.100000
2026-05-19-10-27-56,0.730000,17.010000,22.350000,-2.000000,-0.800000,17.400000,1.100000
2026-05-19-10-27-56,0.740000,16.959999,22.350000,-1.600000,0.800000,14.000000,1.100000
2026-05-19-10-27-57,0.730000,16.959999,22.350000,-0.300000,-1.300000,10.500000,1.100000
2026-05-19-10-27-57,0.690000,16.940001,22.330000,-1.200000,-1.300000,8.600000,1.100000
2026-05-19-10-27-57,0.700000,16.920000,22.290001,-1.700000,-0.200000,5.300000,1.100000
2026-05-19-10-27-58,0.720000,16.870001,22.320000,-1.400000,0.100000,3.500000,1.100000
2026-05-19-10-27-58,0.720000,16.870001,22.379999,-2.500000,0.300000,-0.500000,1.100000
2026-05-19-10-27-59,0.670000,16.889999,22.400000,-1.800000,-1.800000,-2.800000,1.100000
2026-05-19-10-27-59,0.650000,16.910000,22.330000,-2.800000,-1.100000,-4.600000,1.100000
2026-05-19-10-27-59,0.670000,16.860001,22.290001,-0.800000,0.100000,-7.700000,1.100000
2026-05-19-10-28-00,0.660000,16.770000,22.320000,0.700000,-0.600000,-10.400000,1.100000
2026-05-19-10-28-00,0.650000,16.790001,22.379999,-0.600000,-0.100000,-13.900000,1.100000
2026-05-19-10-28-00,0.630000,16.830000,22.389999,-0.400000,-0.200000,-15.200000,1.100000
2026-05-19-10-28-01,0.610000,16.840000,22.360001,-0.500000,-1.000000,-17.900000,1.100000
2026-05-19-10-28-01,0.610000,16.840000,22.330000,-1.100000,0.200000,-20.299999,1.100000
2026-05-19-10-28-02,0.600000,16.770000,22.309999,0.000000,1.200000,-22.900000,1.100000
2026-05-19-10-28-02,0.580000,16.730000,22.330000,-0.900000,-0.700000,-26.000000,1.100000
2026-05-19-10-28-02,0.580000,16.770000,22.350000,-1.900000,-0.100000,-28.900000,1.100000
2026-05-19-10-28-03,0.560000,16.770000,22.370001,-0.100000,-1.700000,-33.000000,1.100000
2026-05-19-10-28-03,0.560000,16.780001,22.360001,-0.400000,-0.800000,-35.500000,1.100000
2026-05-19-10-28-03,0.550000,16.760000,22.320000,1.400000,-0.000000,-39.000000,1.100000
2026-05-19-10-28-04,0.510000,16.730000,22.309999,1.000000,-0.600000,-42.000000,1.100000
2026-05-19-10-28-04,0.510000,16.730000,22.330000,1.000000,0.700000,-44.299999,1.100000
2026-05-19-10-28-05,0.510000,16.719999,22.360001,2.700000,1.000000,-49.200001,1.100000
2026-05-19-10-28-05,0.510000,16.730000,22.379999,1.800000,1.300000,-50.900002,1.100000
2026-05-19-10-28-05,0.490000,16.760000,22.340000,2.300000,0.300000,-53.700001,1.100000
2026-05-19-10-28-06,0.450000,16.730000,22.299999,1.500000,2.300000,-55.500000,1.100000
2026-05-19-10-28-06,0.450000,16.700001,22.340000,1.100000,2.500000,-59.700001,1.100000
2026-05-19-10-28-06,0.450000,16.709999,22.350000,2.400000,1.400000,-62.000000,1.100000
2026-05-19-10-28-07,0.430000,16.719999,22.360001,2.900000,1.300000,-66.000000,1.100000
2026-05-19-10-28-07,0.440000,16.719999,22.360001,2.700000,1.300000,-68.099998,1.100000
2026-05-19-10-28-08,0.420000,16.719999,22.309999,2.400000,1.900000,-71.199997,1.100000
2026-05-19-10-28-08,0.380000,16.709999,22.299999,2.600000,2.300000,-73.699997,1.100000
2026-05-19-10-28-08,0.370000,16.700001,22.340000,1.800000,2.300000,-76.199997,1.100000
2026-05-19-10-28-09,0.380000,16.709999,22.370001,3.100000,2.400000,-79.300003,1.100000
2026-05-19-10-28-09,0.380000,16.719999,22.360001,2.100000,2.500000,-81.699997,1.100000
2026-05-19-10-28-10,0.380000,16.740000,22.320000,4.000000,1.900000,-83.800003,1.100000
2026-05-19-10-28-10,0.300000,16.709999,22.280001,3.600000,5.100000,-85.300003,1.100000
2026-05-19-10-28-10,0.260000,16.690001,22.340000,3.200000,2.900000,-89.800003,1.100000
2026-05-19-10-28-11,0.300000,16.709999,22.389999,1.700000,2.200000,-91.599998,1.100000
2026-05-19-10-28-11,0.390000,16.770000,22.420000,0.300000,1.200000,-93.199997,1.100000
2026-05-19-10-28-11,0.340000,16.740000,22.340000,0.200000,1.600000,-94.900002,1.100000
2026-05-19-10-28-11,0.280000,16.740000,22.320000,-0.400000,2.700000,-97.800003,1.100000
2026-05-19-10-28-12,0.240000,16.719999,22.290001,1.300000,4.000000,-100.300003,1.100000
2026-05-19-10-28-12,0.200000,16.709999,22.320000,2.500000,5.000000,-103.800003,1.100000
2026-05-19-10-28-13,0.240000,16.730000,22.350000,1.400000,3.200000,-107.500000,1.100000
2026-05-19-10-28-13,0.270000,16.740000,22.340000,0.600000,3.400000,-109.000000,1.100000
2026-05-19-10-28-13,0.220000,16.730000,22.320000,1.600000,4.700000,-112.800003,1.100000
2026-05-19-10-28-14,0.190000,16.750000,22.299999,1.900000,3.300000,-116.000000,1.100000
2026-05-19-10-28-14,0.170000,16.770000,22.290001,3.600000,4.600000,-118.000000,1.100000
2026-05-19-10-28-15,0.170000,16.740000,22.330000,2.600000,5.700000,-122.000000,1.100000
2026-05-19-10-28-15,0.210000,16.740000,22.360001,2.100000,5.000000,-125.000000,1.100000
2026-05-19-10-28-15,0.180000,16.770000,22.320000,2.400000,5.500000,-126.800003,1.100000
2026-05-19-10-28-16,0.140000,16.780001,22.290001,1.400000,5.400000,-130.100006,1.100000
2026-05-19-10-28-16,0.150000,16.760000,22.299999,1.300000,5.400000,-133.300003,1.100000
2026-05-19-10-28-16,0.130000,16.760000,22.330000,2.400000,5.900000,-135.800003,1.100000
2026-05-19-10-28-17,0.140000,16.790001,22.340000,1.200000,5.200000,-139.800003,1.100000
2026-05-19-10-28-17,0.120000,16.790001,22.320000,0.900000,6.500000,-141.699997,1.100000
2026-05-19-10-28-18,0.110000,16.790001,22.309999,0.600000,5.600000,-145.500000,1.100000
2026-05-19-10-28-18,0.120000,16.780001,22.320000,0.800000,6.100000,-148.100006,1.100000
2026-05-19-10-28-18,0.130000,16.790001,22.320000,1.300000,6.000000,-151.199997,1.100000
2026-05-19-10-28-19,0.090000,16.830000,22.290001,2.400000,7.600000,-152.600006,1.100000
2026-05-19-10-28-19,0.060000,16.850000,22.309999,1.700000,7.200000,-156.399994,1.100000
2026-05-19-10-28-20,0.090000,16.820000,22.330000,0.700000,6.400000,-159.399994,1.100000
2026-05-19-10-28-20,0.110000,16.809999,22.320000,1.500000,6.100000,-161.000000,1.100000
2026-05-19-10-28-20,0.070000,16.850000,22.299999,0.300000,8.000000,-164.500000,1.100000
2026-05-19-10-28-21,0.060000,16.850000,22.320000,-0.500000,7.500000,-166.800003,1.100000
2026-05-19-10-28-21,0.090000,16.840000,22.320000,-0.200000,6.800000,-167.300003,1.100000
2026-05-19-10-28-21,0.060000,16.879999,22.280001,0.300000,7.900000,-168.800003,1.100000
2026-05-19-10-28-21,0.040000,16.900000,22.290001,0.300000,7.300000,-171.399994,1.100000
2026-05-19-10-28-22,0.050000,16.900000,22.309999,0.400000,5.700000,-174.500000,1.100000
2026-05-19-10-28-22,0.050000,16.900000,22.309999,0.300000,6.100000,-176.000000,1.100000
2026-05-19-10-28-23,0.030000,16.900000,22.270000,-0.100000,8.000000,-178.699997,1.100000
2026-05-19-10-28-23,0.030000,16.940001,22.270000,-1.000000,7.900000,178.600006,1.100000
2026-05-19-10-28-23,0.030000,16.940001,22.299999,-1.300000,7.700000,175.899994,1.100000
2026-05-19-10-28-24,0.030000,16.940001,22.320000,-1.100000,6.400000,173.699997,1.100000
2026-05-19-10-28-24,0.040000,16.930000,22.299999,-0.500000,6.000000,171.500000,1.100000
2026-05-19-10-28-24,0.020000,16.959999,22.260000,-0.900000,7.600000,169.300003,1.100000
2026-05-19-10-28-25,0.010000,16.980000,22.280001,-0.900000,6.800000,165.899994,1.100000
2026-05-19-10-28-25,0.030000,16.980000,22.299999,-1.100000,6.700000,162.699997,1.100000
2026-05-19-10-28-26,0.040000,16.969999,22.299999,-1.900000,7.500000,161.199997,1.100000
2026-05-19-10-28-26,0.010000,16.969999,22.290001,-1.800000,8.000000,158.199997,1.100000
2026-05-19-10-28-26,0.010000,17.000000,22.290001,-2.200000,6.100000,155.100006,1.100000
2026-05-19-10-28-27,0.030000,17.010000,22.280001,-2.200000,6.500000,153.199997,1.100000
2026-05-19-10-28-27,0.030000,17.010000,22.280001,-2.000000,6.700000,149.600006,1.100000
2026-05-19-10-28-28,0.020000,17.010000,22.320000,-1.800000,7.700000,147.199997,1.100000
2026-05-19-10-28-28,0.030000,17.000000,22.309999,-3.800000,6.000000,145.399994,1.100000
2026-05-19-10-28-28,0.040000,17.040001,22.260000,-3.400000,7.900000,142.600006,1.100000
2026-05-19-10-28-29,0.030000,17.100000,22.280001,-5.600000,9.500000,139.399994,1.100000
2026-05-19-10-28-29,0.020000,17.049999,22.309999,-5.800000,5.700000,136.800003,1.100000
2026-05-19-10-28-29,0.050000,17.040001,22.309999,-3.100000,5.000000,135.500000,1.100000
2026-05-19-10-28-30,0.050000,17.070000,22.299999,-2.200000,5.900000,133.500000,1.100000
2026-05-19-10-28-30,0.060000,17.059999,22.270000,-3.100000,5.000000,130.399994,1.100000
2026-05-19-10-28-31,0.050000,17.090000,22.260000,-3.300000,8.800000,128.699997,1.100000
2026-05-19-10-28-31,0.060000,17.120001,22.290001,-5.000000,7.700000,127.099998,1.100000
2026-05-19-10-28-31,0.080000,17.100000,22.309999,-5.900000,5.800000,124.099998,1.100000
2026-05-19-10-28-32,0.070000,17.080000,22.320000,-7.000000,4.900000,121.900002,1.100000
2026-05-19-10-28-32,0.060000,17.080000,22.290001,-5.700000,4.900000,120.099998,1.100000
2026-05-19-10-28-32,0.090000,17.110001,22.250000,-3.600000,5.300000,117.800003,1.100000
2026-05-19-10-28-33,0.130000,17.150000,22.290001,-4.300000,5.500000,115.400002,1.100000
2026-05-19-10-28-33,0.100000,17.129999,22.330000,-4.900000,4.900000,111.699997,1.100000
2026-05-19-10-28-33,0.080000,17.100000,22.309999,-5.400000,4.800000,110.599998,1.100000
2026-05-19-10-28-34,0.120000,17.129999,22.260000,-4.800000,5.200000,109.599998,1.100000
2026-05-19-10-28-34,0.160000,17.170000,22.270000,-5.500000,5.000000,105.699997,1.100000
2026-05-19-10-28-35,0.150000,17.160000,22.309999,-5.000000,3.900000,102.199997,1.100000
2026-05-19-10-28-35,0.120000,17.139999,22.299999,-4.700000,3.700000,99.400002,1.100000
2026-05-19-10-28-35,0.150000,17.160000,22.290001,-4.200000,4.900000,97.599998,1.100000
2026-05-19-10-28-36,0.190000,17.170000,22.280001,-5.800000,3.400000,94.400002,1.100000
2026-05-19-10-28-36,0.180000,17.170000,22.290001,-4.500000,3.900000,91.199997,1.100000
2026-05-19-10-28-37,0.160000,17.160000,22.309999,-4.900000,2.800000,89.099998,1.100000
2026-05-19-10-28-37,0.160000,17.160000,22.280001,-4.800000,3.700000,86.500000,1.100000
2026-05-19-10-28-37,0.200000,17.180000,22.270000,-5.200000,3.300000,83.800003,1.100000
2026-05-19-10-28-38,0.220000,17.180000,22.290001,-5.800000,2.800000,81.099998,1.100000
2026-05-19-10-28-38,0.210000,17.170000,22.299999,-4.300000,2.100000,78.400002,1.100000
2026-05-19-10-28-38,0.180000,17.170000,22.309999,-4.600000,2.700000,75.599998,1.100000
2026-05-19-10-28-39,0.180000,17.170000,22.280001,-4.600000,2.100000,73.500000,1.100000
2026-05-19-10-28-39,0.220000,17.160000,22.260000,-5.500000,2.200000,70.800003,1.100000
2026-05-19-10-28-40,0.270000,17.170000,22.270000,-4.300000,3.500000,68.099998,1.100000
2026-05-19-10-28-40,0.270000,17.170000,22.320000,-4.700000,2.100000,64.300003,1.100000
2026-05-19-10-28-40,0.190000,17.180000,22.340000,-6.300000,0.600000,61.500000,1.100000
2026-05-19-10-28-41,0.190000,17.160000,22.270000,-6.500000,-0.800000,59.500000,1.100000
2026-05-19-10-28-41,0.260000,17.139999,22.240000,-5.800000,0.400000,57.900002,1.100000
2026-05-19-10-28-41,0.320000,17.160000,22.280001,-5.300000,2.700000,55.500000,1.100000
2026-05-19-10-28-42,0.310000,17.160000,22.320000,-4.700000,0.700000,51.299999,1.100000
2026-05-19-10-28-42,0.250000,17.170000,22.330000,-4.800000,1.200000,48.500000,1.100000
2026-05-19-10-28-43,0.230000,17.180000,22.299999,-4.800000,0.300000,45.700001,1.100000
2026-05-19-10-28-43,0.250000,17.139999,22.240000,-5.600000,0.000000,42.799999,1.100000
2026-05-19-10-28-43,0.310000,17.120001,22.240000,-4.800000,0.800000,41.099998,1.100000
2026-05-19-10-28-44,0.340000,17.129999,22.290001,-4.300000,1.500000,37.000000,1.100000
2026-05-19-10-28-44,0.310000,17.160000,22.340000,-4.400000,0.100000,33.400002,1.100000
2026-05-19-10-28-44,0.270000,17.170000,22.299999,-4.800000,-0.500000,31.200001,1.100000
2026-05-19-10-28-45,0.280000,17.150000,22.280001,-5.100000,0.600000,28.500000,1.100000
2026-05-19-10-28-45,0.290000,17.120001,22.270000,-5.500000,-2.200000,25.299999,1.100000
2026-05-19-10-28-46,0.320000,17.129999,22.270000,-4.200000,-0.300000,22.400000,1.100000
2026-05-19-10-28-46,0.350000,17.129999,22.290001,-3.000000,0.100000,18.400000,1.100000
2026-05-19-10-28-46,0.320000,17.150000,22.299999,-3.700000,-0.100000,15.200000,1.100000
2026-05-19-10-28-47,0.300000,17.150000,22.299999,-3.000000,-0.000000,13.200000,1.100000
2026-05-19-10-28-47,0.300000,17.120001,22.280001,-4.700000,-1.400000,9.800000,1.100000
2026-05-19-10-28-47,0.310000,17.129999,22.250000,-2.600000,-0.600000,7.100000,1.100000
2026-05-19-10-28-48,0.370000,17.100000,22.270000,-2.400000,0.600000,4.000000,1.100000
2026-05-19-10-28-48,0.340000,17.110001,22.309999,-1.900000,-1.300000,1.200000,1.100000
2026-05-19-10-28-49,0.320000,17.110001,22.290001,-1.200000,-1.500000,-1.200000,1.100000
2026-05-19-10-28-49,0.310000,17.120001,22.290001,-0.300000,-1.900000,-4.300000,1.100000
2026-05-19-10-28-49,0.340000,17.110001,22.290001,-1.000000,-0.400000,-6.500000,1.100000
2026-05-19-10-28-50,0.330000,17.100000,22.250000,-1.000000,-1.100000,-8.800000,1.100000
2026-05-19-10-28-50,0.350000,17.080000,22.270000,-0.900000,1.700000,-11.600000,1.100000
2026-05-19-10-28-51,0.360000,17.080000,22.309999,-1.900000,0.100000,-15.000000,1.100000
2026-05-19-10-28-51,0.320000,17.120001,22.299999,-2.100000,-3.100000,-16.799999,1.100000
2026-05-19-10-28-51,0.330000,17.100000,22.270000,-1.800000,-1.200000,-17.700001,1.100000
2026-05-19-10-28-51,0.360000,17.070000,22.270000,-0.700000,1.300000,-21.600000,1.100000
2026-05-19-10-28-52,0.350000,17.080000,22.280001,-0.700000,-1.700000,-24.299999,1.100000
2026-05-19-10-28-52,0.340000,17.090000,22.280001,0.200000,-1.300000,-26.500000,1.100000
2026-05-19-10-28-53,0.340000,17.070000,22.280001,1.700000,0.300000,-29.700001,1.100000
2026-05-19-10-28-53,0.340000,17.059999,22.260000,1.200000,0.100000,-31.900000,1.100000
2026-05-19-10-28-53,0.360000,17.070000,22.290001,0.500000,1.200000,-35.299999,1.100000
2026-05-19-10-28-54,0.340000,17.100000,22.299999,-0.200000,-1.300000,-37.700001,1.100000
2026-05-19-10-28-54,0.340000,17.090000,22.280001,0.200000,0.600000,-40.299999,1.100000
2026-05-19-10-28-55,0.330000,17.049999,22.270000,1.200000,-0.800000,-42.400002,1.100000
2026-05-19-10-28-55,0.330000,17.040001,22.240000,1.800000,0.800000,-45.500000,1.100000
2026-05-19-10-28-55,0.350000,17.049999,22.280001,2.300000,1.000000,-48.900002,1.100000
2026-05-19-10-28-56,0.350000,17.090000,22.330000,2.100000,-0.400000,-52.000000,1.100000
2026-05-19-10-28-56,0.320000,17.100000,22.299999,2.400000,-0.900000,-53.200001,1.100000
2026-05-19-10-28-56,0.320000,17.059999,22.250000,1.000000,1.000000,-57.000000,1.100000
2026-05-19-10-28-57,0.340000,17.049999,22.219999,1.400000,0.300000,-59.500000,1.100000
2026-05-19-10-28-57,0.350000,17.030001,22.270000,1.700000,2.400000,-62.900002,1.100000
2026-05-19-10-28-58,0.330000,17.070000,22.330000,1.700000,1.100000,-65.699997,1.100000
2026-05-19-10-28-58,0.320000,17.100000,22.309999,1.900000,0.800000,-68.199997,1.100000
2026-05-19-10-28-58,0.330000,17.080000,22.250000,1.900000,1.200000,-70.800003,1.100000
2026-05-19-10-28-59,0.340000,17.059999,22.230000,2.400000,0.400000,-73.599998,1.100000
2026-05-19-10-28-59,0.320000,17.030001,22.260000,3.000000,2.700000,-75.900002,1.100000
2026-05-19-10-29-00,0.300000,17.049999,22.309999,2.500000,2.900000,-79.199997,1.100000
2026-05-19-10-29-00,0.320000,17.100000,22.320000,1.800000,2.400000,-81.900002,1.100000
2026-05-19-10-29-00,0.340000,17.110001,22.270000,2.000000,1.200000,-83.599998,1.100000
2026-05-19-10-29-01,0.320000,17.059999,22.209999,3.100000,3.000000,-85.099998,1.100000
2026-05-19-10-29-01,0.270000,17.030001,22.250000,3.400000,2.600000,-88.699997,1.100000
2026-05-19-10-29-01,0.280000,17.049999,22.309999,1.800000,2.300000,-91.099998,1.100000
2026-05-19-10-29-02,0.310000,17.080000,22.309999,0.400000,2.600000,-93.300003,1.100000
2026-05-19-10-29-02,0.330000,17.100000,22.290001,-0.400000,2.800000,-95.500000,1.100000
2026-05-19-10-29-02,0.320000,17.110001,22.250000,1.400000,2.200000,-97.900002,1.100000
2026-05-19-10-29-03,0.260000,17.070000,22.240000,2.300000,5.700000,-99.900002,1.100000
2026-05-19-10-29-03,0.250000,17.049999,22.270000,2.300000,5.700000,-104.000000,1.100000
2026-05-19-10-29-04,0.290000,17.070000,22.280001,2.500000,4.600000,-106.400002,1.100000
2026-05-19-10-29-04,0.310000,17.110001,22.280001,2.500000,2.600000,-108.099998,1.100000
2026-05-19-10-29-04,0.290000,17.100000,22.260000,2.600000,3.800000,-110.699997,1.100000
2026-05-19-10-29-05,0.270000,17.100000,22.250000,1.600000,4.100000,-114.699997,1.100000
2026-05-19-10-29-05,0.270000,17.110001,22.250000,2.100000,4.800000,-116.400002,1.100000
2026-05-19-10-29-05,0.270000,17.080000,22.270000,1.600000,6.300000,-118.699997,1.100000
2026-05-19-10-29-06,0.280000,17.090000,22.280001,2.300000,5.200000,-121.800003,1.100000
2026-05-19-10-29-06,0.290000,17.129999,22.270000,2.500000,3.800000,-123.900002,1.100000
2026-05-19-10-29-07,0.280000,17.129999,22.240000,1.900000,4.800000,-126.500000,1.100000
2026-05-19-10-29-07,0.280000,17.120001,22.240000,2.000000,4.800000,-128.199997,1.100000
2026-05-19-10-29-07,0.260000,17.110001,22.250000,3.000000,6.100000,-130.500000,1.100000
2026-05-19-10-29-08,0.240000,17.110001,22.280001,1.900000,6.500000,-133.500000,1.100000
2026-05-19-10-29-08,0.280000,17.129999,22.280001,1.900000,5.500000,-136.399994,1.100000
2026-05-19-10-29-08,0.290000,17.139999,22.260000,1.100000,6.300000,-137.600006,1.100000
2026-05-19-10-29-09,0.270000,17.129999,22.260000,1.900000,5.900000,-141.399994,1.100000
2026-05-19-10-29-09,0.270000,17.150000,22.260000,1.600000,5.300000,-144.100006,1.100000
2026-05-19-10-29-09,0.270000,17.139999,22.219999,1.600000,6.900000,-145.500000,1.100000
2026-05-19-10-29-10,0.240000,17.139999,22.260000,1.700000,6.700000,-149.800003,1.100000
2026-05-19-10-29-10,0.260000,17.150000,22.299999,1.100000,6.500000,-152.500000,1.100000
2026-05-19-10-29-11,0.310000,17.160000,22.299999,1.400000,4.500000,-155.500000,1.100000
2026-05-19-10-29-11,0.300000,17.160000,22.240000,0.500000,7.700000,-158.199997,1.100000
2026-05-19-10-29-11,0.250000,17.139999,22.209999,1.000000,6.500000,-160.399994,1.100000
2026-05-19-10-29-12,0.250000,17.139999,22.230000,1.400000,5.300000,-161.300003,1.100000
2026-05-19-10-29-12,0.240000,17.170000,22.260000,1.500000,5.700000,-163.500000,1.100000
2026-05-19-10-29-12,0.270000,17.170000,22.309999,-0.700000,5.500000,-167.199997,1.100000
2026-05-19-10-29-13,0.320000,17.150000,22.280001,-2.200000,5.800000,-169.000000,1.100000
2026-05-19-10-29-13,0.280000,17.170000,22.230000,-2.100000,9.500000,-170.600006,1.100000
2026-05-19-10-29-13,0.230000,17.190001,22.209999,-1.900000,8.400000,-174.100006,1.100000
2026-05-19-10-29-14,0.250000,17.180000,22.250000,-1.500000,6.900000,-177.000000,1.100000
2026-05-19-10-29-14,0.280000,17.170000,22.290001,-0.700000,6.800000,-179.199997,1.100000
2026-05-19-10-29-15,0.290000,17.180000,22.290001,-1.100000,5.800000,177.699997,1.100000
2026-05-19-10-29-15,0.300000,17.180000,22.240000,-1.500000,5.900000,175.699997,1.100000
2026-05-19-10-29-15,0.260000,17.200001,22.190001,-2.200000,8.500000,173.100006,1.100000
2026-05-19-10-29-16,0.240000,17.209999,22.230000,-2.000000,8.400000,169.899994,1.100000
2026-05-19-10-29-16,0.280000,17.190001,22.309999,-3.100000,5.900000,167.899994,1.100000
2026-05-19-10-29-16,0.320000,17.170000,22.280001,-3.500000,5.200000,165.699997,1.100000
2026-05-19-10-29-17,0.290000,17.209999,22.230000,-3.400000,6.900000,163.600006,1.100000
2026-05-19-10-29-17,0.250000,17.209999,22.240000,-3.100000,6.700000,160.899994,1.100000
2026-05-19-10-29-18,0.270000,17.200001,22.240000,-2.500000,6.400000,158.100006,1.100000
2026-05-19-10-29-18,0.300000,17.200001,22.280001,-2.900000,7.100000,156.199997,1.100000
2026-05-19-10-29-18,0.310000,17.190001,22.270000,-3.700000,6.900000,153.300003,1.100000
2026-05-19-10-29-19,0.310000,17.209999,22.230000,-3.000000,7.100000,152.699997,1.100000
2026-05-19-10-29-19,0.290000,17.219999,22.240000,-5.500000,7.700000,148.600006,1.100000
2026-05-19-10-29-20,0.270000,17.190001,22.250000,-4.100000,6.500000,145.899994,1.100000
2026-05-19-10-29-20,0.320000,17.209999,22.260000,-3.700000,5.400000,144.199997,1.100000
2026-05-19-10-29-20,0.320000,17.219999,22.260000,-3.300000,7.100000,141.000000,1.100000
2026-05-19-10-29-21,0.320000,17.209999,22.260000,-4.100000,5.600000,138.600006,1.100000
2026-05-19-10-29-21,0.320000,17.200001,22.240000,-3.600000,6.200000,135.800003,1.100000
2026-05-19-10-29-21,0.320000,17.219999,22.219999,-4.000000,7.400000,133.100006,1.100000
2026-05-19-10-29-22,0.320000,17.240000,22.250000,-3.900000,7.800000,131.399994,1.100000
2026-05-19-10-29-22,0.320000,17.219999,22.270000,-4.600000,6.300000,129.600006,1.100000
2026-05-19-10-29-23,0.330000,17.190001,22.270000,-4.100000,5.100000,126.800003,1.100000
2026-05-19-10-29-23,0.360000,17.219999,22.250000,-4.600000,5.200000,125.000000,1.100000
2026-05-19-10-29-23,0.330000,17.209999,22.250000,-5.100000,5.100000,121.000000,1.100000
2026-05-19-10-29-24,0.320000,17.209999,22.240000,-4.200000,6.400000,119.900002,1.100000
2026-05-19-10-29-24,0.350000,17.200001,22.250000,-4.000000,5.700000,116.400002,1.100000
2026-05-19-10-29-24,0.360000,17.209999,22.260000,-5.300000,6.000000,115.300003,1.100000
2026-05-19-10-29-25,0.340000,17.209999,22.270000,-4.600000,4.600000,110.900002,1.100000
2026-05-19-10-29-25,0.350000,17.190001,22.260000,-4.200000,3.900000,109.800003,1.100000
2026-05-19-10-29-25,0.360000,17.180000,22.219999,-4.100000,3.800000,106.500000,1.100000
2026-05-19-10-29-26,0.380000,17.219999,22.219999,-4.800000,6.400000,104.599998,1.100000
2026-05-19-10-29-26,0.380000,17.230000,22.270000,-4.600000,4.600000,101.500000,1.100000
2026-05-19-10-29-27,0.360000,17.200001,22.290001,-5.400000,3.700000,98.000000,1.100000
2026-05-19-10-29-27,0.360000,17.170000,22.270000,-4.200000,2.400000,97.099998,1.100000
2026-05-19-10-29-27,0.400000,17.170000,22.219999,-4.600000,3.500000,94.400002,1.100000
2026-05-19-10-29-28,0.410000,17.209999,22.219999,-4.500000,4.400000,91.500000,1.100000
2026-05-19-10-29-28,0.410000,17.219999,22.230000,-3.600000,4.500000,90.300003,1.100000
2026-05-19-10-29-28,0.410000,17.230000,22.260000,-3.000000,4.700000,88.000000,1.100000
2026-05-19-10-29-29,0.390000,17.200001,22.299999,-4.700000,2.900000,85.900002,1.100000
2026-05-19-10-29-29,0.370000,17.170000,22.260000,-6.300000,1.800000,84.000000,1.100000
2026-05-19-10-29-29,0.410000,17.190001,22.240000,-7.100000,2.400000,81.599998,1.100000
2026-05-19-10-29-30,0.440000,17.190001,22.250000,-6.700000,1.100000,79.000000,1.100000
2026-05-19-10-29-30,0.440000,17.209999,22.260000,-5.900000,3.000000,75.300003,1.100000
2026-05-19-10-29-30,0.400000,17.209999,22.270000,-5.300000,3.100000,73.400002,1.100000
2026-05-19-10-29-31,0.380000,17.180000,22.240000,-5.600000,2.400000,71.699997,1.100000
2026-05-19-10-29-31,0.440000,17.190001,22.240000,-5.000000,3.600000,70.800003,1.100000
2026-05-19-10-29-32,0.500000,17.190001,22.270000,-6.700000,2.300000,65.699997,1.100000
2026-05-19-10-29-32,0.460000,17.190001,22.250000,-7.000000,1.500000,64.099998,1.100000
2026-05-19-10-29-32,0.430000,17.190001,22.230000,-6.000000,0.900000,63.099998,1.100000
2026-05-19-10-29-33,0.430000,17.190001,22.230000,-4.900000,1.200000,60.099998,1.100000
2026-05-19-10-29-33,0.470000,17.180000,22.250000,-3.400000,1.000000,59.000000,1.100000
2026-05-19-10-29-33,0.490000,17.190001,22.270000,-3.900000,1.800000,54.700001,1.100000
2026-05-19-10-29-34,0.460000,17.170000,22.260000,-3.600000,0.200000,53.799999,1.100000
2026-05-19-10-29-34,0.450000,17.150000,22.230000,-4.100000,0.400000,50.200001,1.100000
2026-05-19-10-29-34,0.470000,17.200001,22.219999,-4.900000,2.700000,48.299999,1.100000
2026-05-19-10-29-35,0.480000,17.209999,22.260000,-4.900000,1.200000,46.700001,1.100000
2026-05-19-10-29-35,0.480000,17.170000,22.260000,-4.400000,-0.200000,44.000000,1.100000
2026-05-19-10-29-36,0.490000,17.150000,22.240000,-4.700000,-0.900000,41.799999,1.100000
2026-05-19-10-29-36,0.480000,17.180000,22.230000,-3.500000,-0.200000,38.299999,1.100000
2026-05-19-10-29-36,0.490000,17.190001,22.240000,-2.000000,0.000000,36.400002,1.100000
2026-05-19-10-29-37,0.490000,17.180000,22.250000,-3.200000,0.600000,33.900002,1.100000
2026-05-19-10-29-37,0.480000,17.180000,22.250000,-3.100000,0.300000,30.900000,1.100000
2026-05-19-10-29-38,0.480000,17.139999,22.250000,-3.800000,-0.800000,28.600000,1.100000
2026-05-19-10-29-38,0.470000,17.160000,22.230000,-3.300000,-0.800000,25.000000,1.100000
2026-05-19-10-29-38,0.490000,17.180000,22.209999,-2.100000,0.200000,23.700001,1.100000
2026-05-19-10-29-39,0.510000,17.170000,22.240000,-2.100000,0.400000,20.500000,1.100000
2026-05-19-10-29-39,0.490000,17.139999,22.270000,-1.500000,-0.800000,18.299999,1.100000
2026-05-19-10-29-39,0.480000,17.150000,22.270000,-2.200000,-1.200000,14.900000,1.100000
2026-05-19-10-29-40,0.480000,17.170000,22.240000,-1.700000,-1.600000,13.300000,1.100000
2026-05-19-10-29-40,0.490000,17.160000,22.230000,-2.500000,-1.900000,10.600000,1.100000
2026-05-19-10-29-41,0.510000,17.139999,22.219999,-1.700000,0.100000,8.200000,1.100000
2026-05-19-10-29-41,0.490000,17.129999,22.250000,-2.300000,-1.100000,5.300000,1.100000
2026-05-19-10-29-41,0.470000,17.150000,22.270000,-0.800000,-1.300000,1.600000,1.100000
2026-05-19-10-29-42,0.500000,17.150000,22.230000,-0.600000,-1.400000,0.700000,1.100000
2026-05-19-10-29-42,0.510000,17.129999,22.230000,-0.300000,-1.700000,-1.700000,1.100000
2026-05-19-10-29-42,0.500000,17.120001,22.240000,-0.600000,-2.500000,-3.700000,1.100000
2026-05-19-10-29-43,0.480000,17.129999,22.250000,-1.300000,-0.300000,-7.300000,1.100000
2026-05-19-10-29-43,0.460000,17.129999,22.250000,-0.100000,-1.400000,-10.500000,1.100000
2026-05-19-10-29-44,0.480000,17.129999,22.209999,0.000000,1.100000,-12.100000,1.100000
2026-05-19-10-29-44,0.520000,17.120001,22.240000,0.200000,-0.400000,-15.800000,1.100000
2026-05-19-10-29-44,0.500000,17.139999,22.260000,-1.300000,-2.200000,-19.200001,1.100000
2026-05-19-10-29-45,0.480000,17.129999,22.230000,0.300000,-1.400000,-21.299999,1.100000
2026-05-19-10-29-45,0.540000,17.080000,22.240000,0.300000,3.400000,-23.500000,1.100000
2026-05-19-10-29-45,0.700000,17.030001,22.240000,-3.300000,9.500000,-22.700001,1.100000
2026-05-19-10-29-46,0.850000,16.950001,22.250000,-6.100000,6.500000,-21.299999,1.100000
2026-05-19-10-29-46,1.010000,16.860001,22.260000,-10.500000,-0.800000,-17.000000,1.100000
2026-05-19-10-29-47,1.150000,16.790001,22.240000,-16.200001,-4.800000,-12.700000,1.100000
2026-05-19-10-29-47,1.350000,16.680000,22.260000,-21.200001,-4.300000,-11.000000,1.100000
2026-05-19-10-29-47,1.550000,16.600000,22.280001,-24.600000,-6.300000,-9.500000,1.100000
2026-05-19-10-29-48,1.770000,16.540001,22.290001,-27.500000,-8.200000,-7.500000,1.100000
2026-05-19-10-29-48,1.970000,16.490000,22.350000,-27.600000,-8.000000,-6.700000,1.100000
2026-05-19-10-29-48,2.170000,16.450001,22.420000,-27.200001,-7.800000,-7.000000,1.100000
2026-05-19-10-29-49,2.310000,16.420000,22.420000,-28.100000,-7.700000,-6.800000,1.100000
2026-05-19-10-29-49,2.430000,16.389999,22.430000,-28.900000,-7.100000,-7.300000,1.100000
2026-05-19-10-29-49,2.530000,16.360001,22.440001,-29.100000,-3.300000,-11.000000,1.100000
2026-05-19-10-29-49,2.640000,16.320000,22.469999,-28.500000,2.200000,-16.400000,1.100000
2026-05-19-10-29-50,2.750000,16.280001,22.490000,-28.200001,5.300000,-19.600000,1.100000
2026-05-19-10-29-50,2.830000,16.250000,22.500000,-28.600000,4.100000,-21.500000,1.100000
2026-05-19-10-29-50,2.880000,16.230000,22.490000,-29.100000,1.800000,-22.600000,1.100000
2026-05-19-10-29-50,2.920000,16.219999,22.459999,-30.000000,-0.600000,-23.600000,1.100000
2026-05-19-10-29-50,2.960000,16.209999,22.430000,-31.000000,-2.200000,-24.900000,1.100000
2026-05-19-10-29-51,2.980000,16.190001,22.400000,-31.600000,-3.100000,-26.500000,1.100000
2026-05-19-10-29-51,3.000000,16.160000,22.370001,-31.200001,-3.500000,-29.000000,1.100000
2026-05-19-10-29-51,3.010000,16.120001,22.350000,-30.000000,-3.400000,-31.700001,1.100000
2026-05-19-10-29-51,3.020000,16.090000,22.340000,-28.400000,-3.200000,-34.200001,1.100000
2026-05-19-10-29-52,3.020000,16.070000,22.309999,-27.299999,-2.500000,-36.200001,1.100000
2026-05-19-10-29-52,3.040000,16.049999,22.290001,-26.500000,-1.200000,-38.099998,1.100000
2026-05-19-10-29-52,3.050000,16.030001,22.270000,-25.200001,1.100000,-40.200001,1.100000
2026-05-19-10-29-52,3.020000,15.910000,22.280001,-23.400000,3.200000,-42.299999,1.100000
2026-05-19-10-29-52,3.070000,16.010000,22.230000,-22.100000,3.000000,-43.700001,1.100000
2026-05-19-10-29-53,3.060000,16.020000,22.190001,-20.900000,2.100000,-44.299999,1.100000
2026-05-19-10-29-53,3.030000,16.020000,22.150000,-18.100000,0.200000,-43.700001,1.100000
2026-05-19-10-29-53,3.020000,16.000000,22.110001,-15.800000,-7.700000,-65.400002,1.100000
2026-05-19-10-29-54,3.070000,16.000000,22.139999,-15.000000,-15.600000,-101.400002,1.100000
2026-05-19-10-29-54,3.090000,15.970000,22.180000,-21.799999,-16.299999,-131.000000,1.100000
2026-05-19-10-29-54,3.070000,15.960000,22.219999,-23.799999,-19.700001,-140.399994,1.100000
2026-05-19-10-29-55,3.010000,15.980000,22.240000,-17.600000,-33.299999,-161.100006,1.100000
2026-05-19-10-29-55,2.920000,15.990000,22.260000,-8.300000,-35.700001,-167.500000,1.100000
2026-05-19-10-29-56,2.790000,15.940000,22.340000,-8.300000,-31.299999,-169.800003,1.100000
2026-05-19-10-29-56,2.640000,15.930000,22.459999,-13.400000,-28.700001,-166.600006,1.100000
2026-05-19-10-29-56,2.530000,15.950000,22.549999,-14.600000,-28.900000,-164.600006,1.100000
2026-05-19-10-29-56,2.420000,15.970000,22.600000,-16.400000,-29.600000,-162.600006,1.100000
2026-05-19-10-29-57,2.310000,15.980000,22.650000,-18.500000,-29.900000,-161.000000,1.100000
2026-05-19-10-29-57,2.200000,15.970000,22.700001,-21.500000,-29.299999,-159.199997,1.100000
2026-05-19-10-29-57,2.100000,15.950000,22.730000,-23.799999,-29.299999,-158.500000,1.100000
2026-05-19-10-29-57,2.020000,15.930000,22.760000,-24.799999,-28.900000,-158.800003,1.100000
2026-05-19-10-29-57,1.970000,15.920000,22.799999,-23.500000,-27.700001,-160.000000,1.100000
2026-05-19-10-29-58,1.940000,15.930000,22.820000,-21.100000,-26.000000,-161.500000,1.100000
2026-05-19-10-29-58,1.920000,15.930000,22.840000,-18.799999,-24.000000,-162.899994,1.100000
2026-05-19-10-29-58,1.880000,15.940000,22.830000,-11.000000,-22.299999,176.500000,1.100000
2026-05-19-10-29-59,1.850000,15.930000,22.830000,-7.300000,-21.799999,160.500000,1.100000
2026-05-19-10-29-59,1.810000,15.940000,22.809999,-7.500000,-20.700001,152.300003,1.100000
2026-05-19-10-29-59,1.770000,15.940000,22.799999,-9.300000,-19.299999,145.500000,1.100000
2026-05-19-10-29-59,1.740000,15.940000,22.790001,-11.400000,-17.400000,140.000000,1.100000
2026-05-19-10-29-59,1.710000,15.950000,22.780001,-13.200000,-15.200000,135.800003,1.100000
2026-05-19-10-30-00,1.700000,15.970000,22.770000,-14.000000,-13.800000,131.399994,1.100000
2026-05-19-10-30-00,1.670000,15.990000,22.760000,-11.100000,-16.000000,114.300003,1.100000
2026-05-19-10-30-00,1.630000,16.010000,22.750000,-7.000000,-17.900000,90.599998,1.100000
2026-05-19-10-30-00,1.590000,16.040001,22.750000,-3.800000,-19.900000,71.099998,1.100000
2026-05-19-10-30-00,1.580000,16.059999,22.750000,-2.900000,-20.600000,60.599998,1.100000
2026-05-19-10-30-01,1.590000,16.080000,22.740000,-3.000000,-19.600000,53.700001,1.100000
2026-05-19-10-30-01,1.600000,16.110001,22.719999,-4.000000,-18.500000,49.799999,1.100000
2026-05-19-10-30-01,1.610000,16.139999,22.690001,-5.100000,-17.799999,47.200001,1.100000
2026-05-19-10-30-01,1.610000,16.180000,22.660000,-6.300000,-16.600000,44.299999,1.100000
2026-05-19-10-30-02,1.600000,16.219999,22.639999,-7.900000,-14.900000,41.400002,1.100000
2026-05-19-10-30-02,1.600000,16.240000,22.610001,-9.700000,-14.700000,39.700001,1.100000
2026-05-19-10-30-02,1.620000,16.250000,22.580000,-11.000000,-14.600000,38.799999,1.100000
2026-05-19-10-30-02,1.670000,16.250000,22.570000,-11.200000,-12.000000,37.299999,1.100000
2026-05-19-10-30-02,1.700000,16.240000,22.610001,-11.600000,-8.800000,35.500000,1.100000
2026-05-19-10-30-03,1.730000,16.260000,22.620001,-17.799999,-6.600000,33.000000,1.100000
2026-05-19-10-30-03,1.720000,16.290001,22.580000,-21.900000,-2.000000,30.299999,1.100000
2026-05-19-10-30-03,1.670000,16.330000,22.559999,-25.000000,-4.800000,28.000000,1.100000
2026-05-19-10-30-04,1.680000,16.340000,22.620001,-23.299999,-8.400000,25.600000,1.100000
2026-05-19-10-30-04,1.700000,16.340000,22.639999,-21.600000,-11.100000,25.100000,1.100000
2026-05-19-10-30-04,1.720000,16.350000,22.629999,-21.500000,-11.600000,23.900000,1.100000
2026-05-19-10-30-05,1.740000,16.350000,22.610001,-21.000000,-10.400000,24.700001,1.100000
2026-05-19-10-30-05,1.760000,16.340000,22.620001,-25.100000,-2.100000,39.000000,1.100000
2026-05-19-10-30-05,1.780000,16.330000,22.629999,-28.000000,3.000000,49.200001,1.100000
2026-05-19-10-30-05,1.810000,16.320000,22.639999,-29.200001,5.000000,54.299999,1.100000
2026-05-19-10-30-05,1.820000,16.320000,22.629999,-29.900000,6.700000,58.599998,1.100000
2026-05-19-10-30-06,1.830000,16.340000,22.610001,-30.200001,9.800000,63.299999,1.100000
2026-05-19-10-30-06,1.850000,16.389999,22.610001,-29.000000,12.100000,66.500000,1.100000
2026-05-19-10-30-07,1.900000,16.520000,22.620001,-30.500000,4.900000,49.400002,1.100000
2026-05-19-10-30-07,1.950000,16.559999,22.620001,-30.700001,-1.500000,40.200001,1.100000
2026-05-19-10-30-07,2.030000,16.610001,22.620001,-31.100000,-4.400000,35.400002,1.100000
2026-05-19-10-30-07,2.120000,16.680000,22.590000,-32.799999,-8.200000,33.000000,1.100000
2026-05-19-10-30-08,2.270000,16.830000,22.610001,-36.099998,-10.900000,32.700001,1.100000
2026-05-19-10-30-08,2.460000,16.930000,22.680000,-38.400002,-14.800000,35.000000,1.100000
2026-05-19-10-30-08,2.580000,16.980000,22.730000,-40.700001,-16.900000,36.500000,1.100000
2026-05-19-10-30-09,2.670000,17.030001,22.770000,-44.000000,-18.500000,37.900002,1.100000
2026-05-19-10-30-09,2.770000,17.059999,22.820000,-47.099998,-18.900000,38.799999,1.100000
2026-05-19-10-30-09,2.870000,17.100000,22.850000,-49.700001,-18.900000,39.799999,1.100000
2026-05-19-10-30-09,2.960000,17.150000,22.870001,-52.599998,-19.799999,40.799999,1.100000
2026-05-19-10-30-10,3.040000,17.209999,22.900000,-52.400002,-25.799999,37.500000,1.100000
2026-05-19-10-30-10,3.120000,17.290001,22.940001,-42.099998,-39.000000,22.100000,1.100000
2026-05-19-10-30-10,3.250000,17.379999,23.049999,-31.299999,-43.700001,6.300000,1.100000
2026-05-19-10-30-10,3.340000,17.379999,23.139999,-27.000000,-43.299999,-0.300000,1.100000
2026-05-19-10-30-11,3.500000,17.350000,23.280001,-27.600000,-43.099998,-5.400000,1.100000
2026-05-19-10-30-11,3.570000,17.320000,23.350000,-30.799999,-43.700001,-4.900000,1.100000
2026-05-19-10-30-11,3.630000,17.280001,23.430000,-41.400002,-39.700001,3.200000,1.100000
2026-05-19-10-30-11,3.690000,17.250000,23.500000,-53.000000,-29.700001,12.000000,1.100000
2026-05-19-10-30-12,3.770000,17.240000,23.580000,-59.799999,-19.900000,16.200001,1.100000
2026-05-19-10-30-12,3.860000,17.240000,23.660000,-62.900002,-12.500000,17.000000,1.100000
2026-05-19-10-30-12,3.940000,17.250000,23.719999,-63.200001,-10.000000,16.700001,1.100000
2026-05-19-10-30-12,4.050000,17.230000,23.760000,-58.000000,-17.900000,11.900000,1.100000
2026-05-19-10-30-13,4.070000,17.370001,23.740000,-49.099998,-29.000000,3.900000,1.100000
2026-05-19-10-30-13,4.160000,17.360001,23.760000,-38.700001,-37.500000,-6.100000,1.100000
2026-05-19-10-30-13,4.250000,17.350000,23.809999,-34.099998,-39.500000,-11.200000,1.100000
2026-05-19-10-30-13,4.330000,17.340000,23.879999,-33.700001,-39.099998,-13.900000,1.100000
2026-05-19-10-30-13,4.410000,17.309999,23.980000,-36.099998,-38.500000,-15.000000,1.100000
2026-05-19-10-30-14,4.490000,17.270000,24.070000,-39.400002,-38.500000,-14.100000,1.100000
2026-05-19-10-30-14,4.550000,17.209999,24.150000,-45.299999,-36.200001,-9.800000,1.100000
2026-05-19-10-30-14,4.630000,17.160000,24.230000,-49.400002,-34.099998,-8.200000,1.100000
2026-05-19-10-30-14,4.710000,17.129999,24.290001,-51.900002,-32.900002,-8.300000,1.100000
2026-05-19-10-30-15,4.780000,17.100000,24.320000,-53.700001,-33.299999,-8.500000,1.100000
2026-05-19-10-30-15,4.820000,17.090000,24.350000,-53.299999,-33.900002,-9.700000,1.100000
2026-05-19-10-30-15,4.850000,17.070000,24.370001,-50.799999,-33.599998,-12.000000,1.100000
2026-05-19-10-30-15,4.900000,17.040001,24.440001,-45.599998,-32.799999,-16.799999,1.100000
2026-05-19-10-30-15,4.960000,17.000000,24.510000,-43.700001,-30.900000,-20.200001,1.100000
2026-05-19-10-30-16,5.020000,16.940001,24.590000,-43.200001,-29.400000,-22.400000,1.100000
2026-05-19-10-30-16,5.100000,16.870001,24.660000,-42.700001,-28.200001,-23.500000,1.100000
2026-05-19-10-30-16,5.180000,16.809999,24.709999,-43.400002,-28.000000,-23.000000,1.100000
2026-05-19-10-30-16,5.270000,16.750000,24.770000,-45.900002,-28.200001,-21.500000,1.100000
2026-05-19-10-30-17,5.360000,16.709999,24.830000,-49.700001,-28.200001,-19.600000,1.100000
2026-05-19-10-30-17,5.450000,16.660000,24.900000,-52.900002,-27.799999,-18.600000,1.100000
2026-05-19-10-30-17,5.540000,16.620001,24.980000,-55.700001,-27.200001,-17.799999,1.100000
2026-05-19-10-30-17,5.620000,16.580000,25.059999,-57.200001,-27.299999,-17.299999,1.100000
2026-05-19-10-30-17,5.690000,16.540001,25.110001,-54.799999,-33.799999,-21.200001,1.100000
2026-05-19-10-30-18,5.750000,16.500000,25.150000,-45.000000,-45.500000,-32.000000,1.100000
2026-05-19-10-30-18,5.800000,16.450001,25.190001,-24.600000,-55.299999,-54.000000,1.100000
2026-05-19-10-30-18,5.840000,16.389999,25.260000,-5.300000,-56.500000,-74.800003,1.100000
2026-05-19-10-30-18,5.860000,16.330000,25.340000,1.600000,-54.799999,-85.599998,1.100000
2026-05-19-10-30-18,5.870000,16.280001,25.420000,-5.800000,-53.099998,-82.800003,1.100000
2026-05-19-10-30-19,5.850000,16.219999,25.490000,-22.200001,-48.900002,-69.699997,1.100000
2026-05-19-10-30-19,5.840000,16.170000,25.559999,-36.200001,-41.900002,-57.000000,1.100000
2026-05-19-10-30-19,5.840000,16.110001,25.639999,-42.299999,-35.500000,-52.299999,1.100000
2026-05-19-10-30-19,5.830000,16.049999,25.700001,-46.200001,-32.299999,-51.000000,1.100000
2026-05-19-10-30-20,5.820000,16.010000,25.730000,-47.500000,-30.900000,-51.400002,1.100000
2026-05-19-10-30-20,5.810000,15.970000,25.750000,-46.200001,-29.900000,-52.900002,1.100000
2026-05-19-10-30-20,5.800000,15.930000,25.760000,-41.900002,-32.500000,-59.500000,1.100000
2026-05-19-10-30-20,5.800000,15.910000,25.770000,-36.599998,-33.900002,-66.099998,1.100000
2026-05-19-10-30-20,5.800000,15.890000,25.780001,-31.799999,-33.599998,-71.900002,1.100000
2026-05-19-10-30-21,5.790000,15.870000,25.780001,-27.100000,-32.000000,-77.599998,1.100000
2026-05-19-10-30-21,5.780000,15.850000,25.790001,-23.900000,-30.100000,-81.900002,1.100000
2026-05-19-10-30-21,5.750000,15.830000,25.780001,-21.400000,-28.000000,-85.599998,1.100000
2026-05-19-10-30-21,5.730000,15.810000,25.770000,-18.900000,-25.100000,-89.699997,1.100000
2026-05-19-10-30-21,5.710000,15.790000,25.740000,-17.200001,-22.500000,-92.900002,1.100000
2026-05-19-10-30-22,5.690000,15.760000,25.719999,-15.200000,-19.500000,-96.099998,1.100000
2026-05-19-10-30-22,5.670000,15.730000,25.670000,-13.900000,-16.900000,-98.000000,1.100000
2026-05-19-10-30-22,5.640000,15.710000,25.600000,-14.100000,-13.100000,-98.900002,1.100000
2026-05-19-10-30-22,5.620000,15.690000,25.549999,-14.400000,-10.000000,-99.800003,1.100000
2026-05-19-10-30-23,5.600000,15.680000,25.510000,-14.800000,-8.200000,-100.599998,1.100000
2026-05-19-10-30-23,5.580000,15.680000,25.480000,-15.400000,-6.800000,-101.599998,1.100000
2026-05-19-10-30-23,5.570000,15.670000,25.430000,-16.200001,-5.800000,-102.900002,1.100000
2026-05-19-10-30-23,5.550000,15.670000,25.389999,-16.799999,-4.900000,-104.400002,1.100000
2026-05-19-10-30-24,5.520000,15.660000,25.340000,-16.799999,-4.500000,-106.599998,1.100000
2026-05-19-10-30-24,5.510000,15.650000,25.280001,-17.000000,-9.200000,-112.800003,1.100000
2026-05-19-10-30-24,5.500000,15.640000,25.230000,-17.000000,-10.600000,-117.500000,1.100000
2026-05-19-10-30-24,5.480000,15.640000,25.200001,-17.000000,-9.800000,-119.099998,1.100000
2026-05-19-10-30-24,5.440000,15.630000,25.190001,-18.000000,-5.300000,-115.900002,1.100000
2026-05-19-10-30-25,5.390000,15.590000,25.190001,-20.100000,-2.200000,-114.099998,1.100000
2026-05-19-10-30-25,5.340000,15.560000,25.170000,-23.000000,-2.000000,-112.900002,1.100000
2026-05-19-10-30-25,5.290000,15.530000,25.129999,-26.000000,-3.300000,-111.800003,1.100000
2026-05-19-10-30-25,5.260000,15.480000,25.080000,-31.900000,-3.400000,-109.800003,1.100000
2026-05-19-10-30-25,5.220000,15.400000,25.059999,-34.599998,-3.200000,-108.800003,1.100000
2026-05-19-10-30-26,5.190000,15.310000,25.040001,-34.000000,-6.300000,-110.300003,1.100000
2026-05-19-10-30-26,5.150000,15.230000,25.049999,-31.299999,-11.600000,-114.300003,1.100000
2026-05-19-10-30-26,5.110000,15.160000,25.059999,-26.000000,-19.700001,-123.800003,1.100000
2026-05-19-10-30-26,5.090000,15.100000,25.059999,-17.799999,-28.000000,-138.300003,1.100000
2026-05-19-10-30-27,5.050000,15.060000,25.070000,-5.700000,-33.599998,-157.899994,1.100000
2026-05-19-10-30-27,4.980000,15.040000,25.090000,2.500000,-34.200001,-172.399994,1.100000
2026-05-19-10-30-27,4.900000,15.030000,25.120001,3.300000,-33.400002,-179.100006,1.100000
2026-05-19-10-30-27,4.800000,15.020000,25.160000,-1.400000,-32.700001,177.199997,1.100000
2026-05-19-10-30-27,4.720000,15.010000,25.209999,-11.300000,-32.400002,-177.899994,1.100000
2026-05-19-10-30-28,4.660000,15.030000,25.250000,-23.700001,-33.700001,-167.100006,1.100000
2026-05-19-10-30-28,4.590000,15.030000,25.309999,-33.799999,-32.099998,-159.399994,1.100000
2026-05-19-10-30-28,4.520000,15.040000,25.370001,-38.299999,-30.100000,-157.000000,1.100000
2026-05-19-10-30-28,4.440000,15.040000,25.440001,-42.200001,-28.200001,-156.199997,1.100000
2026-05-19-10-30-28,4.360000,15.050000,25.490000,-43.200001,-29.400000,-158.000000,1.100000
2026-05-19-10-30-29,4.280000,15.040000,25.520000,-39.799999,-34.500000,-164.100006,1.100000
2026-05-19-10-30-29,4.210000,15.020000,25.530001,-26.000000,-44.200001,178.199997,1.100000
2026-05-19-10-30-29,4.130000,15.010000,25.580000,-15.800000,-46.700001,165.000000,1.100000
2026-05-19-10-30-29,4.060000,15.020000,25.660000,-10.000000,-45.599998,156.899994,1.100000
2026-05-19-10-30-30,3.980000,15.040000,25.740000,-9.900000,-43.900002,153.399994,1.100000
2026-05-19-10-30-30,3.920000,15.090000,25.820000,-12.900000,-42.099998,152.000000,1.100000
2026-05-19-10-30-30,3.850000,15.150000,25.900000,-15.500000,-41.500000,151.399994,1.100000
2026-05-19-10-30-30,3.780000,15.210000,25.969999,-18.400000,-40.799999,150.899994,1.100000
2026-05-19-10-30-30,3.730000,15.280000,26.049999,-21.400000,-39.799999,150.300003,1.100000
2026-05-19-10-30-31,3.660000,15.340000,26.129999,-25.000000,-38.500000,149.800003,1.100000
2026-05-19-10-30-31,3.590000,15.410000,26.209999,-28.400000,-37.400002,149.600006,1.100000
2026-05-19-10-30-31,3.520000,15.480000,26.280001,-31.799999,-36.599998,149.600006,1.100000
2026-05-19-10-30-31,3.450000,15.540000,26.360001,-34.099998,-35.799999,149.399994,1.100000
2026-05-19-10-30-31,3.370000,15.610000,26.440001,-35.500000,-34.299999,148.399994,1.100000
2026-05-19-10-30-32,3.300000,15.660000,26.520000,-36.400002,-32.900002,147.399994,1.100000
2026-05-19-10-30-32,3.230000,15.720000,26.600000,-36.299999,-31.400000,145.899994,1.100000
2026-05-19-10-30-32,3.170000,15.780000,26.680000,-35.900002,-29.900000,144.300003,1.100000
2026-05-19-10-30-32,3.120000,15.850000,26.730000,-35.200001,-29.799999,142.300003,1.100000
2026-05-19-10-30-33,3.110000,15.880000,26.750000,-33.000000,-29.100000,139.100006,1.100000
2026-05-19-10-30-33,3.100000,15.920000,26.770000,-30.299999,-28.200001,136.300003,1.100000
2026-05-19-10-30-33,3.080000,15.960000,26.770000,-27.799999,-27.100000,133.500000,1.100000
2026-05-19-10-30-33,3.070000,15.990000,26.770000,-25.400000,-25.500000,130.399994,1.100000
2026-05-19-10-30-34,3.060000,16.020000,26.770000,-24.299999,-24.299999,127.599998,1.100000
2026-05-19-10-30-34,3.060000,16.010000,26.740000,-27.200001,-25.600000,126.099998,1.100000
2026-05-19-10-30-34,3.070000,15.990000,26.709999,-30.400000,-26.200001,124.900002,1.100000
2026-05-19-10-30-34,3.090000,15.980000,26.700001,-31.299999,-25.600000,123.099998,1.100000
2026-05-19-10-30-34,3.100000,15.980000,26.690001,-30.799999,-24.299999,120.599998,1.100000
2026-05-19-10-30-35,3.120000,15.990000,26.670000,-29.400000,-22.600000,117.800003,1.100000
2026-05-19-10-30-35,3.140000,16.000000,26.639999,-27.900000,-20.500000,115.000000,1.100000
2026-05-19-10-30-35,3.150000,16.010000,26.610001,-26.700001,-18.200001,112.199997,1.100000
2026-05-19-10-30-35,3.150000,16.020000,26.570000,-26.100000,-16.200001,109.500000,1.100000
2026-05-19-10-30-35,3.160000,15.980000,26.530001,-28.200001,-16.000000,107.199997,1.100000
2026-05-19-10-30-36,3.170000,15.940000,26.490000,-31.000000,-15.200000,105.500000,1.100000
2026-05-19-10-30-36,3.180000,15.900000,26.469999,-31.000000,-12.200000,102.699997,1.100000
2026-05-19-10-30-36,3.200000,15.880000,26.450001,-29.799999,-9.600000,100.400002,1.100000
2026-05-19-10-30-36,3.220000,15.860000,26.430000,-28.299999,-6.500000,98.000000,1.100000
2026-05-19-10-30-37,3.230000,15.840000,26.389999,-28.400000,-5.000000,96.199997,1.100000
2026-05-19-10-30-37,3.240000,15.780000,26.350000,-30.299999,-5.500000,94.500000,1.100000
2026-05-19-10-30-37,3.250000,15.710000,26.320000,-32.000000,-5.200000,92.900002,1.100000
2026-05-19-10-30-37,3.250000,15.620000,26.299999,-33.299999,-4.800000,91.000000,1.100000
2026-05-19-10-30-37,3.250000,15.530000,26.270000,-34.700001,-4.600000,89.599998,1.100000
2026-05-19-10-30-38,3.250000,15.440000,26.250000,-36.500000,-4.400000,88.500000,1.100000
2026-05-19-10-30-38,3.240000,15.340000,26.230000,-39.200001,-3.700000,86.900002,1.100000
2026-05-19-10-30-38,3.240000,15.220000,26.219999,-41.700001,-2.900000,85.500000,1.100000
2026-05-19-10-30-38,3.230000,15.120000,26.200001,-44.099998,-1.600000,83.300003,1.100000
2026-05-19-10-30-39,3.230000,15.050000,26.190001,-44.599998,0.300000,80.900002,1.100000
2026-05-19-10-30-39,3.220000,14.990000,26.170000,-43.900002,1.200000,79.199997,1.100000
2026-05-19-10-30-39,3.230000,14.940000,26.150000,-42.900002,1.300000,78.500000,1.100000
2026-05-19-10-30-39,3.230000,14.900000,26.129999,-41.900002,0.600000,78.599998,1.100000
2026-05-19-10-30-39,3.230000,14.860000,26.110001,-41.099998,-0.800000,79.400002,1.100000
2026-05-19-10-30-40,3.240000,14.830000,26.100000,-40.500000,-2.600000,80.500000,1.100000
2026-05-19-10-30-40,3.260000,14.790000,26.080000,-40.099998,-4.800000,81.599998,1.100000
2026-05-19-10-30-40,3.280000,14.760000,26.049999,-39.599998,-7.000000,82.300003,1.100000
2026-05-19-10-30-40,3.290000,14.730000,26.020000,-38.900002,-9.000000,82.300003,1.100000
2026-05-19-10-30-40,3.300000,14.700000,25.990000,-38.099998,-10.500000,81.699997,1.100000
2026-05-19-10-30-41,3.310000,14.680000,25.959999,-36.599998,-11.800000,80.300003,1.100000
2026-05-19-10-30-41,3.320000,14.660000,25.940001,-34.500000,-11.900000,78.800003,1.100000
2026-05-19-10-30-41,3.340000,14.680000,25.940001,-34.299999,-9.300000,77.400002,1.100000
2026-05-19-10-30-41,3.370000,14.730000,25.950001,-34.900002,-6.400000,75.900002,1.100000
2026-05-19-10-30-42,3.400000,14.800000,25.959999,-36.200001,-2.600000,74.000000,1.100000
2026-05-19-10-30-42,3.440000,14.880000,25.950001,-37.200001,-0.200000,73.300003,1.100000
2026-05-19-10-30-42,3.480000,14.920000,25.940001,-38.000000,-0.900000,74.699997,1.100000
2026-05-19-10-30-42,3.520000,14.940000,25.920000,-38.599998,-3.000000,76.400002,1.100000
2026-05-19-10-30-42,3.570000,14.950000,25.900000,-38.700001,-5.700000,77.900002,1.100000
2026-05-19-10-30-43,3.590000,14.990000,25.870001,-38.099998,-8.000000,78.800003,1.100000
2026-05-19-10-30-43,3.620000,15.010000,25.840000,-37.400002,-9.400000,79.000000,1.100000
2026-05-19-10-30-43,3.640000,15.060000,25.830000,-38.599998,-7.900000,78.900002,1.100000
2026-05-19-10-30-43,3.670000,15.130000,25.830000,-39.400002,-6.500000,79.000000,1.100000
2026-05-19-10-30-44,3.700000,15.170000,25.820000,-40.500000,-7.800000,80.099998,1.100000
2026-05-19-10-30-44,3.730000,15.210000,25.799999,-41.599998,-9.100000,80.699997,1.100000
2026-05-19-10-30-44,3.760000,15.230000,25.780001,-42.299999,-9.800000,80.599998,1.100000
2026-05-19-10-30-44,3.780000,15.260000,25.770000,-42.099998,-10.300000,79.699997,1.100000
2026-05-19-10-30-44,3.810000,15.310000,25.780001,-40.900002,-8.800000,77.800003,1.100000
2026-05-19-10-30-45,3.840000,15.390000,25.799999,-40.500000,-6.800000,76.099998,1.100000
2026-05-19-10-30-45,3.880000,15.480000,25.809999,-41.200001,-6.300000,75.400002,1.100000
2026-05-19-10-30-45,3.910000,15.550000,25.799999,-42.200001,-8.100000,76.300003,1.100000
2026-05-19-10-30-45,3.940000,15.600000,25.790001,-43.099998,-10.200000,76.599998,1.100000
2026-05-19-10-30-46,3.970000,15.650000,25.780001,-43.400002,-11.700000,76.300003,1.100000
2026-05-19-10-30-46,4.000000,15.690000,25.760000,-43.299999,-12.900000,75.300003,1.100000
2026-05-19-10-30-46,4.020000,15.730000,25.740000,-43.099998,-13.700000,73.199997,1.100000
2026-05-19-10-30-46,4.030000,15.780000,25.740000,-41.299999,-12.200000,66.000000,1.100000
2026-05-19-10-30-47,4.070000,15.790000,25.760000,-37.299999,-10.700000,60.099998,1.100000
2026-05-19-10-30-47,4.110000,15.780000,25.730000,-34.900002,-9.400000,56.099998,1.100000
2026-05-19-10-30-47,4.140000,15.790000,25.680000,-31.799999,-6.900000,50.000000,1.100000
2026-05-19-10-30-48,4.150000,15.860000,25.650000,-29.600000,-4.500000,44.500000,1.100000
2026-05-19-10-30-48,4.090000,15.890000,25.639999,-33.099998,-10.600000,41.200001,1.100000
2026-05-19-10-30-48,3.970000,15.830000,25.629999,-35.299999,-16.100000,39.099998,1.100000
2026-05-19-10-30-49,3.840000,15.720000,25.620001,-32.400002,-17.799999,32.900002,1.100000
2026-05-19-10-30-49,3.770000,15.690000,25.570000,-31.000000,-13.300000,28.200001,1.100000
2026-05-19-10-30-49,3.730000,15.700000,25.549999,-30.100000,-9.300000,23.000000,1.100000
2026-05-19-10-30-50,3.660000,15.730000,25.510000,-30.500000,-9.600000,20.299999,1.100000
2026-05-19-10-30-50,3.580000,15.780000,25.480000,-33.200001,-12.300000,20.000000,1.100000
2026-05-19-10-30-51,3.550000,15.740000,25.490000,-30.000000,-13.200000,17.500000,1.100000
2026-05-19-10-30-51,3.530000,15.700000,25.480000,-26.700001,-12.900000,14.500000,1.100000
2026-05-19-10-30-51,3.490000,15.740000,25.420000,-24.600000,-11.800000,11.400000,1.100000
2026-05-19-10-30-52,3.460000,15.790000,25.410000,-24.100000,-9.000000,8.000000,1.100000
2026-05-19-10-30-52,3.430000,15.830000,25.420000,-22.500000,-6.800000,3.500000,1.100000
2026-05-19-10-30-52,3.400000,15.830000,25.400000,-20.400000,-6.200000,1.200000,1.100000
2026-05-19-10-30-52,3.370000,15.850000,25.389999,-18.100000,-5.300000,-0.200000,1.100000
2026-05-19-10-30-53,3.370000,15.840000,25.370001,-15.500000,-5.700000,-2.400000,1.100000
2026-05-19-10-30-53,3.350000,15.860000,25.360001,-13.800000,-5.900000,-3.000000,1.100000
2026-05-19-10-30-53,3.330000,15.890000,25.360001,-11.400000,-5.600000,-3.500000,1.100000
2026-05-19-10-30-54,3.370000,15.920000,25.370001,-11.000000,-0.800000,-4.800000,1.100000
2026-05-19-10-30-54,3.450000,15.920000,25.389999,-11.100000,3.900000,-4.900000,1.100000
2026-05-19-10-30-54,3.550000,15.920000,25.389999,-11.300000,7.100000,-2.700000,1.100000
2026-05-19-10-30-55,3.690000,15.920000,25.379999,-13.100000,2.600000,-0.400000,1.100000
2026-05-19-10-30-55,3.860000,15.910000,25.370001,-15.600000,-4.200000,2.500000,1.100000
2026-05-19-10-30-55,4.090000,15.880000,25.370001,-20.100000,-6.900000,2.600000,1.100000
2026-05-19-10-30-56,4.330000,15.900000,25.400000,-25.400000,-8.300000,2.100000,1.100000
2026-05-19-10-30-56,4.490000,15.920000,25.450001,-28.299999,-15.400000,-6.300000,1.100000
2026-05-19-10-30-56,4.580000,15.930000,25.469999,-24.799999,-22.000000,-18.799999,1.100000
2026-05-19-10-30-56,4.660000,15.910000,25.480000,-15.700000,-27.299999,-36.299999,1.100000
2026-05-19-10-30-57,4.740000,15.860000,25.510000,-11.100000,-27.100000,-45.599998,1.100000
2026-05-19-10-30-57,4.810000,15.790000,25.549999,-9.700000,-26.299999,-51.099998,1.100000
2026-05-19-10-30-57,4.870000,15.720000,25.600000,-11.700000,-25.799999,-54.799999,1.100000
2026-05-19-10-30-57,4.930000,15.640000,25.650000,-14.800000,-26.900000,-55.900002,1.100000
2026-05-19-10-30-58,4.970000,15.560000,25.700001,-18.299999,-28.200001,-56.400002,1.100000
2026-05-19-10-30-58,5.010000,15.460000,25.760000,-22.200001,-28.299999,-56.799999,1.100000
2026-05-19-10-30-58,5.050000,15.370000,25.820000,-25.400000,-26.900000,-57.599998,1.100000
2026-05-19-10-30-58,5.100000,15.280000,25.879999,-29.900000,-24.799999,-58.700001,1.100000
2026-05-19-10-30-58,5.140000,15.180000,25.940001,-32.299999,-25.600000,-61.299999,1.100000
2026-05-19-10-30-59,5.170000,15.100000,25.969999,-27.799999,-32.799999,-72.400002,1.100000
2026-05-19-10-30-59,5.190000,15.020000,26.000000,-16.700001,-40.000000,-89.000000,1.100000
2026-05-19-10-30-59,5.210000,14.950000,26.030001,-0.400000,-43.099998,-110.199997,1.100000
2026-05-19-10-30-59,5.220000,14.880000,26.070000,19.700001,-39.299999,-137.600006,1.100000
2026-05-19-10-31-00,5.210000,14.820000,26.120001,30.500000,-31.400000,-155.800003,1.100000
2026-05-19-10-31-00,5.150000,14.770000,26.180000,32.299999,-25.200001,-166.100006,1.100000
2026-05-19-10-31-00,5.060000,14.730000,26.219999,30.100000,-21.799999,-172.500000,1.100000
2026-05-19-10-31-00,4.950000,14.700000,26.260000,25.100000,-19.900000,-177.600006,1.100000
2026-05-19-10-31-00,4.840000,14.690000,26.280001,21.400000,-20.500000,179.000000,1.100000
2026-05-19-10-31-01,4.740000,14.680000,26.299999,17.100000,-23.400000,175.800003,1.100000
2026-05-19-10-31-01,4.640000,14.690000,26.330000,12.500000,-26.700001,173.500000,1.100000
2026-05-19-10-31-01,4.540000,14.730000,26.379999,8.300000,-29.000000,172.300003,1.100000
2026-05-19-10-31-01,4.430000,14.760000,26.440001,4.700000,-30.400000,170.399994,1.100000
2026-05-19-10-31-01,4.330000,14.790000,26.469999,7.000000,-31.600000,158.300003,1.100000
2026-05-19-10-31-02,4.250000,14.800000,26.500000,12.900000,-30.500000,144.100006,1.100000
2026-05-19-10-31-02,4.180000,14.830000,26.530001,19.200001,-26.600000,127.500000,1.100000
2026-05-19-10-31-02,4.120000,14.870000,26.570000,20.600000,-22.400000,118.099998,1.100000
2026-05-19-10-31-02,4.080000,14.920000,26.590000,19.400000,-20.600000,112.599998,1.100000
2026-05-19-10-31-03,4.010000,14.950000,26.629999,15.000000,-19.000000,108.099998,1.100000
2026-05-19-10-31-03,4.020000,15.020000,26.620001,8.500000,-17.100000,104.699997,1.100000
2026-05-19-10-31-03,3.990000,15.060000,26.629999,2.600000,-14.900000,101.800003,1.100000
2026-05-19-10-31-03,3.960000,15.100000,26.620001,-2.200000,-12.700000,98.699997,1.100000
2026-05-19-10-31-03,3.940000,15.130000,26.610001,-5.300000,-10.800000,95.699997,1.100000
2026-05-19-10-31-04,3.920000,15.150000,26.580000,-7.200000,-9.000000,92.599998,1.100000
2026-05-19-10-31-04,3.920000,15.160000,26.549999,-8.000000,-7.200000,89.500000,1.100000
2026-05-19-10-31-04,3.930000,15.180000,26.530001,-8.000000,-5.200000,87.000000,1.100000
2026-05-19-10-31-04,3.930000,15.200000,26.510000,-8.100000,-3.400000,84.800003,1.100000
2026-05-19-10-31-05,3.930000,15.220000,26.490000,-8.800000,-1.900000,82.599998,1.100000
2026-05-19-10-31-05,3.930000,15.240000,26.469999,-9.900000,-1.100000,80.400002,1.100000
2026-05-19-10-31-05,3.940000,15.260000,26.450001,-10.900000,-0.500000,78.699997,1.100000
2026-05-19-10-31-05,3.950000,15.280000,26.420000,-11.800000,0.300000,77.400002,1.100000
2026-05-19-10-31-05,3.940000,15.300000,26.379999,-13.400000,1.100000,76.400002,1.100000
2026-05-19-10-31-06,3.940000,15.310000,26.330000,-15.200000,1.500000,75.699997,1.100000
2026-05-19-10-31-06,3.960000,15.310000,26.280001,-16.000000,1.200000,74.699997,1.100000
2026-05-19-10-31-06,3.990000,15.280000,26.240000,-15.100000,0.200000,74.400002,1.100000
2026-05-19-10-31-06,4.040000,15.270000,26.230000,-13.400000,1.200000,74.800003,1.100000
2026-05-19-10-31-07,4.050000,15.300000,26.209999,-13.400000,3.900000,72.800003,1.100000
2026-05-19-10-31-07,4.040000,15.320000,26.170000,-13.800000,3.500000,72.300003,1.100000
2026-05-19-10-31-07,4.030000,15.330000,26.150000,-14.200000,2.900000,71.800003,1.100000
2026-05-19-10-31-08,4.080000,15.330000,26.170000,-11.000000,1.700000,71.800003,1.100000
2026-05-19-10-31-08,4.110000,15.330000,26.190001,-9.800000,1.800000,71.500000,1.100000
2026-05-19-10-31-09,4.120000,15.330000,26.180000,-9.700000,1.300000,70.900002,1.100000
2026-05-19-10-31-09,4.130000,15.350000,26.200001,-9.200000,2.400000,71.400002,1.100000
2026-05-19-10-31-09,4.140000,15.380000,26.209999,-9.600000,2.700000,70.099998,1.100000
2026-05-19-10-31-10,4.170000,15.400000,26.190001,-8.800000,2.400000,71.099998,1.100000
2026-05-19-10-31-10,4.220000,15.410000,26.190001,-8.800000,5.000000,71.699997,1.100000
2026-05-19-10-31-10,4.230000,15.490000,26.190001,-16.100000,8.400000,74.400002,1.100000
2026-05-19-10-31-11,4.260000,15.620000,26.190001,-20.000000,7.400000,79.000000,1.100000
2026-05-19-10-31-11,4.290000,15.810000,26.190001,-23.100000,4.100000,84.400002,1.100000
2026-05-19-10-31-12,4.310000,16.000000,26.139999,-26.900000,1.500000,87.300003,1.100000
2026-05-19-10-31-12,4.300000,16.129999,26.100000,-27.700001,-5.200000,88.000000,1.100000
2026-05-19-10-31-12,4.250000,16.290001,26.120001,-22.000000,-11.600000,70.599998,1.100000
2026-05-19-10-31-13,4.270000,16.420000,26.160000,-20.400000,-14.100000,64.800003,1.100000
2026-05-19-10-31-13,4.290000,16.580000,26.160000,-21.700001,-14.200000,62.400002,1.100000
2026-05-19-10-31-13,4.370000,16.719999,26.160000,-25.299999,-15.500000,62.700001,1.100000
2026-05-19-10-31-14,4.450000,16.879999,26.180000,-31.400000,-16.500000,63.799999,1.100000
2026-05-19-10-31-14,4.530000,17.040001,26.209999,-37.099998,-18.100000,65.900002,1.100000
2026-05-19-10-31-14,4.600000,17.230000,26.260000,-32.400002,-26.200001,53.000000,1.100000
2026-05-19-10-31-15,4.670000,17.360001,26.299999,-25.799999,-30.900000,38.400002,1.100000
2026-05-19-10-31-15,4.730000,17.420000,26.320000,-25.700001,-31.299999,33.599998,1.100000
2026-05-19-10-31-15,4.790000,17.469999,26.360001,-26.700001,-31.100000,31.299999,1.100000
2026-05-19-10-31-15,4.860000,17.540001,26.410000,-29.500000,-30.200001,30.400000,1.100000
2026-05-19-10-31-16,4.940000,17.600000,26.459999,-32.500000,-29.400000,30.000000,1.100000
2026-05-19-10-31-16,5.030000,17.660000,26.510000,-35.700001,-29.000000,29.700001,1.100000
2026-05-19-10-31-16,5.130000,17.709999,26.540001,-38.400002,-29.600000,29.400000,1.100000
2026-05-19-10-31-16,5.200000,17.750000,26.570000,-36.400002,-34.299999,24.000000,1.100000
2026-05-19-10-31-17,5.270000,17.790001,26.610001,-26.799999,-40.900002,10.100000,1.100000
2026-05-19-10-31-17,5.320000,17.830000,26.650000,-11.600000,-44.799999,-10.700000,1.100000
2026-05-19-10-31-17,5.400000,17.870001,26.700001,4.600000,-43.599998,-34.900002,1.100000
2026-05-19-10-31-17,5.490000,17.870001,26.760000,8.200000,-40.700001,-44.900002,1.100000
2026-05-19-10-31-17,5.570000,17.850000,26.809999,7.800000,-37.700001,-51.599998,1.100000
2026-05-19-10-31-18,5.650000,17.799999,26.860001,5.800000,-35.700001,-55.799999,1.100000
2026-05-19-10-31-18,5.710000,17.719999,26.910000,3.400000,-35.400002,-58.299999,1.100000
2026-05-19-10-31-18,5.750000,17.650000,26.959999,0.600000,-36.400002,-59.700001,1.100000
2026-05-19-10-31-18,5.790000,17.580000,27.030001,-2.400000,-38.299999,-60.200001,1.100000
2026-05-19-10-31-18,5.850000,17.510000,27.090000,-5.000000,-40.799999,-62.200001,1.100000
2026-05-19-10-31-19,5.910000,17.459999,27.150000,-1.500000,-43.299999,-71.500000,1.100000
2026-05-19-10-31-19,5.980000,17.400000,27.200001,8.600000,-43.400002,-87.400002,1.100000
2026-05-19-10-31-19,6.040000,17.330000,27.240000,21.700001,-39.400002,-107.199997,1.100000
2026-05-19-10-31-19,6.060000,17.260000,27.290001,32.599998,-30.500000,-126.300003,1.100000
2026-05-19-10-31-20,6.060000,17.190001,27.330000,38.000000,-20.000000,-140.699997,1.100000
2026-05-19-10-31-20,6.020000,17.120001,27.370001,35.900002,-12.000000,-150.199997,1.100000
2026-05-19-10-31-20,5.960000,17.049999,27.400000,30.000000,-7.600000,-156.100006,1.100000
2026-05-19-10-31-20,5.880000,16.990000,27.430000,24.799999,-6.600000,-159.600006,1.100000
2026-05-19-10-31-20,5.800000,16.930000,27.440001,19.500000,-7.300000,-162.699997,1.100000
2026-05-19-10-31-21,5.720000,16.879999,27.459999,15.300000,-9.200000,-164.899994,1.100000
2026-05-19-10-31-21,5.630000,16.840000,27.469999,10.900000,-12.200000,-166.800003,1.100000
2026-05-19-10-31-21,5.540000,16.790001,27.480000,7.400000,-15.300000,-167.800003,1.100000
2026-05-19-10-31-21,5.450000,16.750000,27.500000,4.400000,-17.900000,-168.100006,1.100000
2026-05-19-10-31-22,5.360000,16.709999,27.520000,1.500000,-20.700001,-167.800003,1.100000
2026-05-19-10-31-22,5.260000,16.680000,27.530001,-1.500000,-23.200001,-167.000000,1.100000
2026-05-19-10-31-22,5.170000,16.639999,27.549999,-4.500000,-25.100000,-166.300003,1.100000
2026-05-19-10-31-22,5.080000,16.610001,27.570000,-1.900000,-26.799999,-173.300003,1.100000
2026-05-19-10-31-22,5.010000,16.580000,27.600000,3.900000,-26.200001,175.100006,1.100000
2026-05-19-10-31-23,4.940000,16.540001,27.629999,5.800000,-24.400000,168.500000,1.100000
2026-05-19-10-31-23,4.890000,16.559999,27.620001,4.500000,-22.299999,164.600006,1.100000
2026-05-19-10-31-23,4.840000,16.549999,27.590000,0.200000,-19.299999,162.800003,1.100000
2026-05-19-10-31-23,4.800000,16.549999,27.520000,-3.500000,-15.700000,162.500000,1.100000
2026-05-19-10-31-24,4.760000,16.549999,27.440001,-7.400000,-11.400000,162.500000,1.100000
2026-05-19-10-31-24,4.740000,16.570000,27.340000,-10.700000,-7.200000,162.199997,1.100000
2026-05-19-10-31-24,4.720000,16.600000,27.230000,-14.100000,-1.800000,161.500000,1.100000
2026-05-19-10-31-24,4.720000,16.639999,27.129999,-16.700001,3.800000,160.199997,1.100000
2026-05-19-10-31-24,4.730000,16.670000,27.030001,-19.200001,9.100000,158.699997,1.100000
2026-05-19-10-31-25,4.750000,16.709999,26.940001,-21.200001,14.000000,157.399994,1.100000
2026-05-19-10-31-25,4.780000,16.730000,26.850000,-23.700001,19.900000,155.000000,1.100000
2026-05-19-10-31-25,4.830000,16.760000,26.770000,-23.900000,22.000000,153.500000,1.100000
2026-05-19-10-31-26,4.920000,16.740000,26.740000,-25.400000,14.100000,153.100006,1.100000
2026-05-19-10-31-26,4.970000,16.719999,26.740000,-30.600000,9.200000,151.000000,1.100000
2026-05-19-10-31-26,4.980000,16.740000,26.760000,-33.700001,6.000000,146.300003,1.100000
2026-05-19-10-31-27,4.980000,16.740000,26.780001,-33.099998,3.000000,139.899994,1.100000
2026-05-19-10-31-27,5.010000,16.750000,26.780001,-30.000000,-0.800000,136.500000,1.100000
2026-05-19-10-31-27,5.050000,16.760000,26.730000,-26.000000,-2.000000,133.699997,1.100000
2026-05-19-10-31-28,5.030000,16.760000,26.750000,-25.900000,-3.600000,130.600006,1.100000
2026-05-19-10-31-28,5.020000,16.770000,26.820000,-24.900000,-6.100000,118.500000,1.100000
2026-05-19-10-31-29,5.010000,16.730000,26.820000,-27.900000,-16.799999,102.400002,1.100000
2026-05-19-10-31-29,5.010000,16.740000,26.820000,-32.099998,-19.200001,89.699997,1.100000
2026-05-19-10-31-29,5.030000,16.770000,26.830000,-31.299999,-21.600000,81.800003,1.100000
2026-05-19-10-31-30,5.050000,16.870001,26.860001,-34.099998,-19.799999,76.800003,1.100000
2026-05-19-10-31-30,5.080000,17.010000,26.900000,-38.200001,-18.600000,77.800003,1.100000
2026-05-19-10-31-30,5.130000,17.160000,26.980000,-42.299999,-19.700001,82.199997,1.100000
2026-05-19-10-31-31,5.170000,17.309999,27.040001,-46.099998,-21.700001,86.400002,1.100000
2026-05-19-10-31-31,5.200000,17.450001,27.120001,-48.700001,-23.400000,90.300003,1.100000
2026-05-19-10-31-32,5.200000,17.610001,27.170000,-50.099998,-24.400000,92.900002,1.100000
2026-05-19-10-31-32,5.200000,17.799999,27.170000,-50.400002,-26.200001,95.500000,1.100000
2026-05-19-10-31-32,5.200000,17.980000,27.250000,-50.000000,-25.000000,96.000000,1.100000
2026-05-19-10-31-33,5.190000,18.120001,27.330000,-50.400002,-23.600000,96.000000,1.100000
2026-05-19-10-31-33,5.140000,18.250000,27.400000,-51.599998,-22.400000,96.000000,1.100000
2026-05-19-10-31-33,5.130000,18.330000,27.430000,-53.200001,-21.900000,96.900002,1.100000
2026-05-19-10-31-33,5.130000,18.400000,27.440001,-54.400002,-22.200001,98.199997,1.100000
2026-05-19-10-31-34,5.150000,18.459999,27.440001,-53.599998,-22.100000,98.500000,1.100000
2026-05-19-10-31-34,5.170000,18.510000,27.430000,-50.900002,-21.400000,97.099998,1.100000
2026-05-19-10-31-34,5.190000,18.559999,27.430000,-47.799999,-20.100000,94.500000,1.100000
2026-05-19-10-31-34,5.200000,18.610001,27.430000,-44.299999,-17.799999,90.500000,1.100000
2026-05-19-10-31-34,5.220000,18.690001,27.459999,-43.200001,-13.500000,87.099998,1.100000
2026-05-19-10-31-35,5.230000,18.780001,27.500000,-44.700001,-8.700000,85.099998,1.100000
2026-05-19-10-31-35,5.240000,18.870001,27.530001,-46.200001,-6.500000,85.000000,1.100000
2026-05-19-10-31-35,5.250000,18.920000,27.530001,-47.299999,-6.400000,85.800003,1.100000
2026-05-19-10-31-35,5.270000,18.969999,27.530001,-47.799999,-6.800000,86.599998,1.100000
2026-05-19-10-31-36,5.280000,19.000000,27.500000,-48.299999,-7.300000,87.500000,1.100000
2026-05-19-10-31-36,5.310000,19.040001,27.469999,-48.200001,-7.900000,87.900002,1.100000
2026-05-19-10-31-36,5.360000,19.070000,27.459999,-47.099998,-8.400000,87.900002,1.100000
2026-05-19-10-31-36,5.400000,19.059999,27.440001,-47.200001,-9.300000,87.800003,1.100000
2026-05-19-10-31-36,5.430000,19.030001,27.420000,-48.299999,-10.500000,87.099998,1.100000
2026-05-19-10-31-37,5.440000,18.959999,27.389999,-50.700001,-12.900000,84.800003,1.100000
2026-05-19-10-31-37,5.440000,18.870001,27.350000,-49.500000,-9.900000,76.500000,1.100000
2026-05-19-10-31-38,5.430000,18.850000,27.340000,-46.900002,-3.600000,65.800003,1.100000
2026-05-19-10-31-38,5.420000,18.820000,27.299999,-45.400002,-3.400000,61.099998,1.100000
2026-05-19-10-31-38,5.400000,18.799999,27.309999,-43.400002,-3.900000,59.200001,1.100000
2026-05-19-10-31-38,5.390000,18.770000,27.330000,-41.299999,-6.100000,59.700001,1.100000
2026-05-19-10-31-39,5.380000,18.730000,27.309999,-40.000000,-10.400000,60.000000,1.100000
2026-05-19-10-31-39,5.380000,18.730000,27.280001,-38.900002,-11.700000,58.299999,1.100000
2026-05-19-10-31-39,5.420000,18.740000,27.280001,-35.299999,-9.600000,54.200001,1.100000
2026-05-19-10-31-40,5.430000,18.780001,27.320000,-30.600000,-6.100000,46.000000,1.100000
2026-05-19-10-31-40,5.390000,18.770000,27.340000,-25.799999,-5.700000,42.700001,1.100000
2026-05-19-10-31-41,5.360000,18.730000,27.320000,-21.500000,-7.700000,40.099998,1.100000
2026-05-19-10-31-41,5.330000,18.690001,27.280001,-25.100000,-12.500000,38.400002,1.100000
2026-05-19-10-31-41,5.270000,18.639999,27.250000,-27.799999,-13.600000,33.500000,1.100000
2026-05-19-10-31-42,5.150000,18.600000,27.270000,-30.600000,-7.200000,25.600000,1.100000
2026-05-19-10-31-42,5.020000,18.570000,27.280001,-31.799999,-3.900000,21.600000,1.100000
2026-05-19-10-31-42,4.940000,18.500000,27.270000,-30.799999,-6.400000,20.799999,1.100000
2026-05-19-10-31-43,4.930000,18.459999,27.240000,-29.500000,-6.000000,19.000000,1.100000
2026-05-19-10-31-43,4.910000,18.459999,27.230000,-27.700001,-7.300000,17.000000,1.100000
2026-05-19-10-31-43,4.860000,18.459999,27.219999,-26.700001,-11.600000,16.000000,1.100000
2026-05-19-10-31-44,4.830000,18.459999,27.209999,-25.900000,-11.500000,13.600000,1.100000
2026-05-19-10-31-44,4.820000,18.440001,27.230000,-23.400000,-8.500000,9.300000,1.100000
2026-05-19-10-31-44,4.780000,18.440001,27.230000,-22.400000,-6.500000,4.000000,1.100000
2026-05-19-10-31-45,4.750000,18.430000,27.209999,-21.500000,-5.900000,2.200000,1.100000
2026-05-19-10-31-45,4.730000,18.410000,27.209999,-19.900000,-5.700000,1.200000,1.100000
2026-05-19-10-31-45,4.700000,18.400000,27.200001,-18.500000,-5.900000,-1.100000,1.100000
2026-05-19-10-31-45,4.690000,18.430000,27.180000,-16.500000,-7.000000,-4.800000,1.100000
2026-05-19-10-31-46,4.690000,18.440001,27.200001,-13.600000,-5.300000,-8.400000,1.100000
2026-05-19-10-31-46,4.660000,18.410000,27.230000,-9.800000,-3.600000,-13.200000,1.100000
2026-05-19-10-31-47,4.610000,18.430000,27.219999,-9.500000,-4.400000,-17.600000,1.100000
2026-05-19-10-31-47,4.590000,18.459999,27.180000,-9.200000,-4.200000,-19.299999,1.100000
2026-05-19-10-31-47,4.580000,18.440001,27.170000,-8.100000,-2.900000,-24.000000,1.100000
2026-05-19-10-31-48,4.570000,18.420000,27.209999,-6.500000,-2.400000,-28.400000,1.100000
2026-05-19-10-31-48,4.560000,18.459999,27.230000,-8.700000,-1.900000,-35.700001,1.100000
2026-05-19-10-31-48,4.610000,18.440001,27.209999,-13.100000,0.300000,-41.599998,1.100000
2026-05-19-10-31-49,4.690000,18.320000,27.209999,-14.800000,5.600000,-44.900002,1.100000
2026-05-19-10-31-49,4.780000,18.209999,27.209999,-16.200001,5.700000,-44.599998,1.100000
2026-05-19-10-31-49,4.900000,18.100000,27.240000,-18.299999,-0.600000,-41.799999,1.100000
2026-05-19-10-31-50,4.990000,18.000000,27.250000,-24.100000,-8.000000,-37.700001,1.100000
2026-05-19-10-31-50,5.110000,17.870001,27.230000,-28.500000,-9.300000,-36.500000,1.100000
2026-05-19-10-31-50,5.210000,17.760000,27.250000,-31.500000,-9.700000,-34.900002,1.100000
2026-05-19-10-31-51,5.330000,17.639999,27.299999,-36.700001,-4.900000,-19.200001,1.100000
2026-05-19-10-31-51,5.450000,17.549999,27.360001,-39.700001,8.800000,-2.100000,1.100000
2026-05-19-10-31-51,5.590000,17.500000,27.370001,-39.400002,15.400000,6.600000,1.100000
2026-05-19-10-31-52,5.760000,17.469999,27.340000,-37.900002,17.700001,10.600000,1.100000
2026-05-19-10-31-52,5.880000,17.459999,27.309999,-36.099998,18.799999,14.100000,1.100000
2026-05-19-10-31-52,6.010000,17.459999,27.290001,-34.700001,19.100000,17.299999,1.100000
2026-05-19-10-31-52,6.140000,17.480000,27.260000,-33.599998,17.900000,19.900000,1.100000
2026-05-19-10-31-53,6.250000,17.500000,27.240000,-32.599998,15.900000,23.200001,1.100000
2026-05-19-10-31-53,6.250000,17.480000,27.209999,-32.400002,12.400000,27.400000,1.100000
2026-05-19-10-31-53,6.530000,17.570000,27.190001,-32.500000,9.200000,30.700001,1.100000
2026-05-19-10-31-53,6.630000,17.600000,27.170000,-32.400002,6.700000,33.700001,1.100000
2026-05-19-10-31-53,6.740000,17.639999,27.160000,-32.400002,5.600000,36.000000,1.100000
2026-05-19-10-31-54,6.850000,17.680000,27.150000,-33.400002,4.100000,38.500000,1.100000
2026-05-19-10-31-54,6.950000,17.730000,27.129999,-31.299999,-1.100000,38.000000,1.100000
2026-05-19-10-31-54,7.050000,17.770000,27.120001,-25.100000,-16.600000,34.799999,1.100000
2026-05-19-10-31-55,7.210000,17.860001,27.160000,-27.100000,-17.799999,32.700001,1.100000
2026-05-19-10-31-55,7.380000,17.930000,27.209999,-33.200001,-15.700000,32.000000,1.100000
2026-05-19-10-31-55,7.540000,17.990000,27.299999,-37.799999,-12.400000,30.900000,1.100000
2026-05-19-10-31-56,7.660000,18.030001,27.350000,-39.200001,-12.200000,27.500000,1.100000
2026-05-19-10-31-56,7.750000,18.059999,27.370001,-37.400002,-19.200001,19.299999,1.100000
2026-05-19-10-31-56,7.830000,18.090000,27.379999,-31.200001,-27.400000,6.200000,1.100000
2026-05-19-10-31-56,7.910000,18.110001,27.410000,-26.700001,-30.700001,-5.700000,1.100000
2026-05-19-10-31-56,8.000000,18.100000,27.469999,-25.500000,-30.100000,-12.300000,1.100000
2026-05-19-10-31-57,8.100000,18.090000,27.540001,-26.799999,-28.600000,-15.800000,1.100000
2026-05-19-10-31-57,8.200000,18.049999,27.600000,-29.700001,-27.299999,-18.000000,1.100000
2026-05-19-10-31-57,8.300000,18.000000,27.670000,-31.900000,-27.200001,-18.700001,1.100000
2026-05-19-10-31-57,8.400000,17.950001,27.719999,-35.200001,-27.500000,-18.600000,1.100000
2026-05-19-10-31-58,8.480000,17.889999,27.780001,-39.299999,-28.000000,-18.299999,1.100000
2026-05-19-10-31-58,8.540000,17.850000,27.809999,-43.000000,-29.000000,-18.600000,1.100000
2026-05-19-10-31-58,8.570000,17.820000,27.840000,-45.400002,-29.299999,-20.200001,1.100000
2026-05-19-10-31-58,8.600000,17.780001,27.870001,-45.400002,-28.900000,-22.900000,1.100000
2026-05-19-10-31-58,8.630000,17.750000,27.889999,-43.200001,-27.799999,-26.799999,1.100000
2026-05-19-10-31-59,8.650000,17.719999,27.900000,-39.200001,-26.100000,-31.900000,1.100000
2026-05-19-10-31-59,8.660000,17.670000,27.900000,-35.700001,-23.900000,-36.000000,1.100000
2026-05-19-10-31-59,8.670000,17.620001,27.860001,-34.000000,-20.600000,-39.299999,1.100000
2026-05-19-10-31-59,8.660000,17.549999,27.799999,-33.099998,-17.100000,-41.700001,1.100000
2026-05-19-10-32-00,8.650000,17.480000,27.730000,-32.200001,-13.900000,-43.599998,1.100000
2026-05-19-10-32-00,8.640000,17.420000,27.650000,-30.700001,-8.900000,-46.299999,1.100000
2026-05-19-10-32-00,8.620000,17.360001,27.559999,-29.600000,-4.700000,-48.599998,1.100000
2026-05-19-10-32-00,8.600000,17.309999,27.490000,-29.100000,-1.500000,-50.200001,1.100000
2026-05-19-10-32-00,8.580000,17.280001,27.430000,-28.600000,1.400000,-52.000000,1.100000
2026-05-19-10-32-01,8.560000,17.250000,27.370001,-27.900000,3.500000,-53.599998,1.100000
2026-05-19-10-32-01,8.530000,17.219999,27.320000,-26.299999,5.200000,-54.799999,1.100000
2026-05-19-10-32-01,8.520000,17.190001,27.270000,-24.900000,6.000000,-55.099998,1.100000
2026-05-19-10-32-01,8.510000,17.180000,27.190001,-26.500000,7.400000,-55.299999,1.100000
2026-05-19-10-32-02,8.510000,17.160000,27.100000,-29.600000,9.500000,-56.000000,1.100000
2026-05-19-10-32-02,8.470000,17.160000,27.020000,-26.799999,4.700000,-51.200001,1.100000
2026-05-19-10-32-02,8.450000,17.200001,27.010000,-22.900000,-0.300000,-45.000000,1.100000
2026-05-19-10-32-03,8.470000,17.240000,27.030001,-19.400000,3.000000,-36.200001,1.100000
2026-05-19-10-32-03,8.430000,17.200001,27.070000,-17.400000,7.700000,-25.000000,1.100000
2026-05-19-10-32-03,8.620000,17.139999,26.990000,-13.000000,14.000000,-5.800000,1.100000
2026-05-19-10-32-04,8.670000,17.100000,26.969999,-9.200000,16.000000,18.200001,1.100000
2026-05-19-10-32-04,8.670000,17.080000,26.969999,-7.700000,13.800000,34.099998,1.100000
2026-05-19-10-32-04,8.700000,17.080000,26.969999,-9.700000,19.500000,39.200001,1.100000
2026-05-19-10-32-05,8.820000,17.139999,26.950001,-10.000000,30.200001,45.900002,1.100000
2026-05-19-10-32-05,8.960000,17.209999,26.860001,-5.400000,33.500000,52.500000,1.100000
2026-05-19-10-32-05,9.050000,17.320000,26.740000,-6.700000,28.200001,57.500000,1.100000
2026-05-19-10-32-06,9.140000,17.480000,26.639999,-9.900000,23.500000,61.000000,1.100000
2026-05-19-10-32-06,9.260000,17.610001,26.559999,-13.400000,18.900000,63.299999,1.100000
2026-05-19-10-32-07,9.390000,17.740000,26.530001,-16.700001,15.900000,65.199997,1.100000
2026-05-19-10-32-07,9.510000,17.900000,26.490000,-19.900000,14.000000,67.099998,1.100000
2026-05-19-10-32-07,9.610000,18.090000,26.420000,-21.700001,13.000000,68.699997,1.100000
2026-05-19-10-32-08,9.710000,18.270000,26.370001,-23.500000,12.600000,70.900002,1.100000
2026-05-19-10-32-08,9.760000,18.389999,26.350000,-24.400000,10.900000,70.500000,1.100000
2026-05-19-10-32-08,9.780000,18.459999,26.340000,-25.600000,6.400000,66.099998,1.100000
2026-05-19-10-32-08,9.800000,18.500000,26.340000,-25.600000,1.200000,60.099998,1.100000
2026-05-19-10-32-09,9.840000,18.530001,26.330000,-24.400000,-2.700000,55.299999,1.100000
2026-05-19-10-32-09,9.860000,18.549999,26.299999,-23.500000,-4.800000,51.400002,1.100000
2026-05-19-10-32-09,9.880000,18.559999,26.280001,-23.600000,-5.100000,47.099998,1.100000
2026-05-19-10-32-09,9.910000,18.590000,26.260000,-22.700001,-4.100000,42.400002,1.100000
2026-05-19-10-32-10,9.970000,18.650000,26.250000,-25.400000,-0.100000,38.900002,1.100000
2026-05-19-10-32-10,10.050000,18.719999,26.250000,-27.600000,2.900000,37.200001,1.100000
2026-05-19-10-32-10,10.130000,18.790001,26.240000,-30.000000,4.400000,36.799999,1.100000
2026-05-19-10-32-10,10.220000,18.860001,26.230000,-31.700001,4.300000,37.700001,1.100000
2026-05-19-10-32-10,10.310000,18.920000,26.230000,-33.599998,3.300000,39.500000,1.100000
2026-05-19-10-32-11,10.380000,18.959999,26.219999,-35.900002,0.300000,41.900002,1.100000
2026-05-19-10-32-11,10.440000,18.969999,26.209999,-37.599998,-2.900000,43.700001,1.100000
2026-05-19-10-32-11,10.490000,18.969999,26.190001,-39.099998,-5.900000,44.700001,1.100000
2026-05-19-10-32-11,10.550000,18.980000,26.170000,-39.400002,-6.600000,44.099998,1.100000
2026-05-19-10-32-11,10.620000,19.040001,26.160000,-41.299999,-4.900000,42.900002,1.100000
2026-05-19-10-32-12,10.690000,19.110001,26.170000,-42.799999,-3.000000,42.000000,1.100000
2026-05-19-10-32-12,10.760000,19.170000,26.180000,-43.299999,-1.300000,41.799999,1.100000
2026-05-19-10-32-12,10.820000,19.200001,26.180000,-42.299999,-1.900000,42.900002,1.100000
2026-05-19-10-32-12,10.860000,19.209999,26.170000,-40.599998,-3.000000,43.299999,1.100000
2026-05-19-10-32-13,10.890000,19.209999,26.160000,-38.099998,-4.200000,42.900002,1.100000
2026-05-19-10-32-13,10.930000,19.209999,26.160000,-35.799999,-4.700000,41.500000,1.100000
2026-05-19-10-32-13,10.970000,19.230000,26.139999,-34.400002,-4.400000,40.099998,1.100000
2026-05-19-10-32-13,11.030000,19.240000,26.139999,-34.900002,-1.400000,39.400002,1.100000
2026-05-19-10-32-13,11.110000,19.280001,26.129999,-37.299999,1.500000,39.299999,1.100000
2026-05-19-10-32-14,11.190000,19.330000,26.129999,-39.900002,4.500000,40.099998,1.100000
2026-05-19-10-32-14,11.260000,19.379999,26.120001,-41.599998,5.700000,42.400002,1.100000
2026-05-19-10-32-14,11.310000,19.400000,26.110001,-41.500000,4.600000,44.799999,1.100000
2026-05-19-10-32-14,11.350000,19.410000,26.090000,-40.799999,2.900000,46.700001,1.100000
2026-05-19-10-32-15,11.380000,19.420000,26.070000,-40.000000,2.100000,48.799999,1.100000
2026-05-19-10-32-15,11.430000,19.450001,26.070000,-42.400002,4.900000,51.200001,1.100000
2026-05-19-10-32-15,11.490000,19.510000,26.059999,-44.000000,8.100000,53.099998,1.100000
2026-05-19-10-32-15,11.560000,19.559999,26.059999,-44.400002,10.300000,55.599998,1.100000
2026-05-19-10-32-15,11.620000,19.600000,26.040001,-43.599998,10.200000,58.799999,1.100000
2026-05-19-10-32-16,11.670000,19.620001,26.020000,-41.200001,8.600000,61.599998,1.100000
2026-05-19-10-32-16,11.720000,19.639999,25.980000,-38.700001,7.100000,62.799999,1.100000
2026-05-19-10-32-16,11.750000,19.660000,25.950001,-35.599998,6.500000,63.299999,1.100000
2026-05-19-10-32-16,11.780000,19.719999,25.940001,-35.500000,9.300000,64.099998,1.100000
2026-05-19-10-32-17,11.810000,19.799999,25.930000,-38.000000,12.700000,65.500000,1.100000
2026-05-19-10-32-17,11.840000,19.879999,25.920000,-39.500000,14.700000,67.400002,1.100000
2026-05-19-10-32-17,11.880000,19.959999,25.900000,-40.000000,16.299999,71.400002,1.100000
2026-05-19-10-32-17,11.920000,20.030001,25.860001,-40.400002,16.700001,75.000000,1.100000
2026-05-19-10-32-17,11.960000,20.100000,25.830000,-41.299999,16.799999,79.199997,1.100000
2026-05-19-10-32-18,11.990000,20.190001,25.780001,-42.000000,16.400000,82.699997,1.100000
2026-05-19-10-32-18,12.010000,20.280001,25.740000,-42.500000,15.000000,85.500000,1.100000
2026-05-19-10-32-18,12.030000,20.330000,25.709999,-40.900002,13.200000,87.300003,1.100000
2026-05-19-10-32-18,12.040000,20.379999,25.690001,-36.500000,10.900000,88.199997,1.100000
2026-05-19-10-32-18,12.050000,20.430000,25.660000,-33.799999,11.900000,89.199997,1.100000
2026-05-19-10-32-19,12.050000,20.520000,25.639999,-33.000000,14.300000,89.800003,1.100000
2026-05-19-10-32-19,12.050000,20.610001,25.610001,-32.900002,16.700001,90.699997,1.100000
2026-05-19-10-32-19,12.060000,20.709999,25.580000,-32.700001,19.400000,92.599998,1.100000
2026-05-19-10-32-19,12.060000,20.820000,25.549999,-33.700001,20.400000,94.699997,1.100000
2026-05-19-10-32-20,12.070000,20.930000,25.510000,-35.900002,20.900000,97.500000,1.100000
2026-05-19-10-32-20,12.070000,21.000000,25.480000,-37.700001,19.400000,100.699997,1.100000
2026-05-19-10-32-20,12.080000,21.049999,25.450001,-37.700001,17.700001,102.400002,1.100000
2026-05-19-10-32-20,12.100000,21.080000,25.430000,-36.299999,15.900000,103.699997,1.100000
2026-05-19-10-32-20,12.110000,21.120001,25.410000,-33.000000,15.400000,103.900002,1.100000
2026-05-19-10-32-21,12.110000,21.200001,25.379999,-31.600000,17.200001,103.800003,1.100000
2026-05-19-10-32-21,12.100000,21.299999,25.350000,-33.200001,19.700001,104.400002,1.100000
2026-05-19-10-32-21,12.080000,21.400000,25.309999,-34.299999,21.299999,105.500000,1.100000
2026-05-19-10-32-21,12.070000,21.469999,25.280001,-34.500000,21.000000,107.500000,1.100000
2026-05-19-10-32-22,12.070000,21.520000,25.260000,-32.900002,19.900000,109.699997,1.100000
2026-05-19-10-32-22,12.080000,21.570000,25.240000,-28.100000,21.900000,116.800003,1.100000
2026-05-19-10-32-22,12.100000,21.620001,25.240000,-21.799999,26.000000,132.800003,1.100000
2026-05-19-10-32-22,12.110000,21.670000,25.219999,-18.799999,27.600000,145.399994,1.100000
2026-05-19-10-32-22,12.130000,21.700001,25.200001,-17.000000,28.000000,152.199997,1.100000
2026-05-19-10-32-23,12.150000,21.740000,25.180000,-14.500000,28.100000,156.300003,1.100000
2026-05-19-10-32-23,12.150000,21.809999,25.129999,-8.600000,31.100000,164.500000,1.100000
2026-05-19-10-32-23,12.110000,21.830000,25.090000,-8.500000,34.599998,170.899994,1.100000
2026-05-19-10-32-24,12.050000,21.850000,25.040001,-7.300000,36.299999,177.000000,1.100000
2026-05-19-10-32-24,12.000000,21.870001,24.980000,-4.900000,35.599998,-177.699997,1.100000
2026-05-19-10-32-24,11.930000,21.889999,24.920000,-1.800000,33.200001,-172.699997,1.100000
2026-05-19-10-32-24,11.860000,21.889999,24.850000,-0.200000,29.900000,-169.300003,1.100000
2026-05-19-10-32-24,11.780000,21.889999,24.790001,0.100000,26.200001,-166.500000,1.100000
2026-05-19-10-32-25,11.680000,21.870001,24.730000,-0.000000,23.000000,-164.699997,1.100000
2026-05-19-10-32-25,11.570000,21.850000,24.670000,-1.100000,19.500000,-162.899994,1.100000
2026-05-19-10-32-25,11.470000,21.840000,24.610001,-2.600000,16.799999,-161.600006,1.100000
2026-05-19-10-32-25,11.370000,21.830000,24.570000,-4.000000,14.700000,-160.899994,1.100000
2026-05-19-10-32-25,11.270000,21.830000,24.549999,-6.000000,13.000000,-160.600006,1.100000
2026-05-19-10-32-26,11.200000,21.830000,24.520000,-8.600000,10.200000,-161.399994,1.100000
2026-05-19-10-32-26,11.160000,21.830000,24.510000,-10.100000,6.400000,-168.100006,1.100000
2026-05-19-10-32-26,11.130000,21.820000,24.490000,-11.400000,1.800000,176.699997,1.100000
2026-05-19-10-32-26,11.090000,21.820000,24.480000,-12.800000,-0.900000,166.699997,1.100000
2026-05-19-10-32-27,11.060000,21.820000,24.459999,-15.900000,-2.000000,159.000000,1.100000
2026-05-19-10-32-27,11.020000,21.809999,24.430000,-20.200001,-2.100000,152.899994,1.100000
2026-05-19-10-32-27,11.000000,21.809999,24.400000,-24.200001,-1.800000,148.199997,1.100000
2026-05-19-10-32-27,10.980000,21.820000,24.370001,-28.000000,-0.800000,143.300003,1.100000
2026-05-19-10-32-27,10.940000,21.860001,24.350000,-31.400000,2.700000,138.399994,1.100000
2026-05-19-10-32-28,10.890000,21.920000,24.350000,-32.599998,5.500000,135.000000,1.100000
2026-05-19-10-32-28,10.830000,22.010000,24.340000,-33.299999,6.900000,132.899994,1.100000
2026-05-19-10-32-28,10.770000,22.100000,24.340000,-33.599998,6.000000,132.500000,1.100000
2026-05-19-10-32-28,10.740000,22.160000,24.330000,-34.000000,1.800000,133.699997,1.100000
2026-05-19-10-32-29,10.700000,22.209999,24.309999,-34.900002,-1.800000,134.399994,1.100000
2026-05-19-10-32-29,10.670000,22.250000,24.280001,-36.200001,-5.700000,134.699997,1.100000
2026-05-19-10-32-29,10.650000,22.299999,24.230000,-37.500000,-9.000000,134.199997,1.100000
2026-05-19-10-32-29,10.660000,22.350000,24.190001,-38.099998,-11.500000,133.300003,1.100000
2026-05-19-10-32-29,10.680000,22.389999,24.160000,-37.599998,-12.900000,131.699997,1.100000
2026-05-19-10-32-30,10.700000,22.430000,24.150000,-36.299999,-12.900000,129.699997,1.100000
2026-05-19-10-32-30,10.720000,22.450001,24.160000,-34.500000,-11.800000,126.699997,1.100000
2026-05-19-10-32-30,10.720000,22.469999,24.160000,-32.599998,-10.000000,123.500000,1.100000
2026-05-19-10-32-30,10.710000,22.480000,24.150000,-31.000000,-8.300000,120.199997,1.100000
2026-05-19-10-32-31,10.700000,22.510000,24.129999,-29.400000,-6.200000,116.300003,1.100000
2026-05-19-10-32-31,10.690000,22.540001,24.080000,-28.100000,-4.300000,112.699997,1.100000
2026-05-19-10-32-31,10.700000,22.570000,24.030001,-26.700001,-2.700000,109.500000,1.100000
2026-05-19-10-32-31,10.720000,22.600000,23.969999,-25.100000,-1.800000,107.000000,1.100000
2026-05-19-10-32-31,10.760000,22.610001,23.920000,-23.000000,-1.200000,104.800003,1.100000
2026-05-19-10-32-32,10.800000,22.610001,23.889999,-20.799999,-1.200000,102.699997,1.100000
2026-05-19-10-32-32,10.820000,22.600000,23.860001,-19.400000,-1.700000,101.199997,1.100000
2026-05-19-10-32-32,10.830000,22.590000,23.860001,-18.400000,-1.900000,99.699997,1.100000
2026-05-19-10-32-32,10.830000,22.600000,23.850000,-17.500000,-1.200000,97.900002,1.100000
2026-05-19-10-32-32,10.830000,22.629999,23.840000,-16.100000,0.400000,96.000000,1.100000
2026-05-19-10-32-33,10.820000,22.650000,23.809999,-15.800000,2.100000,93.599998,1.100000
2026-05-19-10-32-33,10.790000,22.680000,23.750000,-16.000000,3.100000,88.300003,1.100000
2026-05-19-10-32-33,10.770000,22.719999,23.730000,-14.600000,2.900000,87.400002,1.100000
2026-05-19-10-32-33,10.880000,22.620001,23.709999,-12.200000,1.500000,86.599998,1.100000
2026-05-19-10-32-34,10.890000,22.610001,23.730000,-10.200000,0.100000,83.400002,1.100000
2026-05-19-10-32-34,10.880000,22.629999,23.770000,-10.100000,0.200000,79.400002,1.100000
2026-05-19-10-32-35,10.880000,22.650000,23.790001,-9.800000,0.400000,76.400002,1.100000
2026-05-19-10-32-35,10.880000,22.700001,23.780001,-9.900000,2.100000,72.699997,1.100000
2026-05-19-10-32-35,10.860000,22.740000,23.740000,-11.000000,2.100000,68.800003,1.100000
2026-05-19-10-32-36,10.890000,22.700001,23.709999,-9.300000,0.100000,66.099998,1.100000
2026-05-19-10-32-36,10.940000,22.700001,23.750000,-8.500000,1.900000,74.800003,1.100000
2026-05-19-10-32-37,10.990000,22.790001,23.809999,-10.000000,10.000000,103.099998,1.100000
2026-05-19-10-32-37,11.000000,22.840000,23.780001,-12.800000,10.000000,113.000000,1.100000
2026-05-19-10-32-37,11.040000,22.850000,23.750000,-12.700000,9.500000,118.500000,1.100000
2026-05-19-10-32-38,11.080000,22.840000,23.750000,-13.500000,8.600000,120.000000,1.100000
2026-05-19-10-32-38,11.080000,22.860001,23.770000,-14.400000,9.400000,121.000000,1.100000
2026-05-19-10-32-38,11.070000,22.950001,23.790001,-15.300000,16.400000,130.100006,1.100000
2026-05-19-10-32-39,11.060000,23.030001,23.799999,-7.900000,23.500000,161.500000,1.100000
2026-05-19-10-32-39,11.090000,23.100000,23.790001,-4.600000,20.400000,179.600006,1.100000
2026-05-19-10-32-40,11.120000,23.080000,23.750000,-8.000000,19.100000,-171.899994,1.100000
2026-05-19-10-32-40,11.060000,23.100000,23.780001,-8.400000,22.700001,-168.300003,1.100000
2026-05-19-10-32-40,10.910000,23.180000,23.780001,-7.000000,25.700001,-167.100006,1.100000
2026-05-19-10-32-41,10.800000,23.180000,23.680000,-7.200000,23.900000,-165.500000,1.100000
2026-05-19-10-32-41,10.710000,23.110001,23.620001,-11.400000,20.000000,-161.800003,1.100000
2026-05-19-10-32-41,10.540000,23.040001,23.570000,-14.500000,15.500000,-158.100006,1.100000
2026-05-19-10-32-42,10.340000,23.030001,23.559999,-19.100000,13.000000,-155.500000,1.100000
2026-05-19-10-32-42,10.160000,23.030001,23.510000,-23.700001,9.100000,-156.600006,1.100000
2026-05-19-10-32-43,10.030000,22.969999,23.420000,-22.600000,-4.200000,-174.800003,1.100000
2026-05-19-10-32-43,9.870000,22.930000,23.410000,-16.100000,-10.600000,166.100006,1.100000
2026-05-19-10-32-43,9.740000,22.910000,23.410000,-19.100000,-13.300000,159.500000,1.100000
2026-05-19-10-32-43,9.680000,22.940001,23.450001,-22.600000,-13.900000,157.399994,1.100000
2026-05-19-10-32-44,9.700000,22.840000,23.400000,-28.900000,-14.400000,154.000000,1.100000
2026-05-19-10-32-44,9.660000,22.889999,23.410000,-34.900002,-12.400000,147.000000,1.100000
2026-05-19-10-32-44,9.620000,22.959999,23.370001,-35.500000,-9.800000,140.500000,1.100000
2026-05-19-10-32-45,9.600000,22.969999,23.330000,-34.599998,-9.100000,136.699997,1.100000
2026-05-19-10-32-45,9.570000,22.969999,23.299999,-33.000000,-8.800000,133.500000,1.100000
2026-05-19-10-32-45,9.560000,22.959999,23.280001,-30.400000,-8.100000,129.399994,1.100000
2026-05-19-10-32-45,9.550000,22.969999,23.270000,-27.799999,-7.200000,126.199997,1.100000
2026-05-19-10-32-46,9.550000,22.969999,23.280001,-24.400000,-6.000000,121.199997,1.100000
2026-05-19-10-32-46,9.530000,23.010000,23.270000,-21.900000,-3.200000,114.400002,1.100000
2026-05-19-10-32-46,9.560000,23.059999,23.200001,-19.700001,-2.200000,110.500000,1.100000
2026-05-19-10-32-47,9.500000,23.090000,23.160000,-19.600000,-0.200000,107.500000,1.100000
2026-05-19-10-32-47,9.460000,23.080000,23.180000,-18.400000,-1.300000,104.400002,1.100000
2026-05-19-10-32-47,9.440000,23.070000,23.230000,-15.700000,-1.700000,100.800003,1.100000
2026-05-19-10-32-48,9.430000,23.090000,23.230000,-14.000000,-1.800000,98.699997,1.100000
2026-05-19-10-32-48,9.430000,23.110001,23.209999,-13.100000,-1.400000,96.599998,1.100000
2026-05-19-10-32-48,9.410000,23.139999,23.190001,-12.500000,0.700000,94.000000,1.100000
2026-05-19-10-32-49,9.380000,23.160000,23.160000,-11.700000,1.100000,91.900002,1.100000
2026-05-19-10-32-49,9.380000,23.160000,23.170000,-11.200000,1.800000,89.500000,1.100000
2026-05-19-10-32-49,9.360000,23.160000,23.180000,-10.800000,2.300000,86.800003,1.100000
2026-05-19-10-32-50,9.340000,23.170000,23.200001,-9.400000,1.100000,84.900002,1.100000
2026-05-19-10-32-50,9.340000,23.209999,23.200001,-8.000000,2.000000,82.300003,1.100000
2026-05-19-10-32-50,9.330000,23.209999,23.160000,-8.200000,1.100000,81.800003,1.100000
2026-05-19-10-32-51,9.300000,23.219999,23.160000,-8.600000,0.700000,79.900002,1.100000
2026-05-19-10-32-51,9.320000,23.250000,23.180000,-6.200000,3.100000,76.699997,1.100000
2026-05-19-10-32-52,9.310000,23.230000,23.170000,-7.000000,2.200000,76.000000,1.100000
2026-05-19-10-32-52,9.240000,23.240000,23.170000,-7.100000,1.700000,71.599998,1.100000
2026-05-19-10-32-52,9.250000,23.260000,23.170000,-6.500000,1.400000,71.400002,1.100000
2026-05-19-10-32-53,9.290000,23.290001,23.160000,-6.500000,2.100000,69.199997,1.100000
2026-05-19-10-32-53,9.300000,23.299999,23.139999,-7.600000,1.900000,68.199997,1.100000
2026-05-19-10-32-53,9.250000,23.290001,23.120001,-8.000000,0.800000,67.199997,1.100000
2026-05-19-10-32-53,9.190000,23.320000,23.139999,-7.400000,0.700000,65.599998,1.100000
2026-05-19-10-32-54,9.220000,23.290001,23.150000,-7.000000,0.700000,64.400002,1.100000
2026-05-19-10-32-54,9.210000,23.320000,23.160000,-6.800000,0.900000,61.500000,1.100000
2026-05-19-10-32-54,9.240000,23.330000,23.160000,-6.700000,1.000000,61.099998,1.100000
2026-05-19-10-32-55,9.250000,23.340000,23.160000,-7.200000,0.900000,60.500000,1.100000
2026-05-19-10-32-55,9.260000,23.350000,23.139999,-4.800000,2.100000,57.599998,1.100000
2026-05-19-10-32-55,9.240000,23.330000,23.129999,-5.900000,0.700000,56.799999,1.100000
2026-05-19-10-32-56,9.170000,23.350000,23.120001,-5.400000,-0.100000,54.299999,1.100000
2026-05-19-10-32-56,9.210000,23.370001,23.150000,-4.200000,0.700000,52.599998,1.100000
2026-05-19-10-32-57,9.250000,23.389999,23.170000,-5.800000,1.200000,50.400002,1.100000
2026-05-19-10-32-57,9.240000,23.370001,23.150000,-5.100000,-0.100000,50.299999,1.100000
2026-05-19-10-32-57,9.220000,23.370001,23.110001,-5.600000,-0.100000,47.299999,1.100000
2026-05-19-10-32-58,9.190000,23.400000,23.090000,-4.400000,-0.700000,46.000000,1.100000
2026-05-19-10-32-58,9.190000,23.440001,23.139999,-5.200000,0.300000,43.900002,1.100000
2026-05-19-10-32-58,9.220000,23.440001,23.190001,-3.600000,0.300000,42.700001,1.100000
2026-05-19-10-32-59,9.250000,23.400000,23.160000,-2.700000,0.300000,40.900002,1.100000
2026-05-19-10-32-59,9.230000,23.410000,23.100000,-2.500000,-1.000000,38.900002,1.100000
2026-05-19-10-33-00,9.190000,23.459999,23.100000,-4.400000,-0.700000,36.299999,1.100000
2026-05-19-10-33-00,9.190000,23.510000,23.150000,-4.000000,0.700000,35.099998,1.100000
2026-05-19-10-33-00,9.220000,23.459999,23.170000,-3.300000,0.200000,33.500000,1.100000
2026-05-19-10-33-01,9.250000,23.440001,23.150000,-5.500000,1.500000,46.700001,1.100000
2026-05-19-10-33-01,9.270000,23.469999,23.100000,-8.400000,1.900000,51.700001,1.100000
2026-05-19-10-33-01,9.260000,23.500000,23.110001,-11.200000,1.600000,54.400002,1.100000
2026-05-19-10-33-02,9.270000,23.520000,23.129999,-12.700000,2.000000,56.099998,1.100000
2026-05-19-10-33-02,9.310000,23.480000,23.150000,-12.000000,4.100000,62.799999,1.100000
2026-05-19-10-33-02,9.330000,23.490000,23.150000,-13.000000,6.900000,72.099998,1.100000
2026-05-19-10-33-03,9.360000,23.540001,23.139999,-13.700000,14.300000,94.099998,1.100000
2026-05-19-10-33-03,9.410000,23.530001,23.139999,-14.400000,11.100000,104.300003,1.100000
2026-05-19-10-33-03,9.420000,23.530001,23.129999,-15.400000,11.400000,106.699997,1.100000
2026-05-19-10-33-04,9.430000,23.530001,23.139999,-15.000000,12.100000,110.000000,1.100000
2026-05-19-10-33-04,9.470000,23.580000,23.139999,-13.300000,14.500000,118.699997,1.100000
2026-05-19-10-33-04,9.460000,23.650000,23.150000,-12.200000,19.299999,124.300003,1.100000
2026-05-19-10-33-05,9.460000,23.660000,23.170000,-12.200000,16.799999,128.199997,1.100000
2026-05-19-10-33-05,9.440000,23.690001,23.150000,-13.900000,17.700001,127.300003,1.100000
2026-05-19-10-33-05,9.370000,23.799999,23.100000,-17.299999,18.400000,129.000000,1.100000
2026-05-19-10-33-06,9.270000,23.950001,23.040001,-21.400000,15.300000,133.300003,1.100000
2026-05-19-10-33-06,9.160000,24.150000,23.010000,-23.500000,14.700000,136.500000,1.100000
2026-05-19-10-33-06,9.100000,24.250000,23.000000,-25.200001,13.200000,136.199997,1.100000
2026-05-19-10-33-07,9.000000,24.360001,22.980000,-27.200001,-1.400000,122.000000,1.100000
2026-05-19-10-33-07,8.910000,24.450001,22.940001,-20.600000,-14.600000,101.900002,1.100000
2026-05-19-10-33-08,8.870000,24.620001,22.940001,-22.100000,-19.400000,93.900002,1.100000
2026-05-19-10-33-08,8.870000,24.820000,22.980000,-29.200001,-20.700001,90.900002,1.100000
2026-05-19-10-33-09,8.950000,25.240000,23.170000,-42.000000,-22.900000,92.199997,1.100000
2026-05-19-10-33-09,8.950000,25.410000,23.280001,-46.099998,-24.200001,88.300003,1.100000
2026-05-19-10-33-09,8.940000,25.510000,23.320000,-42.799999,-31.299999,80.000000,1.100000
2026-05-19-10-33-10,8.940000,25.600000,23.350000,-31.900000,-42.200001,63.299999,1.100000
2026-05-19-10-33-10,8.960000,25.670000,23.370001,-13.200000,-49.400002,39.299999,1.100000
2026-05-19-10-33-10,9.000000,25.730000,23.410000,9.300000,-48.799999,10.700000,1.100000
2026-05-19-10-33-10,9.060000,25.760000,23.469999,18.900000,-43.799999,-4.700000,1.100000
2026-05-19-10-33-10,9.140000,25.770000,23.540001,20.100000,-40.900002,-11.800000,1.100000
2026-05-19-10-33-11,9.230000,25.760000,23.610001,17.500000,-38.200001,-17.100000,1.100000
2026-05-19-10-33-11,9.320000,25.740000,23.680000,13.600000,-37.599998,-20.200001,1.100000
2026-05-19-10-33-11,9.400000,25.700001,23.750000,9.400000,-38.400002,-22.700001,1.100000
2026-05-19-10-33-11,9.490000,25.660000,23.820000,5.300000,-39.900002,-24.400000,1.100000
2026-05-19-10-33-12,9.560000,25.620001,23.879999,2.600000,-42.500000,-29.400000,1.100000
2026-05-19-10-33-12,9.630000,25.590000,23.930000,8.300000,-44.200001,-42.900002,1.100000
2026-05-19-10-33-12,9.690000,25.549999,23.969999,20.900000,-43.400002,-64.400002,1.100000
2026-05-19-10-33-12,9.740000,25.500000,24.020000,32.200001,-38.299999,-83.699997,1.100000
2026-05-19-10-33-12,9.770000,25.440001,24.059999,40.299999,-28.600000,-100.900002,1.100000
2026-05-19-10-33-13,9.770000,25.360001,24.100000,39.700001,-21.500000,-109.300003,1.100000
2026-05-19-10-33-13,9.750000,25.270000,24.129999,35.500000,-18.500000,-112.900002,1.100000
2026-05-19-10-33-13,9.740000,25.209999,24.139999,29.000000,-17.500000,-117.199997,1.100000
2026-05-19-10-33-13,9.730000,25.160000,24.150000,21.100000,-17.200001,-121.099998,1.100000
2026-05-19-10-33-13,9.730000,25.129999,24.150000,14.000000,-16.900000,-124.000000,1.100000
2026-05-19-10-33-14,9.720000,25.059999,24.160000,5.000000,-15.200000,-127.900002,1.100000
2026-05-19-10-33-14,9.680000,25.049999,24.110001,0.500000,-12.400000,-129.199997,1.100000
2026-05-19-10-33-14,9.660000,25.020000,24.030001,-3.200000,-8.600000,-130.399994,1.100000
2026-05-19-10-33-14,9.630000,25.000000,23.920000,-5.700000,-5.600000,-131.000000,1.100000
2026-05-19-10-33-15,9.600000,25.010000,23.790001,-8.100000,-1.700000,-131.100006,1.100000
2026-05-19-10-33-15,9.580000,25.020000,23.660000,-9.200000,2.400000,-131.000000,1.100000
2026-05-19-10-33-15,9.580000,25.040001,23.549999,-10.200000,6.800000,-131.100006,1.100000
2026-05-19-10-33-15,9.620000,25.070000,23.500000,-11.700000,5.600000,-132.300003,1.100000
2026-05-19-10-33-16,9.640000,25.059999,23.590000,-16.600000,3.000000,-134.800003,1.100000
2026-05-19-10-33-16,9.550000,25.040001,23.680000,-19.700001,8.200000,-139.500000,1.100000
2026-05-19-10-33-16,9.430000,25.040001,23.680000,-20.700001,11.200000,-140.199997,1.100000
2026-05-19-10-33-17,9.370000,25.030001,23.629999,-22.900000,13.300000,-138.500000,1.100000
2026-05-19-10-33-17,9.300000,24.980000,23.570000,-26.200001,13.900000,-117.500000,1.100000
2026-05-19-10-33-17,9.220000,24.840000,23.600000,-27.200001,14.500000,-105.400002,1.100000
2026-05-19-10-33-18,9.150000,24.680000,23.629999,-29.700001,12.700000,-96.300003,1.100000
2026-05-19-10-33-18,9.120000,24.559999,23.620001,-31.299999,10.800000,-92.599998,1.100000
2026-05-19-10-33-18,9.110000,24.490000,23.610001,-30.200001,6.800000,-93.500000,1.100000
2026-05-19-10-33-19,9.090000,24.430000,23.580000,-26.900000,0.200000,-100.099998,1.100000
2026-05-19-10-33-19,9.070000,24.360001,23.540001,-23.299999,-5.500000,-109.000000,1.100000
2026-05-19-10-33-19,9.040000,24.190001,23.469999,-22.200001,-8.300000,-113.800003,1.100000
2026-05-19-10-33-20,9.040000,23.969999,23.480000,-23.799999,-9.200000,-120.599998,1.100000
2026-05-19-10-33-20,9.030000,23.809999,23.549999,-19.100000,-17.600000,-142.699997,1.100000
2026-05-19-10-33-20,8.970000,23.740000,23.580000,-18.100000,-19.500000,-152.000000,1.100000
2026-05-19-10-33-20,8.870000,23.709999,23.590000,-19.299999,-19.900000,-156.800003,1.100000
2026-05-19-10-33-21,8.780000,23.670000,23.600000,-21.400000,-20.500000,-159.899994,1.100000
2026-05-19-10-33-21,8.690000,23.620001,23.590000,-20.700001,-23.600000,-166.800003,1.100000
2026-05-19-10-33-21,8.620000,23.580000,23.600000,-15.100000,-29.000000,179.000000,1.100000
2026-05-19-10-33-21,8.560000,23.540001,23.620001,-5.800000,-33.200001,160.500000,1.100000
2026-05-19-10-33-21,8.480000,23.500000,23.670000,1.700000,-33.799999,142.300003,1.100000
2026-05-19-10-33-22,8.400000,23.510000,23.719999,2.600000,-33.000000,135.000000,1.100000
2026-05-19-10-33-22,8.310000,23.549999,23.770000,2.100000,-32.099998,129.000000,1.100000
2026-05-19-10-33-22,8.240000,23.629999,23.820000,0.800000,-32.000000,126.000000,1.100000
2026-05-19-10-33-22,8.170000,23.709999,23.860001,-1.600000,-33.000000,124.699997,1.100000
2026-05-19-10-33-23,8.110000,23.780001,23.900000,-5.800000,-35.599998,124.300003,1.100000
2026-05-19-10-33-23,8.070000,23.860001,23.950001,-10.200000,-37.299999,125.599998,1.100000
2026-05-19-10-33-23,8.000000,24.000000,24.070000,-33.599998,-33.000000,146.500000,1.100000
2026-05-19-10-33-23,7.960000,24.049999,24.100000,-40.900002,-30.700001,151.699997,1.100000
2026-05-19-10-33-24,7.940000,24.100000,24.110001,-43.500000,-28.799999,154.600006,1.100000
2026-05-19-10-33-24,7.870000,24.230000,24.110001,-41.000000,-26.500000,155.100006,1.100000
2026-05-19-10-33-24,7.950000,24.139999,24.110001,-36.000000,-23.600000,154.000000,1.100000
2026-05-19-10-33-24,7.950000,24.209999,24.080000,-32.200001,-18.799999,152.500000,1.100000
2026-05-19-10-33-25,7.950000,24.270000,24.040001,-29.500000,-13.800000,151.000000,1.100000
2026-05-19-10-33-25,7.950000,24.330000,23.990000,-27.100000,-9.800000,149.399994,1.100000
2026-05-19-10-33-25,7.950000,24.370001,23.959999,-25.900000,-5.600000,147.699997,1.100000
2026-05-19-10-33-25,7.920000,24.389999,23.959999,-23.500000,-1.900000,147.899994,1.100000
2026-05-19-10-33-26,7.910000,24.379999,23.969999,-25.100000,-1.000000,156.399994,1.100000
2026-05-19-10-33-26,7.880000,24.459999,24.049999,-26.000000,11.000000,-176.199997,1.100000
2026-05-19-10-33-27,7.870000,24.530001,24.100000,-28.100000,18.299999,-163.800003,1.100000
2026-05-19-10-33-27,7.800000,24.540001,24.110001,-27.400000,29.100000,-155.600006,1.100000
2026-05-19-10-33-27,7.720000,24.540001,24.040001,-28.900000,25.799999,-160.699997,1.100000
2026-05-19-10-33-28,7.640000,24.450001,23.930000,-36.000000,17.799999,-171.199997,1.100000
2026-05-19-10-33-28,7.480000,24.370001,23.879999,-38.599998,17.299999,-172.100006,1.100000
2026-05-19-10-33-28,7.320000,24.350000,23.870001,-39.099998,14.100000,-169.699997,1.100000
2026-05-19-10-33-29,7.170000,24.400000,23.860001,-39.500000,9.300000,-167.100006,1.100000
2026-05-19-10-33-29,6.990000,24.400000,23.770000,-42.299999,8.200000,-167.500000,1.100000
2026-05-19-10-33-30,6.810000,24.320000,23.650000,-46.599998,7.400000,-165.600006,1.100000
2026-05-19-10-33-30,6.630000,24.219999,23.650000,-48.200001,7.700000,-162.399994,1.100000
2026-05-19-10-33-30,6.440000,24.200001,23.670000,-48.900002,8.700000,-161.000000,1.100000
2026-05-19-10-33-31,6.330000,24.190001,23.680000,-48.799999,9.500000,-161.100006,1.100000
2026-05-19-10-33-31,6.240000,24.180000,23.650000,-48.400002,10.900000,-161.100006,1.100000
2026-05-19-10-33-31,6.160000,24.160000,23.610001,-48.400002,12.000000,-160.600006,1.100000
2026-05-19-10-33-31,5.980000,24.090000,23.510000,-50.299999,13.400000,-159.300003,1.100000
2026-05-19-10-33-32,5.880000,24.030001,23.469999,-50.500000,14.200000,-158.300003,1.100000
2026-05-19-10-33-32,5.780000,23.980000,23.430000,-50.700001,14.900000,-156.699997,1.100000
2026-05-19-10-33-32,5.670000,23.920000,23.400000,-50.799999,15.600000,-155.899994,1.100000
2026-05-19-10-33-32,5.570000,23.879999,23.370001,-50.900002,16.299999,-156.399994,1.100000
2026-05-19-10-33-33,5.480000,23.850000,23.350000,-51.000000,16.500000,-156.199997,1.100000
2026-05-19-10-33-33,5.400000,23.820000,23.320000,-50.200001,16.500000,-155.300003,1.100000
2026-05-19-10-33-33,5.320000,23.790001,23.290001,-49.700001,16.600000,-153.500000,1.100000
2026-05-19-10-33-33,5.240000,23.750000,23.240000,-49.299999,16.700001,-151.300003,1.100000
2026-05-19-10-33-33,5.150000,23.709999,23.190001,-49.700001,17.000000,-149.399994,1.100000
2026-05-19-10-33-34,5.050000,23.660000,23.139999,-50.700001,17.299999,-147.500000,1.100000
2026-05-19-10-33-34,4.940000,23.650000,23.100000,-51.900002,17.400000,-145.000000,1.100000
2026-05-19-10-33-34,4.840000,23.500000,23.020000,-52.200001,17.500000,-143.300003,1.100000
2026-05-19-10-33-34,4.750000,23.430000,22.990000,-52.200001,18.100000,-142.600006,1.100000
2026-05-19-10-33-35,4.680000,23.370001,22.969999,-51.900002,17.799999,-142.399994,1.100000
2026-05-19-10-33-35,4.630000,23.340000,22.950001,-50.299999,16.799999,-142.100006,1.100000
2026-05-19-10-33-35,4.600000,23.330000,22.940001,-48.299999,15.800000,-142.500000,1.100000
2026-05-19-10-33-35,4.560000,23.340000,22.900000,-45.599998,15.200000,-143.100006,1.100000
2026-05-19-10-33-35,4.520000,23.389999,22.840000,-44.599998,16.200001,-144.199997,1.100000
2026-05-19-10-33-36,4.480000,23.440001,22.780001,-44.599998,18.900000,-146.600006,1.100000
2026-05-19-10-33-36,4.430000,23.459999,22.730000,-45.299999,21.500000,-150.899994,1.100000
2026-05-19-10-33-36,4.400000,23.469999,22.680000,-46.299999,22.600000,-154.899994,1.100000
2026-05-19-10-33-36,4.380000,23.490000,22.650000,-46.900002,22.200001,-157.300003,1.100000
2026-05-19-10-33-37,4.390000,23.530001,22.660000,-46.599998,20.400000,-158.899994,1.100000
2026-05-19-10-33-37,4.440000,23.549999,22.639999,-48.000000,10.700000,-168.000000,1.100000
2026-05-19-10-33-37,4.430000,23.540001,22.590000,-49.000000,-5.100000,176.000000,1.100000
2026-05-19-10-33-37,4.390000,23.540001,22.549999,-45.900002,-21.600000,159.100006,1.100000
2026-05-19-10-33-37,4.340000,23.540001,22.500000,-34.299999,-37.700001,135.699997,1.100000
2026-05-19-10-33-38,4.270000,23.549999,22.469999,-14.000000,-47.299999,104.699997,1.100000
2026-05-19-10-33-38,4.200000,23.580000,22.440001,10.200000,-48.900002,69.699997,1.100000
2026-05-19-10-33-38,4.160000,23.610001,22.440001,34.299999,-38.900002,33.599998,1.100000
2026-05-19-10-33-38,4.170000,23.629999,22.469999,39.299999,-23.700001,17.799999,1.100000
2026-05-19-10-33-39,4.210000,23.670000,22.490000,35.900002,-9.400000,6.400000,1.100000
2026-05-19-10-33-39,4.250000,23.690001,22.480000,32.200001,-7.000000,3.100000,1.100000
2026-05-19-10-33-39,4.260000,23.680000,22.469999,29.400000,-8.300000,0.200000,1.100000
2026-05-19-10-33-39,4.290000,23.629999,22.459999,25.799999,-8.600000,-3.200000,1.100000
2026-05-19-10-33-40,4.310000,23.629999,22.459999,23.100000,-1.900000,-20.900000,1.100000
2026-05-19-10-33-40,4.330000,23.620001,22.450001,20.299999,4.000000,-35.599998,1.100000
2026-05-19-10-33-40,4.380000,23.610001,22.440001,15.300000,9.000000,-55.299999,1.100000
2026-05-19-10-33-40,4.430000,23.590000,22.440001,8.900000,12.300000,-73.900002,1.100000
2026-05-19-10-33-41,4.480000,23.520000,22.430000,1.200000,13.300000,-86.800003,1.100000
2026-05-19-10-33-41,4.510000,23.459999,22.420000,-5.700000,12.200000,-93.599998,1.100000
2026-05-19-10-33-41,4.530000,23.410000,22.400000,-9.300000,11.900000,-100.599998,1.100000
2026-05-19-10-33-42,4.540000,23.360001,22.370001,-14.500000,7.900000,-121.699997,1.100000
2026-05-19-10-33-42,4.560000,23.280001,22.320000,-19.799999,-0.600000,-149.800003,1.100000
2026-05-19-10-33-42,4.570000,23.209999,22.290001,-23.299999,-6.200000,-165.399994,1.100000
2026-05-19-10-33-43,4.570000,23.150000,22.280001,-25.200001,-6.500000,-176.000000,1.100000
2026-05-19-10-33-43,4.560000,23.100000,22.260000,-26.000000,-7.500000,178.300003,1.100000
2026-05-19-10-33-43,4.540000,23.070000,22.250000,-28.799999,-2.800000,-170.000000,1.100000
2026-05-19-10-33-44,4.490000,23.070000,22.250000,-28.100000,1.800000,-153.399994,1.100000
2026-05-19-10-33-44,4.460000,23.080000,22.250000,-27.600000,1.800000,-151.399994,1.100000
2026-05-19-10-33-44,4.450000,23.049999,22.230000,-26.200001,3.800000,-150.500000,1.100000
2026-05-19-10-33-45,4.430000,23.059999,22.230000,-23.900000,5.300000,-148.300003,1.100000
2026-05-19-10-33-45,4.390000,23.030001,22.240000,-22.400000,12.500000,-132.000000,1.100000
2026-05-19-10-33-45,4.370000,22.980000,22.230000,-24.000000,16.500000,-126.800003,1.100000
2026-05-19-10-33-46,4.340000,22.950001,22.200001,-23.500000,19.100000,-125.500000,1.100000
2026-05-19-10-33-46,4.310000,22.950001,22.200001,-23.500000,20.400000,-125.099998,1.100000
2026-05-19-10-33-46,4.310000,22.950001,22.190001,-23.700001,18.400000,-122.099998,1.100000
2026-05-19-10-33-47,4.280000,22.940001,22.190001,-22.200001,17.000000,-120.300003,1.100000
2026-05-19-10-33-47,4.260000,22.920000,22.190001,-21.100000,14.300000,-118.599998,1.100000
2026-05-19-10-33-47,4.230000,22.889999,22.180000,-19.799999,12.400000,-119.300003,1.100000
2026-05-19-10-33-48,4.180000,22.860001,22.219999,-21.200001,26.200001,-124.300003,1.100000
2026-05-19-10-33-48,4.160000,22.770000,22.260000,-30.100000,46.000000,-137.100006,1.100000
2026-05-19-10-33-48,4.180000,22.770000,22.270000,-31.600000,38.900002,-136.100006,1.100000
2026-05-19-10-33-49,4.180000,22.820000,22.240000,-27.500000,9.500000,-120.400002,1.100000
2026-05-19-10-33-49,4.110000,22.879999,22.160000,-31.100000,-27.100000,-101.800003,1.100000
2026-05-19-10-33-49,4.050000,23.000000,22.209999,-37.299999,-40.700001,-91.300003,1.100000
2026-05-19-10-33-50,3.990000,23.340000,22.379999,-39.400002,-43.799999,-88.699997,1.100000
2026-05-19-10-33-50,3.980000,23.809999,22.570000,-34.400002,-42.299999,-94.699997,1.100000
2026-05-19-10-33-50,3.940000,22.740000,22.219999,-23.299999,-31.400000,-110.500000,1.100000
2026-05-19-10-33-51,3.950000,22.719999,22.230000,-19.700001,-15.000000,-123.000000,1.100000
2026-05-19-10-33-51,3.920000,22.760000,22.209999,-21.600000,-14.900000,-125.500000,1.100000
2026-05-19-10-33-51,3.910000,22.809999,22.180000,-23.299999,-18.200001,-126.599998,1.100000
2026-05-19-10-33-52,3.900000,22.809999,22.209999,-23.100000,-9.300000,-133.000000,1.100000
2026-05-19-10-33-52,3.880000,22.780001,22.219999,-23.600000,5.100000,-140.699997,1.100000
2026-05-19-10-33-53,3.890000,22.760000,22.170000,-27.500000,2.200000,-140.899994,1.100000
2026-05-19-10-33-53,3.890000,22.809999,22.120001,-28.000000,-13.200000,-133.500000,1.100000
2026-05-19-10-33-53,3.890000,22.799999,22.139999,-27.600000,-21.100000,-130.100006,1.100000
2026-05-19-10-33-53,3.890000,22.770000,22.160000,-26.500000,-20.200001,-132.399994,1.100000
2026-05-19-10-33-54,3.930000,22.790001,22.180000,-25.400000,-13.100000,-139.199997,1.100000
2026-05-19-10-33-54,3.910000,22.760000,22.190001,-25.000000,-2.000000,-145.500000,1.100000
2026-05-19-10-33-54,3.910000,22.750000,22.190001,-25.400000,-0.700000,-151.100006,1.100000
2026-05-19-10-33-54,3.920000,22.719999,22.190001,-27.200001,-5.500000,-169.699997,1.100000
2026-05-19-10-33-55,3.900000,22.709999,22.200001,-28.600000,-8.200000,176.699997,1.100000
2026-05-19-10-33-55,3.880000,22.709999,22.200001,-30.299999,-11.800000,165.800003,1.100000
2026-05-19-10-33-55,3.860000,22.730000,22.170000,-30.700001,-14.000000,160.100006,1.100000
2026-05-19-10-33-55,3.840000,22.760000,22.160000,-29.900000,-15.900000,153.699997,1.100000
2026-05-19-10-33-56,3.830000,22.790001,22.170000,-29.200001,-17.700001,149.000000,1.100000
2026-05-19-10-33-56,3.820000,22.780001,22.200001,-29.700001,-20.500000,145.199997,1.100000
2026-05-19-10-33-56,3.810000,22.750000,22.240000,-30.799999,-22.400000,142.699997,1.100000
2026-05-19-10-33-56,3.800000,22.700001,22.260000,-32.599998,-24.700001,141.600006,1.100000
2026-05-19-10-33-57,3.670000,22.740000,22.340000,-33.500000,-26.299999,141.300003,1.100000
2026-05-19-10-33-57,3.770000,22.620001,22.340000,-33.099998,-26.900000,140.899994,1.100000
2026-05-19-10-33-57,3.760000,22.580000,22.410000,-31.700001,-27.200001,139.699997,1.100000
2026-05-19-10-33-57,3.740000,22.540001,22.480000,-30.799999,-27.700001,138.100006,1.100000
2026-05-19-10-33-58,3.730000,22.490000,22.549999,-30.600000,-28.200001,136.300003,1.100000
2026-05-19-10-33-58,3.720000,22.430000,22.610001,-30.900000,-29.299999,134.399994,1.100000
2026-05-19-10-33-58,3.710000,22.370001,22.670000,-30.600000,-30.700001,132.300003,1.100000
2026-05-19-10-33-58,3.710000,22.320000,22.709999,-33.599998,-38.599998,135.600006,1.100000
2026-05-19-10-33-58,3.690000,22.360001,22.709999,-47.799999,-55.400002,153.100006,1.100000
2026-05-19-10-33-59,3.620000,22.510000,22.750000,-79.400002,-66.000000,-172.899994,1.100000
2026-05-19-10-33-59,3.510000,22.719999,22.809999,-94.599998,-68.800003,-159.600006,1.100000
2026-05-19-10-33-59,3.640000,22.370001,22.870001,-89.400002,-71.699997,-168.800003,1.100000
2026-05-19-10-33-59,3.620000,22.350000,22.920000,-53.099998,-71.300003,148.300003,1.100000
2026-05-19-10-34-00,3.500000,22.420000,22.980000,-26.400000,-59.299999,114.599998,1.100000
2026-05-19-10-34-00,3.640000,22.270000,23.000000,-25.900000,-38.400002,109.300003,1.100000
2026-05-19-10-34-00,3.630000,22.250000,23.030001,-26.100000,-28.900000,109.300003,1.100000
2026-05-19-10-34-01,3.610000,22.240000,23.040001,-24.200001,-21.299999,107.900002,1.100000
2026-05-19-10-34-01,3.610000,22.230000,23.030001,-22.000000,-15.800000,106.400002,1.100000
2026-05-19-10-34-01,3.600000,22.219999,23.020000,-19.799999,-10.600000,104.699997,1.100000
2026-05-19-10-34-01,3.600000,22.219999,23.020000,-18.700001,-7.500000,103.500000,1.100000
2026-05-19-10-34-01,3.600000,22.209999,23.010000,-18.400000,-5.200000,102.400002,1.100000
2026-05-19-10-34-02,3.600000,22.190001,23.000000,-18.700001,-4.000000,101.599998,1.100000
2026-05-19-10-34-02,3.600000,22.180000,23.000000,-19.600000,-3.500000,101.000000,1.100000
2026-05-19-10-34-02,3.590000,22.180000,22.980000,-21.000000,-3.300000,100.300003,1.100000
2026-05-19-10-34-02,3.590000,22.180000,22.950001,-22.400000,-3.300000,99.500000,1.100000
2026-05-19-10-34-03,3.590000,22.180000,22.910000,-23.500000,-3.600000,98.699997,1.100000
2026-05-19-10-34-03,3.600000,22.170000,22.879999,-23.900000,-4.000000,97.800003,1.100000
2026-05-19-10-34-03,3.610000,22.170000,22.850000,-23.500000,-4.500000,97.000000,1.100000
2026-05-19-10-34-03,3.620000,22.160000,22.830000,-22.600000,-4.700000,96.000000,1.100000
2026-05-19-10-34-03,3.620000,22.160000,22.809999,-21.600000,-4.700000,94.800003,1.100000
2026-05-19-10-34-04,3.620000,22.150000,22.790001,-20.500000,-4.500000,93.599998,1.100000
2026-05-19-10-34-04,3.630000,22.150000,22.750000,-19.299999,-4.200000,91.900002,1.100000
2026-05-19-10-34-04,3.640000,22.150000,22.719999,-18.299999,-3.900000,90.500000,1.100000
2026-05-19-10-34-04,3.630000,22.180000,22.700001,-17.100000,-3.500000,88.599998,1.100000
2026-05-19-10-34-05,3.630000,22.209999,22.700001,-15.900000,-3.000000,86.800003,1.100000
2026-05-19-10-34-05,3.630000,22.209999,22.700001,-14.700000,-2.300000,85.099998,1.100000
2026-05-19-10-34-05,3.640000,22.219999,22.690001,-13.700000,-1.600000,83.400002,1.100000
2026-05-19-10-34-05,3.640000,22.219999,22.660000,-13.300000,-1.200000,82.099998,1.100000
2026-05-19-10-34-05,3.640000,22.209999,22.620001,-13.000000,-1.100000,80.599998,1.100000
2026-05-19-10-34-06,3.640000,22.209999,22.580000,-12.900000,-1.000000,79.099998,1.100000
2026-05-19-10-34-06,3.650000,22.209999,22.540001,-12.900000,-0.200000,77.300003,1.100000
2026-05-19-10-34-06,3.660000,22.219999,22.500000,-12.600000,0.600000,75.699997,1.100000
2026-05-19-10-34-06,3.680000,22.219999,22.450001,-12.000000,1.400000,74.199997,1.100000
2026-05-19-10-34-07,3.710000,22.219999,22.400000,-11.300000,1.700000,73.000000,1.100000
2026-05-19-10-34-07,3.720000,22.209999,22.350000,-11.200000,1.100000,71.400002,1.100000
2026-05-19-10-34-07,3.710000,22.190001,22.299999,-11.200000,0.600000,69.699997,1.100000
2026-05-19-10-34-07,3.710000,22.180000,22.260000,-10.600000,0.200000,68.900002,1.100000
2026-05-19-10-34-08,3.730000,22.170000,22.240000,-9.200000,0.300000,67.099998,1.100000
2026-05-19-10-34-08,3.730000,22.200001,22.260000,-11.300000,1.200000,64.500000,1.100000
2026-05-19-10-34-08,3.760000,22.230000,22.270000,-11.100000,2.000000,62.400002,1.100000
2026-05-19-10-34-09,3.790000,22.219999,22.250000,-9.200000,1.400000,60.299999,1.100000
2026-05-19-10-34-09,3.800000,22.200001,22.250000,-7.000000,-0.400000,59.200001,1.100000
2026-05-19-10-34-09,3.790000,22.190001,22.260000,-6.600000,-0.300000,59.099998,1.100000
2026-05-19-10-34-10,3.770000,22.230000,22.270000,-8.100000,0.200000,57.099998,1.100000
2026-05-19-10-34-10,3.800000,22.230000,22.270000,-7.100000,0.200000,55.000000,1.100000
2026-05-19-10-34-10,3.850000,22.240000,22.270000,-9.100000,1.900000,54.400002,1.100000
2026-05-19-10-34-11,3.850000,22.230000,22.250000,-8.200000,0.400000,52.500000,1.100000
2026-05-19-10-34-11,3.860000,22.200001,22.270000,-8.400000,-0.000000,51.900002,1.100000
2026-05-19-10-34-11,3.860000,22.240000,22.280001,-7.600000,-0.500000,50.799999,1.100000
2026-05-19-10-34-12,3.870000,22.260000,22.280001,-7.300000,0.000000,48.900002,1.100000
2026-05-19-10-34-12,3.900000,22.250000,22.280001,-5.200000,0.300000,47.200001,1.100000
2026-05-19-10-34-12,3.930000,22.209999,22.270000,-6.300000,-0.300000,46.099998,1.100000
2026-05-19-10-34-13,3.930000,22.240000,22.270000,-5.200000,0.300000,44.200001,1.100000
2026-05-19-10-34-13,3.940000,22.250000,22.260000,-4.800000,-0.600000,41.799999,1.100000
2026-05-19-10-34-14,3.960000,22.250000,22.280001,-5.000000,-0.700000,40.500000,1.100000
2026-05-19-10-34-14,3.970000,22.250000,22.290001,-5.800000,-1.100000,39.200001,1.100000
2026-05-19-10-34-14,3.980000,22.260000,22.280001,-5.400000,-0.500000,37.299999,1.100000
2026-05-19-10-34-14,4.000000,22.250000,22.290001,-4.300000,-0.100000,35.900002,1.100000
2026-05-19-10-34-15,4.000000,22.240000,22.290001,-5.500000,-1.900000,34.799999,1.100000
2026-05-19-10-34-15,3.990000,22.270000,22.280001,-4.900000,-1.500000,33.299999,1.100000
2026-05-19-10-34-16,3.990000,22.230000,22.290001,-3.400000,-3.300000,31.299999,1.100000
2026-05-19-10-34-16,4.020000,22.240000,22.340000,-6.100000,-0.900000,30.400000,1.100000
2026-05-19-10-34-16,4.080000,22.270000,22.309999,-6.300000,0.600000,28.000000,1.100000
2026-05-19-10-34-16,4.100000,22.250000,22.290001,-6.300000,0.500000,26.600000,1.100000
2026-05-19-10-34-17,4.090000,22.219999,22.270000,-6.500000,-1.800000,25.900000,1.100000
2026-05-19-10-34-17,4.050000,22.190001,22.270000,-4.200000,-3.300000,25.000000,1.100000
2026-05-19-10-34-17,4.070000,22.200001,22.290001,-3.500000,-1.700000,23.299999,1.100000
2026-05-19-10-34-18,4.090000,22.230000,22.309999,-3.400000,-0.800000,20.600000,1.100000
2026-05-19-10-34-18,4.140000,22.190001,22.309999,-3.100000,-0.500000,18.500000,1.100000
2026-05-19-10-34-18,4.160000,22.160000,22.309999,-3.400000,-0.600000,18.299999,1.100000
2026-05-19-10-34-19,4.150000,22.160000,22.290001,-3.900000,-1.400000,17.400000,1.100000
2026-05-19-10-34-19,4.130000,22.170000,22.270000,-3.900000,-2.200000,16.000000,1.100000
2026-05-19-10-34-19,4.130000,22.180000,22.270000,-2.900000,-1.900000,13.400000,1.100000
2026-05-19-10-34-20,4.140000,22.150000,22.299999,-3.000000,-2.900000,11.000000,1.100000
2026-05-19-10-34-20,4.180000,22.150000,22.320000,-3.300000,-1.000000,8.800000,1.100000
2026-05-19-10-34-20,4.200000,22.139999,22.299999,-3.400000,-1.900000,7.000000,1.100000
2026-05-19-10-34-21,4.200000,22.129999,22.290001,-3.400000,-2.300000,6.300000,1.100000
2026-05-19-10-34-21,4.190000,22.129999,22.280001,-1.900000,-1.300000,3.800000,1.100000
2026-05-19-10-34-21,4.150000,22.110001,22.260000,-1.300000,-3.200000,1.200000,1.100000
2026-05-19-10-34-22,4.160000,22.110001,22.299999,-1.700000,-1.400000,-1.100000,1.100000
2026-05-19-10-34-22,4.230000,22.120001,22.340000,-1.200000,-0.500000,-4.300000,1.100000
2026-05-19-10-34-22,4.250000,22.090000,22.320000,-1.200000,-0.300000,-5.400000,1.100000
2026-05-19-10-34-23,4.240000,22.080000,22.290001,-1.400000,-1.500000,-7.000000,1.100000
2026-05-19-10-34-23,4.200000,22.080000,22.260000,-1.400000,-3.500000,-8.600000,1.100000
2026-05-19-10-34-23,4.170000,22.090000,22.270000,-1.600000,-3.400000,-10.400000,1.100000
2026-05-19-10-34-24,4.200000,22.080000,22.290001,-1.300000,-1.200000,-14.400000,1.100000
2026-05-19-10-34-24,4.220000,22.059999,22.299999,-1.500000,-1.900000,-16.400000,1.100000
2026-05-19-10-34-24,4.230000,22.049999,22.299999,-1.400000,-1.200000,-17.299999,1.100000
2026-05-19-10-34-24,4.240000,22.080000,22.320000,-2.300000,-0.100000,-19.100000,1.100000
2026-05-19-10-34-25,4.230000,22.049999,22.280001,-1.500000,-1.800000,-20.600000,1.100000
2026-05-19-10-34-25,4.200000,22.049999,22.270000,-1.100000,-3.300000,-21.700001,1.100000
2026-05-19-10-34-25,4.210000,22.020000,22.290001,-0.900000,-1.500000,-24.299999,1.100000
2026-05-19-10-34-26,4.240000,22.010000,22.290001,-1.200000,-1.800000,-26.700001,1.100000
2026-05-19-10-34-26,4.220000,22.000000,22.280001,-0.300000,-1.500000,-28.500000,1.100000
2026-05-19-10-34-26,4.210000,21.990000,22.290001,-0.300000,-1.000000,-31.400000,1.100000
2026-05-19-10-34-27,4.220000,21.990000,22.290001,-0.300000,-1.500000,-32.400002,1.100000
2026-05-19-10-34-27,4.230000,21.980000,22.290001,0.700000,-1.200000,-34.500000,1.100000
2026-05-19-10-34-27,4.200000,21.959999,22.290001,0.300000,-2.900000,-36.500000,1.100000
2026-05-19-10-34-28,4.210000,21.959999,22.290001,1.000000,-2.800000,-37.900002,1.100000
2026-05-19-10-34-28,4.220000,21.940001,22.290001,0.900000,-1.000000,-40.400002,1.100000
2026-05-19-10-34-28,4.220000,21.930000,22.270000,1.900000,-0.900000,-42.900002,1.100000
2026-05-19-10-34-29,4.210000,21.930000,22.280001,-2.000000,-1.400000,-56.400002,1.100000
2026-05-19-10-34-29,4.270000,21.950001,22.309999,-4.600000,-3.600000,-87.699997,1.100000
2026-05-19-10-34-29,4.290000,21.930000,22.309999,-6.200000,-4.000000,-96.500000,1.100000
2026-05-19-10-34-30,4.290000,21.910000,22.290001,-7.200000,-3.700000,-100.800003,1.100000
2026-05-19-10-34-30,4.260000,21.870001,22.299999,-9.300000,-0.200000,-103.300003,1.100000
2026-05-19-10-34-30,4.190000,21.740000,22.309999,-12.700000,2.800000,-104.400002,1.100000
2026-05-19-10-34-30,4.160000,21.660000,22.299999,-14.500000,2.700000,-104.599998,1.100000
2026-05-19-10-34-31,4.130000,21.510000,22.290001,-18.299999,-2.600000,-101.500000,1.100000
2026-05-19-10-34-31,4.070000,21.309999,22.320000,-22.000000,-6.300000,-99.400002,1.100000
2026-05-19-10-34-32,4.030000,21.120001,22.320000,-25.299999,-9.500000,-98.099998,1.100000
2026-05-19-10-34-32,4.000000,21.010000,22.320000,-27.299999,-11.100000,-97.000000,1.100000
2026-05-19-10-34-32,3.950000,20.860001,22.350000,-29.000000,-14.400000,-95.800003,1.100000
2026-05-19-10-34-33,3.930000,20.680000,22.410000,-30.000000,-16.400000,-94.599998,1.100000
2026-05-19-10-34-33,3.910000,20.469999,22.450001,-32.200001,-17.299999,-94.199997,1.100000
2026-05-19-10-34-33,3.890000,20.330000,22.490000,-33.000000,-17.700001,-94.199997,1.100000
2026-05-19-10-34-33,3.860000,20.219999,22.510000,-33.500000,-18.400000,-94.300003,1.100000
2026-05-19-10-34-34,3.830000,20.120001,22.540001,-33.700001,-19.500000,-94.300003,1.100000
2026-05-19-10-34-34,3.800000,20.030001,22.570000,-33.000000,-20.299999,-94.300003,1.100000
2026-05-19-10-34-34,3.780000,19.930000,22.620001,-33.000000,-20.100000,-94.500000,1.100000
2026-05-19-10-34-34,3.750000,19.790001,22.680000,-34.000000,-19.000000,-95.099998,1.100000
2026-05-19-10-34-35,3.850000,19.620001,22.690001,-31.700001,-22.000000,-101.800003,1.100000
2026-05-19-10-34-35,3.840000,19.530001,22.709999,-24.200001,-26.600000,-115.800003,1.100000
2026-05-19-10-34-35,3.820000,19.459999,22.730000,-16.000000,-28.799999,-129.199997,1.100000
2026-05-19-10-34-35,3.770000,19.389999,22.770000,-9.400000,-27.299999,-140.899994,1.100000
2026-05-19-10-34-35,3.700000,19.340000,22.820000,-9.300000,-25.799999,-145.500000,1.100000
2026-05-19-10-34-36,3.610000,19.280001,22.879999,-12.000000,-24.299999,-148.300003,1.100000
2026-05-19-10-34-36,3.520000,19.219999,22.930000,-15.500000,-23.799999,-149.899994,1.100000
2026-05-19-10-34-36,3.420000,19.160000,22.969999,-19.500000,-24.900000,-150.600006,1.100000
2026-05-19-10-34-36,3.310000,19.110001,23.010000,-23.900000,-26.500000,-150.699997,1.100000
2026-05-19-10-34-36,3.210000,19.070000,23.059999,-27.400000,-27.600000,-150.899994,1.100000
2026-05-19-10-34-37,3.100000,19.040001,23.120001,-29.700001,-27.799999,-151.500000,1.100000
2026-05-19-10-34-37,3.000000,19.010000,23.180000,-32.299999,-28.000000,-152.000000,1.100000
2026-05-19-10-34-37,2.890000,18.990000,23.230000,-33.799999,-26.700001,-153.199997,1.100000
2026-05-19-10-34-38,2.670000,18.990000,23.240000,-37.000000,-24.500000,-155.500000,1.100000
2026-05-19-10-34-38,2.560000,18.990000,23.219999,-37.799999,-24.200001,-156.000000,1.100000
2026-05-19-10-34-38,2.460000,18.990000,23.230000,-38.400002,-25.299999,-155.300003,1.100000
2026-05-19-10-34-38,2.360000,18.990000,23.250000,-39.599998,-27.600000,-153.399994,1.100000
2026-05-19-10-34-38,2.260000,18.980000,23.290001,-42.000000,-29.900000,-150.800003,1.100000
2026-05-19-10-34-39,2.160000,18.959999,23.340000,-44.900002,-31.400000,-148.399994,1.100000
2026-05-19-10-34-39,2.060000,18.930000,23.400000,-48.000000,-32.299999,-146.500000,1.100000
2026-05-19-10-34-39,1.970000,18.910000,23.459999,-49.500000,-33.200001,-146.800003,1.100000
2026-05-19-10-34-40,1.830000,18.840000,23.540001,-30.100000,-45.900002,-171.699997,1.100000
2026-05-19-10-34-40,1.770000,18.830000,23.590000,-15.500000,-47.799999,169.000000,1.100000
2026-05-19-10-34-40,1.700000,18.840000,23.660000,-9.600000,-45.599998,158.600006,1.100000
2026-05-19-10-34-40,1.650000,18.850000,23.700001,-9.000000,-44.099998,152.399994,1.100000
2026-05-19-10-34-40,1.610000,18.870001,23.719999,-13.800000,-40.799999,147.399994,1.100000
2026-05-19-10-34-41,1.570000,18.920000,23.709999,-20.299999,-35.599998,143.500000,1.100000
2026-05-19-10-34-41,1.540000,18.969999,23.660000,-23.299999,-30.500000,139.899994,1.100000
2026-05-19-10-34-41,1.510000,19.040001,23.610001,-25.400000,-26.500000,137.399994,1.100000
2026-05-19-10-34-41,1.500000,19.100000,23.549999,-27.299999,-20.900000,134.199997,1.100000
2026-05-19-10-34-41,1.500000,19.150000,23.490000,-28.400000,-15.800000,131.300003,1.100000
2026-05-19-10-34-42,1.490000,19.180000,23.440001,-28.700001,-12.100000,128.600006,1.100000
2026-05-19-10-34-42,1.490000,19.209999,23.389999,-28.600000,-8.900000,125.900002,1.100000
2026-05-19-10-34-42,1.490000,19.240000,23.330000,-30.600000,-7.600000,124.500000,1.100000
2026-05-19-10-34-42,1.520000,19.280001,23.240000,-34.599998,-7.800000,125.199997,1.100000
2026-05-19-10-34-43,1.570000,19.330000,23.160000,-35.200001,-5.100000,124.099998,1.100000
2026-05-19-10-34-43,1.630000,19.389999,23.090000,-34.900002,-1.700000,122.300003,1.100000
2026-05-19-10-34-43,1.680000,19.440001,23.030001,-34.299999,1.900000,119.300003,1.100000
2026-05-19-10-34-43,1.710000,19.469999,22.980000,-33.700001,2.000000,116.500000,1.100000
2026-05-19-10-34-44,1.730000,19.450001,22.920000,-35.700001,-5.200000,117.900002,1.100000
2026-05-19-10-34-44,1.740000,19.459999,22.930000,-36.500000,-7.400000,115.900002,1.100000
2026-05-19-10-34-44,1.700000,19.570000,22.959999,-38.700001,-5.700000,114.000000,1.100000
2026-05-19-10-34-45,1.680000,19.709999,22.990000,-40.200001,-5.600000,112.599998,1.100000
2026-05-19-10-34-45,1.650000,19.860001,23.030001,-40.900002,-10.000000,115.900002,1.100000
2026-05-19-10-34-45,1.570000,20.010000,23.100000,-44.400002,-13.200000,120.699997,1.100000
2026-05-19-10-34-46,1.470000,20.170000,23.170000,-48.000000,-14.400000,123.500000,1.100000
2026-05-19-10-34-46,1.360000,20.320000,23.209999,-48.599998,-22.400000,121.400002,1.100000
2026-05-19-10-34-47,1.280000,20.469999,23.250000,-41.500000,-35.400002,107.300003,1.100000
2026-05-19-10-34-47,1.230000,20.639999,23.290001,-36.099998,-37.900002,99.300003,1.100000
2026-05-19-10-34-47,1.240000,20.770000,23.430000,-34.799999,-36.700001,96.900002,1.100000
2026-05-19-10-34-48,1.190000,20.910000,23.590000,-38.299999,-35.799999,94.900002,1.100000
2026-05-19-10-34-48,1.150000,21.070000,23.690001,-42.200001,-36.000000,94.400002,1.100000
2026-05-19-10-34-48,1.150000,21.170000,23.730000,-45.599998,-35.799999,93.900002,1.100000
2026-05-19-10-34-48,1.180000,21.280001,23.780001,-48.099998,-35.599998,93.699997,1.100000
2026-05-19-10-34-49,1.220000,21.370001,23.830000,-50.700001,-35.099998,93.500000,1.100000
2026-05-19-10-34-49,1.250000,21.459999,23.910000,-52.000000,-34.299999,92.800003,1.100000
2026-05-19-10-34-49,1.260000,21.540001,24.000000,-52.799999,-33.200001,91.599998,1.100000
2026-05-19-10-34-49,1.260000,21.629999,24.100000,-52.799999,-31.900000,90.300003,1.100000
2026-05-19-10-34-50,1.250000,21.719999,24.180000,-52.700001,-30.700001,89.199997,1.100000
2026-05-19-10-34-50,1.240000,21.820000,24.250000,-52.700001,-29.400000,87.800003,1.100000
2026-05-19-10-34-50,1.250000,21.930000,24.299999,-53.099998,-28.100000,86.000000,1.100000
2026-05-19-10-34-50,1.270000,22.040001,24.340000,-53.099998,-27.400000,84.900002,1.100000
2026-05-19-10-34-50,1.300000,22.139999,24.389999,-52.799999,-27.000000,84.300003,1.100000
2026-05-19-10-34-51,1.330000,22.230000,24.450001,-52.200001,-26.600000,84.300003,1.100000
2026-05-19-10-34-51,1.350000,22.330000,24.520000,-52.000000,-26.100000,84.400002,1.100000
2026-05-19-10-34-51,1.370000,22.430000,24.590000,-52.099998,-25.500000,84.599998,1.100000
2026-05-19-10-34-51,1.390000,22.530001,2.000000,-52.200001,-24.600000,84.599998,1.100000
2026-05-19-10-34-52,1.430000,22.639999,24.709999,-53.000000,-23.500000,84.400002,1.100000
2026-05-19-10-34-52,1.480000,22.740000,24.719999,-53.900002,-22.100000,83.400002,1.100000
2026-05-19-10-34-52,1.540000,22.820000,24.719999,-54.599998,-21.000000,82.500000,1.100000
2026-05-19-10-34-52,1.690000,22.980000,24.730000,-54.700001,-19.299999,84.000000,1.100000
2026-05-19-10-34-53,1.760000,23.059999,24.740000,-55.200001,-19.799999,86.000000,1.100000
2026-05-19-10-34-53,1.820000,23.150000,24.780001,-56.099998,-21.100000,89.000000,1.100000
2026-05-19-10-34-53,1.860000,23.230000,24.820000,-58.599998,-22.400000,93.000000,1.100000
2026-05-19-10-34-53,1.890000,23.330000,24.850000,-64.500000,-21.700001,94.900002,1.100000
2026-05-19-10-34-53,1.930000,23.420000,24.879999,-67.300003,-19.500000,94.000000,1.100000
2026-05-19-10-34-54,1.980000,23.510000,24.889999,-68.300003,-18.700001,93.699997,1.100000
2026-05-19-10-34-54,2.100000,23.680000,24.900000,-66.599998,-18.299999,93.500000,1.100000
2026-05-19-10-34-54,2.200000,23.760000,24.930000,-65.199997,-19.000000,94.500000,1.100000
2026-05-19-10-34-55,2.200000,23.889999,24.950001,-64.300003,-20.100000,97.099998,1.100000
2026-05-19-10-34-55,2.250000,24.049999,25.030001,-64.000000,-20.299999,101.400002,1.100000
2026-05-19-10-34-56,2.450000,24.389999,25.059999,-63.200001,-16.900000,99.699997,1.100000
2026-05-19-10-34-56,2.510000,24.469999,25.059999,-63.400002,-17.500000,101.699997,1.100000
2026-05-19-10-34-57,2.590000,24.580000,25.059999,-57.400002,-44.299999,94.599998,1.100000
2026-05-19-10-34-57,2.590000,24.650000,25.040001,0.900000,-68.699997,21.299999,1.100000
2026-05-19-10-34-58,2.630000,24.700001,25.049999,51.000000,-40.099998,-52.500000,1.100000
2026-05-19-10-34-58,2.710000,24.700001,25.070000,44.500000,-18.799999,-75.300003,1.100000
2026-05-19-10-34-58,2.750000,24.660000,25.059999,37.200001,-15.200000,-81.099998,1.100000
2026-05-19-10-34-58,2.770000,24.629999,25.040001,29.600000,-13.700000,-85.400002,1.100000
2026-05-19-10-34-59,2.780000,24.600000,24.990000,21.799999,-13.300000,-87.900002,1.100000
2026-05-19-10-34-59,2.810000,24.590000,24.930000,18.299999,-13.200000,-88.199997,1.100000
2026-05-19-10-34-59,2.850000,24.580000,24.900000,14.500000,-12.300000,-87.400002,1.100000
2026-05-19-10-34-59,2.900000,24.559999,24.840000,8.600000,-11.700000,-84.699997,1.100000
2026-05-19-10-35-00,2.930000,24.510000,24.730000,3.200000,-12.700000,-82.900002,1.100000
2026-05-19-10-35-00,2.850000,24.480000,24.719999,1.600000,-12.500000,-81.000000,1.100000
2026-05-19-10-35-01,2.780000,24.469999,24.770000,-2.700000,-11.300000,-77.599998,1.100000
2026-05-19-10-35-01,2.820000,24.360001,24.860001,-10.000000,-4.500000,-73.699997,1.100000
2026-05-19-10-35-01,2.900000,24.190001,24.870001,-13.600000,-4.300000,-72.699997,1.100000
2026-05-19-10-35-02,2.950000,24.020000,24.850000,-14.500000,-8.000000,-72.500000,1.100000
2026-05-19-10-35-02,2.990000,23.879999,24.860001,-11.400000,-13.200000,-83.900002,1.100000
2026-05-19-10-35-02,3.040000,23.719999,24.900000,-10.300000,-12.200000,-91.000000,1.100000
2026-05-19-10-35-03,3.020000,23.530001,24.959999,-10.500000,-9.400000,-90.699997,1.100000
2026-05-19-10-35-03,3.040000,23.360001,25.000000,-17.100000,-9.900000,-86.599998,1.100000
2026-05-19-10-35-04,3.070000,23.170000,25.020000,-25.600000,-10.700000,-84.000000,1.100000
2026-05-19-10-35-04,3.080000,22.950001,25.020000,-29.900000,-12.700000,-82.400002,1.100000
2026-05-19-10-35-04,3.050000,22.760000,25.049999,-31.900000,-16.200001,-79.000000,1.100000
2026-05-19-10-35-04,3.000000,22.660000,25.090000,-32.099998,-16.799999,-78.199997,1.100000
2026-05-19-10-35-05,3.050000,22.510000,25.139999,-31.799999,-17.600000,-77.699997,1.100000
2026-05-19-10-35-05,3.090000,22.340000,25.200001,-32.099998,-18.799999,-76.900002,1.100000
2026-05-19-10-35-05,3.140000,22.160000,25.250000,-34.099998,-19.900000,-76.099998,1.100000
2026-05-19-10-35-06,3.170000,21.950001,25.299999,-35.299999,-19.900000,-76.400002,1.100000
2026-05-19-10-35-06,3.190000,21.770000,25.360001,-35.500000,-19.100000,-77.400002,1.100000
2026-05-19-10-35-06,3.190000,21.650000,25.410000,-35.900002,-18.900000,-77.400002,1.100000
2026-05-19-10-35-07,3.200000,21.559999,25.459999,-36.400002,-18.700001,-77.300003,1.100000
2026-05-19-10-35-07,3.220000,21.459999,25.510000,-36.799999,-18.200001,-77.599998,1.100000
2026-05-19-10-35-07,3.250000,21.350000,25.559999,-36.799999,-18.700001,-79.699997,1.100000
2026-05-19-10-35-07,3.270000,21.250000,25.570000,-32.599998,-24.100000,-89.099998,1.100000
2026-05-19-10-35-08,3.280000,21.150000,25.570000,-22.500000,-30.500000,-105.400002,1.100000
2026-05-19-10-35-08,3.280000,21.059999,25.590000,-14.400000,-32.900002,-119.500000,1.100000
2026-05-19-10-35-08,3.240000,20.980000,25.639999,-10.800000,-31.799999,-126.400002,1.100000
2026-05-19-10-35-08,3.120000,20.840000,25.709999,-7.500000,-27.000000,-132.899994,1.100000
2026-05-19-10-35-09,3.050000,20.770000,25.700001,-11.300000,-25.700001,-133.500000,1.100000
2026-05-19-10-35-09,2.980000,20.690001,25.670000,-16.500000,-25.400000,-133.899994,1.100000
2026-05-19-10-35-09,2.900000,20.629999,25.620001,-21.400000,-26.200001,-134.199997,1.100000
2026-05-19-10-35-09,2.830000,20.600000,25.540001,-26.700001,-27.000000,-134.600006,1.100000
2026-05-19-10-35-10,2.760000,20.610001,25.450001,-31.100000,-25.100000,-136.000000,1.100000
2026-05-19-10-35-10,2.670000,20.639999,25.379999,-34.000000,-21.000000,-138.199997,1.100000
2026-05-19-10-35-10,2.600000,20.700001,25.320000,-35.900002,-14.100000,-141.500000,1.100000
2026-05-19-10-35-10,2.550000,20.750000,25.290001,-37.299999,-10.300000,-143.399994,1.100000
2026-05-19-10-35-11,2.520000,20.770000,25.299999,-40.500000,-7.700000,-146.899994,1.100000
2026-05-19-10-35-11,2.510000,20.760000,25.340000,-46.299999,-7.000000,-148.800003,1.100000
2026-05-19-10-35-11,2.420000,20.719999,25.379999,-54.700001,-1.800000,-153.600006,1.100000
2026-05-19-10-35-12,2.350000,20.730000,25.420000,-54.700001,2.200000,-163.600006,1.100000
2026-05-19-10-35-12,2.320000,20.770000,25.430000,-48.099998,0.400000,-168.699997,1.100000
2026-05-19-10-35-13,2.350000,20.809999,25.469999,-41.400002,-5.200000,-166.800003,1.100000
2026-05-19-10-35-13,2.390000,20.780001,25.469999,-37.599998,-11.000000,-164.399994,1.100000
2026-05-19-10-35-13,2.420000,20.770000,25.400000,-37.799999,-15.100000,-164.199997,1.100000
2026-05-19-10-35-14,2.420000,20.870001,25.370001,-37.400002,-12.000000,-168.300003,1.100000
2026-05-19-10-35-14,2.390000,20.920000,25.440001,-39.299999,-7.500000,-172.000000,1.100000
2026-05-19-10-35-14,2.380000,20.930000,25.480000,-40.700001,-6.200000,-171.899994,1.100000
2026-05-19-10-35-15,2.350000,20.950001,25.490000,-40.599998,-6.900000,-172.500000,1.100000
2026-05-19-10-35-15,2.410000,20.870001,25.469999,-40.200001,-8.900000,-173.899994,1.100000
2026-05-19-10-35-15,2.440000,20.840000,25.459999,-41.700001,-13.800000,-176.100006,1.100000
2026-05-19-10-35-16,2.520000,20.879999,25.400000,-43.099998,-18.299999,177.399994,1.100000
2026-05-19-10-35-16,2.680000,20.990000,25.379999,-43.599998,-20.700001,168.899994,1.100000
2026-05-19-10-35-16,2.880000,20.980000,25.370001,-40.200001,-18.799999,160.000000,1.100000
2026-05-19-10-35-17,2.970000,20.889999,25.410000,-36.799999,-19.100000,153.199997,1.100000
2026-05-19-10-35-17,2.980000,20.820000,25.370001,-37.799999,-21.799999,150.000000,1.100000
2026-05-19-10-35-18,2.990000,20.809999,25.309999,-38.500000,-23.500000,143.600006,1.100000
2026-05-19-10-35-18,3.080000,20.840000,25.270000,-35.000000,-25.200001,136.199997,1.100000
2026-05-19-10-35-18,3.180000,20.860001,25.260000,-30.000000,-21.600000,130.699997,1.100000
2026-05-19-10-35-19,3.180000,20.820000,25.299999,-24.500000,-16.500000,122.500000,1.100000
2026-05-19-10-35-19,3.170000,20.750000,25.320000,-21.900000,-12.200000,116.599998,1.100000
2026-05-19-10-35-19,3.170000,20.709999,25.290001,-22.000000,-10.100000,111.800003,1.200000
2026-05-19-10-35-20,3.230000,20.709999,25.280001,-20.900000,-6.700000,107.699997,1.200000
2026-05-19-10-35-20,3.270000,20.700001,25.280001,-18.600000,-3.900000,104.500000,1.200000
2026-05-19-10-35-21,3.280000,20.650000,25.290001,-17.100000,-1.000000,99.800003,1.200000
2026-05-19-10-35-21,3.300000,20.600000,25.280001,-16.100000,2.700000,99.900002,1.200000
2026-05-19-10-35-21,3.280000,20.559999,25.290001,-15.500000,3.100000,99.300003,1.200000
2026-05-19-10-35-22,3.320000,20.510000,25.299999,-14.000000,3.200000,97.199997,1.200000
2026-05-19-10-35-22,3.380000,20.480000,25.290001,-12.000000,4.500000,98.000000,1.200000
2026-05-19-10-35-23,3.400000,20.450001,25.299999,-10.700000,3.800000,98.199997,1.200000
2026-05-19-10-35-23,3.370000,20.400000,25.290001,-11.700000,3.900000,96.699997,1.200000
2026-05-19-10-35-23,3.380000,20.360001,25.290001,-11.000000,3.400000,95.500000,1.200000
2026-05-19-10-35-24,3.440000,20.320000,25.320000,-10.300000,4.000000,95.000000,1.200000
2026-05-19-10-35-24,3.420000,20.299999,25.330000,-9.700000,4.800000,93.599998,1.200000
2026-05-19-10-35-24,3.420000,20.270000,25.299999,-9.100000,5.300000,92.800003,1.200000
2026-05-19-10-35-25,3.400000,20.230000,25.299999,-9.200000,5.800000,91.800003,1.200000
2026-05-19-10-35-25,3.480000,20.219999,25.290001,-7.700000,4.300000,90.800003,1.200000
2026-05-19-10-35-25,3.510000,20.180000,25.320000,-8.400000,2.900000,89.800003,1.200000
2026-05-19-10-35-26,3.470000,20.160000,25.320000,-9.000000,3.000000,88.900002,1.200000
2026-05-19-10-35-26,3.460000,20.139999,25.320000,-9.000000,3.600000,87.500000,1.200000
2026-05-19-10-35-27,3.470000,20.230000,25.330000,-11.300000,12.500000,88.599998,1.200000
2026-05-19-10-35-27,3.520000,20.309999,25.299999,-13.300000,12.500000,87.900002,1.200000
2026-05-19-10-35-27,3.570000,20.330000,25.320000,-14.000000,5.800000,87.300003,1.200000
2026-05-19-10-35-28,3.480000,20.299999,25.309999,-24.400000,-2.900000,82.300003,1.200000
2026-05-19-10-35-28,3.420000,20.200001,25.250000,-35.200001,-7.800000,72.500000,1.200000
2026-05-19-10-35-28,3.400000,20.040001,25.280001,-32.299999,-5.000000,63.500000,1.200000
2026-05-19-10-35-29,3.310000,19.920000,25.299999,-33.700001,-2.900000,55.000000,1.200000
2026-05-19-10-35-29,3.170000,19.790001,25.280001,-38.200001,-4.800000,49.599998,1.200000
2026-05-19-10-35-30,3.040000,19.670000,25.260000,-38.799999,-5.800000,46.700001,1.200000
2026-05-19-10-35-30,2.970000,19.610001,25.230000,-35.099998,-5.000000,42.500000,1.200000
2026-05-19-10-35-30,2.920000,19.530001,25.190001,-32.500000,-6.800000,41.200001,1.200000
2026-05-19-10-35-31,2.880000,19.469999,25.160000,-31.000000,-7.900000,40.400002,1.200000
2026-05-19-10-35-31,2.840000,19.440001,25.170000,-30.500000,-8.800000,38.000000,1.200000
2026-05-19-10-35-31,2.770000,19.440001,25.170000,-40.099998,-7.200000,34.700001,1.200000
2026-05-19-10-35-32,2.710000,19.480000,25.110001,-52.299999,-3.800000,34.900002,1.200000
2026-05-19-10-35-32,2.660000,19.510000,25.030001,-47.500000,-3.200000,38.400002,1.200000
2026-05-19-10-35-33,2.620000,19.540001,25.030001,-36.299999,-5.200000,38.000000,1.200000
2026-05-19-10-35-33,2.630000,19.520000,25.020000,-26.799999,-5.200000,38.799999,1.200000
2026-05-19-10-35-33,2.640000,19.520000,25.040001,-27.200001,6.800000,58.500000,1.200000
2026-05-19-10-35-34,2.630000,19.600000,25.049999,-23.799999,26.000000,89.900002,1.200000
2026-05-19-10-35-34,2.650000,19.610001,24.990000,-22.700001,30.000000,103.300003,1.200000
2026-05-19-10-35-35,2.690000,19.549999,24.980000,-28.400000,22.600000,98.099998,1.200000
2026-05-19-10-35-35,2.640000,19.540001,25.010000,-32.599998,14.700000,82.500000,1.200000
2026-05-19-10-35-35,2.550000,19.670000,24.969999,-36.400002,-3.100000,49.700001,1.200000
2026-05-19-10-35-36,2.530000,19.760000,24.910000,-29.600000,-28.799999,9.600000,1.200000
2026-05-19-10-35-36,2.580000,19.820000,24.830000,1.200000,-43.500000,-42.799999,1.200000
2026-05-19-10-35-36,2.660000,19.790001,24.820000,28.600000,-35.599998,-86.300003,1.200000
2026-05-19-10-35-37,2.700000,19.760000,24.910000,32.500000,-24.200001,-105.000000,1.200000
2026-05-19-10-35-37,2.690000,19.770000,24.959999,31.500000,-18.900000,-114.199997,1.200000
2026-05-19-10-35-37,2.680000,19.719999,24.969999,25.900000,-16.900000,-117.800003,1.200000
2026-05-19-10-35-38,2.660000,19.580000,24.990000,16.299999,-16.500000,-117.099998,1.200000
2026-05-19-10-35-38,2.620000,19.410000,25.030001,9.000000,-15.600000,-115.900002,1.200000
2026-05-19-10-35-39,2.560000,19.250000,25.100000,4.200000,-16.500000,-115.400002,1.200000
2026-05-19-10-35-39,2.510000,19.100000,25.170000,1.400000,-18.700001,-114.000000,1.200000
2026-05-19-10-35-39,2.470000,18.950001,25.200001,-1.600000,-19.600000,-112.500000,1.200000
2026-05-19-10-35-40,2.460000,18.889999,25.219999,-3.100000,-21.000000,-111.000000,1.200000
2026-05-19-10-35-40,2.430000,18.730000,25.250000,-6.000000,-25.299999,-106.699997,1.200000
2026-05-19-10-35-40,2.390000,18.559999,25.280001,-9.200000,-27.000000,-103.400002,1.200000
2026-05-19-10-35-41,2.360000,18.379999,25.350000,-12.300000,-26.500000,-100.500000,1.200000
2026-05-19-10-35-41,2.380000,18.200001,25.440001,-14.900000,-24.500000,-97.800003,1.200000
2026-05-19-10-35-41,2.430000,18.040001,25.490000,-17.900000,-22.600000,-94.699997,1.200000
2026-05-19-10-35-42,2.490000,17.910000,25.500000,-19.799999,-21.500000,-91.699997,1.200000
2026-05-19-10-35-42,2.480000,17.799999,25.490000,-16.600000,-20.299999,-90.300003,1.200000
2026-05-19-10-35-43,2.460000,17.700001,25.510000,-11.300000,-15.000000,-92.800003,1.200000
2026-05-19-10-35-43,2.460000,17.629999,25.520000,-10.200000,-10.500000,-95.500000,1.200000
2026-05-19-10-35-43,2.480000,17.600000,25.510000,-10.800000,-8.400000,-96.900002,1.200000
2026-05-19-10-35-43,2.500000,17.570000,25.490000,-12.300000,-6.200000,-98.900002,1.200000
2026-05-19-10-35-44,2.520000,17.549999,25.450001,-14.200000,-4.000000,-101.000000,1.200000
2026-05-19-10-35-44,2.520000,17.540001,25.400000,-16.000000,-2.300000,-102.400002,1.200000
2026-05-19-10-35-44,2.500000,17.530001,25.350000,-16.900000,-1.100000,-103.699997,1.200000
2026-05-19-10-35-44,2.440000,17.510000,25.320000,-15.200000,1.200000,-105.800003,1.200000
2026-05-19-10-35-45,2.370000,17.450001,25.340000,-12.200000,5.100000,-109.699997,1.200000
2026-05-19-10-35-45,2.380000,17.420000,25.330000,-11.600000,4.800000,-111.400002,1.200000
2026-05-19-10-35-45,2.420000,17.420000,25.290001,-11.300000,2.800000,-112.599998,1.200000
2026-05-19-10-35-46,2.460000,17.400000,25.240000,-12.500000,1.200000,-113.599998,1.200000
2026-05-19-10-35-46,2.410000,17.370001,25.219999,-13.500000,4.200000,-115.699997,1.200000
2026-05-19-10-35-46,2.330000,17.280001,25.240000,-19.400000,8.800000,-114.500000,1.200000
2026-05-19-10-35-47,2.310000,17.139999,25.260000,-24.600000,8.700000,-111.500000,1.200000
2026-05-19-10-35-47,2.350000,17.010000,25.240000,-22.700001,-4.200000,-133.600006,1.200000
2026-05-19-10-35-48,2.390000,16.920000,25.209999,-17.500000,-9.500000,-158.699997,1.200000
2026-05-19-10-35-48,2.380000,16.920000,25.200001,-17.400000,-7.500000,-167.699997,1.200000
2026-05-19-10-35-48,2.360000,16.920000,25.170000,-20.900000,-4.700000,-170.100006,1.200000
2026-05-19-10-35-49,2.330000,16.900000,25.190001,-23.600000,-3.400000,-171.800003,1.200000
2026-05-19-10-35-49,2.310000,16.900000,25.209999,-24.700001,-1.700000,-170.399994,1.200000
2026-05-19-10-35-50,2.360000,16.900000,25.209999,-24.200001,-4.100000,-168.899994,1.200000
2026-05-19-10-35-50,2.350000,16.920000,25.190001,-22.400000,0.400000,-166.000000,1.200000
2026-05-19-10-35-50,2.310000,16.940001,25.190001,-19.799999,3.400000,-165.500000,1.200000
2026-05-19-10-35-51,2.310000,16.959999,25.209999,-16.000000,5.000000,-162.199997,1.200000
2026-05-19-10-35-51,2.290000,16.969999,25.219999,-13.500000,6.900000,-160.100006,1.200000
2026-05-19-10-35-51,2.300000,16.980000,25.219999,-12.000000,7.100000,-157.500000,1.200000
2026-05-19-10-35-52,2.300000,17.000000,25.209999,-10.600000,8.400000,-155.000000,1.200000
2026-05-19-10-35-52,2.310000,17.030001,25.230000,-9.400000,7.300000,-152.699997,1.200000
2026-05-19-10-35-53,2.300000,17.059999,25.230000,-8.200000,7.500000,-151.100006,1.200000
2026-05-19-10-35-53,2.290000,17.080000,25.230000,-6.200000,7.300000,-149.899994,1.200000
2026-05-19-10-35-53,2.290000,17.110001,25.240000,-5.500000,7.900000,-150.000000,1.200000
2026-05-19-10-35-54,2.310000,17.100000,25.240000,-4.900000,7.400000,-148.899994,1.200000
2026-05-19-10-35-54,2.300000,17.139999,25.240000,-3.900000,7.200000,-149.000000,1.200000
2026-05-19-10-35-55,2.300000,17.180000,25.250000,-3.200000,6.500000,-149.699997,1.200000
2026-05-19-10-35-55,2.300000,17.170000,25.270000,-3.300000,8.200000,-151.000000,1.200000
2026-05-19-10-35-55,2.330000,17.180000,25.250000,-3.600000,7.700000,-151.199997,1.200000
2026-05-19-10-35-55,2.300000,17.260000,25.209999,-3.400000,7.100000,-152.500000,1.200000
2026-05-19-10-35-56,2.290000,17.299999,25.209999,-4.500000,7.600000,-153.500000,1.200000
2026-05-19-10-35-56,2.290000,17.320000,25.230000,-3.300000,7.000000,-156.000000,1.200000
2026-05-19-10-35-57,2.300000,17.340000,25.260000,-2.600000,6.200000,-157.800003,1.200000
2026-05-19-10-35-57,2.320000,17.330000,25.260000,-3.100000,6.400000,-160.000000,1.200000
2026-05-19-10-35-57,2.340000,17.320000,25.260000,-3.500000,6.500000,-163.600006,1.200000
2026-05-19-10-35-58,2.370000,17.360001,25.230000,-3.200000,6.600000,-166.000000,1.200000
2026-05-19-10-35-58,2.380000,17.400000,25.209999,-2.500000,6.300000,-167.100006,1.200000
2026-05-19-10-35-58,2.380000,17.459999,25.240000,-2.400000,8.300000,-169.699997,1.200000
2026-05-19-10-35-59,2.370000,17.410000,25.290001,-3.600000,8.200000,-173.199997,1.200000
2026-05-19-10-35-59,2.420000,17.410000,25.280001,-3.300000,6.800000,-175.500000,1.200000
2026-05-19-10-36-00,2.450000,17.430000,25.260000,-3.800000,6.300000,-179.000000,1.200000
2026-05-19-10-36-00,2.470000,17.459999,25.230000,-2.200000,6.900000,179.000000,1.200000
2026-05-19-10-36-00,2.480000,17.549999,25.250000,-2.000000,6.800000,175.600006,1.200000
2026-05-19-10-36-01,2.480000,17.520000,25.290001,-5.000000,6.700000,172.500000,1.200000
2026-05-19-10-36-01,2.480000,17.480000,25.299999,-5.700000,6.900000,168.300003,1.200000
2026-05-19-10-36-01,2.530000,17.500000,25.270000,-4.800000,6.100000,165.100006,1.200000
2026-05-19-10-36-02,2.560000,17.549999,25.230000,-3.900000,7.500000,162.600006,1.200000
2026-05-19-10-36-02,2.590000,17.590000,25.240000,-1.900000,6.900000,159.100006,1.200000
2026-05-19-10-36-03,2.600000,17.590000,25.299999,-2.000000,7.100000,156.300003,1.200000
2026-05-19-10-36-03,2.580000,17.540001,25.340000,-5.000000,5.900000,152.199997,1.200000
2026-05-19-10-36-03,2.610000,17.540001,25.299999,-6.100000,6.100000,149.300003,1.200000
2026-05-19-10-36-04,2.640000,17.570000,25.260000,-7.100000,6.200000,146.100006,1.200000
2026-05-19-10-36-04,2.680000,17.580000,25.260000,-4.700000,4.400000,143.199997,1.200000
2026-05-19-10-36-04,2.720000,17.610001,25.299999,-4.300000,5.900000,139.899994,1.200000
2026-05-19-10-36-05,2.710000,17.570000,25.340000,-5.400000,5.400000,137.399994,1.200000
2026-05-19-10-36-05,2.710000,17.590000,25.320000,-4.900000,7.400000,134.000000,1.200000
2026-05-19-10-36-05,2.700000,17.559999,25.309999,-5.300000,7.100000,133.100006,1.200000
2026-05-19-10-36-06,2.760000,17.610001,25.270000,-5.700000,4.700000,131.500000,1.200000
2026-05-19-10-36-06,2.830000,17.610001,25.250000,-4.000000,4.500000,128.800003,1.200000
2026-05-19-10-36-06,2.870000,17.650000,25.299999,-4.600000,5.800000,126.400002,1.200000
2026-05-19-10-36-07,2.850000,17.639999,25.350000,-6.900000,5.800000,124.500000,1.200000
2026-05-19-10-36-07,2.810000,17.610001,25.309999,-8.200000,5.800000,121.099998,1.200000
2026-05-19-10-36-08,2.880000,17.600000,25.270000,-7.200000,3.500000,119.400002,1.200000
2026-05-19-10-36-08,2.940000,17.600000,25.299999,-7.000000,3.300000,116.500000,1.200000
2026-05-19-10-36-08,2.940000,17.620001,25.320000,-5.200000,4.700000,114.900002,1.200000
2026-05-19-10-36-09,2.940000,17.600000,25.330000,-6.400000,4.200000,111.199997,1.200000
2026-05-19-10-36-09,2.940000,17.590000,25.290001,-6.100000,4.700000,108.599998,1.200000
2026-05-19-10-36-10,3.000000,17.600000,25.309999,-6.600000,5.000000,106.400002,1.200000
2026-05-19-10-36-10,3.010000,17.570000,25.330000,-7.900000,3.400000,102.699997,1.200000
2026-05-19-10-36-10,3.010000,17.540001,25.320000,-6.600000,3.400000,101.500000,1.200000
2026-05-19-10-36-11,3.040000,17.559999,25.299999,-6.100000,3.800000,97.900002,1.200000
2026-05-19-10-36-11,3.080000,17.549999,25.290001,-4.200000,2.700000,94.599998,1.200000
2026-05-19-10-36-11,3.120000,17.530001,25.340000,-5.700000,3.200000,91.699997,1.200000
2026-05-19-10-36-12,3.080000,17.520000,25.370001,-7.800000,2.600000,88.599998,1.200000
2026-05-19-10-36-12,3.090000,17.500000,25.340000,-8.100000,3.400000,86.300003,1.200000
2026-05-19-10-36-13,3.130000,17.490000,25.309999,-8.300000,1.800000,82.400002,1.200000
2026-05-19-10-36-13,3.150000,17.430000,25.309999,-10.300000,-0.200000,77.000000,1.200000
2026-05-19-10-36-13,3.170000,17.389999,25.360001,-11.200000,1.000000,73.000000,1.200000
2026-05-19-10-36-14,3.130000,17.370001,25.379999,-15.300000,0.800000,67.400002,1.200000
2026-05-19-10-36-14,3.070000,17.270000,25.320000,-20.400000,-3.500000,62.799999,1.200000
2026-05-19-10-36-14,3.050000,17.110001,25.320000,-22.400000,-4.700000,55.599998,1.200000
2026-05-19-10-36-15,2.940000,17.000000,25.360001,-25.299999,-6.300000,43.099998,1.200000
2026-05-19-10-36-15,2.820000,16.920000,25.340000,-30.000000,-9.900000,30.600000,1.200000
2026-05-19-10-36-15,2.760000,16.840000,25.320000,-31.400000,-6.100000,31.400000,1.200000
2026-05-19-10-36-16,2.700000,16.799999,25.260000,-29.900000,-3.200000,42.700001,1.200000
2026-05-19-10-36-16,2.640000,16.719999,25.230000,-27.500000,0.100000,60.400002,1.200000
2026-05-19-10-36-17,2.610000,16.629999,25.240000,-22.100000,3.900000,73.599998,1.200000
2026-05-19-10-36-17,2.560000,16.520000,25.290001,-22.500000,12.000000,76.000000,1.200000
2026-05-19-10-36-17,2.450000,16.420000,25.309999,-28.200001,17.900000,75.000000,1.200000
2026-05-19-10-36-18,2.450000,16.260000,25.350000,-29.700001,20.100000,75.099998,1.200000
2026-05-19-10-36-18,2.430000,16.100000,25.430000,-34.000000,21.000000,74.000000,1.200000
2026-05-19-10-36-19,2.350000,15.940000,25.500000,-40.000000,20.700001,71.199997,1.200000
2026-05-19-10-36-19,2.300000,15.770000,25.580000,-45.200001,18.600000,68.199997,1.200000
2026-05-19-10-36-19,2.250000,15.670000,25.629999,-51.400002,18.200001,63.000000,1.200000
2026-05-19-10-36-20,2.250000,15.580000,25.629999,-54.500000,16.200001,59.299999,1.200000
2026-05-19-10-36-20,2.260000,15.470000,25.650000,-53.400002,10.300000,58.900002,1.200000
2026-05-19-10-36-20,2.240000,15.390000,25.660000,-49.599998,5.000000,63.000000,1.200000
2026-05-19-10-36-21,2.230000,15.350000,25.670000,-46.500000,-1.300000,62.900002,1.200000
2026-05-19-10-36-21,2.210000,15.330000,25.680000,-43.000000,-1.500000,59.299999,1.200000
2026-05-19-10-36-22,2.210000,15.280000,25.700001,-39.400002,-2.000000,54.500000,1.200000
2026-05-19-10-36-22,2.210000,15.230000,25.700001,-34.200001,-1.900000,50.400002,1.200000
2026-05-19-10-36-22,2.200000,15.200000,25.719999,-29.799999,-2.000000,48.400002,1.200000
2026-05-19-10-36-23,2.180000,15.180000,25.709999,-25.700001,-3.700000,45.299999,1.200000
2026-05-19-10-36-23,2.130000,15.120000,25.700001,-28.700001,-9.400000,42.000000,1.200000
2026-05-19-10-36-24,2.020000,15.040000,25.700001,-31.799999,-10.400000,37.400002,1.200000
2026-05-19-10-36-24,1.870000,14.950000,25.670000,-33.799999,-9.200000,30.200001,1.200000
2026-05-19-10-36-24,1.700000,14.860000,25.639999,-35.099998,-8.200000,24.900000,1.200000
2026-05-19-10-36-25,1.530000,14.790000,25.620001,-36.400002,-9.400000,20.600000,1.200000
2026-05-19-10-36-25,1.370000,14.770000,25.590000,-37.000000,-8.500000,15.100000,1.200000
2026-05-19-10-36-25,1.270000,14.740000,25.570000,-34.299999,-8.600000,10.600000,1.200000
2026-05-19-10-36-26,1.220000,14.720000,25.530001,-33.200001,-11.300000,6.100000,1.200000
2026-05-19-10-36-26,1.160000,14.750000,25.459999,-32.000000,-16.299999,-1.200000,1.200000
2026-05-19-10-36-26,1.110000,14.700000,25.459999,-30.600000,-18.299999,-4.500000,1.200000
2026-05-19-10-36-27,1.060000,14.690000,25.510000,-41.799999,-3.700000,17.299999,1.200000
2026-05-19-10-36-27,1.090000,14.650000,25.549999,-39.000000,17.799999,45.000000,1.200000
2026-05-19-10-36-28,1.090000,14.630000,25.540001,-32.599998,24.500000,59.599998,1.200000
2026-05-19-10-36-28,1.090000,14.610000,25.540001,-28.200001,27.700001,66.400002,1.200000
2026-05-19-10-36-28,1.070000,14.610000,25.530001,-26.299999,28.500000,71.000000,1.200000
2026-05-19-10-36-29,1.060000,14.650000,25.520000,-15.200000,31.299999,96.500000,1.200000
2026-05-19-10-36-29,1.120000,14.700000,25.510000,3.400000,25.200001,135.100006,1.200000
2026-05-19-10-36-29,1.130000,14.750000,25.469999,7.200000,19.700001,151.699997,1.200000
2026-05-19-10-36-30,1.130000,14.770000,25.440001,9.300000,22.100000,158.399994,1.200000
2026-05-19-10-36-30,1.050000,14.800000,25.420000,12.700000,28.700001,163.800003,1.200000
2026-05-19-10-36-31,0.910000,14.870000,25.350000,13.900000,30.400000,169.899994,1.200000
2026-05-19-10-36-31,0.780000,14.950000,25.260000,12.500000,26.400000,174.500000,1.200000
2026-05-19-10-36-31,0.660000,14.990000,25.150000,6.700000,20.799999,176.899994,1.200000
2026-05-19-10-36-32,0.500000,15.040000,25.059999,-1.300000,16.900000,176.899994,1.200000
2026-05-19-10-36-32,0.390000,15.050000,24.969999,-7.800000,15.600000,175.300003,1.200000
2026-05-19-10-36-33,0.340000,15.090000,24.900000,-3.900000,21.700001,174.000000,1.200000
2026-05-19-10-36-33,0.260000,15.130000,24.879999,-3.700000,31.900000,174.000000,1.200000
2026-05-19-10-36-33,0.200000,15.170000,24.910000,-9.000000,27.400000,173.500000,1.200000
2026-05-19-10-36-33,0.170000,15.190000,24.900000,-10.400000,25.100000,173.600006,1.200000
2026-05-19-10-36-34,0.010000,15.210000,24.850000,-15.400000,26.900000,173.600006,1.200000
2026-05-19-10-36-34,-0.160000,15.220000,24.790001,-23.299999,21.900000,157.800003,1.200000
2026-05-19-10-36-35,-0.260000,15.240000,24.730000,-26.500000,7.600000,136.300003,1.200000
2026-05-19-10-36-35,-0.400000,15.330000,24.709999,-26.700001,1.700000,125.900002,1.200000
2026-05-19-10-36-35,-0.480000,15.490000,24.690001,-30.000000,0.900000,132.399994,1.200000
2026-05-19-10-36-36,-0.560000,15.640000,24.700001,-38.299999,6.000000,144.699997,1.200000
2026-05-19-10-36-36,-0.600000,15.750000,24.709999,-40.299999,6.900000,145.899994,1.200000
2026-05-19-10-36-36,-0.780000,15.780000,24.670000,-42.799999,7.000000,146.600006,1.200000
2026-05-19-10-36-37,-0.890000,15.860000,24.639999,-42.099998,-6.000000,136.800003,1.200000
2026-05-19-10-36-37,-1.010000,15.950000,24.620001,-35.900002,-20.600000,119.099998,1.200000
2026-05-19-10-36-37,-1.070000,16.100000,24.700001,-34.299999,-23.799999,112.599998,1.200000
2026-05-19-10-36-38,-1.100000,16.280001,24.760000,-38.599998,-25.400000,110.900002,1.200000
2026-05-19-10-36-38,-1.140000,16.459999,24.830000,-42.799999,-26.600000,110.800003,1.200000
2026-05-19-10-36-38,-1.180000,16.570000,24.889999,-45.500000,-26.700001,110.800003,1.200000
2026-05-19-10-36-38,-1.210000,16.670000,24.969999,-48.900002,-26.400000,110.300003,1.200000
2026-05-19-10-36-39,-1.220000,16.770000,25.040001,-51.700001,-25.799999,109.599998,1.200000
2026-05-19-10-36-39,-1.230000,16.860001,25.110001,-54.599998,-25.600000,109.000000,1.200000
2026-05-19-10-36-39,-1.240000,16.950001,25.170000,-57.200001,-25.600000,108.699997,1.200000
2026-05-19-10-36-39,-1.260000,17.049999,25.240000,-58.799999,-25.500000,108.099998,1.200000
2026-05-19-10-36-40,-1.270000,17.139999,25.299999,-59.500000,-25.200001,107.699997,1.200000
2026-05-19-10-36-40,-1.290000,17.240000,25.360001,-59.400002,-24.600000,107.199997,1.200000
2026-05-19-10-36-40,-1.300000,17.340000,25.430000,-59.000000,-24.100000,106.199997,1.200000
2026-05-19-10-36-40,-1.320000,17.450001,25.490000,-58.799999,-23.700001,105.500000,1.200000
2026-05-19-10-36-40,-1.330000,17.559999,25.549999,-59.299999,-23.299999,105.199997,1.200000
2026-05-19-10-36-41,-1.350000,17.670000,25.620001,-59.599998,-22.799999,104.800003,1.200000
2026-05-19-10-36-41,-1.370000,17.770000,25.680000,-59.900002,-22.400000,104.800003,1.200000
2026-05-19-10-36-41,-1.380000,17.879999,25.740000,-60.200001,-21.900000,104.599998,1.200000
2026-05-19-10-36-41,-1.390000,17.980000,25.820000,-60.500000,-21.500000,104.400002,1.200000
2026-05-19-10-36-41,-1.400000,18.080000,25.879999,-60.599998,-21.299999,104.099998,1.200000
2026-05-19-10-36-42,-1.410000,18.180000,25.940001,-59.400002,-21.600000,103.599998,1.200000
2026-05-19-10-36-42,-1.420000,18.280001,26.000000,-58.599998,-21.600000,102.800003,1.200000
2026-05-19-10-36-42,-1.430000,18.379999,26.059999,-58.799999,-21.600000,101.699997,1.200000
2026-05-19-10-36-42,-1.420000,18.450001,26.100000,-60.099998,-22.799999,101.000000,1.200000
2026-05-19-10-36-43,-1.410000,18.500000,26.129999,-60.200001,-24.500000,99.800003,1.200000
2026-05-19-10-36-43,-1.400000,18.540001,26.150000,-58.000000,-28.799999,95.599998,1.200000
2026-05-19-10-36-43,-1.390000,18.580000,26.170000,-54.599998,-31.500000,91.000000,1.200000
2026-05-19-10-36-43,-1.370000,18.610001,26.190001,-49.599998,-32.799999,84.599998,1.200000
2026-05-19-10-36-43,-1.360000,18.629999,26.190001,-47.500000,-34.400002,78.300003,1.200000
2026-05-19-10-36-44,-1.360000,18.670000,26.190001,-39.099998,-42.500000,61.500000,1.200000
2026-05-19-10-36-44,-1.360000,18.719999,26.190001,-20.400000,-49.900002,32.799999,1.200000
2026-05-19-10-36-44,-1.350000,18.750000,26.190001,-7.900000,-50.700001,12.700000,1.200000
2026-05-19-10-36-44,-1.330000,18.780001,26.190001,-1.700000,-49.500000,-0.300000,1.200000
2026-05-19-10-36-45,-1.300000,18.799999,26.190001,1.900000,-46.900002,-12.100000,1.200000
2026-05-19-10-36-45,-1.270000,18.809999,26.190001,5.600000,-43.599998,-23.700001,1.200000
2026-05-19-10-36-45,-1.240000,18.840000,26.200001,18.400000,-37.400002,-49.500000,1.200000
2026-05-19-10-36-45,-1.190000,18.850000,26.219999,27.400000,-25.799999,-75.400002,1.200000
2026-05-19-10-36-45,-1.150000,18.840000,26.219999,28.600000,-17.799999,-90.599998,1.200000
2026-05-19-10-36-46,-1.140000,18.809999,26.219999,28.299999,-13.500000,-96.099998,1.200000
2026-05-19-10-36-46,-1.150000,18.750000,26.230000,25.299999,-11.200000,-99.300003,1.200000
2026-05-19-10-36-46,-1.000000,18.610001,26.350000,22.900000,-10.900000,-102.400002,1.200000
2026-05-19-10-36-46,-1.160000,18.620001,26.240000,22.000000,-11.800000,-104.900002,1.200000
2026-05-19-10-36-46,-1.160000,18.570000,26.240000,20.900000,-12.800000,-107.699997,1.200000
2026-05-19-10-36-47,-1.160000,18.520000,26.219999,17.900000,-15.600000,-105.099998,1.200000
2026-05-19-10-36-47,-1.180000,18.469999,26.200001,10.100000,-20.799999,-91.500000,1.200000
2026-05-19-10-36-47,-1.190000,18.440001,26.170000,5.200000,-23.200001,-85.599998,1.200000
2026-05-19-10-36-47,-1.190000,18.420000,26.139999,2.100000,-24.500000,-81.599998,1.200000
2026-05-19-10-36-48,-1.200000,18.410000,26.120001,0.300000,-24.600000,-78.400002,1.200000
2026-05-19-10-36-48,-1.200000,18.370001,26.129999,-0.800000,-21.600000,-74.400002,1.200000
2026-05-19-10-36-48,-1.200000,18.290001,26.160000,-1.900000,-18.500000,-72.099998,1.200000
2026-05-19-10-36-48,-1.190000,18.200001,26.190001,-3.700000,-15.400000,-69.800003,1.200000
2026-05-19-10-36-48,-1.180000,18.090000,26.209999,-4.300000,-14.600000,-68.300003,1.200000
2026-05-19-10-36-49,-1.160000,17.969999,26.240000,-5.000000,-14.900000,-66.900002,1.200000
2026-05-19-10-36-49,-1.140000,17.850000,26.250000,-6.300000,-15.900000,-65.699997,1.200000
2026-05-19-10-36-49,-1.110000,17.740000,26.270000,-8.400000,-16.900000,-64.599998,1.200000
2026-05-19-10-36-49,-1.090000,17.629999,26.299999,-11.700000,-18.200001,-63.599998,1.200000
2026-05-19-10-36-50,-1.060000,17.530001,26.330000,-14.700000,-19.100000,-62.900002,1.200000
2026-05-19-10-36-50,-1.030000,17.440001,26.379999,-17.100000,-19.900000,-62.799999,1.200000
2026-05-19-10-36-50,-1.000000,17.330000,26.420000,-18.600000,-20.600000,-62.900002,1.200000
2026-05-19-10-36-50,-0.960000,17.240000,26.459999,-17.299999,-22.299999,-66.800003,1.200000
2026-05-19-10-36-50,-0.930000,17.160000,26.490000,-10.200000,-25.600000,-80.800003,1.200000
2026-05-19-10-36-51,-0.910000,17.080000,26.510000,-1.300000,-26.000000,-96.500000,1.200000
2026-05-19-10-36-51,-0.900000,17.010000,26.540001,9.200000,-22.400000,-117.099998,1.200000
2026-05-19-10-36-51,-0.910000,16.930000,26.570000,12.900000,-17.900000,-128.000000,1.200000
2026-05-19-10-36-51,-0.960000,16.860001,26.600000,11.200000,-13.400000,-134.300003,1.200000
2026-05-19-10-36-51,-1.040000,16.790001,26.629999,7.200000,-11.200000,-137.100006,1.200000
2026-05-19-10-36-52,-1.130000,16.719999,26.650000,2.300000,-10.200000,-138.699997,1.200000
2026-05-19-10-36-52,-1.230000,16.650000,26.670000,-2.500000,-10.900000,-139.600006,1.200000
2026-05-19-10-36-52,-1.330000,16.590000,26.690001,-6.100000,-12.300000,-140.600006,1.200000
2026-05-19-10-36-52,-1.420000,16.540001,26.700001,-8.200000,-15.600000,-148.500000,1.200000
2026-05-19-10-36-53,-1.500000,16.490000,26.709999,-7.400000,-19.000000,-160.000000,1.200000
2026-05-19-10-36-53,-1.570000,16.459999,26.719999,-4.700000,-21.600000,-174.899994,1.200000
2026-05-19-10-36-53,-1.670000,16.450001,26.760000,-4.700000,-21.600000,179.100006,1.200000
2026-05-19-10-36-53,-1.780000,16.459999,26.799999,-6.600000,-21.000000,175.800003,1.200000
2026-05-19-10-36-53,-1.890000,16.469999,26.850000,-9.100000,-20.700001,174.300003,1.200000
2026-05-19-10-36-54,-2.010000,16.500000,26.889999,-11.300000,-21.299999,173.600006,1.200000
2026-05-19-10-36-54,-2.100000,16.530001,26.930000,-12.300000,-22.799999,171.899994,1.200000
2026-05-19-10-36-54,-2.200000,16.540001,26.959999,-9.500000,-26.299999,162.300003,1.200000
2026-05-19-10-36-54,-2.280000,16.559999,26.990000,-3.300000,-28.600000,146.899994,1.200000
2026-05-19-10-36-55,-2.360000,16.580000,27.020000,5.100000,-28.100000,128.199997,1.200000
2026-05-19-10-36-55,-2.430000,16.620001,27.059999,12.800000,-24.299999,108.699997,1.200000
2026-05-19-10-36-55,-2.510000,16.799999,27.120001,12.200000,-17.100000,90.699997,1.200000
2026-05-19-10-36-56,-2.520000,17.090000,27.020000,-0.800000,-15.800000,84.400002,1.200000
2026-05-19-10-36-56,-2.410000,17.290001,27.049999,-5.100000,-18.000000,84.099998,1.200000
2026-05-19-10-36-56,-2.370000,17.370001,27.000000,-9.300000,-21.100000,84.199997,1.200000
2026-05-19-10-36-57,-2.350000,17.459999,26.950001,-13.500000,-24.700001,85.099998,1.200000
2026-05-19-10-36-57,-2.320000,17.549999,26.910000,-17.600000,-28.299999,86.500000,1.200000
2026-05-19-10-36-57,-2.280000,17.650000,26.860001,-22.400000,-32.200001,88.900002,1.200000
2026-05-19-10-36-57,-2.240000,17.740000,26.820000,-27.100000,-35.599998,91.500000,1.200000
2026-05-19-10-36-57,-2.200000,17.820000,26.799999,-32.799999,-39.400002,95.099998,1.200000
2026-05-19-10-36-58,-2.150000,17.879999,26.820000,-36.099998,-42.200001,97.699997,1.200000
2026-05-19-10-36-58,-2.120000,17.950001,26.860001,-37.000000,-45.000000,99.000000,1.200000
2026-05-19-10-36-58,-2.100000,18.010000,26.900000,-21.100000,-53.299999,81.099998,1.200000
2026-05-19-10-36-58,-2.100000,18.080000,26.969999,8.100000,-54.200001,46.200001,1.200000
2026-05-19-10-36-59,-2.090000,18.110001,27.000000,24.400000,-46.000000,21.200001,1.200000
2026-05-19-10-36-59,-2.050000,18.139999,27.049999,23.400000,-39.700001,13.200000,1.200000
2026-05-19-10-36-59,-2.020000,18.160000,27.059999,16.700001,-36.099998,8.300000,1.200000
2026-05-19-10-36-59,-1.980000,18.160000,27.049999,8.400000,-33.599998,5.600000,1.200000
2026-05-19-10-37-00,-1.930000,18.150000,27.010000,-0.200000,-30.299999,3.800000,1.200000
2026-05-19-10-37-00,-1.870000,18.139999,26.959999,-6.700000,-26.000000,2.400000,1.200000
2026-05-19-10-37-00,-1.810000,18.110001,26.889999,-10.600000,-22.000000,1.600000,1.200000
2026-05-19-10-37-00,-1.770000,18.090000,26.820000,-13.900000,-18.100000,0.700000,1.200000
2026-05-19-10-37-00,-1.740000,18.070000,26.740000,-16.600000,-14.500000,-0.400000,1.200000
2026-05-19-10-37-01,-1.710000,18.059999,26.639999,-19.100000,-10.900000,-1.300000,1.200000
2026-05-19-10-37-01,-1.690000,18.040001,26.520000,-20.600000,-7.200000,-2.200000,1.200000
2026-05-19-10-37-01,-1.660000,18.000000,26.410000,-21.200001,-2.500000,-3.600000,1.200000
2026-05-19-10-37-01,-1.640000,17.969999,26.330000,-20.500000,1.800000,-5.500000,1.200000
2026-05-19-10-37-01,-1.640000,17.930000,26.270000,-18.900000,3.700000,-7.400000,1.200000
2026-05-19-10-37-02,-1.590000,17.870001,26.200001,-18.200001,6.000000,-10.400000,1.200000
2026-05-19-10-37-02,-1.460000,17.809999,26.190001,-19.500000,-1.300000,-9.200000,1.200000
2026-05-19-10-37-03,-1.380000,17.809999,26.230000,-21.799999,-13.900000,-6.500000,1.200000
2026-05-19-10-37-03,-1.170000,17.790001,26.309999,-30.000000,-18.000000,-5.000000,1.200000
2026-05-19-10-37-04,-1.020000,17.709999,26.400000,-31.299999,-16.500000,-4.500000,1.200000
2026-05-19-10-37-04,-0.850000,17.670000,26.490000,-34.200001,-16.000000,-4.000000,1.200000
2026-05-19-10-37-05,-0.660000,17.650000,26.549999,-36.299999,-16.700001,-3.400000,1.200000
2026-05-19-10-37-05,-0.520000,17.639999,26.580000,-37.200001,-16.900000,-2.800000,1.200000
2026-05-19-10-37-05,-0.410000,17.620001,26.610001,-38.299999,-17.400000,-2.400000,1.200000
2026-05-19-10-37-05,-0.310000,17.600000,26.650000,-39.500000,-18.500000,-2.000000,1.200000
2026-05-19-10-37-05,-0.200000,17.580000,26.690001,-40.299999,-19.400000,-1.900000,1.200000
2026-05-19-10-37-06,-0.110000,17.559999,26.740000,-40.500000,-21.299999,-1.900000,1.200000
2026-05-19-10-37-06,-0.060000,17.530001,26.770000,-39.900002,-23.500000,-2.600000,1.200000
2026-05-19-10-37-06,-0.050000,17.440001,26.809999,-37.900002,-24.799999,-5.000000,1.200000
2026-05-19-10-37-06,0.090000,17.559999,26.790001,-35.299999,-24.900000,-8.400000,1.200000
2026-05-19-10-37-07,0.130000,17.549999,26.790001,-32.500000,-24.299999,-12.500000,1.200000
2026-05-19-10-37-07,0.180000,17.520000,26.790001,-31.299999,-21.299999,-15.700000,1.200000
2026-05-19-10-37-07,0.250000,17.480000,26.809999,-31.700001,-17.200001,-18.299999,1.200000
2026-05-19-10-37-07,0.350000,17.440001,26.850000,-32.099998,-14.100000,-20.100000,1.200000
2026-05-19-10-37-07,0.450000,17.379999,26.889999,-31.900000,-12.300000,-20.500000,1.200000
2026-05-19-10-37-08,0.550000,17.320000,26.930000,-32.799999,-11.900000,-19.700001,1.200000
2026-05-19-10-37-08,0.650000,17.260000,26.969999,-35.599998,-12.500000,-18.500000,1.200000
2026-05-19-10-37-08,0.720000,17.219999,26.990000,-40.000000,-15.400000,-16.400000,1.200000
2026-05-19-10-37-08,0.770000,17.170000,27.000000,-42.799999,-18.100000,-14.900000,1.200000
2026-05-19-10-37-09,0.800000,17.129999,27.000000,-43.900002,-20.400000,-14.300000,1.200000
2026-05-19-10-37-09,0.830000,17.100000,26.990000,-42.500000,-21.700001,-15.300000,1.200000
2026-05-19-10-37-09,0.850000,17.059999,26.990000,-39.599998,-21.900000,-17.799999,1.200000
2026-05-19-10-37-09,0.880000,17.030001,26.980000,-36.200001,-21.100000,-21.299999,1.200000
2026-05-19-10-37-09,0.900000,17.000000,26.969999,-33.200001,-19.500000,-25.100000,1.200000
2026-05-19-10-37-10,0.930000,16.959999,26.969999,-30.799999,-16.100000,-28.600000,1.200000
2026-05-19-10-37-10,0.990000,16.889999,27.010000,-31.200001,-11.200000,-31.100000,1.200000
2026-05-19-10-37-10,1.060000,16.809999,27.049999,-32.099998,-8.000000,-32.099998,1.200000
2026-05-19-10-37-10,1.140000,16.719999,27.090000,-32.900002,-6.800000,-31.700001,1.200000
2026-05-19-10-37-10,1.220000,16.639999,27.120001,-33.799999,-7.600000,-30.000000,1.200000
2026-05-19-10-37-11,1.310000,16.570000,27.129999,-36.400002,-9.500000,-27.500000,1.200000
2026-05-19-10-37-11,1.400000,16.500000,27.150000,-39.799999,-11.200000,-25.500000,1.200000
2026-05-19-10-37-11,1.490000,16.430000,27.170000,-43.400002,-12.800000,-23.799999,1.200000
2026-05-19-10-37-11,1.590000,16.360001,27.190001,-46.799999,-14.500000,-22.000000,1.200000
2026-05-19-10-37-12,1.680000,16.290001,27.219999,-49.099998,-16.000000,-20.400000,1.200000
2026-05-19-10-37-12,1.770000,16.219999,27.260000,-49.500000,-17.100000,-19.299999,1.200000
2026-05-19-10-37-12,1.860000,16.160000,27.320000,-49.000000,-17.600000,-19.000000,1.200000
2026-05-19-10-37-12,1.950000,16.120001,27.370001,-48.700001,-18.000000,-18.799999,1.200000
2026-05-19-10-37-12,2.050000,16.080000,27.420000,-48.400002,-18.200001,-18.900000,1.200000
2026-05-19-10-37-13,2.120000,16.049999,27.459999,-48.099998,-19.400000,-18.900000,1.200000
2026-05-19-10-37-13,2.170000,16.010000,27.469999,-47.000000,-21.400000,-19.700001,1.200000
2026-05-19-10-37-13,2.200000,15.970000,27.469999,-44.799999,-22.700001,-21.799999,1.200000
2026-05-19-10-37-13,2.230000,15.930000,27.469999,-42.000000,-22.900000,-25.000000,1.200000
2026-05-19-10-37-14,2.240000,15.900000,27.480000,-38.700001,-22.299999,-29.299999,1.200000
2026-05-19-10-37-14,2.260000,15.880000,27.480000,-35.900002,-20.700001,-34.000000,1.200000
2026-05-19-10-37-14,2.270000,15.860000,27.490000,-33.500000,-18.500000,-38.799999,1.200000
2026-05-19-10-37-14,2.280000,15.840000,27.490000,-31.600000,-16.000000,-43.200001,1.200000
2026-05-19-10-37-14,2.300000,15.810000,27.490000,-30.000000,-13.300000,-47.299999,1.200000
2026-05-19-10-37-15,2.310000,15.780000,27.469999,-28.700001,-11.000000,-50.700001,1.200000
2026-05-19-10-37-15,2.320000,15.750000,27.450001,-27.200001,-8.700000,-54.400002,1.200000
2026-05-19-10-37-15,2.310000,15.720000,27.410000,-25.700001,-7.200000,-57.099998,1.200000
2026-05-19-10-37-15,2.300000,15.690000,27.379999,-23.600000,-6.100000,-59.599998,1.200000
2026-05-19-10-37-15,2.300000,15.670000,27.360001,-21.100000,-5.300000,-61.700001,1.200000
2026-05-19-10-37-16,2.300000,15.660000,27.350000,-20.000000,-4.800000,-63.400002,1.200000
2026-05-19-10-37-16,2.300000,15.640000,27.299999,-20.100000,-4.100000,-64.800003,1.200000
2026-05-19-10-37-16,2.270000,15.580000,27.219999,-21.900000,-1.500000,-65.599998,1.200000
2026-05-19-10-37-16,2.250000,15.570000,27.090000,-22.600000,1.300000,-66.400002,1.200000
2026-05-19-10-37-17,2.200000,15.540000,26.990000,-22.900000,4.600000,-67.400002,1.200000
2026-05-19-10-37-17,2.160000,15.530000,26.900000,-24.299999,5.900000,-67.699997,1.200000
2026-05-19-10-37-17,2.130000,15.560000,26.850000,-25.799999,1.100000,-66.000000,1.200000
2026-05-19-10-37-18,2.170000,15.600000,26.889999,-24.400000,0.800000,-64.900002,1.200000
2026-05-19-10-37-18,2.230000,15.610000,26.920000,-23.100000,0.800000,-64.599998,1.200000
2026-05-19-10-37-18,2.250000,15.600000,26.900000,-24.799999,0.900000,-67.099998,1.200000
2026-05-19-10-37-19,2.210000,15.630000,26.900000,-27.000000,-2.200000,-64.500000,1.200000
2026-05-19-10-37-19,2.240000,15.620000,26.900000,-28.299999,-0.300000,-66.400002,1.200000
2026-05-19-10-37-20,2.270000,15.620000,26.870001,-27.400000,1.500000,-67.699997,1.200000
2026-05-19-10-37-20,2.280000,15.620000,26.850000,-23.500000,1.400000,-70.099998,1.200000
2026-05-19-10-37-20,2.290000,15.620000,26.860001,-18.299999,1.000000,-70.699997,1.200000
2026-05-19-10-37-21,2.310000,15.610000,26.879999,-14.800000,0.500000,-72.699997,1.200000
2026-05-19-10-37-21,2.330000,15.620000,26.860001,-11.900000,0.200000,-74.599998,1.200000
2026-05-19-10-37-21,2.320000,15.630000,26.850000,-10.100000,-0.200000,-76.800003,1.200000
2026-05-19-10-37-22,2.360000,15.630000,26.840000,-8.600000,0.500000,-80.199997,1.200000
2026-05-19-10-37-22,2.390000,15.610000,26.820000,-6.900000,2.100000,-83.599998,1.200000
2026-05-19-10-37-23,2.390000,15.610000,26.850000,-5.600000,1.500000,-85.099998,1.200000
2026-05-19-10-37-23,2.410000,15.620000,26.860001,-4.100000,1.200000,-88.400002,1.200000
2026-05-19-10-37-23,2.410000,15.620000,26.850000,-3.000000,1.800000,-91.300003,1.200000
2026-05-19-10-37-24,2.450000,15.610000,26.840000,-1.800000,2.000000,-94.500000,1.200000
2026-05-19-10-37-24,2.480000,15.600000,26.809999,-1.800000,3.500000,-97.699997,1.200000
2026-05-19-10-37-25,2.480000,15.610000,26.830000,-1.200000,2.400000,-100.400002,1.200000
2026-05-19-10-37-25,2.460000,15.610000,26.860001,-1.100000,2.600000,-102.000000,1.200000
2026-05-19-10-37-25,2.480000,15.580000,26.860001,-1.400000,3.000000,-106.500000,1.200000
2026-05-19-10-37-26,2.550000,15.580000,26.840000,-1.300000,1.800000,-109.000000,1.200000
2026-05-19-10-37-26,2.550000,15.580000,26.799999,-0.300000,3.500000,-112.699997,1.200000
2026-05-19-10-37-26,2.570000,15.570000,26.820000,-0.200000,3.600000,-113.500000,1.200000
2026-05-19-10-37-26,2.490000,15.600000,26.799999,-0.100000,3.600000,-114.500000,1.200000
2026-05-19-10-37-27,2.500000,15.600000,26.830000,0.600000,4.200000,-117.699997,1.200000
2026-05-19-10-37-27,2.520000,15.560000,26.850000,-0.400000,5.400000,-120.900002,1.200000
2026-05-19-10-37-28,2.540000,15.560000,26.830000,-0.000000,4.400000,-124.300003,1.200000
2026-05-19-10-37-28,2.560000,15.580000,26.820000,-0.700000,4.600000,-127.099998,1.200000
2026-05-19-10-37-28,2.570000,15.560000,26.809999,-0.300000,4.900000,-129.300003,1.200000
2026-05-19-10-37-29,2.570000,15.550000,26.820000,1.000000,5.100000,-132.899994,1.200000
2026-05-19-10-37-29,2.560000,15.550000,26.830000,0.700000,6.100000,-135.199997,1.200000
2026-05-19-10-37-30,2.580000,15.540000,26.840000,0.800000,5.600000,-138.100006,1.200000
2026-05-19-10-37-30,2.600000,15.540000,26.830000,-0.200000,5.400000,-141.399994,1.200000
2026-05-19-10-37-30,2.630000,15.530000,26.809999,-0.300000,5.300000,-144.600006,1.200000
2026-05-19-10-37-31,2.610000,15.520000,26.820000,0.100000,5.700000,-146.199997,1.200000
2026-05-19-10-37-31,2.600000,15.500000,26.820000,-0.400000,6.700000,-150.199997,1.200000
2026-05-19-10-37-31,2.620000,15.510000,26.840000,0.500000,5.500000,-151.500000,1.200000
2026-05-19-10-37-32,2.630000,15.510000,26.840000,-0.200000,6.300000,-154.699997,1.200000
2026-05-19-10-37-32,2.640000,15.460000,26.820000,0.400000,6.200000,-157.699997,1.200000
2026-05-19-10-37-33,2.660000,15.470000,26.809999,0.900000,5.600000,-159.800003,1.200000
2026-05-19-10-37-33,2.640000,15.500000,26.830000,-0.800000,6.500000,-162.399994,1.200000
2026-05-19-10-37-33,2.650000,15.480000,26.830000,-1.000000,6.600000,-165.000000,1.200000
2026-05-19-10-37-34,2.650000,15.460000,26.840000,-1.700000,6.900000,-167.800003,1.200000
2026-05-19-10-37-34,2.660000,15.430000,26.830000,-1.100000,6.600000,-170.300003,1.200000
2026-05-19-10-37-34,2.660000,15.440000,26.820000,-0.300000,6.600000,-172.600006,1.200000
2026-05-19-10-37-35,2.680000,15.460000,26.820000,-0.200000,5.900000,-176.300003,1.200000
2026-05-19-10-37-35,2.680000,15.470000,26.830000,-0.900000,6.300000,-177.399994,1.200000
2026-05-19-10-37-36,2.660000,15.410000,26.840000,-1.600000,7.300000,178.899994,1.200000
2026-05-19-10-37-36,2.660000,15.400000,26.840000,-1.300000,7.000000,175.899994,1.200000
2026-05-19-10-37-36,2.670000,15.410000,26.830000,-1.800000,6.600000,174.399994,1.200000
2026-05-19-10-37-37,2.690000,15.450000,26.809999,-2.700000,7.200000,172.000000,1.200000
2026-05-19-10-37-37,2.710000,15.430000,26.809999,-0.900000,6.200000,169.000000,1.200000
2026-05-19-10-37-37,2.700000,15.440000,26.840000,-1.300000,6.500000,166.699997,1.200000
2026-05-19-10-37-38,2.660000,15.410000,26.840000,-3.000000,6.700000,163.600006,1.200000
2026-05-19-10-37-38,2.680000,15.410000,26.799999,-2.800000,6.200000,160.300003,1.200000
2026-05-19-10-37-39,2.720000,15.440000,26.799999,-3.000000,6.400000,157.199997,1.200000
2026-05-19-10-37-39,2.710000,15.420000,26.820000,-3.900000,6.700000,154.899994,1.200000
2026-05-19-10-37-39,2.690000,15.390000,26.850000,-2.100000,6.000000,152.100006,1.200000
2026-05-19-10-37-40,2.680000,15.380000,26.840000,-2.400000,6.500000,149.300003,1.200000
2026-05-19-10-37-40,2.680000,15.400000,26.820000,-2.800000,5.900000,146.699997,1.200000
2026-05-19-10-37-40,2.690000,15.400000,26.799999,-4.800000,6.100000,142.000000,1.200000
2026-05-19-10-37-41,2.700000,15.360000,26.790001,-4.700000,4.900000,135.500000,1.200000
2026-05-19-10-37-41,2.690000,15.330000,26.850000,-6.700000,3.400000,119.099998,1.200000
2026-05-19-10-37-42,2.630000,15.340000,26.850000,-12.700000,2.100000,98.300003,1.200000
2026-05-19-10-37-42,2.610000,15.360000,26.809999,-17.600000,0.800000,85.900002,1.200000
2026-05-19-10-37-42,2.610000,15.360000,26.799999,-19.200001,-1.900000,78.599998,1.200000
2026-05-19-10-37-43,2.610000,15.340000,26.799999,-20.400000,-3.700000,70.900002,1.200000
2026-05-19-10-37-43,2.620000,15.340000,26.809999,-20.799999,-3.900000,64.800003,1.200000
2026-05-19-10-37-44,2.620000,15.330000,26.799999,-20.299999,-11.100000,61.900002,1.200000
2026-05-19-10-37-44,2.610000,15.360000,26.770000,-20.299999,-18.500000,60.799999,1.200000
2026-05-19-10-37-44,2.610000,15.380000,26.780001,-17.600000,-16.000000,54.599998,1.200000
2026-05-19-10-37-45,2.600000,15.360000,26.820000,-15.000000,-8.500000,48.000000,1.200000
2026-05-19-10-37-45,2.600000,15.350000,26.830000,-15.000000,-2.800000,43.500000,1.200000
2026-05-19-10-37-45,2.600000,15.350000,26.780001,-14.200000,-7.100000,41.799999,1.200000
2026-05-19-10-37-46,2.600000,15.350000,26.750000,-12.200000,-13.500000,40.000000,1.200000
2026-05-19-10-37-46,2.610000,15.350000,26.770000,-9.200000,-14.700000,36.500000,1.200000
2026-05-19-10-37-46,2.600000,15.360000,26.799999,-8.300000,-15.700000,34.599998,1.200000
2026-05-19-10-37-47,2.620000,15.350000,26.790001,-6.100000,-16.700001,31.500000,1.200000
2026-05-19-10-37-47,2.610000,15.350000,26.780001,-8.000000,-24.600000,29.200001,1.200000
2026-05-19-10-37-48,2.590000,15.360000,26.760000,-14.200000,-35.200001,28.299999,1.200000
2026-05-19-10-37-48,2.610000,15.340000,26.760000,-15.600000,-41.000000,27.100000,1.200000
2026-05-19-10-37-48,2.600000,15.320000,26.799999,-11.900000,-41.799999,23.100000,1.200000
2026-05-19-10-37-49,2.560000,15.340000,26.830000,-10.000000,-30.299999,14.900000,1.200000
2026-05-19-10-37-49,2.500000,15.360000,26.850000,-11.000000,-15.000000,9.300000,1.200000
2026-05-19-10-37-49,2.480000,15.380000,26.820000,-14.100000,-2.000000,3.400000,1.200000
2026-05-19-10-37-50,2.490000,15.360000,26.770000,-16.700001,6.700000,-0.300000,1.200000
2026-05-19-10-37-50,2.480000,15.280000,26.790001,-15.000000,6.300000,-4.100000,1.200000
2026-05-19-10-37-51,2.440000,15.330000,26.830000,-17.600000,-0.800000,-6.700000,1.200000
2026-05-19-10-37-51,2.400000,15.380000,26.790001,-20.700001,-6.500000,-7.700000,1.200000
2026-05-19-10-37-51,2.390000,15.360000,26.760000,-17.700001,-7.700000,-11.400000,1.200000
2026-05-19-10-37-52,2.400000,15.330000,26.790001,-12.300000,-5.700000,-14.900000,1.200000
2026-05-19-10-37-52,2.400000,15.350000,26.780001,-9.900000,-2.400000,-20.000000,1.200000
2026-05-19-10-37-53,2.360000,15.340000,26.790001,-8.200000,-0.200000,-21.900000,1.200000
2026-05-19-10-37-53,2.330000,15.360000,26.799999,-9.000000,-1.400000,-24.400000,1.200000
2026-05-19-10-37-53,2.330000,15.380000,26.790001,-10.200000,-1.600000,-22.799999,1.200000
2026-05-19-10-37-54,2.320000,15.350000,26.770000,-10.100000,-0.200000,-14.200000,1.200000
2026-05-19-10-37-54,2.310000,15.320000,26.790001,-8.400000,1.400000,-7.200000,1.200000
2026-05-19-10-37-54,2.310000,15.310000,26.809999,-6.900000,1.500000,2.400000,1.200000
2026-05-19-10-37-55,2.290000,15.330000,26.799999,-5.400000,-0.500000,6.300000,1.200000
2026-05-19-10-37-55,2.310000,15.340000,26.790001,-5.000000,-0.300000,8.800000,1.200000
2026-05-19-10-37-56,2.300000,15.350000,26.760000,-5.800000,-1.400000,8.700000,1.200000
2026-05-19-10-37-56,2.280000,15.320000,26.760000,-6.400000,-2.100000,4.400000,1.200000
2026-05-19-10-37-56,2.270000,15.330000,26.790001,-9.900000,-1.400000,0.300000,1.200000
2026-05-19-10-37-57,2.270000,15.370000,26.809999,-13.200000,-0.400000,-2.800000,1.200000
2026-05-19-10-37-57,2.210000,15.390000,26.820000,-15.000000,-0.700000,-4.800000,1.200000
2026-05-19-10-37-57,2.240000,15.420000,26.780001,-16.400000,-1.400000,-8.100000,1.200000
2026-05-19-10-37-58,2.230000,15.400000,26.740000,-15.400000,-2.100000,-10.700000,1.200000
2026-05-19-10-37-58,2.230000,15.360000,26.770000,-14.100000,-1.200000,-12.900000,1.200000
2026-05-19-10-37-58,2.230000,15.430000,26.790001,-15.800000,-2.300000,-16.600000,1.200000
2026-05-19-10-37-59,2.220000,15.430000,26.770000,-15.600000,-2.600000,-17.799999,1.200000
2026-05-19-10-37-59,2.210000,15.410000,26.770000,-12.900000,-1.900000,-20.400000,1.200000
2026-05-19-10-37-59,2.190000,15.420000,26.770000,-10.900000,0.600000,-24.299999,1.200000
2026-05-19-10-38-00,2.220000,15.450000,26.780001,-10.400000,4.300000,-25.000000,1.200000
2026-05-19-10-38-00,2.220000,15.460000,26.760000,-8.700000,3.100000,-28.299999,1.200000
2026-05-19-10-38-01,2.180000,15.450000,26.760000,-7.100000,-2.600000,-27.700001,1.200000
2026-05-19-10-38-01,2.190000,15.470000,26.790001,-8.300000,-4.400000,-29.100000,1.200000
2026-05-19-10-38-01,2.180000,15.480000,26.760000,-7.400000,-4.500000,-31.100000,1.200000
2026-05-19-10-38-02,2.200000,15.490000,26.750000,-6.700000,-1.500000,-33.599998,1.200000
2026-05-19-10-38-02,2.220000,15.510000,26.750000,-5.000000,0.300000,-35.400002,1.200000
2026-05-19-10-38-03,2.210000,15.510000,26.760000,-4.700000,0.400000,-39.799999,1.200000
2026-05-19-10-38-03,2.190000,15.500000,26.770000,-3.500000,0.500000,-35.599998,1.200000
2026-05-19-10-38-03,2.160000,15.470000,26.770000,-5.000000,0.700000,-19.700001,1.200000
2026-05-19-10-38-04,2.190000,15.450000,26.770000,-6.300000,3.100000,-1.200000,1.200000
2026-05-19-10-38-04,2.230000,15.420000,26.750000,-6.600000,5.000000,19.600000,1.200000
2026-05-19-10-38-04,2.250000,15.390000,26.760000,-7.100000,4.700000,40.799999,1.200000
2026-05-19-10-38-05,2.260000,15.370000,26.780001,-8.600000,3.400000,59.900002,1.200000
2026-05-19-10-38-05,2.330000,15.400000,26.790001,-8.000000,6.400000,78.599998,1.200000
2026-05-19-10-38-06,2.380000,15.410000,26.760000,-8.400000,5.700000,87.900002,1.200000
2026-05-19-10-38-06,2.400000,15.410000,26.740000,-7.300000,5.100000,90.900002,1.200000
2026-05-19-10-38-06,2.410000,15.430000,26.750000,-7.800000,6.000000,94.099998,1.200000
2026-05-19-10-38-07,2.370000,15.420000,26.770000,-9.700000,4.400000,95.000000,1.200000
2026-05-19-10-38-07,2.410000,15.460000,26.790001,-8.800000,5.200000,95.599998,1.200000
2026-05-19-10-38-07,2.470000,15.490000,26.780001,-7.700000,8.000000,94.800003,1.200000
2026-05-19-10-38-08,2.450000,15.480000,26.760000,-8.700000,12.100000,94.000000,1.200000
2026-05-19-10-38-08,2.450000,15.500000,26.770000,-9.400000,14.300000,92.599998,1.200000
2026-05-19-10-38-08,2.450000,15.510000,26.780001,-10.100000,11.500000,92.599998,1.200000
2026-05-19-10-38-09,2.470000,15.520000,26.790001,-9.500000,7.600000,92.800003,1.200000
2026-05-19-10-38-09,2.500000,15.520000,26.760000,-8.500000,1.900000,91.599998,1.200000
2026-05-19-10-38-10,2.470000,15.530000,26.730000,-8.600000,-1.800000,90.400002,1.200000
2026-05-19-10-38-10,2.460000,15.540000,26.760000,-8.700000,-1.300000,88.000000,1.200000
2026-05-19-10-38-10,2.530000,15.540000,26.790001,-6.500000,2.300000,85.400002,1.200000
2026-05-19-10-38-11,2.540000,15.550000,26.760000,-7.300000,4.800000,82.699997,1.200000
2026-05-19-10-38-11,2.470000,15.570000,26.750000,-7.500000,3.700000,80.500000,1.200000
2026-05-19-10-38-12,2.500000,15.580000,26.770000,-6.600000,2.500000,78.400002,1.200000
2026-05-19-10-38-12,2.530000,15.580000,26.760000,-7.400000,0.500000,76.300003,1.200000
2026-05-19-10-38-12,2.540000,15.570000,26.760000,-6.800000,0.600000,72.300003,1.200000
2026-05-19-10-38-13,2.550000,15.590000,26.760000,-7.000000,1.600000,70.300003,1.200000
2026-05-19-10-38-13,2.540000,15.600000,26.750000,-7.400000,2.100000,67.000000,1.200000
2026-05-19-10-38-13,2.540000,15.610000,26.760000,-6.400000,1.100000,64.599998,1.200000
2026-05-19-10-38-14,2.590000,15.590000,26.750000,-5.600000,0.300000,61.299999,1.200000
2026-05-19-10-38-14,2.580000,15.630000,26.750000,-5.200000,0.800000,57.799999,1.200000
2026-05-19-10-38-15,2.590000,15.630000,26.780001,-3.700000,0.400000,56.200001,1.200000
2026-05-19-10-38-15,2.580000,15.630000,26.780001,-5.100000,0.300000,52.099998,1.200000
2026-05-19-10-38-15,2.590000,15.620000,26.760000,-5.300000,0.300000,49.400002,1.200000
2026-05-19-10-38-16,2.630000,15.620000,26.760000,-5.800000,-0.300000,46.900002,1.200000
2026-05-19-10-38-16,2.610000,15.650000,26.760000,-4.100000,-1.400000,42.599998,1.200000
2026-05-19-10-38-17,2.600000,15.670000,26.790001,-4.200000,-2.300000,40.900002,1.200000
2026-05-19-10-38-17,2.580000,15.670000,26.840000,-3.900000,-3.600000,38.599998,1.200000
2026-05-19-10-38-17,2.590000,15.620000,26.889999,-3.600000,-5.900000,36.200001,1.200000
2026-05-19-10-38-18,2.600000,15.580000,26.910000,-3.200000,-8.200000,32.799999,1.200000
2026-05-19-10-38-18,2.600000,15.590000,26.969999,-6.000000,-8.900000,29.900000,1.200000
2026-05-19-10-38-18,2.580000,15.600000,27.030001,-8.100000,-9.700000,28.500000,1.200000
2026-05-19-10-38-18,2.550000,15.620000,27.070000,-10.800000,-11.100000,26.799999,1.200000
2026-05-19-10-38-19,2.510000,15.620000,27.129999,-12.800000,-12.600000,25.100000,1.200000
2026-05-19-10-38-19,2.490000,15.610000,27.200001,-13.900000,-13.800000,23.299999,1.200000
2026-05-19-10-38-19,2.470000,15.600000,27.260000,-14.500000,-14.600000,21.700001,1.200000
2026-05-19-10-38-19,2.450000,15.580000,27.320000,-14.900000,-15.400000,20.000000,1.200000
2026-05-19-10-38-19,2.430000,15.570000,27.360001,-15.100000,-16.000000,18.400000,1.200000
2026-05-19-10-38-20,2.410000,15.560000,27.379999,-15.900000,-16.299999,16.299999,1.200000
2026-05-19-10-38-20,2.380000,15.570000,27.379999,-17.100000,-16.100000,14.100000,1.200000
2026-05-19-10-38-20,2.360000,15.580000,27.389999,-17.900000,-15.100000,11.200000,1.200000
2026-05-19-10-38-20,2.340000,15.590000,27.400000,-18.700001,-11.600000,7.600000,1.200000
2026-05-19-10-38-20,2.320000,15.600000,27.430000,-19.200001,-7.200000,4.100000,1.200000
2026-05-19-10-38-21,2.310000,15.600000,27.459999,-19.400000,-2.200000,0.500000,1.200000
2026-05-19-10-38-21,2.290000,15.580000,27.480000,-19.299999,2.600000,-3.100000,1.200000
2026-05-19-10-38-21,2.290000,15.570000,27.490000,-19.299999,6.800000,-6.200000,1.200000
2026-05-19-10-38-21,2.280000,15.550000,27.490000,-19.000000,10.800000,-9.100000,1.200000
2026-05-19-10-38-22,2.280000,15.530000,27.469999,-18.700001,14.100000,-11.200000,1.200000
2026-05-19-10-38-22,2.270000,15.530000,27.430000,-18.600000,16.900000,-12.600000,1.200000
2026-05-19-10-38-22,2.270000,15.530000,27.400000,-18.299999,18.900000,-13.500000,1.200000
2026-05-19-10-38-22,2.260000,15.540000,27.389999,-17.900000,19.799999,-13.800000,1.200000
2026-05-19-10-38-22,2.250000,15.540000,27.379999,-17.600000,20.000000,-13.900000,1.200000
2026-05-19-10-38-23,2.240000,15.540000,27.379999,-17.299999,19.500000,-13.900000,1.200000
2026-05-19-10-38-23,2.240000,15.520000,27.370001,-16.600000,18.700001,-13.900000,1.200000
2026-05-19-10-38-23,2.250000,15.490000,27.350000,-16.000000,18.299999,-14.200000,1.200000
2026-05-19-10-38-23,2.250000,15.460000,27.309999,-15.300000,17.900000,-14.500000,1.200000
2026-05-19-10-38-24,2.260000,15.440000,27.250000,-14.200000,17.500000,-14.600000,1.200000
2026-05-19-10-38-24,2.260000,15.430000,27.190001,-13.100000,16.600000,-14.300000,1.200000
2026-05-19-10-38-24,2.260000,15.440000,27.129999,-12.100000,12.600000,-13.700000,1.200000
2026-05-19-10-38-24,2.250000,15.450000,27.080000,-11.600000,7.100000,-13.200000,1.200000
2026-05-19-10-38-24,2.260000,15.450000,27.049999,-11.100000,1.700000,-13.200000,1.200000
2026-05-19-10-38-25,2.260000,15.450000,27.030001,-10.200000,-2.500000,-13.900000,1.200000
2026-05-19-10-38-25,2.280000,15.430000,27.010000,-8.900000,-5.300000,-15.000000,1.200000
2026-05-19-10-38-25,2.280000,15.410000,26.969999,-7.800000,-8.200000,-16.299999,1.200000
2026-05-19-10-38-25,2.280000,15.400000,26.920000,-7.000000,-10.200000,-17.900000,1.200000
2026-05-19-10-38-26,2.280000,15.390000,26.830000,-5.400000,-10.400000,-22.100000,1.200000
2026-05-19-10-38-26,2.280000,15.390000,26.750000,-4.900000,-7.400000,-25.600000,1.200000
2026-05-19-10-38-26,2.310000,15.420000,26.730000,-4.900000,-0.600000,-30.299999,1.200000
2026-05-19-10-38-27,2.330000,15.420000,26.790001,-1.700000,1.200000,-33.500000,1.200000
2026-05-19-10-38-27,2.340000,15.410000,26.809999,-0.900000,0.900000,-34.700001,1.200000
2026-05-19-10-38-27,2.340000,15.400000,26.809999,-0.400000,-0.600000,-36.200001,1.200000
2026-05-19-10-38-28,2.350000,15.390000,26.820000,-0.400000,-2.700000,-39.799999,1.200000
2026-05-19-10-38-28,2.360000,15.370000,26.780001,-1.000000,-1.800000,-43.099998,1.200000
2026-05-19-10-38-28,2.370000,15.410000,26.750000,-1.300000,-1.900000,-46.099998,1.200000
2026-05-19-10-38-29,2.380000,15.410000,26.780001,-0.200000,-0.300000,-49.500000,1.200000
2026-05-19-10-38-29,2.410000,15.400000,26.820000,-1.700000,0.800000,-53.299999,1.200000
2026-05-19-10-38-29,2.400000,15.380000,26.809999,-0.300000,0.600000,-56.099998,1.200000
2026-05-19-10-38-30,2.370000,15.370000,26.790001,-0.300000,0.000000,-59.500000,1.200000
2026-05-19-10-38-30,2.410000,15.430000,26.770000,0.800000,-1.000000,-62.900002,1.200000
2026-05-19-10-38-31,2.410000,15.420000,26.780001,2.800000,0.100000,-66.099998,1.200000
2026-05-19-10-38-31,2.440000,15.410000,26.780001,1.600000,1.900000,-69.500000,1.200000
2026-05-19-10-38-31,2.470000,15.390000,26.799999,1.000000,2.500000,-72.000000,1.200000
2026-05-19-10-38-32,2.440000,15.410000,26.809999,0.000000,1.200000,-76.000000,1.200000
2026-05-19-10-38-32,2.440000,15.420000,26.790001,0.500000,1.000000,-79.199997,1.200000
2026-05-19-10-38-32,2.460000,15.420000,26.760000,1.400000,1.700000,-82.599998,1.200000
2026-05-19-10-38-33,2.490000,15.400000,26.780001,2.500000,2.000000,-87.300003,1.200000
2026-05-19-10-38-33,2.500000,15.380000,26.809999,3.200000,2.900000,-90.400002,1.200000
2026-05-19-10-38-34,2.500000,15.400000,26.820000,3.000000,2.800000,-94.400002,1.200000
2026-05-19-10-38-34,2.500000,15.420000,26.780001,2.100000,3.100000,-97.699997,1.200000
2026-05-19-10-38-34,2.520000,15.410000,26.750000,1.400000,4.000000,-101.699997,1.200000
2026-05-19-10-38-35,2.550000,15.380000,26.790001,1.200000,3.900000,-105.400002,1.200000
2026-05-19-10-38-35,2.540000,15.380000,26.840000,3.500000,3.000000,-109.500000,1.200000
2026-05-19-10-38-36,2.530000,15.380000,26.799999,4.300000,4.800000,-112.199997,1.200000
2026-05-19-10-38-36,2.550000,15.380000,26.760000,2.600000,4.100000,-115.500000,1.200000
2026-05-19-10-38-36,2.610000,15.380000,26.760000,0.500000,2.900000,-120.300003,1.200000
2026-05-19-10-38-37,2.610000,15.350000,26.820000,0.800000,5.700000,-124.500000,1.200000
2026-05-19-10-38-37,2.570000,15.350000,26.820000,1.900000,6.300000,-126.699997,1.200000
2026-05-19-10-38-37,2.580000,15.360000,26.790001,1.700000,5.600000,-130.300003,1.200000
2026-05-19-10-38-38,2.620000,15.330000,26.760000,0.600000,6.700000,-133.800003,1.200000
2026-05-19-10-38-38,2.670000,15.320000,26.790001,0.500000,4.500000,-137.300003,1.200000
2026-05-19-10-38-38,2.660000,15.340000,26.809999,1.900000,4.500000,-142.000000,1.200000
2026-05-19-10-38-39,2.620000,15.320000,26.790001,1.000000,5.800000,-144.699997,1.200000
2026-05-19-10-38-39,2.650000,15.290000,26.770000,-0.200000,4.100000,-147.699997,1.200000
2026-05-19-10-38-40,2.660000,15.280000,26.790001,0.500000,6.700000,-150.699997,1.200000
2026-05-19-10-38-40,2.690000,15.290000,26.780001,-1.100000,6.200000,-154.500000,1.200000
2026-05-19-10-38-40,2.670000,15.270000,26.799999,-0.500000,9.000000,-157.800003,1.200000
2026-05-19-10-38-41,2.640000,15.300000,26.790001,0.300000,7.900000,-153.199997,1.200000
2026-05-19-10-38-41,2.650000,15.270000,26.760000,-0.400000,8.000000,-142.100006,1.200000
2026-05-19-10-38-42,2.640000,15.260000,26.780001,1.400000,6.500000,-127.699997,1.200000
2026-05-19-10-38-42,2.620000,15.280000,26.809999,0.800000,4.100000,-121.699997,1.200000
2026-05-19-10-38-42,2.590000,15.300000,26.780001,-0.000000,3.900000,-118.699997,1.200000
2026-05-19-10-38-42,2.580000,15.300000,26.770000,0.400000,5.000000,-120.099998,1.200000
2026-05-19-10-38-43,2.560000,15.260000,26.730000,0.700000,6.500000,-124.800003,1.200000
2026-05-19-10-38-43,2.590000,15.200000,26.730000,-0.600000,7.100000,-126.500000,1.200000
2026-05-19-10-38-44,2.560000,15.150000,26.799999,0.600000,8.300000,-128.300003,1.200000
2026-05-19-10-38-44,2.480000,15.140000,26.799999,-0.500000,8.100000,-130.300003,1.200000
2026-05-19-10-38-44,2.430000,15.110000,26.730000,-3.200000,6.100000,-133.600006,1.200000
2026-05-19-10-38-45,2.390000,14.990000,26.690001,-8.000000,7.300000,-135.800003,1.200000
2026-05-19-10-38-45,2.320000,14.870000,26.709999,-12.300000,7.400000,-137.000000,1.200000
2026-05-19-10-38-46,2.200000,14.820000,26.719999,-13.800000,5.800000,-137.899994,1.200000
2026-05-19-10-38-46,2.110000,14.720000,26.690001,-17.400000,4.500000,-139.100006,1.200000
2026-05-19-10-38-46,1.950000,14.640000,26.660000,-21.299999,5.100000,-139.300003,1.200000
2026-05-19-10-38-47,1.810000,14.540000,26.639999,-24.400000,2.700000,-139.399994,1.200000
2026-05-19-10-38-47,1.660000,14.480000,26.639999,-26.200001,-0.000000,-139.199997,1.200000
2026-05-19-10-38-47,1.540000,14.360000,26.650000,-28.700001,-1.900000,-139.000000,1.200000
2026-05-19-10-38-48,1.400000,14.290000,26.650000,-32.099998,-6.000000,-140.100006,1.200000
2026-05-19-10-38-48,1.310000,14.250000,26.650000,-32.900002,-9.900000,-142.300003,1.200000
2026-05-19-10-38-48,1.260000,14.240000,26.639999,-30.299999,-11.700000,-146.699997,1.200000
2026-05-19-10-38-49,1.220000,14.260000,26.629999,-26.700001,-9.600000,-150.899994,1.200000
2026-05-19-10-38-49,1.160000,14.280000,26.600000,-23.900000,-5.800000,-157.199997,1.200000
2026-05-19-10-38-50,1.100000,14.240000,26.590000,-22.700001,1.600000,-162.600006,1.200000
2026-05-19-10-38-50,1.060000,14.240000,26.600000,-20.500000,6.700000,-165.800003,1.200000
2026-05-19-10-38-50,1.050000,14.250000,26.600000,-19.299999,6.200000,-167.800003,1.200000
2026-05-19-10-38-51,1.020000,14.230000,26.610001,-17.900000,4.100000,-168.500000,1.200000
2026-05-19-10-38-51,1.000000,14.260000,26.629999,-15.500000,4.100000,-170.000000,1.200000
2026-05-19-10-38-51,0.930000,14.300000,26.620001,-13.400000,18.900000,-176.199997,1.200000
2026-05-19-10-38-52,0.880000,14.260000,26.620001,-13.800000,28.200001,-178.300003,1.200000
2026-05-19-10-38-52,0.900000,14.230000,26.620001,-15.100000,16.200001,-176.800003,1.200000
2026-05-19-10-38-53,0.900000,14.250000,26.620001,-16.299999,4.500000,-175.100006,1.200000
2026-05-19-10-38-53,0.870000,14.270000,26.620001,-19.000000,-1.900000,-175.500000,1.200000
2026-05-19-10-38-53,0.850000,14.300000,26.620001,-19.000000,-1.300000,-177.500000,1.200000
2026-05-19-10-38-54,0.850000,14.320000,26.580000,-17.900000,3.600000,177.100006,1.200000
2026-05-19-10-38-54,0.810000,14.260000,26.549999,-18.400000,7.000000,173.500000,1.200000
2026-05-19-10-38-55,0.770000,14.270000,26.620001,-15.800000,9.700000,173.100006,1.200000
2026-05-19-10-38-55,0.790000,14.330000,26.650000,-12.500000,6.000000,171.800003,1.200000
2026-05-19-10-38-55,0.780000,14.340000,26.610001,-11.800000,4.400000,169.399994,1.200000
2026-05-19-10-38-56,0.740000,14.310000,26.549999,-12.500000,4.700000,166.899994,1.200000
2026-05-19-10-38-56,0.720000,14.310000,26.580000,-12.100000,4.200000,165.000000,1.200000
2026-05-19-10-38-56,0.730000,14.330000,26.610001,-11.200000,6.000000,162.899994,1.200000
2026-05-19-10-38-57,0.730000,14.360000,26.620001,-10.000000,7.200000,160.300003,1.200000
2026-05-19-10-38-57,0.700000,14.370000,26.600000,-9.200000,7.700000,159.100006,1.200000
2026-05-19-10-38-57,0.700000,14.360000,26.570000,-8.300000,6.400000,156.899994,1.200000
2026-05-19-10-38-58,0.680000,14.350000,26.570000,-8.200000,7.000000,154.100006,1.200000
2026-05-19-10-38-58,0.700000,14.390000,26.600000,-5.900000,6.100000,153.500000,1.200000
2026-05-19-10-38-59,0.690000,14.400000,26.580000,-6.600000,6.100000,149.899994,1.200000
2026-05-19-10-38-59,0.660000,14.400000,26.570000,-6.900000,6.800000,148.000000,1.200000
2026-05-19-10-38-59,0.640000,14.390000,26.580000,-8.100000,6.100000,145.500000,1.200000
2026-05-19-10-39-00,0.650000,14.390000,26.620001,-7.700000,6.200000,144.000000,1.200000
2026-05-19-10-39-00,0.690000,14.420000,26.610001,-6.000000,5.500000,141.699997,1.200000
2026-05-19-10-39-01,0.680000,14.440000,26.559999,-4.700000,5.600000,139.000000,1.200000
2026-05-19-10-39-01,0.630000,14.430000,26.549999,-5.000000,4.600000,136.899994,1.200000
2026-05-19-10-39-01,0.580000,14.430000,26.590000,-5.200000,6.800000,135.100006,1.200000
2026-05-19-10-39-02,0.620000,14.410000,26.610001,-6.000000,6.100000,133.300003,1.200000
2026-05-19-10-39-02,0.660000,14.420000,26.600000,-5.700000,5.800000,132.600006,1.200000
2026-05-19-10-39-02,0.670000,14.450000,26.559999,-6.800000,6.100000,129.500000,1.200000
2026-05-19-10-39-03,0.610000,14.460000,26.549999,-5.200000,5.400000,127.199997,1.200000
2026-05-19-10-39-03,0.590000,14.470000,26.580000,-4.800000,5.400000,126.099998,1.200000
2026-05-19-10-39-03,0.600000,14.450000,26.590000,-5.600000,5.800000,123.900002,1.200000
2026-05-19-10-39-04,0.620000,14.460000,26.590000,-5.800000,5.800000,123.400002,1.200000
2026-05-19-10-39-04,0.650000,14.470000,26.590000,-6.200000,4.500000,122.300003,1.200000
2026-05-19-10-39-05,0.640000,14.490000,26.540001,-6.200000,4.900000,118.599998,1.200000
2026-05-19-10-39-05,0.580000,14.500000,26.530001,-5.500000,5.900000,117.300003,1.200000
2026-05-19-10-39-05,0.570000,14.510000,26.590000,-4.400000,5.700000,117.699997,1.200000
2026-05-19-10-39-06,0.610000,14.490000,26.620001,-4.200000,5.000000,116.400002,1.200000
2026-05-19-10-39-06,0.640000,14.480000,26.600000,-4.600000,3.900000,114.599998,1.200000
2026-05-19-10-39-06,0.640000,14.500000,26.549999,-4.900000,3.800000,113.500000,1.200000
2026-05-19-10-39-07,0.620000,14.540000,26.520000,-5.800000,4.300000,110.699997,1.200000
2026-05-19-10-39-07,0.580000,14.550000,26.549999,-5.300000,4.900000,109.699997,1.200000
2026-05-19-10-39-07,0.550000,14.540000,26.580000,-5.300000,5.300000,109.599998,1.200000
2026-05-19-10-39-08,0.610000,14.550000,26.600000,-4.700000,5.900000,109.000000,1.200000
2026-05-19-10-39-08,0.650000,14.530000,26.600000,-5.000000,4.100000,107.400002,1.200000
2026-05-19-10-39-08,0.670000,14.520000,26.570000,-4.800000,2.700000,105.800003,1.200000
2026-05-19-10-39-09,0.670000,14.550000,26.520000,-5.000000,3.300000,103.500000,1.200000
2026-05-19-10-39-09,0.630000,14.590000,26.530001,-5.400000,4.600000,101.400002,1.200000
2026-05-19-10-39-09,0.610000,14.590000,26.580000,-4.900000,4.800000,99.800003,1.200000
2026-05-19-10-39-10,0.630000,14.550000,26.590000,-4.900000,3.800000,99.400002,1.200000
2026-05-19-10-39-10,0.640000,14.550000,26.580000,-5.000000,4.100000,96.900002,1.200000
2026-05-19-10-39-10,0.660000,14.560000,26.559999,-4.400000,3.500000,95.900002,1.200000
2026-05-19-10-39-11,0.670000,14.570000,26.530001,-5.800000,2.600000,93.699997,1.200000
2026-05-19-10-39-11,0.620000,14.610000,26.520000,-4.800000,4.400000,90.599998,1.200000
2026-05-19-10-39-11,0.610000,14.620000,26.570000,-3.700000,4.100000,89.900002,1.200000
2026-05-19-10-39-12,0.620000,14.580000,26.590000,-4.200000,3.100000,88.400002,1.200000
2026-05-19-10-39-12,0.640000,14.570000,26.570000,-5.000000,2.300000,86.300003,1.200000
2026-05-19-10-39-12,0.650000,14.580000,26.540001,-5.900000,2.100000,84.699997,1.200000
2026-05-19-10-39-13,0.630000,14.610000,26.520000,-5.000000,2.900000,82.000000,1.200000
2026-05-19-10-39-13,0.620000,14.610000,26.540001,-5.000000,2.300000,81.000000,1.200000
2026-05-19-10-39-14,0.620000,14.620000,26.549999,-4.600000,3.200000,79.000000,1.200000
2026-05-19-10-39-14,0.630000,14.640000,26.570000,-4.600000,4.300000,76.800003,1.200000
2026-05-19-10-39-14,0.630000,14.590000,26.600000,-5.100000,-0.500000,76.300003,1.200000
2026-05-19-10-39-15,0.620000,14.560000,26.530001,-5.600000,-0.700000,73.000000,1.200000
2026-05-19-10-39-15,0.640000,14.620000,26.490000,-7.000000,1.400000,71.699997,1.200000
2026-05-19-10-39-15,0.640000,14.690000,26.530001,-6.600000,3.800000,69.699997,1.200000
2026-05-19-10-39-16,0.640000,14.670000,26.580000,-6.300000,3.500000,68.199997,1.200000
2026-05-19-10-39-16,0.620000,14.640000,26.590000,-6.300000,1.400000,67.000000,1.200000
2026-05-19-10-39-17,0.630000,14.590000,26.549999,-6.600000,-0.700000,64.000000,1.200000
2026-05-19-10-39-17,0.630000,14.620000,26.500000,-6.500000,-0.800000,61.900002,1.200000
2026-05-19-10-39-17,0.630000,14.680000,26.490000,-5.900000,0.700000,59.000000,1.200000
2026-05-19-10-39-18,0.660000,14.700000,26.540001,-4.900000,3.400000,58.299999,1.200000
2026-05-19-10-39-18,0.660000,14.680000,26.580000,-5.300000,2.200000,56.400002,1.200000
2026-05-19-10-39-18,0.640000,14.650000,26.570000,-6.000000,1.200000,53.700001,1.200000
2026-05-19-10-39-19,0.620000,14.640000,26.540001,-6.200000,-0.900000,52.799999,1.200000
2026-05-19-10-39-19,0.620000,14.640000,26.510000,-5.700000,-1.200000,51.700001,1.200000
2026-05-19-10-39-19,0.670000,14.690000,26.510000,-5.600000,1.600000,48.299999,1.200000
2026-05-19-10-39-20,0.680000,14.710000,26.530001,-4.800000,1.800000,47.099998,1.200000
2026-05-19-10-39-20,0.660000,14.690000,26.549999,-4.100000,1.500000,44.599998,1.200000
2026-05-19-10-39-21,0.640000,14.670000,26.549999,-4.000000,-0.700000,42.299999,1.200000
2026-05-19-10-39-21,0.630000,14.670000,26.549999,-4.500000,-1.400000,41.000000,1.200000
2026-05-19-10-39-21,0.660000,14.670000,26.520000,-4.900000,-1.300000,38.599998,1.200000
2026-05-19-10-39-22,0.680000,14.700000,26.490000,-4.800000,0.900000,35.500000,1.200000
2026-05-19-10-39-22,0.690000,14.710000,26.530001,-3.700000,1.100000,32.799999,1.200000
2026-05-19-10-39-22,0.660000,14.690000,26.559999,-3.500000,-0.300000,30.400000,1.200000
2026-05-19-10-39-23,0.640000,14.700000,26.549999,-3.700000,-1.200000,28.500000,1.200000
2026-05-19-10-39-23,0.650000,14.710000,26.540001,-3.900000,-2.100000,25.000000,1.200000
2026-05-19-10-39-24,0.660000,14.700000,26.490000,-3.100000,-1.900000,23.100000,1.200000
2026-05-19-10-39-24,0.700000,14.710000,26.500000,-3.100000,0.700000,18.200001,1.200000
2026-05-19-10-39-24,0.690000,14.730000,26.549999,-0.700000,-0.400000,16.700001,1.200000
2026-05-19-10-39-25,0.660000,14.720000,26.570000,-1.100000,-1.300000,13.600000,1.200000
2026-05-19-10-39-25,0.660000,14.750000,26.540001,-1.600000,-1.300000,11.000000,1.200000
2026-05-19-10-39-25,0.670000,14.730000,26.520000,-2.000000,-2.700000,10.100000,1.200000
2026-05-19-10-39-26,0.680000,14.710000,26.500000,-4.600000,-2.500000,6.600000,1.200000
2026-05-19-10-39-26,0.720000,14.750000,26.510000,-3.600000,-0.100000,2.400000,1.200000
2026-05-19-10-39-26,0.700000,14.760000,26.540001,-0.700000,-0.600000,1.100000,1.200000
2026-05-19-10-39-27,0.680000,14.760000,26.540001,-0.200000,-0.300000,-2.300000,1.200000
2026-05-19-10-39-27,0.690000,14.750000,26.540001,0.300000,-1.300000,-5.200000,1.200000
2026-05-19-10-39-27,0.680000,14.750000,26.520000,-1.300000,-3.100000,-7.400000,1.200000
2026-05-19-10-39-28,0.700000,14.770000,26.500000,-2.400000,-3.000000,-10.600000,1.200000
2026-05-19-10-39-28,0.720000,14.760000,26.490000,-0.500000,-1.400000,-13.600000,1.200000
2026-05-19-10-39-29,0.740000,14.750000,26.530001,-1.100000,0.100000,-16.799999,1.200000
2026-05-19-10-39-29,0.730000,14.770000,26.549999,-0.300000,-0.400000,-20.700001,1.200000
2026-05-19-10-39-29,0.700000,14.770000,26.540001,0.500000,-1.800000,-22.400000,1.200000
2026-05-19-10-39-29,0.700000,14.780000,26.510000,0.300000,-1.300000,-24.500000,1.200000
2026-05-19-10-39-30,0.750000,14.780000,26.510000,0.500000,0.200000,-29.000000,1.200000
2026-05-19-10-39-30,0.750000,14.760000,26.510000,2.100000,-1.100000,-30.500000,1.200000
2026-05-19-10-39-31,0.760000,14.770000,26.520000,1.400000,-0.300000,-34.799999,1.200000
2026-05-19-10-39-31,0.750000,14.790000,26.530001,2.300000,-1.000000,-38.500000,1.200000
2026-05-19-10-39-31,0.750000,14.790000,26.520000,1.600000,-0.300000,-41.400002,1.200000
2026-05-19-10-39-32,0.780000,14.800000,26.510000,1.800000,-0.800000,-45.299999,1.200000
2026-05-19-10-39-32,0.780000,14.780000,26.510000,1.800000,-0.000000,-47.299999,1.200000
2026-05-19-10-39-33,0.780000,14.790000,26.540001,1.900000,-0.000000,-51.299999,1.200000
2026-05-19-10-39-33,0.760000,14.790000,26.520000,3.000000,-0.600000,-53.900002,1.200000
2026-05-19-10-39-33,0.800000,14.780000,26.480000,1.500000,2.200000,-58.700001,1.200000
2026-05-19-10-39-34,0.840000,14.770000,26.530001,3.500000,1.300000,-59.099998,1.200000
2026-05-19-10-39-34,0.790000,14.790000,26.559999,3.500000,-0.400000,-61.700001,1.200000
2026-05-19-10-39-34,0.790000,14.800000,26.540001,3.100000,0.100000,-64.699997,1.200000
2026-05-19-10-39-35,0.810000,14.810000,26.500000,3.000000,-0.700000,-65.599998,1.200000
2026-05-19-10-39-35,0.840000,14.790000,26.480000,1.200000,1.100000,-69.599998,1.200000
2026-05-19-10-39-35,0.870000,14.760000,26.520000,2.200000,2.100000,-70.400002,1.200000
2026-05-19-10-39-36,0.830000,14.780000,26.540001,3.100000,1.200000,-73.099998,1.200000
2026-05-19-10-39-36,0.830000,14.790000,26.530001,3.000000,1.600000,-75.699997,1.200000
2026-05-19-10-39-36,0.850000,14.790000,26.510000,3.200000,0.700000,-77.900002,1.200000
2026-05-19-10-39-37,0.870000,14.790000,26.520000,3.100000,0.900000,-79.800003,1.200000
2026-05-19-10-39-37,0.880000,14.780000,26.510000,2.200000,1.800000,-82.000000,1.200000
2026-05-19-10-39-38,0.870000,14.770000,26.490000,1.700000,3.200000,-84.500000,1.200000
2026-05-19-10-39-38,0.880000,14.760000,26.510000,1.500000,4.200000,-86.199997,1.200000
2026-05-19-10-39-38,0.880000,14.760000,26.540001,2.900000,4.000000,-87.400002,1.200000
2026-05-19-10-39-38,0.870000,14.790000,26.530001,3.500000,2.000000,-90.000000,1.200000
2026-05-19-10-39-39,0.890000,14.790000,26.510000,4.000000,2.500000,-92.300003,1.200000
2026-05-19-10-39-39,0.900000,14.770000,26.510000,3.200000,2.300000,-94.199997,1.200000
2026-05-19-10-39-39,0.910000,14.750000,26.500000,1.800000,3.000000,-96.699997,1.200000
2026-05-19-10-39-40,0.890000,14.750000,26.510000,1.500000,3.500000,-98.500000,1.200000
2026-05-19-10-39-40,0.900000,14.770000,26.530001,0.600000,3.000000,-102.300003,1.200000
2026-05-19-10-39-40,0.920000,14.770000,26.510000,0.300000,3.100000,-104.500000,1.200000
2026-05-19-10-39-41,0.940000,14.750000,26.500000,1.300000,4.400000,-106.000000,1.200000
2026-05-19-10-39-41,0.920000,14.730000,26.500000,2.900000,3.900000,-107.599998,1.200000
2026-05-19-10-39-41,0.910000,14.740000,26.510000,2.700000,4.200000,-111.199997,1.200000
2026-05-19-10-39-42,0.930000,14.740000,26.520000,2.500000,4.500000,-113.599998,1.200000
2026-05-19-10-39-42,0.940000,14.740000,26.520000,2.300000,4.300000,-115.400002,1.200000
2026-05-19-10-39-42,0.960000,14.750000,26.520000,2.000000,3.700000,-117.400002,1.200000
2026-05-19-10-39-43,0.950000,14.730000,26.500000,1.100000,4.800000,-120.500000,1.200000
2026-05-19-10-39-43,0.940000,14.720000,26.510000,2.600000,4.500000,-122.500000,1.200000
2026-05-19-10-39-44,0.930000,14.730000,26.500000,2.200000,5.500000,-125.699997,1.200000
2026-05-19-10-39-44,0.960000,14.700000,26.510000,2.900000,5.900000,-128.500000,1.200000
2026-05-19-10-39-44,0.980000,14.710000,26.520000,3.500000,4.800000,-129.899994,1.200000
2026-05-19-10-39-45,0.990000,14.720000,26.510000,1.600000,4.800000,-132.899994,1.200000
2026-05-19-10-39-45,0.950000,14.710000,26.500000,1.600000,6.600000,-134.899994,1.200000
2026-05-19-10-39-46,0.930000,14.700000,26.520000,0.500000,5.600000,-138.199997,1.200000
2026-05-19-10-39-46,0.980000,14.690000,26.490000,0.500000,5.000000,-140.800003,1.200000
2026-05-19-10-39-46,0.980000,14.660000,26.480000,1.700000,7.200000,-142.699997,1.200000
2026-05-19-10-39-47,0.960000,14.660000,26.520000,2.000000,6.800000,-144.199997,1.200000
2026-05-19-10-39-47,0.970000,14.690000,26.549999,1.000000,5.200000,-146.000000,1.200000
2026-05-19-10-39-47,0.970000,14.700000,26.520000,0.800000,4.900000,-147.500000,1.200000
2026-05-19-10-39-48,0.970000,14.690000,26.469999,0.400000,4.800000,-151.300003,1.200000
2026-05-19-10-39-48,0.960000,14.660000,26.459999,0.200000,5.000000,-152.100006,1.200000
2026-05-19-10-39-48,0.960000,14.620000,26.469999,0.400000,6.600000,-153.300003,1.200000
2026-05-19-10-39-48,0.950000,14.610000,26.510000,1.700000,7.100000,-154.300003,1.200000
2026-05-19-10-39-49,0.980000,14.650000,26.530001,0.900000,6.100000,-156.600006,1.200000
2026-05-19-10-39-49,0.980000,14.670000,26.490000,1.400000,6.000000,-159.100006,1.200000
2026-05-19-10-39-50,0.960000,14.640000,26.480000,-1.200000,6.200000,-162.399994,1.200000
2026-05-19-10-39-50,0.960000,14.590000,26.490000,0.700000,6.600000,-164.399994,1.200000
2026-05-19-10-39-50,0.970000,14.600000,26.500000,-0.300000,6.900000,-166.600006,1.200000
2026-05-19-10-39-51,0.980000,14.620000,26.490000,0.600000,6.600000,-168.600006,1.200000
2026-05-19-10-39-51,0.940000,14.610000,26.480000,-0.400000,8.200000,-172.600006,1.200000
2026-05-19-10-39-51,0.940000,14.560000,26.510000,0.700000,6.500000,-174.399994,1.200000
2026-05-19-10-39-52,0.990000,14.590000,26.510000,1.200000,4.100000,-175.800003,1.200000
2026-05-19-10-39-52,1.000000,14.590000,26.459999,0.200000,4.800000,-178.000000,1.200000
2026-05-19-10-39-52,0.940000,14.570000,26.430000,-0.600000,7.300000,-179.199997,1.200000
2026-05-19-10-39-53,0.890000,14.560000,26.480000,-3.300000,7.500000,178.699997,1.200000
2026-05-19-10-39-53,0.910000,14.550000,26.520000,-4.000000,7.200000,177.100006,1.200000
2026-05-19-10-39-54,0.970000,14.560000,26.510000,-3.900000,6.400000,174.899994,1.200000
2026-05-19-10-39-54,0.960000,14.540000,26.469999,-2.300000,6.400000,172.399994,1.200000
2026-05-19-10-39-54,0.930000,14.550000,26.440001,-1.500000,5.600000,171.500000,1.200000
2026-05-19-10-39-55,0.880000,14.550000,26.440001,-2.200000,7.900000,168.100006,1.200000
2026-05-19-10-39-55,0.870000,14.540000,26.500000,-2.700000,8.600000,166.199997,1.200000
2026-05-19-10-39-56,0.930000,14.520000,26.530001,-2.600000,5.900000,164.100006,1.200000
2026-05-19-10-39-56,0.960000,14.520000,26.490000,-3.000000,5.200000,162.899994,1.200000
2026-05-19-10-39-56,0.920000,14.520000,26.420000,-2.900000,5.600000,161.300003,1.200000
2026-05-19-10-39-57,0.850000,14.540000,26.430000,-2.800000,7.100000,158.199997,1.200000
2026-05-19-10-39-57,0.850000,14.540000,26.490000,-3.800000,6.700000,156.500000,1.200000
2026-05-19-10-39-57,0.900000,14.500000,26.510000,-3.900000,5.800000,153.800003,1.200000
2026-05-19-10-39-58,0.910000,14.500000,26.480000,-4.300000,5.700000,152.500000,1.200000
2026-05-19-10-39-58,0.880000,14.510000,26.430000,-3.400000,6.800000,150.699997,1.200000
2026-05-19-10-39-58,0.850000,14.520000,26.420000,-3.500000,6.700000,150.199997,1.200000
2026-05-19-10-39-58,0.850000,14.530000,26.430000,-3.800000,6.600000,148.100006,1.200000
2026-05-19-10-39-59,0.860000,14.520000,26.450001,-2.800000,5.900000,146.899994,1.200000
2026-05-19-10-39-59,0.860000,14.500000,26.469999,-3.200000,6.600000,141.899994,1.200000
2026-05-19-10-39-59,0.830000,14.500000,26.480000,-3.600000,7.100000,141.899994,1.200000
2026-05-19-10-40-00,0.850000,14.490000,26.480000,-4.400000,5.500000,138.600006,1.200000
2026-05-19-10-40-00,0.870000,14.470000,26.459999,-5.400000,3.900000,137.199997,1.200000
2026-05-19-10-40-00,0.870000,14.480000,26.400000,-4.500000,5.700000,134.199997,1.200000
2026-05-19-10-40-01,0.800000,14.530000,26.410000,-4.700000,8.200000,130.800003,1.200000
2026-05-19-10-40-01,0.780000,14.510000,26.480000,-3.500000,5.200000,129.100006,1.200000
2026-05-19-10-40-02,0.820000,14.480000,26.480000,-2.700000,4.500000,126.500000,1.200000
2026-05-19-10-40-02,0.830000,14.470000,26.459999,-3.800000,4.800000,125.599998,1.200000
2026-05-19-10-40-02,0.820000,14.460000,26.430000,-5.000000,2.800000,123.099998,1.200000
2026-05-19-10-40-03,0.820000,14.490000,26.420000,-6.500000,4.600000,121.199997,1.200000
2026-05-19-10-40-03,0.790000,14.520000,26.430000,-8.500000,6.700000,118.099998,1.200000
2026-05-19-10-40-03,0.770000,14.510000,26.450001,-8.300000,7.200000,116.099998,1.200000
2026-05-19-10-40-04,0.790000,14.480000,26.469999,-7.000000,4.500000,113.800003,1.200000
2026-05-19-10-40-04,0.800000,14.470000,26.440001,-6.300000,3.500000,112.199997,1.200000
2026-05-19-10-40-05,0.790000,14.480000,26.420000,-5.400000,3.100000,109.500000,1.200000
2026-05-19-10-40-05,0.780000,14.480000,26.420000,-5.500000,3.000000,105.800003,1.200000
2026-05-19-10-40-05,0.770000,14.510000,26.430000,-5.600000,6.000000,104.099998,1.200000
2026-05-19-10-40-06,0.770000,14.490000,26.450001,-7.000000,4.600000,101.099998,1.200000
2026-05-19-10-40-06,0.750000,14.470000,26.440001,-6.800000,4.200000,98.000000,1.200000
2026-05-19-10-40-06,0.780000,14.470000,26.430000,-6.500000,2.800000,97.000000,1.200000
2026-05-19-10-40-07,0.760000,14.470000,26.400000,-6.500000,2.500000,93.099998,1.200000
2026-05-19-10-40-07,0.740000,14.490000,26.420000,-4.800000,4.600000,90.199997,1.200000
2026-05-19-10-40-08,0.740000,14.490000,26.450001,-5.300000,3.400000,89.099998,1.200000
2026-05-19-10-40-08,0.740000,14.470000,26.440001,-5.600000,2.900000,86.699997,1.200000
2026-05-19-10-40-08,0.730000,14.470000,26.420000,-6.100000,3.100000,85.800003,1.200000
2026-05-19-10-40-08,0.730000,14.490000,26.410000,-5.800000,2.800000,84.099998,1.200000
2026-05-19-10-40-09,0.740000,14.500000,26.420000,-5.300000,2.700000,82.199997,1.200000
2026-05-19-10-40-09,0.740000,14.480000,26.469999,-5.400000,2.300000,78.900002,1.200000
2026-05-19-10-40-10,0.710000,14.450000,26.450001,-6.700000,1.100000,77.400002,1.200000
2026-05-19-10-40-10,0.710000,14.460000,26.400000,-6.700000,1.400000,76.400002,1.200000
2026-05-19-10-40-10,0.740000,14.510000,26.370001,-5.900000,3.500000,72.900002,1.200000
2026-05-19-10-40-11,0.750000,14.540000,26.440001,-5.900000,1.800000,69.599998,1.200000
2026-05-19-10-40-11,0.700000,14.490000,26.490000,-5.100000,-1.000000,67.900002,1.200000
2026-05-19-10-40-11,0.690000,14.460000,26.440001,-5.100000,-1.400000,66.300003,1.200000
2026-05-19-10-40-12,0.700000,14.480000,26.400000,-5.800000,0.700000,62.900002,1.200000
2026-05-19-10-40-12,0.710000,14.510000,26.400000,-6.300000,1.300000,61.000000,1.200000
2026-05-19-10-40-12,0.730000,14.520000,26.389999,-7.000000,1.200000,58.799999,1.200000
2026-05-19-10-40-13,0.730000,14.530000,26.410000,-7.500000,2.700000,55.500000,1.200000
2026-05-19-10-40-13,0.700000,14.520000,26.440001,-7.700000,1.600000,53.400002,1.200000
2026-05-19-10-40-13,0.680000,14.500000,26.450001,-6.800000,0.300000,51.400002,1.200000
2026-05-19-10-40-13,0.690000,14.490000,26.430000,-6.900000,-0.300000,50.000000,1.200000
2026-05-19-10-40-14,0.690000,14.510000,26.400000,-6.300000,-1.200000,46.200001,1.200000
2026-05-19-10-40-14,0.690000,14.540000,26.370001,-6.200000,-0.000000,44.500000,1.200000
2026-05-19-10-40-15,0.700000,14.540000,26.389999,-5.300000,1.100000,42.000000,1.200000
2026-05-19-10-40-15,0.710000,14.520000,26.430000,-5.500000,1.800000,39.500000,1.200000
2026-05-19-10-40-15,0.670000,14.530000,26.469999,-5.500000,-0.400000,36.799999,1.200000
2026-05-19-10-40-16,0.650000,14.500000,26.430000,-5.600000,-1.700000,34.599998,1.200000
2026-05-19-10-40-16,0.660000,14.520000,26.379999,-5.100000,-1.800000,32.299999,1.200000
2026-05-19-10-40-16,0.690000,14.560000,26.350000,-4.400000,0.100000,29.799999,1.200000
2026-05-19-10-40-17,0.700000,14.570000,26.379999,-3.700000,0.100000,27.700001,1.200000
2026-05-19-10-40-17,0.680000,14.530000,26.459999,-3.200000,0.100000,25.600000,1.200000
2026-05-19-10-40-17,0.640000,14.510000,26.469999,-4.300000,-2.400000,22.000000,1.200000
2026-05-19-10-40-18,0.630000,14.540000,26.420000,-4.600000,-2.200000,20.400000,1.200000
2026-05-19-10-40-18,0.660000,14.570000,26.379999,-4.600000,-1.500000,18.100000,1.200000
2026-05-19-10-40-18,0.660000,14.580000,26.370001,-4.400000,-2.300000,17.500000,1.200000
2026-05-19-10-40-18,0.680000,14.570000,26.360001,-4.700000,-3.000000,16.400000,1.200000
2026-05-19-10-40-19,0.680000,14.560000,26.379999,-4.500000,-1.000000,13.700000,1.200000
2026-05-19-10-40-19,0.680000,14.550000,26.430000,-3.400000,0.400000,11.000000,1.200000
2026-05-19-10-40-20,0.650000,14.570000,26.450001,-3.700000,-1.300000,7.900000,1.200000
2026-05-19-10-40-20,0.640000,14.590000,26.410000,-4.400000,-1.200000,5.800000,1.200000
2026-05-19-10-40-20,0.650000,14.600000,26.379999,-3.900000,-1.500000,4.400000,1.200000
2026-05-19-10-40-21,0.650000,14.570000,26.379999,-3.600000,-2.600000,2.000000,1.200000
2026-05-19-10-40-21,0.650000,14.570000,26.389999,-2.700000,-2.200000,0.100000,1.200000
2026-05-19-10-40-21,0.680000,14.580000,26.410000,-2.200000,0.700000,-4.100000,1.200000
2026-05-19-10-40-22,0.670000,14.600000,26.430000,-0.700000,-1.100000,-5.400000,1.200000
2026-05-19-10-40-22,0.640000,14.600000,26.400000,-1.100000,-1.500000,-7.200000,1.200000
2026-05-19-10-40-22,0.650000,14.590000,26.379999,-0.900000,-0.300000,-9.900000,1.200000
2026-05-19-10-40-23,0.640000,14.580000,26.400000,-2.500000,-2.200000,-11.900000,1.200000
2026-05-19-10-40-23,0.650000,14.610000,26.400000,-3.100000,-1.600000,-14.800000,1.200000
2026-05-19-10-40-24,0.670000,14.590000,26.389999,-1.900000,-0.400000,-16.000000,1.200000
2026-05-19-10-40-24,0.670000,14.600000,26.410000,-1.100000,-0.200000,-19.100000,1.200000
2026-05-19-10-40-24,0.630000,14.630000,26.410000,0.500000,-2.100000,-21.400000,1.200000
2026-05-19-10-40-25,0.630000,14.640000,26.379999,0.200000,-1.500000,-23.100000,1.200000
2026-05-19-10-40-25,0.660000,14.610000,26.370001,0.700000,-0.300000,-25.600000,1.200000
2026-05-19-10-40-26,0.660000,14.600000,26.389999,0.300000,-1.500000,-29.000000,1.200000
2026-05-19-10-40-26,0.680000,14.630000,26.430000,0.400000,-0.100000,-30.700001,1.200000
2026-05-19-10-40-26,0.640000,14.650000,26.410000,1.500000,-1.200000,-33.900002,1.200000
2026-05-19-10-40-27,0.650000,14.650000,26.370001,1.500000,0.200000,-35.299999,1.200000
2026-05-19-10-40-27,0.660000,14.640000,26.379999,1.300000,-1.100000,-38.599998,1.200000
2026-05-19-10-40-27,0.670000,14.650000,26.410000,0.100000,-1.200000,-40.700001,1.200000
2026-05-19-10-40-28,0.650000,14.660000,26.400000,0.500000,-1.200000,-43.099998,1.200000
2026-05-19-10-40-28,0.670000,14.660000,26.379999,0.400000,1.000000,-45.599998,1.200000
2026-05-19-10-40-28,0.680000,14.650000,26.379999,1.100000,1.500000,-46.700001,1.200000
2026-05-19-10-40-29,0.680000,14.650000,26.389999,2.200000,1.300000,-48.099998,1.200000
2026-05-19-10-40-29,0.650000,14.670000,26.400000,1.600000,-0.800000,-51.599998,1.200000
2026-05-19-10-40-29,0.660000,14.690000,26.389999,1.600000,0.400000,-53.599998,1.200000
2026-05-19-10-40-30,0.670000,14.680000,26.400000,1.500000,-0.500000,-56.200001,1.200000
2026-05-19-10-40-30,0.670000,14.670000,26.389999,1.000000,0.300000,-58.799999,1.200000
2026-05-19-10-40-31,0.690000,14.680000,26.379999,2.200000,1.400000,-62.000000,1.200000
2026-05-19-10-40-31,0.690000,14.700000,26.389999,2.200000,1.400000,-63.200001,1.200000
2026-05-19-10-40-31,0.680000,14.720000,26.379999,2.900000,0.200000,-65.800003,1.200000
2026-05-19-10-40-32,0.670000,14.680000,26.400000,1.900000,2.400000,-67.500000,1.200000
2026-05-19-10-40-32,0.690000,14.700000,26.410000,2.100000,-0.000000,-69.900002,1.200000
2026-05-19-10-40-32,0.700000,14.730000,26.389999,2.300000,1.000000,-72.300003,1.200000
2026-05-19-10-40-33,0.710000,14.700000,26.370001,3.100000,2.800000,-73.599998,1.200000
2026-05-19-10-40-33,0.690000,14.710000,26.370001,2.700000,0.100000,-76.699997,1.200000
2026-05-19-10-40-34,0.690000,14.730000,26.379999,1.900000,0.800000,-78.699997,1.200000
2026-05-19-10-40-34,0.710000,14.710000,26.400000,2.600000,0.900000,-81.199997,1.200000
2026-05-19-10-40-34,0.720000,14.710000,26.410000,2.400000,1.800000,-84.000000,1.200000
2026-05-19-10-40-35,0.720000,14.730000,26.400000,3.300000,2.100000,-86.099998,1.200000
2026-05-19-10-40-35,0.720000,14.740000,26.370001,3.100000,3.300000,-88.800003,1.200000
2026-05-19-10-40-35,0.720000,14.730000,26.360001,3.600000,2.600000,-91.099998,1.200000
2026-05-19-10-40-36,0.730000,14.710000,26.389999,3.400000,3.200000,-93.099998,1.200000
2026-05-19-10-40-36,0.740000,14.720000,26.430000,2.900000,1.300000,-94.599998,1.200000
2026-05-19-10-40-37,0.730000,14.730000,26.389999,2.600000,2.600000,-98.400002,1.200000
2026-05-19-10-40-37,0.730000,14.730000,26.389999,2.200000,2.300000,-99.500000,1.200000
2026-05-19-10-40-37,0.760000,14.720000,26.389999,2.300000,2.800000,-101.699997,1.200000
2026-05-19-10-40-38,0.740000,14.720000,26.379999,2.700000,3.500000,-102.099998,1.200000
2026-05-19-10-40-38,0.740000,14.720000,26.400000,1.000000,4.200000,-105.199997,1.200000
2026-05-19-10-40-38,0.770000,14.720000,26.410000,1.000000,3.800000,-106.500000,1.200000
2026-05-19-10-40-39,0.760000,14.730000,26.389999,2.000000,3.200000,-106.099998,1.200000
2026-05-19-10-40-39,0.750000,14.720000,26.350000,1.800000,3.500000,-109.099998,1.200000
2026-05-19-10-40-40,0.730000,14.670000,26.379999,3.000000,6.100000,-110.199997,1.200000
2026-05-19-10-40-40,0.740000,14.690000,26.420000,2.900000,4.500000,-112.500000,1.200000
2026-05-19-10-40-40,0.770000,14.720000,26.400000,2.300000,3.000000,-114.099998,1.200000
2026-05-19-10-40-41,0.760000,14.710000,26.379999,1.200000,4.800000,-116.099998,1.200000
2026-05-19-10-40-41,0.770000,14.700000,26.379999,1.300000,2.700000,-117.800003,1.200000
2026-05-19-10-40-41,0.750000,14.700000,26.360001,1.700000,4.700000,-120.300003,1.200000
2026-05-19-10-40-42,0.740000,14.670000,26.379999,2.400000,5.700000,-122.300003,1.200000
2026-05-19-10-40-42,0.760000,14.670000,26.400000,2.800000,6.000000,-124.199997,1.200000
2026-05-19-10-40-43,0.790000,14.700000,26.440001,1.800000,2.700000,-126.699997,1.200000
2026-05-19-10-40-43,0.810000,14.720000,26.379999,0.200000,2.000000,-127.699997,1.200000
2026-05-19-10-40-43,0.750000,14.670000,26.309999,0.200000,6.000000,-131.000000,1.200000
2026-05-19-10-40-44,0.700000,14.640000,26.370001,0.600000,6.300000,-133.000000,1.200000
2026-05-19-10-40-44,0.750000,14.670000,26.430000,-0.200000,3.800000,-136.399994,1.200000
2026-05-19-10-40-45,0.790000,14.670000,26.420000,-0.500000,3.800000,-138.000000,1.200000
2026-05-19-10-40-45,0.810000,14.670000,26.360001,-0.800000,3.900000,-139.899994,1.200000
2026-05-19-10-40-45,0.760000,14.670000,26.309999,0.100000,5.300000,-141.800003,1.200000
2026-05-19-10-40-46,0.720000,14.670000,26.350000,-0.200000,6.400000,-146.100006,1.200000
2026-05-19-10-40-46,0.740000,14.640000,26.410000,-0.200000,6.700000,-148.300003,1.200000
2026-05-19-10-40-46,0.780000,14.630000,26.430000,-0.600000,7.000000,-151.100006,1.200000
2026-05-19-10-40-47,0.810000,14.660000,26.379999,-0.100000,3.700000,-152.100006,1.200000
2026-05-19-10-40-47,0.770000,14.670000,26.320000,-0.900000,7.300000,-155.399994,1.200000
2026-05-19-10-40-48,0.720000,14.640000,26.350000,-0.700000,6.500000,-159.300003,1.200000
2026-05-19-10-40-48,0.730000,14.640000,26.400000,0.400000,6.100000,-161.100006,1.200000
2026-05-19-10-40-48,0.760000,14.640000,26.400000,0.700000,5.500000,-164.199997,1.200000
2026-05-19-10-40-49,0.790000,14.640000,26.370001,-0.100000,4.900000,-164.600006,1.200000
2026-05-19-10-40-49,0.770000,14.650000,26.350000,-0.100000,7.000000,-167.000000,1.200000
2026-05-19-10-40-49,0.750000,14.650000,26.350000,-1.600000,6.700000,-170.399994,1.200000
2026-05-19-10-40-50,0.740000,14.630000,26.360001,-2.000000,7.600000,-173.300003,1.200000
2026-05-19-10-40-50,0.750000,14.640000,26.379999,-1.600000,6.900000,-174.399994,1.200000
2026-05-19-10-40-50,0.770000,14.640000,26.379999,-1.300000,6.300000,-179.699997,1.200000
2026-05-19-10-40-51,0.760000,14.630000,26.350000,-0.800000,6.700000,179.500000,1.200000
2026-05-19-10-40-51,0.750000,14.630000,26.340000,-1.400000,6.300000,175.600006,1.200000
2026-05-19-10-40-52,0.730000,14.630000,26.379999,-1.200000,7.700000,173.300003,1.200000
2026-05-19-10-40-52,0.750000,14.630000,26.379999,-1.900000,6.900000,169.699997,1.200000
2026-05-19-10-40-52,0.770000,14.610000,26.370001,-2.200000,7.100000,166.500000,1.200000
2026-05-19-10-40-53,0.750000,14.600000,26.340000,-1.800000,6.300000,164.300003,1.200000
2026-05-19-10-40-53,0.720000,14.620000,26.320000,-2.700000,7.800000,161.800003,1.200000
2026-05-19-10-40-54,0.710000,14.620000,26.379999,-2.400000,7.000000,158.600006,1.200000
2026-05-19-10-40-54,0.760000,14.620000,26.410000,-1.500000,5.100000,156.100006,1.200000
2026-05-19-10-40-54,0.750000,14.590000,26.379999,-2.600000,6.400000,152.100006,1.200000
2026-05-19-10-40-55,0.740000,14.580000,26.350000,-2.200000,4.900000,151.199997,1.200000
2026-05-19-10-40-55,0.750000,14.620000,26.340000,-4.500000,6.500000,147.600006,1.200000
2026-05-19-10-40-55,0.730000,14.600000,26.340000,-5.900000,5.800000,145.300003,1.200000
2026-05-19-10-40-56,0.720000,14.610000,26.330000,-5.600000,7.100000,144.199997,1.200000
2026-05-19-10-40-56,0.700000,14.640000,26.360001,-4.700000,8.800000,141.699997,1.200000
2026-05-19-10-40-56,0.740000,14.600000,26.410000,-4.800000,3.800000,139.199997,1.200000
2026-05-19-10-40-57,0.770000,14.570000,26.360001,-4.800000,2.700000,137.300003,1.200000
2026-05-19-10-40-57,0.720000,14.610000,26.299999,-5.000000,5.000000,135.899994,1.200000
2026-05-19-10-40-58,0.690000,14.650000,26.320000,-5.600000,4.900000,133.600006,1.200000
2026-05-19-10-40-58,0.700000,14.650000,26.370001,-5.500000,6.500000,130.100006,1.200000
2026-05-19-10-40-58,0.720000,14.610000,26.379999,-6.000000,6.100000,127.699997,1.200000
2026-05-19-10-40-59,0.720000,14.590000,26.340000,-5.700000,5.300000,125.500000,1.200000
2026-05-19-10-40-59,0.700000,14.600000,26.320000,-6.100000,5.400000,124.599998,1.200000
2026-05-19-10-40-59,0.690000,14.620000,26.320000,-6.600000,5.600000,122.800003,1.200000
2026-05-19-10-40-59,0.680000,14.630000,26.320000,-5.300000,4.400000,121.400002,1.200000
2026-05-19-10-41-00,0.680000,14.640000,26.330000,-5.100000,5.900000,117.900002,1.200000
2026-05-19-10-41-00,0.690000,14.620000,26.370001,-4.400000,4.200000,116.500000,1.200000
2026-05-19-10-41-01,0.690000,14.600000,26.360001,-4.800000,4.400000,113.800003,1.200000
2026-05-19-10-41-01,0.680000,14.590000,26.320000,-5.700000,2.100000,112.800003,1.200000
2026-05-19-10-41-01,0.670000,14.630000,26.299999,-6.100000,5.400000,110.400002,1.200000
2026-05-19-10-41-02,0.670000,14.670000,26.330000,-6.000000,5.400000,108.099998,1.200000
2026-05-19-10-41-02,0.680000,14.650000,26.360001,-6.000000,4.800000,107.099998,1.200000
2026-05-19-10-41-02,0.670000,14.610000,26.370001,-6.000000,3.700000,104.599998,1.200000
2026-05-19-10-41-03,0.670000,14.600000,26.340000,-5.600000,3.200000,103.599998,1.200000
2026-05-19-10-41-03,0.680000,14.630000,26.320000,-5.500000,3.400000,101.199997,1.200000
2026-05-19-10-41-03,0.670000,14.650000,26.309999,-6.000000,3.400000,98.500000,1.200000
2026-05-19-10-41-04,0.660000,14.640000,26.330000,-4.800000,4.600000,96.699997,1.200000
2026-05-19-10-41-04,0.670000,14.630000,26.360001,-5.900000,4.300000,94.800003,1.200000
2026-05-19-10-41-05,0.660000,14.610000,26.340000,-5.400000,2.700000,92.599998,1.200000
2026-05-19-10-41-05,0.670000,14.630000,26.320000,-6.500000,3.300000,90.400002,1.200000
2026-05-19-10-41-05,0.650000,14.650000,26.330000,-5.400000,3.600000,88.900002,1.200000
2026-05-19-10-41-06,0.660000,14.620000,26.330000,-4.600000,1.900000,86.099998,1.200000
2026-05-19-10-41-06,0.650000,14.620000,26.320000,-4.600000,3.600000,83.699997,1.200000
2026-05-19-10-41-07,0.650000,14.650000,26.330000,-4.400000,3.100000,82.199997,1.200000
2026-05-19-10-41-07,0.650000,14.640000,26.340000,-5.800000,2.100000,79.400002,1.200000
2026-05-19-10-41-07,0.640000,14.630000,26.330000,-5.700000,2.500000,78.300003,1.200000
2026-05-19-10-41-08,0.630000,14.610000,26.320000,-6.200000,0.600000,74.500000,1.200000
2026-05-19-10-41-08,0.630000,14.620000,26.309999,-4.800000,2.200000,73.400002,1.200000
2026-05-19-10-41-08,0.660000,14.670000,26.320000,-4.500000,3.300000,70.800003,1.200000
2026-05-19-10-41-09,0.630000,14.650000,26.340000,-4.500000,1.300000,68.000000,1.200000
2026-05-19-10-41-09,0.610000,14.620000,26.340000,-4.400000,0.900000,67.300003,1.200000
2026-05-19-10-41-09,0.620000,14.600000,26.330000,-4.700000,1.000000,66.400002,1.200000
2026-05-19-10-41-10,0.620000,14.620000,26.309999,-4.900000,0.900000,63.400002,1.200000
2026-05-19-10-41-10,0.650000,14.660000,26.290001,-4.500000,1.400000,62.000000,1.200000
2026-05-19-10-41-10,0.650000,14.660000,26.330000,-4.800000,0.600000,58.400002,1.200000
2026-05-19-10-41-11,0.630000,14.650000,26.360001,-4.500000,0.700000,56.099998,1.200000
2026-05-19-10-41-11,0.600000,14.630000,26.330000,-4.900000,0.200000,53.799999,1.200000
2026-05-19-10-41-12,0.610000,14.620000,26.290001,-4.300000,0.100000,51.299999,1.200000
2026-05-19-10-41-12,0.650000,14.640000,26.290001,-4.900000,1.200000,48.099998,1.200000
2026-05-19-10-41-12,0.650000,14.690000,26.330000,-3.900000,1.700000,45.900002,1.200000
2026-05-19-10-41-13,0.620000,14.660000,26.340000,-3.700000,-1.100000,43.400002,1.200000
2026-05-19-10-41-13,0.610000,14.650000,26.309999,-4.100000,0.500000,40.299999,1.200000
2026-05-19-10-41-13,0.620000,14.660000,26.309999,-5.000000,-1.500000,38.799999,1.200000
2026-05-19-10-41-14,0.620000,14.660000,26.320000,-4.900000,-1.400000,35.900002,1.200000
2026-05-19-10-41-14,0.650000,14.670000,26.309999,-4.700000,0.300000,33.700001,1.200000
2026-05-19-10-41-15,0.640000,14.660000,26.320000,-3.700000,0.500000,31.799999,1.200000
2026-05-19-10-41-15,0.600000,14.650000,26.330000,-4.300000,-0.500000,28.299999,1.200000
2026-05-19-10-41-15,0.600000,14.670000,26.309999,-3.500000,-0.800000,27.700001,1.200000
2026-05-19-10-41-16,0.620000,14.650000,26.290001,-3.000000,-3.100000,24.500000,1.200000
2026-05-19-10-41-16,0.660000,14.670000,26.299999,-3.200000,0.800000,21.299999,1.200000
2026-05-19-10-41-16,0.640000,14.690000,26.330000,-3.300000,0.000000,19.200001,1.200000
2026-05-19-10-41-17,0.590000,14.670000,26.330000,-2.500000,-2.600000,16.600000,1.200000
2026-05-19-10-41-17,0.590000,14.680000,26.309999,-2.900000,-1.700000,13.800000,1.200000
2026-05-19-10-41-18,0.640000,14.680000,26.280001,-2.100000,-0.700000,11.600000,1.200000
2026-05-19-10-41-18,0.660000,14.670000,26.290001,-1.900000,-0.600000,8.700000,1.200000
2026-05-19-10-41-18,0.620000,14.690000,26.309999,-2.000000,-1.700000,5.600000,1.200000
2026-05-19-10-41-19,0.610000,14.700000,26.320000,-1.600000,-0.500000,3.700000,1.200000
2026-05-19-10-41-19,0.600000,14.700000,26.330000,-1.400000,-1.500000,2.000000,1.200000
2026-05-19-10-41-19,0.610000,14.690000,26.309999,-1.500000,-1.800000,-1.300000,1.200000
2026-05-19-10-41-20,0.630000,14.680000,26.280001,-1.300000,-1.800000,-3.000000,1.200000
2026-05-19-10-41-20,0.650000,14.690000,26.280001,-1.200000,-0.100000,-7.400000,1.200000
2026-05-19-10-41-21,0.620000,14.700000,26.309999,-0.100000,-1.300000,-9.800000,1.200000
2026-05-19-10-41-21,0.610000,14.700000,26.320000,0.400000,-1.300000,-11.900000,1.200000
2026-05-19-10-41-21,0.610000,14.710000,26.320000,-0.100000,-2.400000,-15.900000,1.200000
2026-05-19-10-41-22,0.620000,14.700000,26.290001,0.600000,-2.400000,-18.700001,1.200000
2026-05-19-10-41-22,0.630000,14.690000,26.270000,-0.400000,-0.500000,-21.500000,1.200000
2026-05-19-10-41-22,0.640000,14.710000,26.299999,0.600000,-0.100000,-24.100000,1.200000
2026-05-19-10-41-23,0.610000,14.710000,26.320000,1.700000,-0.700000,-27.299999,1.200000
2026-05-19-10-41-23,0.610000,14.720000,26.320000,2.400000,-1.000000,-30.299999,1.200000
2026-05-19-10-41-24,0.620000,14.700000,26.299999,1.400000,-1.600000,-32.500000,1.200000
2026-05-19-10-41-24,0.640000,14.700000,26.290001,0.700000,-0.900000,-35.299999,1.200000
2026-05-19-10-41-24,0.610000,14.720000,26.309999,1.500000,-1.300000,-37.900002,1.200000
2026-05-19-10-41-25,0.610000,14.740000,26.299999,0.400000,-0.600000,-41.400002,1.200000
2026-05-19-10-41-25,0.630000,14.740000,26.280001,1.300000,-0.100000,-43.500000,1.200000
2026-05-19-10-41-26,0.630000,14.710000,26.320000,1.000000,0.100000,-45.799999,1.200000
2026-05-19-10-41-26,0.610000,14.730000,26.330000,1.400000,-1.100000,-48.799999,1.200000
2026-05-19-10-41-26,0.620000,14.740000,26.290001,1.700000,0.100000,-51.099998,1.200000
2026-05-19-10-41-27,0.640000,14.760000,26.280001,2.300000,-1.600000,-53.400002,1.200000
2026-05-19-10-41-27,0.630000,14.750000,26.280001,0.900000,0.300000,-55.299999,1.200000
2026-05-19-10-41-27,0.630000,14.720000,26.320000,2.200000,1.500000,-57.700001,1.200000
2026-05-19-10-41-28,0.610000,14.730000,26.340000,2.000000,1.200000,-60.900002,1.200000
2026-05-19-10-41-28,0.630000,14.770000,26.309999,2.500000,-0.000000,-62.599998,1.200000
2026-05-19-10-41-29,0.640000,14.750000,26.260000,2.000000,1.100000,-64.800003,1.200000
2026-05-19-10-41-29,0.640000,14.720000,26.270000,1.800000,0.400000,-67.400002,1.200000
2026-05-19-10-41-29,0.610000,14.720000,26.330000,2.400000,0.400000,-68.900002,1.200000
2026-05-19-10-41-30,0.610000,14.740000,26.350000,1.500000,0.700000,-71.699997,1.200000
2026-05-19-10-41-30,0.630000,14.770000,26.330000,1.500000,0.800000,-73.199997,1.200000
2026-05-19-10-41-30,0.640000,14.770000,26.270000,1.500000,1.000000,-75.599998,1.200000
2026-05-19-10-41-31,0.640000,14.720000,26.250000,2.100000,3.200000,-77.900002,1.200000
2026-05-19-10-41-31,0.630000,14.730000,26.309999,2.900000,1.100000,-78.699997,1.200000
2026-05-19-10-41-31,0.620000,14.750000,26.340000,3.900000,1.400000,-82.199997,1.200000
2026-05-19-10-41-32,0.630000,14.760000,26.320000,3.300000,0.800000,-82.800003,1.200000
2026-05-19-10-41-32,0.650000,14.760000,26.280001,2.600000,0.700000,-84.500000,1.200000
2026-05-19-10-41-33,0.640000,14.760000,26.240000,1.500000,1.300000,-86.300003,1.200000
2026-05-19-10-41-33,0.630000,14.720000,26.290001,2.100000,4.300000,-88.800003,1.200000
2026-05-19-10-41-33,0.610000,14.750000,26.340000,2.900000,2.800000,-91.099998,1.200000
2026-05-19-10-41-34,0.630000,14.770000,26.320000,2.300000,2.600000,-92.900002,1.200000
2026-05-19-10-41-34,0.650000,14.760000,26.280001,1.400000,0.700000,-95.099998,1.200000
2026-05-19-10-41-35,0.630000,14.750000,26.280001,1.500000,1.800000,-97.000000,1.200000
2026-05-19-10-41-35,0.620000,14.750000,26.299999,0.700000,2.500000,-99.599998,1.200000
2026-05-19-10-41-35,0.640000,14.760000,26.290001,1.100000,4.000000,-101.699997,1.200000
2026-05-19-10-41-36,0.620000,14.760000,26.290001,1.800000,3.700000,-102.800003,1.200000
2026-05-19-10-41-36,0.630000,14.770000,26.299999,2.300000,2.100000,-106.199997,1.200000
2026-05-19-10-41-36,0.650000,14.750000,26.280001,2.400000,2.900000,-108.199997,1.200000
2026-05-19-10-41-37,0.640000,14.740000,26.280001,2.900000,4.300000,-111.500000,1.200000
2026-05-19-10-41-37,0.630000,14.780000,26.290001,2.400000,3.400000,-112.300003,1.200000
2026-05-19-10-41-38,0.630000,14.750000,26.290001,2.500000,6.600000,-116.199997,1.200000
2026-05-19-10-41-38,0.640000,14.740000,26.309999,2.100000,3.700000,-118.800003,1.200000
2026-05-19-10-41-38,0.670000,14.760000,26.290001,2.500000,3.600000,-120.199997,1.200000
2026-05-19-10-41-39,0.640000,14.760000,26.280001,1.100000,4.800000,-123.500000,1.200000
2026-05-19-10-41-39,0.630000,14.760000,26.280001,0.900000,4.100000,-125.699997,1.200000
2026-05-19-10-41-39,0.640000,14.760000,26.280001,1.200000,4.700000,-126.400002,1.200000
2026-05-19-10-41-40,0.630000,14.740000,26.280001,1.900000,5.700000,-129.399994,1.200000
2026-05-19-10-41-40,0.620000,14.740000,26.290001,2.900000,5.800000,-131.500000,1.200000
2026-05-19-10-41-40,0.640000,14.760000,26.320000,2.200000,4.700000,-134.899994,1.200000
2026-05-19-10-41-41,0.680000,14.760000,26.309999,0.900000,3.700000,-137.100006,1.200000
2026-05-19-10-41-41,0.650000,14.750000,26.250000,1.700000,6.100000,-138.699997,1.200000
2026-05-19-10-41-42,0.590000,14.750000,26.240000,0.600000,5.600000,-141.800003,1.200000
2026-05-19-10-41-42,0.610000,14.760000,26.290001,1.600000,4.700000,-145.399994,1.200000
2026-05-19-10-41-42,0.650000,14.760000,26.340000,1.300000,5.200000,-147.800003,1.200000
2026-05-19-10-41-43,0.680000,14.760000,26.309999,0.500000,5.100000,-150.100006,1.200000
2026-05-19-10-41-43,0.650000,14.760000,26.240000,-0.500000,6.800000,-152.699997,1.200000
2026-05-19-10-41-43,0.610000,14.760000,26.260000,-0.200000,6.600000,-154.899994,1.200000
2026-05-19-10-41-44,0.620000,14.770000,26.290001,-0.200000,6.000000,-158.199997,1.200000
2026-05-19-10-41-44,0.640000,14.750000,26.320000,-0.600000,6.900000,-160.899994,1.200000
2026-05-19-10-41-45,0.680000,14.740000,26.299999,-0.900000,5.200000,-163.500000,1.200000
2026-05-19-10-41-45,0.680000,14.750000,26.280001,-0.800000,5.900000,-164.300003,1.200000
2026-05-19-10-41-45,0.640000,14.770000,26.260000,-1.100000,7.100000,-166.600006,1.200000
2026-05-19-10-41-46,0.630000,14.760000,26.260000,-1.400000,6.900000,-169.699997,1.200000
2026-05-19-10-41-46,0.620000,14.760000,26.260000,-1.000000,8.500000,-171.399994,1.200000
2026-05-19-10-41-46,0.650000,14.750000,26.309999,-0.900000,6.600000,-174.699997,1.200000
2026-05-19-10-41-47,0.690000,14.750000,26.320000,-1.200000,4.900000,-176.500000,1.200000
2026-05-19-10-41-47,0.670000,14.750000,26.270000,-1.500000,5.700000,-178.800003,1.200000
2026-05-19-10-41-47,0.640000,14.770000,26.230000,-2.000000,5.300000,178.500000,1.200000
2026-05-19-10-41-48,0.620000,14.770000,26.270000,-1.000000,7.400000,175.199997,1.200000
2026-05-19-10-41-48,0.660000,14.750000,26.320000,-1.700000,6.700000,171.100006,1.200000
2026-05-19-10-41-49,0.700000,14.730000,26.309999,-2.700000,5.800000,169.800003,1.200000
2026-05-19-10-41-49,0.670000,14.750000,26.260000,-3.400000,6.200000,166.100006,1.200000
2026-05-19-10-41-49,0.640000,14.760000,26.250000,-2.800000,5.500000,162.500000,1.200000
2026-05-19-10-41-50,0.630000,14.760000,26.260000,-2.200000,5.500000,161.300003,1.200000
2026-05-19-10-41-50,0.650000,14.770000,26.290001,-2.300000,6.100000,159.699997,1.200000
2026-05-19-10-41-50,0.680000,14.740000,26.309999,-3.900000,6.600000,155.800003,1.200000
2026-05-19-10-41-51,0.700000,14.730000,26.290001,-4.200000,6.400000,153.899994,1.200000
2026-05-19-10-41-51,0.690000,14.740000,26.250000,-4.500000,5.900000,150.600006,1.200000
2026-05-19-10-41-51,0.640000,14.770000,26.240000,-3.500000,7.400000,148.300003,1.200000
2026-05-19-10-41-52,0.650000,14.770000,26.290001,-3.300000,5.400000,144.300003,1.200000
2026-05-19-10-41-52,0.690000,14.730000,26.309999,-3.700000,4.800000,141.100006,1.200000
2026-05-19-10-41-52,0.700000,14.720000,26.280001,-4.800000,5.200000,138.000000,1.200000
2026-05-19-10-41-53,0.660000,14.740000,26.240000,-4.200000,6.600000,135.000000,1.200000
2026-05-19-10-41-53,0.650000,14.780000,26.260000,-3.900000,5.800000,132.500000,1.200000
2026-05-19-10-41-54,0.650000,14.760000,26.280001,-5.400000,6.000000,128.300003,1.200000
2026-05-19-10-41-54,0.670000,14.720000,26.290001,-4.700000,4.600000,126.300003,1.200000
2026-05-19-10-41-54,0.680000,14.710000,26.290001,-5.400000,4.900000,123.000000,1.200000
2026-05-19-10-41-55,0.650000,14.720000,26.240000,-4.800000,3.800000,120.699997,1.200000
2026-05-19-10-41-55,0.660000,14.760000,26.240000,-3.700000,5.900000,118.099998,1.200000
2026-05-19-10-41-56,0.680000,14.770000,26.280001,-5.300000,5.400000,114.199997,1.200000
2026-05-19-10-41-56,0.660000,14.720000,26.299999,-5.500000,4.700000,111.500000,1.200000
2026-05-19-10-41-56,0.650000,14.700000,26.290001,-6.100000,3.700000,110.800003,1.200000
2026-05-19-10-41-57,0.660000,14.700000,26.250000,-5.400000,3.600000,107.599998,1.200000
2026-05-19-10-41-57,0.690000,14.740000,26.230000,-5.800000,2.900000,105.099998,1.200000
2026-05-19-10-41-57,0.680000,14.760000,26.250000,-4.800000,4.700000,100.500000,1.200000
2026-05-19-10-41-58,0.650000,14.750000,26.290001,-4.400000,4.700000,97.500000,1.200000
2026-05-19-10-41-58,0.640000,14.710000,26.280001,-4.000000,3.300000,96.000000,1.200000
2026-05-19-10-41-58,0.660000,14.710000,26.260000,-5.600000,3.400000,93.099998,1.200000
2026-05-19-10-41-59,0.670000,14.730000,26.260000,-6.300000,2.300000,90.400002,1.200000
2026-05-19-10-41-59,0.660000,14.740000,26.240000,-6.400000,2.500000,86.300003,1.200000
2026-05-19-10-42-00,0.650000,14.750000,26.250000,-5.700000,3.600000,83.900002,1.200000
2026-05-19-10-42-00,0.640000,14.750000,26.270000,-5.500000,3.000000,83.099998,1.200000
2026-05-19-10-42-00,0.650000,14.730000,26.280001,-4.900000,2.500000,82.500000,1.200000
2026-05-19-10-42-00,0.660000,14.720000,26.270000,-5.100000,2.500000,79.400002,1.200000
2026-05-19-10-42-01,0.660000,14.720000,26.260000,-4.400000,1.500000,76.699997,1.200000
2026-05-19-10-42-01,0.660000,14.720000,26.250000,-4.300000,1.700000,73.699997,1.200000
2026-05-19-10-42-01,0.660000,14.740000,26.270000,-5.200000,2.900000,71.900002,1.200000
2026-05-19-10-42-02,0.650000,14.730000,26.280001,-6.200000,1.700000,69.000000,1.200000
2026-05-19-10-42-02,0.660000,14.730000,26.260000,-6.500000,2.800000,66.900002,1.200000
2026-05-19-10-42-03,0.660000,14.720000,26.250000,-5.300000,-0.100000,64.400002,1.200000
2026-05-19-10-42-03,0.660000,14.700000,26.260000,-3.700000,-0.300000,62.700001,1.200000
2026-05-19-10-42-03,0.670000,14.730000,26.260000,-3.900000,1.900000,59.900002,1.200000
2026-05-19-10-42-04,0.660000,14.750000,26.280001,-4.500000,1.800000,58.200001,1.200000
2026-05-19-10-42-04,0.630000,14.700000,26.260000,-5.300000,-0.600000,55.599998,1.200000
2026-05-19-10-42-05,0.660000,14.700000,26.230000,-6.000000,1.100000,54.400002,1.200000
2026-05-19-10-42-05,0.680000,14.720000,26.240000,-5.400000,2.000000,52.500000,1.200000
2026-05-19-10-42-05,0.690000,14.730000,26.280001,-4.500000,0.500000,49.299999,1.200000
2026-05-19-10-42-06,0.640000,14.720000,26.260000,-4.900000,-0.100000,46.700001,1.200000
2026-05-19-10-42-06,0.650000,14.730000,26.240000,-5.100000,-0.400000,45.000000,1.200000
2026-05-19-10-42-06,0.660000,14.730000,26.240000,-5.900000,-1.000000,41.900002,1.200000
2026-05-19-10-42-07,0.680000,14.720000,26.250000,-5.300000,-0.100000,39.400002,1.200000
2026-05-19-10-42-07,0.670000,14.720000,26.270000,-4.600000,0.100000,35.700001,1.200000
2026-05-19-10-42-07,0.650000,14.730000,26.250000,-3.500000,-0.000000,33.099998,1.200000
2026-05-19-10-42-08,0.660000,14.740000,26.250000,-3.300000,0.100000,30.000000,1.200000
2026-05-19-10-42-08,0.650000,14.730000,26.270000,-3.200000,-2.100000,28.400000,1.200000
2026-05-19-10-42-09,0.680000,14.720000,26.240000,-2.600000,-0.400000,25.400000,1.200000
2026-05-19-10-42-09,0.680000,14.720000,26.250000,-3.100000,-1.500000,22.799999,1.200000
2026-05-19-10-42-09,0.650000,14.740000,26.260000,-4.200000,-1.600000,20.500000,1.200000
2026-05-19-10-42-10,0.650000,14.750000,26.240000,-3.400000,-0.300000,18.799999,1.200000
2026-05-19-10-42-10,0.670000,14.740000,26.240000,-2.800000,1.200000,17.900000,1.200000
2026-05-19-10-42-10,0.710000,14.710000,26.250000,-2.400000,1.200000,16.500000,1.200000
2026-05-19-10-42-10,0.670000,14.710000,26.270000,-3.500000,-3.000000,13.800000,1.200000
2026-05-19-10-42-11,0.660000,14.730000,26.250000,-3.100000,-1.400000,10.800000,1.200000
2026-05-19-10-42-11,0.670000,14.730000,26.250000,-1.800000,-1.500000,10.300000,1.200000
2026-05-19-10-42-12,0.680000,14.710000,26.250000,-2.000000,-1.000000,6.200000,1.200000
2026-05-19-10-42-12,0.670000,14.740000,26.260000,-5.100000,-2.500000,5.000000,1.200000
2026-05-19-10-42-12,0.690000,14.750000,26.360001,-5.200000,-0.800000,1.900000,1.200000
2026-05-19-10-42-13,0.680000,14.750000,26.490000,-5.500000,-2.200000,-0.300000,1.200000
2026-05-19-10-42-13,0.670000,14.780000,26.570000,-6.200000,-4.600000,-1.500000,1.200000
2026-05-19-10-42-13,0.660000,14.790000,26.629999,-7.100000,-6.500000,-2.700000,1.200000
2026-05-19-10-42-13,0.650000,14.790000,26.690001,-8.500000,-8.500000,-4.200000,1.200000
2026-05-19-10-42-14,0.650000,14.800000,26.740000,-10.200000,-9.600000,-5.500000,1.200000
2026-05-19-10-42-14,0.650000,14.800000,26.780001,-12.800000,-10.300000,-7.200000,1.200000
2026-05-19-10-42-14,0.650000,14.800000,26.820000,-15.200000,-10.600000,-9.200000,1.200000
2026-05-19-10-42-14,0.640000,14.810000,26.850000,-16.900000,-10.300000,-11.500000,1.200000
2026-05-19-10-42-14,0.630000,14.810000,26.879999,-17.700001,-9.900000,-13.600000,1.200000
2026-05-19-10-42-15,0.620000,14.810000,26.900000,-18.100000,-9.300000,-16.500000,1.200000
2026-05-19-10-42-15,0.610000,14.810000,26.910000,-18.100000,-8.900000,-18.700001,1.200000
2026-05-19-10-42-15,0.610000,14.820000,26.900000,-17.799999,-8.300000,-21.299999,1.200000
2026-05-19-10-42-15,0.600000,14.810000,26.900000,-17.500000,-7.600000,-23.400000,1.200000
2026-05-19-10-42-16,0.600000,14.810000,26.900000,-16.900000,-6.800000,-25.500000,1.200000
2026-05-19-10-42-16,0.590000,14.810000,26.910000,-16.299999,-6.200000,-27.700001,1.200000
2026-05-19-10-42-16,0.580000,14.810000,26.910000,-15.700000,-5.800000,-30.100000,1.200000
2026-05-19-10-42-16,0.560000,14.810000,26.900000,-15.300000,-5.900000,-32.099998,1.200000
2026-05-19-10-42-16,0.550000,14.810000,26.889999,-15.000000,-5.900000,-34.099998,1.200000
2026-05-19-10-42-17,0.540000,14.810000,26.860001,-14.600000,-5.700000,-35.799999,1.200000
2026-05-19-10-42-17,0.530000,14.810000,26.850000,-14.000000,-5.100000,-37.500000,1.200000
2026-05-19-10-42-17,0.530000,14.800000,26.830000,-12.900000,-4.500000,-39.400002,1.200000
2026-05-19-10-42-17,0.520000,14.790000,26.809999,-11.500000,-4.000000,-41.299999,1.200000
2026-05-19-10-42-17,0.510000,14.790000,26.799999,-10.200000,-3.700000,-43.200001,1.200000
2026-05-19-10-42-18,0.500000,14.790000,26.780001,-8.700000,-3.600000,-45.299999,1.200000
2026-05-19-10-42-18,0.490000,14.800000,26.750000,-7.700000,-3.700000,-47.099998,1.200000
2026-05-19-10-42-18,0.490000,14.810000,26.709999,-6.800000,-3.700000,-48.799999,1.200000
2026-05-19-10-42-18,0.480000,14.810000,26.660000,-5.900000,-3.100000,-50.400002,1.200000
2026-05-19-10-42-19,0.470000,14.800000,26.629999,-5.200000,-2.000000,-52.000000,1.200000
2026-05-19-10-42-19,0.470000,14.790000,26.600000,-4.700000,-1.200000,-53.700001,1.200000
2026-05-19-10-42-19,0.470000,14.790000,26.570000,-4.300000,-0.400000,-55.400002,1.200000
2026-05-19-10-42-19,0.460000,14.780000,26.490000,-5.900000,0.200000,-56.000000,1.200000
2026-05-19-10-42-19,0.450000,14.780000,26.389999,-7.800000,1.200000,-56.000000,1.200000
2026-05-19-10-42-20,0.430000,14.760000,26.270000,-9.600000,3.900000,-56.000000,1.200000
2026-05-19-10-42-20,0.320000,14.670000,26.190001,-13.400000,6.300000,-56.799999,1.200000
2026-05-19-10-42-20,0.460000,14.740000,26.170000,-15.300000,4.100000,-56.599998,1.200000
2026-05-19-10-42-21,0.460000,14.770000,26.200001,-14.600000,-1.800000,-55.200001,1.200000
2026-05-19-10-42-21,0.490000,14.760000,26.260000,-13.200000,-0.900000,-56.500000,1.200000
2026-05-19-10-42-21,0.510000,14.760000,26.299999,-14.000000,-0.200000,-58.400002,1.200000
2026-05-19-10-42-22,0.520000,14.760000,26.260000,-17.500000,2.900000,-60.299999,1.200000
2026-05-19-10-42-22,0.520000,14.770000,26.219999,-19.900000,2.700000,-60.799999,1.200000
2026-05-19-10-42-22,0.510000,14.760000,26.219999,-19.900000,2.600000,-62.299999,1.200000
2026-05-19-10-42-23,0.540000,14.760000,26.260000,-18.100000,2.000000,-63.799999,1.200000
2026-05-19-10-42-23,0.530000,14.770000,26.270000,-14.900000,0.600000,-64.099998,1.200000
2026-05-19-10-42-24,0.560000,14.790000,26.260000,-11.600000,0.200000,-67.199997,1.200000
2026-05-19-10-42-24,0.570000,14.770000,26.219999,-10.000000,1.200000,-67.199997,1.200000
2026-05-19-10-42-24,0.540000,14.750000,26.209999,-7.600000,2.000000,-69.400002,1.200000
2026-05-19-10-42-25,0.540000,14.770000,26.250000,-7.200000,0.900000,-71.400002,1.200000
2026-05-19-10-42-25,0.580000,14.780000,26.260000,-7.900000,1.000000,-72.900002,1.200000
2026-05-19-10-42-26,0.590000,14.770000,26.260000,-7.100000,1.000000,-74.000000,1.200000
2026-05-19-10-42-26,0.570000,14.750000,26.219999,-5.300000,1.800000,-75.000000,1.200000
2026-05-19-10-42-26,0.570000,14.750000,26.209999,-2.600000,1.700000,-77.400002,1.200000
2026-05-19-10-42-27,0.580000,14.750000,26.230000,-0.700000,2.300000,-78.800003,1.200000
2026-05-19-10-42-27,0.600000,14.760000,26.240000,-0.700000,2.100000,-79.699997,1.200000
2026-05-19-10-42-27,0.620000,14.750000,26.260000,-1.500000,2.000000,-81.699997,1.200000
2026-05-19-10-42-28,0.590000,14.730000,26.240000,-1.400000,2.300000,-83.000000,1.200000
2026-05-19-10-42-28,0.590000,14.730000,26.230000,-1.300000,3.000000,-85.599998,1.200000
2026-05-19-10-42-29,0.640000,14.750000,26.209999,-0.800000,1.600000,-86.599998,1.200000
2026-05-19-10-42-29,0.630000,14.740000,26.209999,0.500000,2.800000,-88.000000,1.200000
2026-05-19-10-42-29,0.610000,14.710000,26.240000,0.600000,2.900000,-90.500000,1.200000
2026-05-19-10-42-30,0.600000,14.690000,26.260000,1.400000,3.700000,-92.099998,1.200000
2026-05-19-10-42-30,0.630000,14.710000,26.250000,-0.000000,2.700000,-94.500000,1.200000
2026-05-19-10-42-30,0.650000,14.730000,26.219999,0.800000,1.800000,-94.699997,1.200000
2026-05-19-10-42-31,0.620000,14.710000,26.200001,0.800000,3.600000,-96.699997,1.200000
2026-05-19-10-42-31,0.610000,14.690000,26.219999,0.600000,4.000000,-98.400002,1.200000
2026-05-19-10-42-31,0.650000,14.690000,26.250000,-0.100000,3.000000,-101.000000,1.200000
2026-05-19-10-42-32,0.650000,14.690000,26.219999,1.600000,3.100000,-101.699997,1.200000
2026-05-19-10-42-32,0.600000,14.680000,26.219999,1.900000,2.600000,-104.199997,1.200000
2026-05-19-10-42-33,0.610000,14.670000,26.270000,3.700000,2.200000,-106.699997,1.200000
2026-05-19-10-42-33,0.630000,14.670000,26.320000,2.600000,0.500000,-109.099998,1.200000
2026-05-19-10-42-33,0.650000,14.690000,26.379999,1.900000,-1.600000,-111.500000,1.200000
2026-05-19-10-42-34,0.640000,14.690000,26.420000,0.700000,-2.100000,-112.699997,1.200000
2026-05-19-10-42-34,0.630000,14.690000,26.469999,-0.200000,-2.400000,-114.099998,1.200000
2026-05-19-10-42-34,0.620000,14.700000,26.549999,-1.400000,-3.100000,-115.599998,1.200000
2026-05-19-10-42-34,0.610000,14.700000,26.629999,-2.400000,-4.100000,-116.900002,1.200000
2026-05-19-10-42-34,0.610000,14.710000,26.709999,-3.300000,-5.400000,-118.400002,1.200000
2026-05-19-10-42-35,0.610000,14.710000,26.799999,-4.400000,-6.500000,-120.000000,1.200000
2026-05-19-10-42-35,0.620000,14.720000,26.889999,-5.600000,-7.800000,-121.800003,1.200000
2026-05-19-10-42-35,0.640000,14.730000,26.980000,-7.000000,-8.900000,-123.599998,1.200000
2026-05-19-10-42-35,0.650000,14.740000,27.070000,-8.400000,-10.000000,-125.300003,1.200000
2026-05-19-10-42-35,0.680000,14.750000,27.150000,-9.500000,-11.000000,-126.900002,1.200000
2026-05-19-10-42-36,0.700000,14.760000,27.230000,-10.600000,-11.900000,-128.899994,1.200000
2026-05-19-10-42-36,0.710000,14.770000,27.320000,-11.400000,-12.400000,-130.600006,1.200000
2026-05-19-10-42-36,0.730000,14.780000,27.400000,-11.900000,-13.100000,-133.100006,1.200000
2026-05-19-10-42-36,0.740000,14.790000,27.500000,-12.000000,-13.900000,-135.500000,1.200000
2026-05-19-10-42-37,0.760000,14.810000,27.600000,-12.400000,-15.100000,-137.699997,1.200000
2026-05-19-10-42-37,0.790000,14.820000,27.670000,-13.900000,-16.299999,-140.399994,1.200000
2026-05-19-10-42-37,0.810000,14.830000,27.719999,-16.500000,-17.100000,-143.100006,1.200000
2026-05-19-10-42-37,0.840000,14.840000,27.750000,-18.799999,-17.600000,-146.399994,1.200000
2026-05-19-10-42-37,0.860000,14.850000,27.770000,-20.500000,-18.000000,-149.800003,1.200000
2026-05-19-10-42-38,0.870000,14.860000,27.799999,-21.700001,-18.400000,-153.600006,1.200000
2026-05-19-10-42-38,0.880000,14.870000,27.809999,-21.799999,-18.700001,-157.899994,1.200000
2026-05-19-10-42-38,0.890000,14.880000,27.830000,-20.900000,-18.700001,-162.300003,1.200000
2026-05-19-10-42-38,0.890000,14.900000,27.850000,-19.299999,-18.299999,-167.899994,1.200000
2026-05-19-10-42-39,0.910000,14.920000,27.870001,-17.299999,-17.100000,-174.199997,1.200000
2026-05-19-10-42-39,0.920000,14.930000,27.879999,-15.400000,-15.500000,179.800003,1.200000
2026-05-19-10-42-39,0.940000,14.940000,27.879999,-14.000000,-13.800000,174.300003,1.200000
2026-05-19-10-42-39,0.960000,14.950000,27.879999,-13.400000,-12.300000,170.000000,1.200000
2026-05-19-10-42-39,0.980000,14.950000,27.879999,-13.400000,-10.300000,164.899994,1.200000
2026-05-19-10-42-40,0.990000,14.960000,27.870001,-13.600000,-8.500000,160.699997,1.200000
2026-05-19-10-42-40,1.000000,14.980000,27.860001,-13.700000,-6.900000,156.800003,1.200000
2026-05-19-10-42-40,1.000000,15.000000,27.840000,-13.400000,-5.400000,153.000000,1.200000
2026-05-19-10-42-40,1.020000,15.000000,27.820000,-12.700000,-4.100000,149.500000,1.200000
2026-05-19-10-42-41,1.040000,15.010000,27.809999,-12.100000,-3.200000,146.500000,1.200000
2026-05-19-10-42-41,1.050000,15.010000,27.790001,-11.600000,-2.400000,143.800003,1.200000
2026-05-19-10-42-41,1.060000,15.020000,27.770000,-11.200000,-1.800000,141.399994,1.200000
2026-05-19-10-42-41,1.080000,15.020000,27.740000,-10.900000,-1.300000,139.199997,1.200000
2026-05-19-10-42-41,1.090000,15.020000,27.709999,-10.600000,-0.900000,137.100006,1.200000
2026-05-19-10-42-42,1.100000,15.020000,27.680000,-10.300000,-0.300000,134.800003,1.200000
2026-05-19-10-42-42,1.110000,15.020000,27.650000,-9.900000,0.200000,132.500000,1.200000
2026-05-19-10-42-42,1.120000,15.020000,27.620001,-9.600000,0.700000,130.500000,1.200000
2026-05-19-10-42-42,1.130000,15.020000,27.590000,-9.300000,1.100000,128.399994,1.200000
2026-05-19-10-42-42,1.140000,15.020000,27.559999,-9.000000,1.500000,126.099998,1.200000
2026-05-19-10-42-43,1.140000,15.010000,27.520000,-8.800000,1.700000,124.199997,1.200000
2026-05-19-10-42-43,1.150000,15.000000,27.490000,-8.600000,1.900000,122.199997,1.200000
2026-05-19-10-42-43,1.160000,15.000000,27.450001,-8.300000,2.200000,120.199997,1.200000
2026-05-19-10-42-43,1.170000,14.990000,27.410000,-8.100000,2.500000,118.300003,1.200000
2026-05-19-10-42-44,1.180000,14.990000,27.370001,-7.900000,3.000000,116.500000,1.200000
2026-05-19-10-42-44,1.180000,14.980000,27.330000,-7.800000,3.400000,114.699997,1.200000
2026-05-19-10-42-44,1.180000,14.980000,27.290001,-7.700000,3.800000,113.099998,1.200000
2026-05-19-10-42-44,1.180000,14.980000,27.250000,-7.500000,3.900000,111.199997,1.200000
2026-05-19-10-42-44,1.190000,14.970000,27.219999,-7.400000,3.800000,109.599998,1.200000
2026-05-19-10-42-45,1.200000,14.960000,27.180000,-7.300000,3.500000,107.699997,1.200000
2026-05-19-10-42-45,1.200000,14.950000,27.139999,-7.300000,3.400000,106.099998,1.200000
2026-05-19-10-42-45,1.200000,14.940000,27.090000,-7.300000,3.300000,104.300003,1.200000
2026-05-19-10-42-45,1.200000,14.940000,27.040001,-7.300000,3.500000,102.800003,1.200000
2026-05-19-10-42-46,1.210000,14.940000,26.990000,-7.200000,3.900000,101.099998,1.200000
2026-05-19-10-42-46,1.210000,14.950000,26.940001,-7.000000,4.100000,99.400002,1.200000
2026-05-19-10-42-46,1.220000,14.950000,26.910000,-6.800000,4.000000,98.000000,1.200000
2026-05-19-10-42-46,1.220000,14.940000,26.879999,-6.600000,3.300000,96.500000,1.200000
2026-05-19-10-42-46,1.220000,14.920000,26.840000,-6.500000,2.600000,95.099998,1.200000
2026-05-19-10-42-47,1.220000,14.900000,26.790001,-6.600000,1.900000,93.599998,1.200000
2026-05-19-10-42-47,1.220000,14.890000,26.740000,-6.600000,1.500000,92.000000,1.200000
2026-05-19-10-42-47,1.220000,14.890000,26.680000,-6.500000,1.600000,90.199997,1.200000
2026-05-19-10-42-47,1.220000,14.900000,26.610001,-6.600000,2.500000,88.699997,1.200000
2026-05-19-10-42-47,1.220000,14.920000,26.559999,-6.600000,3.600000,87.099998,1.200000
2026-05-19-10-42-48,1.230000,14.930000,26.520000,-6.300000,3.600000,85.800003,1.200000
2026-05-19-10-42-48,1.240000,14.930000,26.500000,-6.000000,2.900000,84.300003,1.200000
2026-05-19-10-42-48,1.250000,14.920000,26.480000,-5.800000,2.300000,82.500000,1.200000
2026-05-19-10-42-48,1.240000,14.880000,26.459999,-5.800000,0.700000,81.000000,1.200000
2026-05-19-10-42-49,1.230000,14.840000,26.400000,-6.300000,-1.600000,79.599998,1.200000
2026-05-19-10-42-49,1.220000,14.820000,26.309999,-6.700000,-1.500000,77.099998,1.200000
2026-05-19-10-42-49,1.230000,14.890000,26.270000,-5.100000,4.700000,74.500000,1.200000
2026-05-19-10-42-50,1.250000,14.940000,26.330000,-4.500000,4.600000,71.099998,1.200000
2026-05-19-10-42-50,1.240000,14.910000,26.389999,-5.200000,1.400000,69.300003,1.200000
2026-05-19-10-42-50,1.220000,14.890000,26.389999,-5.000000,0.100000,66.800003,1.200000
2026-05-19-10-42-51,1.230000,14.880000,26.340000,-5.400000,-0.300000,64.300003,1.200000
2026-05-19-10-42-51,1.210000,14.920000,26.320000,-5.800000,1.400000,60.500000,1.200000
2026-05-19-10-42-51,1.210000,14.950000,26.330000,-4.700000,1.500000,58.200001,1.200000
2026-05-19-10-42-52,1.230000,14.950000,26.350000,-4.800000,2.300000,55.400002,1.200000
2026-05-19-10-42-52,1.230000,14.940000,26.370001,-4.900000,0.300000,52.400002,1.200000
2026-05-19-10-42-53,1.210000,14.930000,26.360001,-5.000000,-0.900000,49.700001,1.200000
2026-05-19-10-42-53,1.200000,14.950000,26.320000,-4.700000,-1.500000,46.200001,1.200000
2026-05-19-10-42-53,1.200000,14.980000,26.320000,-5.100000,0.200000,42.799999,1.200000
2026-05-19-10-42-54,1.210000,15.010000,26.340000,-4.400000,0.500000,41.200001,1.200000
2026-05-19-10-42-54,1.220000,14.980000,26.350000,-4.000000,0.000000,38.000000,1.200000
2026-05-19-10-42-54,1.220000,14.980000,26.360001,-2.700000,-0.900000,34.799999,1.200000
2026-05-19-10-42-55,1.200000,15.000000,26.360001,-3.600000,-1.800000,31.400000,1.200000
2026-05-19-10-42-55,1.170000,15.020000,26.340000,-3.500000,-2.900000,31.000000,1.200000
2026-05-19-10-42-55,1.190000,15.040000,26.290001,-4.100000,-1.200000,28.299999,1.200000
2026-05-19-10-42-56,1.260000,15.060000,26.309999,-3.100000,1.400000,26.000000,1.200000
2026-05-19-10-42-56,1.260000,15.040000,26.379999,-3.600000,-1.500000,23.799999,1.200000
2026-05-19-10-42-57,1.200000,15.030000,26.379999,-4.500000,-4.000000,20.500000,1.200000
2026-05-19-10-42-57,1.200000,15.050000,26.320000,-4.600000,-4.900000,18.299999,1.200000
2026-05-19-10-42-57,1.250000,15.080000,26.280001,-4.000000,-3.100000,15.500000,1.200000
2026-05-19-10-42-58,1.280000,15.080000,26.320000,-2.500000,-2.400000,13.400000,1.200000
2026-05-19-10-42-58,1.240000,15.070000,26.370001,-2.900000,-2.000000,9.700000,1.200000
2026-05-19-10-42-58,1.220000,15.090000,26.370001,-3.400000,-1.300000,8.000000,1.200000
2026-05-19-10-42-59,1.240000,15.090000,26.320000,-3.500000,-1.000000,4.700000,1.200000
2026-05-19-10-42-59,1.240000,15.110000,26.280001,-3.100000,-4.200000,2.400000,1.200000
2026-05-19-10-43-00,1.260000,15.120000,26.299999,-2.100000,-2.500000,-0.600000,1.200000
2026-05-19-10-43-00,1.290000,15.110000,26.360001,-0.300000,-0.100000,-2.500000,1.200000
2026-05-19-10-43-00,1.250000,15.110000,26.389999,-1.000000,-1.100000,-3.900000,1.200000
2026-05-19-10-43-01,1.230000,15.110000,26.340000,-1.800000,-2.800000,-6.400000,1.200000
2026-05-19-10-43-01,1.250000,15.120000,26.280001,-2.800000,-1.700000,-8.900000,1.200000
2026-05-19-10-43-01,1.310000,15.160000,26.299999,-3.000000,-0.100000,-10.800000,1.200000
2026-05-19-10-43-02,1.290000,15.130000,26.330000,-0.200000,-2.900000,-12.100000,1.200000
2026-05-19-10-43-02,1.290000,15.120000,26.330000,-0.300000,-1.500000,-15.700000,1.200000
2026-05-19-10-43-03,1.290000,15.150000,26.330000,-0.100000,-1.900000,-17.900000,1.200000
2026-05-19-10-43-03,1.280000,15.150000,26.309999,-0.200000,-2.200000,-21.000000,1.200000
2026-05-19-10-43-03,1.310000,15.180000,26.299999,-1.000000,-0.800000,-22.900000,1.200000
2026-05-19-10-43-04,1.310000,15.160000,26.320000,-0.300000,-1.400000,-24.299999,1.200000
2026-05-19-10-43-04,1.290000,15.150000,26.320000,-0.500000,-2.000000,-27.700001,1.200000
2026-05-19-10-43-04,1.320000,15.170000,26.309999,-0.400000,-0.700000,-30.200001,1.200000
2026-05-19-10-43-05,1.340000,15.180000,26.299999,0.200000,-2.400000,-31.799999,1.200000
2026-05-19-10-43-05,1.330000,15.180000,26.330000,0.400000,-1.700000,-33.099998,1.200000
2026-05-19-10-43-06,1.320000,15.190000,26.330000,1.000000,-1.300000,-36.200001,1.200000
2026-05-19-10-43-06,1.300000,15.180000,26.309999,0.800000,-1.200000,-36.599998,1.200000
2026-05-19-10-43-06,1.330000,15.180000,26.309999,1.200000,0.100000,-40.900002,1.200000
2026-05-19-10-43-07,1.350000,15.190000,26.309999,1.700000,-0.500000,-42.299999,1.200000
2026-05-19-10-43-07,1.360000,15.190000,26.320000,1.200000,-0.500000,-44.000000,1.200000
2026-05-19-10-43-07,1.340000,15.190000,26.309999,1.700000,-1.200000,-46.400002,1.200000
2026-05-19-10-43-08,1.340000,15.180000,26.320000,0.800000,-0.600000,-48.799999,1.200000
2026-05-19-10-43-08,1.360000,15.200000,26.320000,2.200000,-0.900000,-51.200001,1.200000
2026-05-19-10-43-09,1.350000,15.190000,26.309999,2.400000,0.400000,-53.200001,1.200000
2026-05-19-10-43-09,1.350000,15.200000,26.309999,1.800000,-0.500000,-54.299999,1.200000
2026-05-19-10-43-09,1.370000,15.200000,26.309999,2.500000,1.000000,-57.200001,1.200000
2026-05-19-10-43-10,1.360000,15.180000,26.330000,2.800000,-0.500000,-59.099998,1.200000
2026-05-19-10-43-10,1.360000,15.200000,26.320000,1.700000,0.000000,-62.400002,1.200000
2026-05-19-10-43-10,1.390000,15.200000,26.299999,2.200000,0.700000,-63.299999,1.200000
2026-05-19-10-43-11,1.370000,15.190000,26.299999,2.700000,-1.100000,-64.599998,1.200000
2026-05-19-10-43-11,1.360000,15.190000,26.309999,1.700000,-0.800000,-66.900002,1.200000
2026-05-19-10-43-12,1.370000,15.170000,26.309999,2.900000,0.900000,-69.599998,1.200000
2026-05-19-10-43-12,1.360000,15.160000,26.330000,3.400000,1.100000,-72.300003,1.200000
2026-05-19-10-43-12,1.390000,15.190000,26.320000,3.100000,0.800000,-73.699997,1.200000
2026-05-19-10-43-13,1.400000,15.190000,26.290001,3.100000,0.000000,-76.000000,1.200000
2026-05-19-10-43-13,1.380000,15.180000,26.280001,2.600000,0.000000,-76.800003,1.200000
2026-05-19-10-43-13,1.370000,15.140000,26.299999,3.000000,1.200000,-80.099998,1.300000
2026-05-19-10-43-14,1.380000,15.130000,26.330000,2.900000,2.300000,-81.800003,1.300000
2026-05-19-10-43-14,1.400000,15.150000,26.330000,3.700000,1.800000,-85.000000,1.300000
2026-05-19-10-43-15,1.400000,15.170000,26.309999,2.500000,1.400000,-86.500000,1.300000
2026-05-19-10-43-15,1.410000,15.160000,26.280001,3.700000,1.300000,-88.300003,1.300000
2026-05-19-10-43-15,1.380000,15.120000,26.290001,2.400000,2.400000,-91.199997,1.300000
2026-05-19-10-43-16,1.400000,15.130000,26.309999,2.400000,1.300000,-93.099998,1.300000
2026-05-19-10-43-16,1.380000,15.120000,26.299999,3.500000,3.000000,-95.400002,1.300000
2026-05-19-10-43-16,1.380000,15.100000,26.309999,3.200000,2.700000,-98.599998,1.300000
2026-05-19-10-43-17,1.410000,15.100000,26.330000,4.000000,2.400000,-100.400002,1.300000
2026-05-19-10-43-17,1.410000,15.130000,26.309999,4.500000,1.800000,-101.300003,1.300000
2026-05-19-10-43-18,1.400000,15.130000,26.280001,2.600000,3.200000,-104.599998,1.300000
2026-05-19-10-43-18,1.390000,15.080000,26.270000,4.100000,3.700000,-107.000000,1.300000
2026-05-19-10-43-18,1.350000,15.050000,26.280001,3.700000,4.600000,-108.800003,1.300000
2026-05-19-10-43-19,1.390000,15.030000,26.340000,1.800000,4.000000,-112.199997,1.300000
2026-05-19-10-43-19,1.440000,15.080000,26.330000,1.400000,1.600000,-113.800003,1.300000
2026-05-19-10-43-20,1.420000,15.090000,26.280001,1.300000,2.700000,-116.000000,1.300000
2026-05-19-10-43-20,1.370000,15.060000,26.260000,0.900000,3.700000,-119.000000,1.300000
2026-05-19-10-43-20,1.340000,15.030000,26.270000,1.000000,4.900000,-122.000000,1.300000
2026-05-19-10-43-21,1.350000,15.010000,26.299999,0.700000,6.000000,-123.699997,1.300000
2026-05-19-10-43-21,1.400000,15.020000,26.330000,0.200000,5.000000,-125.599998,1.300000
2026-05-19-10-43-21,1.430000,15.030000,26.320000,-0.400000,3.900000,-127.699997,1.300000
2026-05-19-10-43-22,1.420000,15.030000,26.270000,-0.300000,3.900000,-129.699997,1.300000
2026-05-19-10-43-22,1.380000,15.030000,26.250000,-0.300000,3.400000,-131.600006,1.300000
2026-05-19-10-43-22,1.350000,15.020000,26.250000,1.000000,4.400000,-134.899994,1.300000
2026-05-19-10-43-23,1.340000,14.980000,26.280001,0.800000,7.200000,-137.500000,1.300000
2026-05-19-10-43-23,1.380000,14.980000,26.330000,1.400000,5.800000,-139.800003,1.300000
2026-05-19-10-43-23,1.410000,15.000000,26.320000,0.100000,3.900000,-141.300003,1.300000
2026-05-19-10-43-24,1.420000,15.010000,26.250000,0.600000,3.300000,-142.699997,1.300000
2026-05-19-10-43-24,1.350000,15.010000,26.230000,-0.200000,5.200000,-145.800003,1.300000
2026-05-19-10-43-25,1.310000,14.980000,26.250000,-0.200000,7.000000,-148.500000,1.300000
2026-05-19-10-43-25,1.330000,14.960000,26.299999,0.300000,6.800000,-151.399994,1.300000
2026-05-19-10-43-25,1.380000,14.950000,26.340000,0.300000,6.000000,-153.199997,1.300000
2026-05-19-10-43-26,1.410000,14.970000,26.290001,-0.600000,4.000000,-154.199997,1.300000
2026-05-19-10-43-26,1.390000,14.990000,26.219999,-1.200000,3.800000,-154.500000,1.300000
2026-05-19-10-43-26,1.310000,14.990000,26.209999,-1.300000,6.700000,-159.199997,1.300000
2026-05-19-10-43-27,1.280000,14.980000,26.240000,-1.600000,8.000000,-161.500000,1.300000
2026-05-19-10-43-27,1.290000,14.970000,26.299999,-1.200000,7.300000,-163.800003,1.300000
2026-05-19-10-43-27,1.340000,14.940000,26.320000,-2.600000,5.900000,-167.300003,1.300000
2026-05-19-10-43-28,1.360000,14.920000,26.290001,-3.200000,4.700000,-168.199997,1.300000
2026-05-19-10-43-28,1.350000,14.940000,26.219999,-4.200000,4.400000,-171.000000,1.300000
2026-05-19-10-43-28,1.310000,14.970000,26.209999,-3.400000,3.100000,-174.100006,1.300000
2026-05-19-10-43-29,1.260000,14.970000,26.230000,-2.500000,6.300000,-178.199997,1.300000
2026-05-19-10-43-29,1.240000,14.970000,26.280001,-2.100000,9.500000,178.300003,1.300000
2026-05-19-10-43-29,1.300000,14.930000,26.330000,-2.800000,5.800000,175.899994,1.300000
2026-05-19-10-43-30,1.350000,14.920000,26.280001,-3.600000,2.800000,174.199997,1.300000
2026-05-19-10-43-30,1.320000,14.930000,26.209999,-4.400000,3.000000,172.500000,1.300000
2026-05-19-10-43-30,1.230000,14.960000,26.200001,-5.500000,7.200000,168.500000,1.300000
2026-05-19-10-43-31,1.220000,14.990000,26.240000,-5.900000,5.600000,166.500000,1.300000
2026-05-19-10-43-31,1.250000,14.970000,26.270000,-6.500000,5.000000,164.000000,1.300000
2026-05-19-10-43-31,1.260000,14.950000,26.260000,-6.600000,6.100000,160.399994,1.300000
2026-05-19-10-43-32,1.240000,14.940000,26.230000,-6.700000,6.700000,157.500000,1.300000
2026-05-19-10-43-32,1.220000,14.930000,26.250000,-5.800000,6.700000,155.600006,1.300000
2026-05-19-10-43-33,1.240000,14.930000,26.230000,-6.500000,4.500000,152.699997,1.300000
2026-05-19-10-43-33,1.240000,14.950000,26.200001,-6.200000,6.700000,149.899994,1.300000
2026-05-19-10-43-33,1.200000,14.960000,26.209999,-6.900000,6.900000,147.300003,1.300000
2026-05-19-10-43-34,1.200000,14.950000,26.250000,-5.200000,6.300000,145.800003,1.300000
2026-05-19-10-43-34,1.210000,14.940000,26.260000,-5.200000,5.100000,141.800003,1.300000
2026-05-19-10-43-34,1.190000,14.920000,26.219999,-5.200000,5.200000,140.500000,1.300000
2026-05-19-10-43-35,1.200000,14.930000,26.200001,-6.300000,4.100000,138.500000,1.300000
2026-05-19-10-43-35,1.200000,14.960000,26.209999,-6.300000,5.400000,136.199997,1.300000
2026-05-19-10-43-36,1.190000,14.960000,26.240000,-5.800000,6.600000,133.000000,1.300000
2026-05-19-10-43-36,1.180000,14.930000,26.260000,-6.000000,5.400000,130.699997,1.300000
2026-05-19-10-43-36,1.180000,14.930000,26.209999,-5.600000,5.900000,128.800003,1.300000
2026-05-19-10-43-37,1.170000,14.970000,26.219999,-5.900000,6.600000,126.599998,1.300000
2026-05-19-10-43-37,1.190000,14.970000,26.219999,-5.200000,3.400000,124.099998,1.300000
2026-05-19-10-43-38,1.170000,14.960000,26.219999,-5.400000,4.600000,120.599998,1.300000
2026-05-19-10-43-38,1.160000,14.960000,26.230000,-3.700000,4.400000,119.500000,1.300000
2026-05-19-10-43-38,1.160000,14.950000,26.230000,-3.900000,4.500000,115.800003,1.300000
2026-05-19-10-43-39,1.160000,14.950000,26.209999,-4.900000,4.100000,115.400002,1.300000
2026-05-19-10-43-39,1.170000,14.980000,26.190001,-5.200000,5.100000,112.699997,1.300000
2026-05-19-10-43-39,1.160000,15.010000,26.230000,-6.400000,5.200000,108.000000,1.300000
2026-05-19-10-43-40,1.150000,14.960000,26.240000,-6.500000,3.100000,107.599998,1.300000
2026-05-19-10-43-40,1.150000,14.960000,26.219999,-6.500000,3.500000,103.599998,1.300000
2026-05-19-10-43-41,1.140000,14.980000,26.200001,-5.000000,2.700000,101.900002,1.300000
2026-05-19-10-43-41,1.140000,15.000000,26.200001,-4.900000,2.700000,99.300003,1.300000
2026-05-19-10-43-41,1.150000,15.010000,26.200001,-4.300000,3.700000,96.800003,1.300000
2026-05-19-10-43-42,1.160000,14.990000,26.219999,-4.700000,4.000000,94.400002,1.300000
2026-05-19-10-43-42,1.140000,14.960000,26.230000,-5.200000,2.000000,91.400002,1.300000
2026-05-19-10-43-42,1.130000,14.980000,26.219999,-6.100000,2.300000,89.599998,1.300000
2026-05-19-10-43-43,1.130000,15.020000,26.180000,-5.600000,1.700000,86.699997,1.300000
2026-05-19-10-43-43,1.160000,15.030000,26.190001,-5.200000,2.300000,83.900002,1.300000
2026-05-19-10-43-43,1.150000,14.980000,26.219999,-5.000000,1.100000,81.099998,1.300000
2026-05-19-10-43-44,1.130000,14.970000,26.219999,-4.900000,2.600000,78.699997,1.300000
2026-05-19-10-43-44,1.130000,15.000000,26.219999,-4.200000,0.100000,76.099998,1.300000
2026-05-19-10-43-45,1.140000,14.990000,26.190001,-5.100000,-1.200000,73.199997,1.300000
2026-05-19-10-43-45,1.150000,15.010000,26.170000,-4.300000,1.100000,70.500000,1.300000
2026-05-19-10-43-45,1.140000,15.030000,26.219999,-5.100000,1.400000,67.199997,1.300000
2026-05-19-10-43-46,1.110000,15.010000,26.240000,-4.400000,1.400000,64.400002,1.300000
2026-05-19-10-43-46,1.100000,14.980000,26.200001,-4.000000,-0.300000,62.700001,1.300000
2026-05-19-10-43-47,1.150000,15.020000,26.170000,-3.700000,2.000000,59.799999,1.300000
2026-05-19-10-43-47,1.170000,15.050000,26.200001,-5.200000,0.600000,56.299999,1.300000
2026-05-19-10-43-47,1.130000,15.040000,26.219999,-4.400000,-0.200000,54.500000,1.300000
2026-05-19-10-43-48,1.100000,15.020000,26.209999,-4.500000,0.100000,51.000000,1.300000
2026-05-19-10-43-48,1.110000,15.030000,26.190001,-3.400000,-0.600000,49.200001,1.300000
2026-05-19-10-43-48,1.130000,15.020000,26.190001,-4.700000,-2.100000,46.900002,1.300000
2026-05-19-10-43-49,1.140000,15.050000,26.160000,-4.800000,-0.200000,44.200001,1.300000
2026-05-19-10-43-49,1.160000,15.070000,26.200001,-3.700000,1.400000,41.200001,1.300000
2026-05-19-10-43-50,1.120000,15.050000,26.230000,-4.100000,-0.800000,38.500000,1.300000
2026-05-19-10-43-50,1.090000,15.050000,26.209999,-4.500000,-0.100000,36.500000,1.300000
2026-05-19-10-43-50,1.110000,15.050000,26.180000,-4.700000,-1.800000,34.900002,1.300000
2026-05-19-10-43-51,1.150000,15.060000,26.160000,-4.200000,-0.500000,31.000000,1.300000
2026-05-19-10-43-51,1.160000,15.070000,26.190001,-3.400000,0.300000,29.700001,1.300000
2026-05-19-10-43-51,1.130000,15.060000,26.219999,-3.200000,-1.100000,27.100000,1.300000
2026-05-19-10-43-52,1.110000,15.070000,26.209999,-3.200000,-1.300000,25.600000,1.300000
2026-05-19-10-43-52,1.120000,15.070000,26.180000,-3.900000,-1.300000,22.900000,1.300000
2026-05-19-10-43-52,1.130000,15.080000,26.180000,-3.300000,-3.000000,19.900000,1.300000
2026-05-19-10-43-53,1.130000,15.070000,26.190001,-2.800000,-1.800000,17.700001,1.300000
2026-05-19-10-43-53,1.120000,15.070000,26.190001,-2.500000,-1.700000,14.300000,1.300000
2026-05-19-10-43-54,1.130000,15.090000,26.190001,-2.100000,-0.400000,12.000000,1.300000
2026-05-19-10-43-54,1.150000,15.100000,26.190001,-2.300000,-0.500000,9.600000,1.300000
2026-05-19-10-43-54,1.140000,15.100000,26.190001,-1.700000,-1.900000,7.500000,1.300000
2026-05-19-10-43-55,1.110000,15.090000,26.170000,-1.400000,-3.000000,4.400000,1.300000
2026-05-19-10-43-55,1.150000,15.100000,26.180000,-1.000000,-0.300000,2.200000,1.300000
2026-05-19-10-43-56,1.170000,15.090000,26.190001,-0.300000,-1.200000,0.200000,1.300000
2026-05-19-10-43-56,1.150000,15.110000,26.209999,-1.000000,-1.400000,-3.400000,1.300000
2026-05-19-10-43-56,1.120000,15.120000,26.200001,0.300000,-2.700000,-5.400000,1.300000
2026-05-19-10-43-57,1.120000,15.130000,26.170000,-0.200000,-2.400000,-8.000000,1.300000
2026-05-19-10-43-57,1.160000,15.130000,26.160000,0.800000,-1.500000,-10.500000,1.300000
2026-05-19-10-43-57,1.180000,15.120000,26.160000,-0.400000,-0.800000,-13.600000,1.300000
2026-05-19-10-43-58,1.180000,15.120000,26.200001,0.500000,-1.100000,-16.000000,1.300000
2026-05-19-10-43-58,1.140000,15.140000,26.230000,-0.200000,-2.200000,-20.100000,1.300000
2026-05-19-10-43-59,1.140000,15.180000,26.190001,-0.700000,-3.300000,-21.600000,1.300000
2026-05-19-10-43-59,1.150000,15.160000,26.150000,-0.600000,-3.800000,-24.100000,1.300000
2026-05-19-10-43-59,1.190000,15.120000,26.129999,-0.500000,-1.400000,-28.299999,1.300000
2026-05-19-10-44-00,1.200000,15.120000,26.200001,1.100000,-0.700000,-30.299999,1.300000
2026-05-19-10-44-00,1.170000,15.150000,26.240000,2.400000,-0.500000,-32.799999,1.300000
2026-05-19-10-44-01,1.150000,15.170000,26.190001,1.800000,-2.000000,-35.400002,1.300000
2026-05-19-10-44-01,1.180000,15.170000,26.150000,1.200000,-0.300000,-37.200001,1.300000
2026-05-19-10-44-01,1.200000,15.140000,26.139999,0.500000,-1.300000,-39.000000,1.300000
2026-05-19-10-44-01,1.210000,15.120000,26.160000,0.100000,-0.500000,-41.900002,1.300000
2026-05-19-10-44-02,1.200000,15.120000,26.209999,0.900000,-0.400000,-43.299999,1.300000
2026-05-19-10-44-02,1.180000,15.150000,26.219999,1.400000,-0.800000,-46.900002,1.300000
2026-05-19-10-44-03,1.190000,15.190000,26.180000,1.400000,-1.700000,-48.599998,1.300000
2026-05-19-10-44-03,1.210000,15.170000,26.139999,1.800000,-1.100000,-50.599998,1.300000
2026-05-19-10-44-03,1.210000,15.110000,26.120001,1.400000,-0.000000,-52.599998,1.300000
2026-05-19-10-44-04,1.220000,15.100000,26.190001,1.300000,1.300000,-56.000000,1.300000
2026-05-19-10-44-04,1.200000,15.150000,26.219999,3.300000,-0.700000,-57.799999,1.300000
2026-05-19-10-44-05,1.200000,15.160000,26.200001,3.600000,-0.900000,-60.700001,1.300000
2026-05-19-10-44-05,1.220000,15.170000,26.150000,2.800000,-2.400000,-62.900002,1.300000
2026-05-19-10-44-05,1.240000,15.130000,26.129999,2.200000,-0.100000,-64.699997,1.300000
2026-05-19-10-44-06,1.210000,15.110000,26.180000,0.700000,0.800000,-66.900002,1.300000
2026-05-19-10-44-06,1.210000,15.130000,26.200001,-0.400000,1.600000,-70.000000,1.300000
2026-05-19-10-44-06,1.230000,15.150000,26.180000,0.200000,1.200000,-71.500000,1.300000
2026-05-19-10-44-07,1.230000,15.150000,26.160000,1.700000,-0.600000,-73.699997,1.300000
2026-05-19-10-44-07,1.240000,15.140000,26.160000,3.000000,0.500000,-76.300003,1.300000
2026-05-19-10-44-08,1.230000,15.120000,26.160000,3.800000,2.000000,-78.300003,1.300000
2026-05-19-10-44-08,1.230000,15.130000,26.190001,3.400000,2.300000,-81.300003,1.300000
2026-05-19-10-44-08,1.230000,15.160000,26.180000,2.900000,0.700000,-83.699997,1.300000
2026-05-19-10-44-09,1.240000,15.140000,26.139999,2.500000,2.000000,-85.300003,1.300000
2026-05-19-10-44-09,1.240000,15.100000,26.170000,2.000000,2.100000,-89.099998,1.300000
2026-05-19-10-44-10,1.250000,15.130000,26.190001,2.400000,1.700000,-91.599998,1.300000
2026-05-19-10-44-10,1.250000,15.160000,26.160000,2.400000,3.000000,-94.099998,1.300000
2026-05-19-10-44-10,1.250000,15.130000,26.150000,3.500000,3.300000,-96.400002,1.300000
2026-05-19-10-44-11,1.240000,15.120000,26.160000,2.800000,3.300000,-101.099998,1.300000
2026-05-19-10-44-11,1.260000,15.130000,26.180000,3.900000,2.400000,-101.900002,1.300000
2026-05-19-10-44-11,1.260000,15.140000,26.170000,3.900000,3.300000,-105.300003,1.300000
2026-05-19-10-44-12,1.270000,15.140000,26.160000,4.400000,2.900000,-106.800003,1.300000
2026-05-19-10-44-12,1.260000,15.130000,26.150000,2.900000,3.400000,-109.199997,1.300000
2026-05-19-10-44-12,1.250000,15.120000,26.160000,3.600000,3.600000,-111.800003,1.300000
2026-05-19-10-44-13,1.260000,15.130000,26.180000,1.100000,4.100000,-114.400002,1.300000
2026-05-19-10-44-13,1.290000,15.140000,26.180000,2.400000,3.700000,-116.800003,1.300000
2026-05-19-10-44-14,1.280000,15.160000,26.150000,1.500000,2.600000,-118.500000,1.300000
2026-05-19-10-44-14,1.260000,15.100000,26.129999,2.500000,6.400000,-121.199997,1.300000
2026-05-19-10-44-14,1.250000,15.110000,26.180000,3.700000,2.800000,-124.800003,1.300000
2026-05-19-10-44-15,1.290000,15.150000,26.180000,3.100000,1.600000,-126.500000,1.300000
2026-05-19-10-44-15,1.290000,15.120000,26.129999,2.300000,4.400000,-130.500000,1.300000
2026-05-19-10-44-15,1.250000,15.110000,26.139999,1.700000,3.600000,-131.100006,1.300000
2026-05-19-10-44-16,1.260000,15.130000,26.170000,0.500000,3.000000,-134.899994,1.300000
2026-05-19-10-44-16,1.260000,15.110000,26.170000,0.100000,5.900000,-138.000000,1.300000
2026-05-19-10-44-17,1.280000,15.110000,26.150000,1.700000,5.100000,-139.399994,1.300000
2026-05-19-10-44-17,1.270000,15.120000,26.139999,1.200000,6.500000,-142.199997,1.300000
2026-05-19-10-44-17,1.260000,15.110000,26.160000,2.500000,5.200000,-144.000000,1.300000
2026-05-19-10-44-18,1.260000,15.120000,26.139999,3.000000,5.200000,-146.300003,1.300000
2026-05-19-10-44-18,1.250000,15.110000,26.150000,2.400000,5.500000,-149.300003,1.300000
2026-05-19-10-44-19,1.250000,15.090000,26.180000,1.300000,5.700000,-152.100006,1.300000
2026-05-19-10-44-19,1.270000,15.110000,26.160000,0.800000,5.300000,-152.600006,1.300000
2026-05-19-10-44-19,1.270000,15.130000,26.150000,-0.100000,6.600000,-156.300003,1.300000
2026-05-19-10-44-20,1.270000,15.110000,26.129999,0.500000,5.700000,-158.699997,1.300000
2026-05-19-10-44-20,1.240000,15.100000,26.139999,1.000000,6.600000,-160.300003,1.300000
2026-05-19-10-44-20,1.230000,15.100000,26.170000,1.000000,6.700000,-163.500000,1.300000
2026-05-19-10-44-21,1.270000,15.110000,26.180000,0.700000,5.300000,-165.300003,1.300000
2026-05-19-10-44-21,1.270000,15.110000,26.160000,0.200000,6.500000,-168.199997,1.300000
2026-05-19-10-44-21,1.270000,15.110000,26.139999,0.100000,5.800000,-169.600006,1.300000
2026-05-19-10-44-22,1.270000,15.110000,26.139999,-0.400000,5.400000,-171.699997,1.300000
2026-05-19-10-44-22,1.260000,15.110000,26.129999,0.500000,6.600000,-173.500000,1.300000
2026-05-19-10-44-23,1.240000,15.120000,26.160000,-0.800000,7.500000,-176.699997,1.300000
2026-05-19-10-44-23,1.260000,15.120000,26.180000,-0.200000,7.000000,-177.699997,1.300000
2026-05-19-10-44-23,1.290000,15.110000,26.170000,-1.200000,5.100000,178.000000,1.300000
2026-05-19-10-44-24,1.290000,15.110000,26.120001,-0.600000,5.400000,177.600006,1.300000
2026-05-19-10-44-24,1.240000,15.120000,26.110001,-1.200000,6.700000,173.399994,1.300000
2026-05-19-10-44-24,1.220000,15.140000,26.180000,0.200000,7.400000,172.199997,1.300000
2026-05-19-10-44-25,1.270000,15.120000,26.190001,-1.100000,6.300000,168.399994,1.300000
2026-05-19-10-44-25,1.300000,15.090000,26.150000,-1.800000,5.200000,167.600006,1.300000
2026-05-19-10-44-26,1.270000,15.110000,26.120001,-2.700000,6.200000,164.800003,1.300000
2026-05-19-10-44-26,1.240000,15.140000,26.120001,-2.900000,5.500000,162.300003,1.300000
2026-05-19-10-44-26,1.230000,15.150000,26.139999,-2.400000,6.700000,160.500000,1.300000
2026-05-19-10-44-27,1.250000,15.140000,26.170000,-2.100000,6.900000,157.699997,1.300000
2026-05-19-10-44-27,1.280000,15.100000,26.170000,-1.700000,5.500000,155.399994,1.300000
2026-05-19-10-44-28,1.280000,15.100000,26.120001,-2.300000,5.200000,153.800003,1.300000
2026-05-19-10-44-28,1.250000,15.150000,26.100000,-2.200000,5.800000,151.899994,1.300000
2026-05-19-10-44-28,1.230000,15.180000,26.150000,-3.200000,6.600000,148.500000,1.300000
2026-05-19-10-44-29,1.250000,15.140000,26.180000,-3.700000,6.700000,146.000000,1.300000
2026-05-19-10-44-29,1.270000,15.110000,26.139999,-3.900000,4.700000,144.300003,1.300000
2026-05-19-10-44-29,1.250000,15.130000,26.100000,-3.800000,6.800000,140.800003,1.300000
2026-05-19-10-44-30,1.240000,15.160000,26.129999,-3.800000,4.400000,139.000000,1.300000
2026-05-19-10-44-30,1.240000,15.150000,26.160000,-3.700000,4.900000,136.399994,1.300000
2026-05-19-10-44-31,1.260000,15.140000,26.160000,-3.200000,4.500000,133.699997,1.300000
2026-05-19-10-44-31,1.260000,15.120000,26.120001,-3.800000,5.900000,131.399994,1.300000
2026-05-19-10-44-31,1.230000,15.130000,26.120001,-4.000000,6.000000,128.000000,1.300000
2026-05-19-10-44-32,1.250000,15.120000,26.129999,-4.100000,4.200000,126.900002,1.300000
2026-05-19-10-44-32,1.250000,15.160000,26.139999,-3.800000,5.700000,125.199997,1.300000
2026-05-19-10-44-32,1.240000,15.180000,26.160000,-4.900000,5.100000,121.400002,1.300000
2026-05-19-10-44-33,1.230000,15.130000,26.129999,-4.300000,3.600000,119.400002,1.300000
2026-05-19-10-44-33,1.230000,15.140000,26.110001,-4.700000,6.700000,117.400002,1.300000
2026-05-19-10-44-34,1.220000,15.140000,26.150000,-5.200000,4.500000,113.900002,1.300000
2026-05-19-10-44-34,1.260000,15.120000,26.139999,-3.900000,3.200000,112.699997,1.300000
2026-05-19-10-44-34,1.250000,15.150000,26.120001,-4.000000,3.000000,109.400002,1.300000
2026-05-19-10-44-35,1.220000,15.160000,26.120001,-3.200000,2.500000,106.300003,1.300000
2026-05-19-10-44-35,1.220000,15.140000,26.129999,-4.300000,3.000000,103.500000,1.300000
2026-05-19-10-44-35,1.220000,15.110000,26.129999,-5.600000,4.300000,101.699997,1.300000
2026-05-19-10-44-36,1.240000,15.110000,26.120001,-5.100000,3.300000,98.400002,1.300000
2026-05-19-10-44-36,1.250000,15.160000,26.120001,-6.000000,4.800000,96.099998,1.300000
2026-05-19-10-44-37,1.210000,15.160000,26.150000,-4.300000,2.000000,93.000000,1.300000
2026-05-19-10-44-37,1.210000,15.110000,26.120001,-3.800000,1.300000,90.500000,1.300000
2026-05-19-10-44-37,1.220000,15.130000,26.100000,-4.000000,3.600000,88.300003,1.300000
2026-05-19-10-44-38,1.240000,15.150000,26.120001,-6.000000,2.200000,84.500000,1.300000
2026-05-19-10-44-38,1.220000,15.140000,26.120001,-7.200000,2.300000,82.000000,1.300000
2026-05-19-10-44-38,1.200000,15.120000,26.129999,-6.500000,0.700000,80.099998,1.300000
2026-05-19-10-44-39,1.200000,15.140000,26.120001,-6.000000,2.000000,77.000000,1.300000
2026-05-19-10-44-39,1.220000,15.170000,26.100000,-5.200000,2.000000,75.000000,1.300000
2026-05-19-10-44-40,1.220000,15.140000,26.120001,-4.500000,0.700000,72.000000,1.300000
2026-05-19-10-44-40,1.180000,15.110000,26.120001,-6.200000,0.300000,68.199997,1.300000
2026-05-19-10-44-40,1.170000,15.130000,26.110001,-4.600000,1.600000,67.400002,1.300000
2026-05-19-10-44-41,1.210000,15.160000,26.110001,-6.200000,1.800000,63.799999,1.300000
2026-05-19-10-44-41,1.220000,15.160000,26.100000,-4.800000,1.300000,62.299999,1.300000
2026-05-19-10-44-42,1.210000,15.130000,26.120001,-5.300000,0.300000,58.700001,1.300000
2026-05-19-10-44-42,1.160000,15.120000,26.120001,-5.300000,-0.600000,57.500000,1.300000
2026-05-19-10-44-42,1.170000,15.130000,26.110001,-4.900000,-0.600000,55.500000,1.300000
2026-05-19-10-44-43,1.210000,15.150000,26.100000,-4.800000,-0.100000,52.799999,1.300000
2026-05-19-10-44-43,1.220000,15.150000,26.100000,-4.400000,-0.200000,50.099998,1.300000
2026-05-19-10-44-43,1.220000,15.150000,26.110001,-3.600000,1.300000,46.200001,1.300000
2026-05-19-10-44-44,1.180000,15.130000,26.129999,-3.200000,-0.600000,43.700001,1.300000
2026-05-19-10-44-44,1.170000,15.120000,26.110001,-3.500000,-0.700000,42.099998,1.300000
2026-05-19-10-44-44,1.210000,15.140000,26.090000,-3.800000,-0.700000,38.700001,1.300000
2026-05-19-10-44-45,1.230000,15.140000,26.100000,-3.900000,-2.000000,35.099998,1.300000
2026-05-19-10-44-45,1.220000,15.130000,26.120001,-3.200000,-0.000000,33.099998,1.300000
2026-05-19-10-44-46,1.170000,15.150000,26.139999,-3.900000,-1.000000,29.100000,1.300000
2026-05-19-10-44-46,1.140000,15.130000,26.110001,-3.100000,-2.400000,28.700001,1.300000
2026-05-19-10-44-46,1.200000,15.120000,26.070000,-2.600000,0.200000,25.500000,1.300000
2026-05-19-10-44-47,1.240000,15.130000,26.080000,-2.300000,-2.200000,22.000000,1.300000
2026-05-19-10-44-47,1.220000,15.140000,26.110001,-2.800000,-1.300000,19.600000,1.300000
2026-05-19-10-44-47,1.180000,15.150000,26.139999,-2.200000,-1.300000,17.000000,1.300000
2026-05-19-10-44-48,1.150000,15.120000,26.110001,-1.700000,-2.800000,14.400000,1.300000
2026-05-19-10-44-48,1.180000,15.140000,26.070000,-2.000000,-0.600000,12.700000,1.300000
2026-05-19-10-44-49,1.230000,15.140000,26.080000,-2.400000,0.000000,10.400000,1.300000
2026-05-19-10-44-49,1.230000,15.140000,26.080000,-2.200000,-0.700000,7.500000,1.300000
2026-05-19-10-44-49,1.200000,15.130000,26.120001,-2.000000,-1.100000,5.100000,1.300000
2026-05-19-10-44-50,1.160000,15.140000,26.139999,-1.800000,-3.700000,3.200000,1.300000
2026-05-19-10-44-50,1.170000,15.150000,26.090000,-1.500000,-2.100000,1.100000,1.300000
2026-05-19-10-44-51,1.200000,15.150000,26.059999,-1.100000,-4.600000,-1.600000,1.300000
2026-05-19-10-44-51,1.210000,15.120000,26.090000,-1.200000,-2.700000,-2.900000,1.300000
2026-05-19-10-44-51,1.200000,15.130000,26.129999,-3.200000,-0.200000,-6.300000,1.300000
2026-05-19-10-44-52,1.160000,15.160000,26.110001,-2.900000,-0.900000,-8.300000,1.300000
2026-05-19-10-44-52,1.150000,15.180000,26.090000,-2.200000,-1.500000,-9.800000,1.300000
2026-05-19-10-44-52,1.200000,15.160000,26.070000,-0.700000,-1.200000,-10.500000,1.300000
2026-05-19-10-44-53,1.230000,15.120000,26.070000,0.400000,-1.700000,-12.800000,1.300000
2026-05-19-10-44-53,1.200000,15.120000,26.110001,-0.500000,-3.100000,-16.000000,1.300000
2026-05-19-10-44-53,1.170000,15.160000,26.100000,-0.900000,-1.800000,-18.600000,1.300000
2026-05-19-10-44-54,1.180000,15.160000,26.100000,-0.900000,-1.400000,-20.900000,1.300000
2026-05-19-10-44-54,1.190000,15.160000,26.070000,-0.900000,-1.700000,-23.500000,1.300000
2026-05-19-10-44-55,1.210000,15.140000,26.070000,0.600000,-1.200000,-25.000000,1.300000
2026-05-19-10-44-55,1.190000,15.140000,26.100000,1.100000,-1.800000,-30.000000,1.300000
2026-05-19-10-44-55,1.190000,15.180000,26.090000,0.800000,-1.600000,-32.000000,1.300000
2026-05-19-10-44-56,1.200000,15.170000,26.080000,1.300000,-0.400000,-35.900002,1.300000
2026-05-19-10-44-56,1.190000,15.150000,26.100000,0.600000,-1.900000,-37.900002,1.300000
2026-05-19-10-44-56,1.190000,15.160000,26.080000,0.900000,-1.100000,-41.700001,1.300000
2026-05-19-10-44-57,1.200000,15.170000,26.080000,1.500000,-0.500000,-43.200001,1.300000
2026-05-19-10-44-57,1.190000,15.180000,26.100000,2.700000,-0.400000,-46.599998,1.300000
2026-05-19-10-44-58,1.180000,15.180000,26.090000,2.800000,-1.000000,-49.200001,1.300000
2026-05-19-10-44-58,1.190000,15.190000,26.070000,2.900000,-1.600000,-51.500000,1.300000
2026-05-19-10-44-58,1.210000,15.170000,26.080000,2.900000,0.100000,-53.900002,1.300000
2026-05-19-10-44-59,1.220000,15.160000,26.100000,2.100000,0.600000,-57.400002,1.300000
2026-05-19-10-44-59,1.210000,15.200000,26.120001,2.300000,-0.400000,-60.099998,1.300000
2026-05-19-10-45-00,1.190000,15.220000,26.070000,2.100000,-0.300000,-61.900002,1.300000
2026-05-19-10-45-00,1.210000,15.190000,26.059999,1.700000,1.400000,-65.500000,1.300000
2026-05-19-10-45-00,1.220000,15.170000,26.090000,1.200000,0.300000,-67.500000,1.300000
2026-05-19-10-45-01,1.230000,15.180000,26.100000,0.700000,0.600000,-70.599998,1.300000
2026-05-19-10-45-01,1.220000,15.210000,26.100000,0.600000,0.200000,-73.300003,1.300000
2026-05-19-10-45-01,1.220000,15.210000,26.080000,1.500000,1.300000,-75.500000,1.300000
2026-05-19-10-45-02,1.220000,15.200000,26.070000,1.200000,1.300000,-78.099998,1.300000
2026-05-19-10-45-02,1.240000,15.200000,26.080000,1.500000,1.400000,-80.400002,1.300000
2026-05-19-10-45-02,1.230000,15.210000,26.090000,2.400000,2.200000,-81.699997,1.300000
2026-05-19-10-45-03,1.210000,15.220000,26.100000,2.100000,1.200000,-84.400002,1.300000
2026-05-19-10-45-03,1.230000,15.220000,26.080000,1.800000,2.300000,-87.099998,1.300000
2026-05-19-10-45-04,1.220000,15.220000,26.070000,2.200000,0.900000,-89.699997,1.300000
2026-05-19-10-45-04,1.230000,15.240000,26.080000,1.500000,0.100000,-92.300003,1.300000
2026-05-19-10-45-04,1.230000,15.210000,26.070000,2.700000,3.100000,-94.300003,1.300000
2026-05-19-10-45-05,1.200000,15.200000,26.100000,2.300000,2.400000,-97.000000,1.300000
2026-05-19-10-45-05,1.230000,15.240000,26.110001,2.400000,2.400000,-100.500000,1.300000
2026-05-19-10-45-05,1.240000,15.260000,26.070000,2.500000,2.100000,-101.900002,1.300000
2026-05-19-10-45-06,1.230000,15.230000,26.049999,2.700000,3.300000,-104.300003,1.300000
2026-05-19-10-45-06,1.220000,15.210000,26.090000,3.300000,3.500000,-108.099998,1.300000
2026-05-19-10-45-07,1.230000,15.220000,26.100000,2.600000,3.600000,-109.800003,1.300000
2026-05-19-10-45-07,1.260000,15.230000,26.110001,3.600000,4.100000,-112.900002,1.300000
2026-05-19-10-45-07,1.240000,15.260000,26.080000,2.200000,2.700000,-115.400002,1.300000
2026-05-19-10-45-08,1.250000,15.240000,26.059999,2.500000,4.500000,-117.900002,1.300000
2026-05-19-10-45-08,1.240000,15.230000,26.090000,3.400000,4.200000,-120.800003,1.300000
2026-05-19-10-45-09,1.240000,15.230000,26.100000,2.800000,4.800000,-123.599998,1.300000
2026-05-19-10-45-09,1.270000,15.240000,26.100000,2.800000,4.800000,-125.900002,1.300000
2026-05-19-10-45-09,1.290000,15.250000,26.080000,1.600000,3.700000,-129.100006,1.300000
2026-05-19-10-45-10,1.270000,15.240000,26.059999,2.000000,4.700000,-131.399994,1.300000
2026-05-19-10-45-10,1.250000,15.230000,26.059999,2.100000,4.600000,-133.800003,1.300000
2026-05-19-10-45-10,1.240000,15.240000,26.090000,2.300000,5.700000,-137.699997,1.300000
2026-05-19-10-45-11,1.270000,15.230000,26.110001,2.500000,5.600000,-139.699997,1.300000
2026-05-19-10-45-11,1.310000,15.240000,26.100000,1.700000,3.600000,-142.800003,1.300000
2026-05-19-10-45-12,1.300000,15.240000,26.049999,2.200000,5.400000,-144.399994,1.300000
2026-05-19-10-45-12,1.250000,15.250000,26.070000,0.600000,5.000000,-147.699997,1.300000
2026-05-19-10-45-12,1.250000,15.230000,26.090000,0.200000,5.600000,-150.500000,1.300000
2026-05-19-10-45-13,1.290000,15.230000,26.090000,1.600000,4.600000,-151.600006,1.300000
2026-05-19-10-45-13,1.290000,15.230000,26.080000,1.500000,7.100000,-154.800003,1.300000
2026-05-19-10-45-13,1.280000,15.240000,26.100000,2.200000,5.500000,-157.300003,1.300000
2026-05-19-10-45-14,1.310000,15.260000,26.090000,0.800000,4.700000,-160.100006,1.300000
2026-05-19-10-45-14,1.290000,15.240000,26.070000,0.600000,6.800000,-163.600006,1.300000
2026-05-19-10-45-15,1.290000,15.230000,26.080000,-0.100000,5.600000,-166.399994,1.300000
2026-05-19-10-45-15,1.310000,15.220000,26.090000,1.100000,5.800000,-168.000000,1.300000
2026-05-19-10-45-15,1.320000,15.240000,26.070000,0.500000,5.900000,-171.000000,1.300000
2026-05-19-10-45-16,1.300000,15.240000,26.070000,1.500000,6.800000,-172.300003,1.300000
2026-05-19-10-45-16,1.290000,15.250000,26.090000,0.300000,6.000000,-176.300003,1.300000
2026-05-19-10-45-16,1.320000,15.220000,26.100000,-1.000000,5.500000,-178.199997,1.300000
2026-05-19-10-45-17,1.330000,15.210000,26.100000,-1.100000,5.900000,179.000000,1.300000
2026-05-19-10-45-17,1.330000,15.230000,26.059999,-1.300000,5.400000,177.899994,1.300000
2026-05-19-10-45-18,1.310000,15.260000,26.049999,-1.200000,7.300000,174.699997,1.300000
2026-05-19-10-45-18,1.290000,15.240000,26.110001,-0.500000,7.200000,171.000000,1.300000
2026-05-19-10-45-18,1.340000,15.220000,26.100000,-0.300000,5.500000,169.000000,1.300000
2026-05-19-10-45-19,1.340000,15.200000,26.070000,-1.000000,6.000000,166.399994,1.300000
2026-05-19-10-45-19,1.310000,15.250000,26.070000,-2.100000,5.600000,164.699997,1.300000
2026-05-19-10-45-20,1.300000,15.260000,26.090000,-3.900000,5.900000,161.300003,1.300000
2026-05-19-10-45-20,1.340000,15.220000,26.090000,-3.400000,5.200000,159.199997,1.300000
2026-05-19-10-45-20,1.340000,15.220000,26.070000,-2.900000,6.900000,157.800003,1.300000
2026-05-19-10-45-21,1.310000,15.220000,26.080000,-2.100000,6.500000,154.899994,1.300000
2026-05-19-10-45-21,1.340000,15.230000,26.100000,-2.000000,4.100000,152.399994,1.300000
2026-05-19-10-45-21,1.330000,15.240000,26.059999,-2.600000,5.800000,150.699997,1.300000
2026-05-19-10-45-22,1.310000,15.250000,26.070000,-2.800000,5.000000,147.100006,1.300000
2026-05-19-10-45-22,1.330000,15.220000,26.090000,-4.100000,4.400000,145.199997,1.300000
2026-05-19-10-45-22,1.340000,15.200000,26.090000,-4.200000,5.300000,144.000000,1.300000
2026-05-19-10-45-23,1.340000,15.200000,26.090000,-4.400000,5.600000,140.100006,1.300000
2026-05-19-10-45-23,1.340000,15.210000,26.080000,-3.300000,5.600000,138.899994,1.300000
2026-05-19-10-45-24,1.350000,15.240000,26.040001,-3.400000,5.800000,135.899994,1.300000
2026-05-19-10-45-24,1.330000,15.240000,26.059999,-2.500000,6.200000,132.699997,1.300000
2026-05-19-10-45-24,1.330000,15.210000,26.120001,-3.800000,4.000000,131.199997,1.300000
2026-05-19-10-45-25,1.340000,15.180000,26.090000,-4.400000,3.800000,129.399994,1.300000
2026-05-19-10-45-25,1.350000,15.230000,26.059999,-5.800000,5.400000,128.000000,1.300000
2026-05-19-10-45-25,1.340000,15.250000,26.070000,-5.800000,5.400000,125.500000,1.300000
2026-05-19-10-45-26,1.350000,15.220000,26.090000,-5.800000,5.000000,123.400002,1.300000
2026-05-19-10-45-26,1.340000,15.190000,26.100000,-4.800000,4.200000,121.900002,1.300000
2026-05-19-10-45-27,1.340000,15.200000,26.059999,-4.600000,4.700000,119.800003,1.300000
2026-05-19-10-45-27,1.360000,15.220000,26.059999,-3.900000,2.700000,117.800003,1.300000
2026-05-19-10-45-27,1.370000,15.250000,26.080000,-5.000000,4.400000,116.000000,1.300000
2026-05-19-10-45-28,1.330000,15.210000,26.090000,-6.500000,4.400000,113.000000,1.300000
2026-05-19-10-45-28,1.330000,15.160000,26.070000,-5.800000,4.200000,112.199997,1.300000
2026-05-19-10-45-29,1.370000,15.210000,26.049999,-5.900000,5.200000,111.599998,1.300000
2026-05-19-10-45-29,1.380000,15.260000,26.059999,-5.000000,4.500000,107.800003,1.300000
2026-05-19-10-45-29,1.370000,15.230000,26.100000,-4.600000,2.700000,105.900002,1.300000
2026-05-19-10-45-30,1.330000,15.180000,26.090000,-4.500000,2.600000,104.599998,1.300000
2026-05-19-10-45-30,1.340000,15.180000,26.049999,-5.100000,2.800000,103.300003,1.300000
2026-05-19-10-45-30,1.380000,15.220000,26.040001,-6.000000,3.600000,100.400002,1.300000
2026-05-19-10-45-31,1.400000,15.250000,26.070000,-5.700000,3.100000,97.900002,1.300000
2026-05-19-10-45-31,1.380000,15.230000,26.090000,-5.000000,3.400000,95.400002,1.300000
2026-05-19-10-45-32,1.340000,15.200000,26.100000,-4.500000,2.900000,93.400002,1.300000
2026-05-19-10-45-32,1.340000,15.180000,26.059999,-5.000000,1.600000,92.500000,1.300000
2026-05-19-10-45-32,1.370000,15.210000,26.030001,-5.600000,2.800000,89.900002,1.300000
2026-05-19-10-45-33,1.390000,15.240000,26.040001,-5.600000,2.200000,88.000000,1.300000
2026-05-19-10-45-33,1.400000,15.240000,26.059999,-5.300000,2.600000,85.699997,1.300000
2026-05-19-10-45-33,1.380000,15.230000,26.080000,-6.200000,3.000000,83.199997,1.300000
2026-05-19-10-45-34,1.360000,15.220000,26.100000,-5.300000,2.700000,81.500000,1.300000
2026-05-19-10-45-34,1.340000,15.190000,26.080000,-6.300000,-0.200000,78.300003,1.300000
2026-05-19-10-45-34,1.340000,15.200000,26.040001,-5.500000,1.900000,77.500000,1.300000
2026-05-19-10-45-35,1.400000,15.230000,26.020000,-6.000000,2.200000,74.900002,1.300000
2026-05-19-10-45-35,1.400000,15.240000,26.030001,-5.600000,2.900000,71.300003,1.300000
2026-05-19-10-45-36,1.380000,15.230000,26.110001,-4.300000,1.600000,70.199997,1.300000
2026-05-19-10-45-36,1.330000,15.200000,26.110001,-6.800000,-1.300000,67.500000,1.300000
2026-05-19-10-45-36,1.340000,15.210000,26.040001,-8.200000,-0.600000,66.699997,1.300000
2026-05-19-10-45-37,1.390000,15.220000,26.010000,-8.100000,-1.400000,64.199997,1.300000
2026-05-19-10-45-37,1.420000,15.230000,26.040001,-6.800000,-0.200000,61.200001,1.300000
2026-05-19-10-45-38,1.370000,15.240000,26.110001,-7.500000,1.800000,56.900002,1.300000
2026-05-19-10-45-38,1.310000,15.220000,26.090000,-8.700000,-0.500000,56.700001,1.300000
2026-05-19-10-45-38,1.370000,15.210000,26.040001,-8.300000,1.900000,53.799999,1.300000
2026-05-19-10-45-39,1.400000,15.220000,26.030001,-7.900000,-1.000000,50.000000,1.300000
2026-05-19-10-45-39,1.410000,15.230000,26.049999,-6.900000,-0.600000,47.700001,1.300000
2026-05-19-10-45-39,1.380000,15.230000,26.090000,-6.800000,-0.400000,44.599998,1.300000
2026-05-19-10-45-40,1.360000,15.220000,26.090000,-6.500000,-0.500000,42.000000,1.300000
2026-05-19-10-45-40,1.340000,15.220000,26.049999,-6.800000,-1.500000,39.799999,1.300000
2026-05-19-10-45-41,1.380000,15.230000,26.000000,-6.400000,-1.200000,37.400002,1.300000
2026-05-19-10-45-41,1.430000,15.240000,26.030001,-5.600000,1.300000,34.200001,1.300000
2026-05-19-10-45-41,1.410000,15.230000,26.090000,-5.200000,-1.200000,30.600000,1.300000
2026-05-19-10-45-42,1.370000,15.230000,26.080000,-5.900000,-1.600000,28.600000,1.300000
2026-05-19-10-45-42,1.370000,15.240000,26.080000,-5.400000,-2.200000,24.700001,1.300000
2026-05-19-10-45-43,1.360000,15.250000,26.030001,-5.500000,-3.200000,22.700001,1.300000
2026-05-19-10-45-43,1.390000,15.250000,26.010000,-4.900000,-1.700000,20.200001,1.300000
2026-05-19-10-45-43,1.410000,15.230000,26.030001,-3.600000,-1.500000,16.900000,1.300000
2026-05-19-10-45-43,1.400000,15.230000,26.059999,-3.400000,-1.200000,13.800000,1.300000
2026-05-19-10-45-44,1.400000,15.250000,26.080000,-3.400000,-0.600000,10.200000,1.300000
2026-05-19-10-45-44,1.380000,15.260000,26.070000,-3.300000,-2.400000,7.800000,1.300000
2026-05-19-10-45-45,1.370000,15.250000,26.049999,-3.200000,-2.900000,4.000000,1.300000
2026-05-19-10-45-45,1.400000,15.240000,26.010000,-3.100000,-2.200000,1.300000,1.300000
2026-05-19-10-45-45,1.420000,15.240000,26.020000,-1.200000,-0.600000,-2.200000,1.300000
2026-05-19-10-45-46,1.420000,15.230000,26.080000,-1.700000,-0.300000,-5.900000,1.300000
2026-05-19-10-45-46,1.380000,15.260000,26.090000,-2.100000,-2.800000,-9.700000,1.300000
2026-05-19-10-45-47,1.370000,15.260000,26.049999,-2.300000,-2.400000,-11.600000,1.300000
2026-05-19-10-45-47,1.400000,15.250000,26.020000,-2.000000,-2.400000,-15.400000,1.300000
2026-05-19-10-45-47,1.410000,15.260000,26.010000,-0.300000,-3.100000,-18.600000,1.300000
2026-05-19-10-45-48,1.420000,15.240000,26.040001,0.400000,-0.200000,-21.500000,1.300000
2026-05-19-10-45-48,1.420000,15.240000,26.090000,0.200000,0.300000,-24.799999,1.300000
2026-05-19-10-45-48,1.380000,15.260000,26.070000,-0.400000,-2.300000,-27.799999,1.300000
2026-05-19-10-45-49,1.400000,15.280000,26.030001,-0.700000,-0.600000,-30.900000,1.300000
2026-05-19-10-45-49,1.410000,15.270000,26.020000,-0.600000,-3.100000,-32.599998,1.300000
2026-05-19-10-45-50,1.430000,15.240000,26.030001,0.700000,-1.000000,-36.400002,1.300000
2026-05-19-10-45-50,1.430000,15.220000,26.070000,0.200000,-0.300000,-38.299999,1.300000
2026-05-19-10-45-50,1.420000,15.250000,26.070000,0.100000,-0.400000,-41.299999,1.300000
2026-05-19-10-45-51,1.400000,15.280000,26.049999,0.200000,-0.900000,-43.200001,1.300000
2026-05-19-10-45-51,1.410000,15.260000,26.030001,0.700000,-0.500000,-45.099998,1.300000
2026-05-19-10-45-51,1.440000,15.230000,26.020000,0.900000,-0.300000,-47.400002,1.300000
2026-05-19-10-45-52,1.430000,15.220000,26.049999,2.600000,0.000000,-48.700001,1.300000
2026-05-19-10-45-52,1.420000,15.240000,26.049999,2.100000,-0.900000,-51.900002,1.300000
2026-05-19-10-45-53,1.420000,15.260000,26.040001,1.900000,0.300000,-52.700001,1.300000
2026-05-19-10-45-53,1.420000,15.240000,26.049999,1.700000,0.400000,-54.599998,1.300000
2026-05-19-10-45-53,1.430000,15.230000,26.040001,0.600000,-0.600000,-55.900002,1.300000
2026-05-19-10-45-54,1.450000,15.240000,26.040001,1.300000,0.400000,-58.500000,1.300000
2026-05-19-10-45-54,1.430000,15.240000,26.030001,2.600000,-0.500000,-60.500000,1.300000
2026-05-19-10-45-54,1.430000,15.230000,26.030001,2.700000,1.100000,-63.099998,1.300000
2026-05-19-10-45-55,1.420000,15.220000,26.040001,4.300000,0.100000,-64.900002,1.300000
2026-05-19-10-45-55,1.430000,15.220000,26.049999,2.500000,0.800000,-67.800003,1.300000
2026-05-19-10-45-56,1.450000,15.250000,26.040001,3.400000,-1.000000,-69.800003,1.300000
2026-05-19-10-45-56,1.440000,15.210000,26.030001,2.600000,2.100000,-71.400002,1.300000
2026-05-19-10-45-56,1.440000,15.200000,26.040001,2.200000,1.000000,-74.699997,1.300000
2026-05-19-10-45-57,1.440000,15.230000,26.040001,3.200000,0.800000,-76.099998,1.300000
2026-05-19-10-45-57,1.440000,15.210000,26.030001,3.000000,1.800000,-78.699997,1.300000
2026-05-19-10-45-57,1.440000,15.210000,26.020000,3.600000,-0.100000,-81.500000,1.300000
2026-05-19-10-45-58,1.430000,15.200000,26.040001,3.500000,1.800000,-83.300003,1.300000
2026-05-19-10-45-58,1.440000,15.200000,26.049999,2.900000,1.500000,-85.599998,1.300000
2026-05-19-10-45-59,1.440000,15.230000,26.040001,3.200000,1.500000,-87.800003,1.300000
2026-05-19-10-45-59,1.440000,15.210000,26.010000,3.300000,2.300000,-89.199997,1.300000
2026-05-19-10-45-59,1.430000,15.180000,26.020000,3.600000,2.500000,-92.199997,1.300000
2026-05-19-10-46-00,1.450000,15.200000,26.049999,3.400000,1.800000,-94.300003,1.300000
2026-05-19-10-46-00,1.450000,15.230000,26.049999,4.400000,2.300000,-96.900002,1.300000
2026-05-19-10-46-01,1.440000,15.220000,26.020000,3.400000,1.800000,-98.300003,1.300000
2026-05-19-10-46-01,1.440000,15.190000,26.020000,4.000000,2.400000,-101.500000,1.300000
2026-05-19-10-46-01,1.440000,15.190000,26.040001,3.400000,2.900000,-103.400002,1.300000
2026-05-19-10-46-02,1.460000,15.220000,26.040001,3.300000,3.400000,-106.099998,1.300000
2026-05-19-10-46-02,1.470000,15.220000,26.030001,3.400000,3.400000,-107.800003,1.300000
2026-05-19-10-46-02,1.450000,15.210000,26.010000,3.800000,2.300000,-110.099998,1.300000
2026-05-19-10-46-03,1.430000,15.190000,26.020000,3.700000,3.800000,-111.500000,1.300000
2026-05-19-10-46-03,1.450000,15.180000,26.040001,2.900000,3.000000,-114.099998,1.300000
2026-05-19-10-46-03,1.450000,15.190000,26.049999,3.000000,2.900000,-115.500000,1.300000
2026-05-19-10-46-04,1.460000,15.220000,26.049999,3.300000,4.000000,-116.599998,1.300000
2026-05-19-10-46-04,1.460000,15.220000,26.049999,2.200000,3.600000,-120.099998,1.300000
2026-05-19-10-46-04,1.480000,15.210000,26.020000,3.200000,3.400000,-122.099998,1.300000
2026-05-19-10-46-05,1.450000,15.200000,25.990000,3.200000,4.800000,-124.400002,1.300000
2026-05-19-10-46-05,1.450000,15.180000,26.030001,2.000000,5.000000,-127.199997,1.300000
2026-05-19-10-46-06,1.440000,15.200000,26.059999,3.400000,5.300000,-130.199997,1.300000
2026-05-19-10-46-06,1.460000,15.230000,26.049999,3.300000,3.700000,-132.600006,1.300000
2026-05-19-10-46-06,1.470000,15.210000,26.020000,3.200000,5.300000,-134.399994,1.300000
2026-05-19-10-46-07,1.470000,15.190000,26.020000,2.300000,3.900000,-137.800003,1.300000
2026-05-19-10-46-07,1.480000,15.200000,26.010000,1.900000,4.600000,-139.500000,1.300000
2026-05-19-10-46-07,1.430000,15.200000,26.020000,2.400000,6.100000,-142.500000,1.300000
2026-05-19-10-46-08,1.430000,15.210000,26.040001,1.700000,5.200000,-145.500000,1.300000
2026-05-19-10-46-08,1.460000,15.200000,26.040001,1.600000,5.700000,-148.199997,1.300000
2026-05-19-10-46-09,1.480000,15.180000,26.030001,2.100000,5.100000,-150.600006,1.300000
2026-05-19-10-46-09,1.470000,15.200000,26.000000,1.500000,5.000000,-152.399994,1.300000
2026-05-19-10-46-09,1.430000,15.200000,26.010000,1.200000,6.900000,-155.500000,1.300000
2026-05-19-10-46-10,1.430000,15.190000,26.040001,1.500000,6.000000,-159.000000,1.300000
2026-05-19-10-46-10,1.480000,15.190000,26.030001,1.400000,5.100000,-161.699997,1.300000
2026-05-19-10-46-11,1.460000,15.190000,26.010000,1.100000,6.800000,-163.399994,1.300000
2026-05-19-10-46-11,1.430000,15.170000,26.030001,-0.600000,5.500000,-167.199997,1.300000
2026-05-19-10-46-11,1.440000,15.170000,26.040001,-0.400000,5.700000,-169.899994,1.300000
2026-05-19-10-46-12,1.450000,15.180000,26.010000,-0.200000,6.300000,-172.300003,1.300000
2026-05-19-10-46-12,1.460000,15.190000,26.000000,0.200000,6.600000,-175.899994,1.300000
2026-05-19-10-46-12,1.460000,15.180000,26.020000,-1.100000,5.900000,-178.800003,1.300000
2026-05-19-10-46-13,1.450000,15.150000,26.030001,0.300000,6.500000,178.500000,1.300000
2026-05-19-10-46-13,1.440000,15.170000,26.020000,-1.100000,6.400000,176.000000,1.300000
2026-05-19-10-46-13,1.430000,15.170000,26.020000,-1.100000,6.800000,174.300003,1.300000
2026-05-19-10-46-14,1.440000,15.170000,26.020000,-0.500000,7.300000,172.600006,1.300000
2026-05-19-10-46-14,1.480000,15.180000,26.020000,-1.000000,5.300000,169.199997,1.300000
2026-05-19-10-46-14,1.480000,15.170000,25.990000,-1.300000,6.500000,166.199997,1.300000
2026-05-19-10-46-15,1.430000,15.170000,26.010000,-1.300000,6.000000,164.000000,1.300000
2026-05-19-10-46-15,1.440000,15.150000,26.049999,-2.700000,5.400000,161.100006,1.300000
2026-05-19-10-46-16,1.460000,15.120000,26.040001,-2.800000,6.100000,157.199997,1.300000
2026-05-19-10-46-16,1.480000,15.140000,25.990000,-2.600000,5.300000,156.500000,1.300000
2026-05-19-10-46-16,1.450000,15.180000,25.969999,-1.800000,8.100000,153.100006,1.300000
2026-05-19-10-46-17,1.440000,15.200000,26.010000,-1.500000,6.400000,150.100006,1.300000
2026-05-19-10-46-17,1.440000,15.150000,26.070000,-3.100000,6.000000,147.100006,1.300000
2026-05-19-10-46-17,1.460000,15.090000,26.030001,-6.000000,2.600000,144.800003,1.300000
2026-05-19-10-46-18,1.460000,15.140000,25.969999,-7.000000,6.300000,142.600006,1.300000
2026-05-19-10-46-18,1.450000,15.200000,26.000000,-6.900000,4.700000,139.300003,1.300000
2026-05-19-10-46-19,1.450000,15.180000,26.030001,-6.600000,4.500000,135.399994,1.300000
2026-05-19-10-46-19,1.440000,15.140000,26.010000,-6.400000,4.900000,133.199997,1.300000
2026-05-19-10-46-19,1.430000,15.130000,26.010000,-6.700000,6.300000,129.699997,1.300000
2026-05-19-10-46-20,1.440000,15.160000,26.000000,-6.700000,5.900000,127.000000,1.300000
2026-05-19-10-46-20,1.440000,15.160000,26.000000,-6.900000,4.700000,123.400002,1.300000
2026-05-19-10-46-20,1.430000,15.150000,26.000000,-6.500000,4.600000,121.099998,1.300000
2026-05-19-10-46-21,1.450000,15.150000,26.000000,-6.200000,4.200000,118.199997,1.300000
2026-05-19-10-46-21,1.430000,15.150000,26.010000,-6.000000,5.100000,114.300003,1.300000
2026-05-19-10-46-22,1.410000,15.130000,26.020000,-6.800000,3.800000,110.900002,1.300000
2026-05-19-10-46-22,1.420000,15.120000,25.990000,-6.200000,4.200000,109.900002,1.300000
2026-05-19-10-46-22,1.440000,15.150000,25.980000,-7.200000,4.700000,106.500000,1.300000
2026-05-19-10-46-23,1.440000,15.150000,26.010000,-6.400000,3.800000,102.300003,1.300000
2026-05-19-10-46-23,1.420000,15.130000,26.020000,-6.300000,2.800000,99.599998,1.300000
2026-05-19-10-46-23,1.410000,15.130000,26.010000,-6.000000,3.200000,98.500000,1.300000
2026-05-19-10-46-24,1.430000,15.130000,26.000000,-6.900000,2.400000,95.599998,1.300000
2026-05-19-10-46-24,1.430000,15.120000,25.990000,-5.700000,1.100000,92.400002,1.300000
2026-05-19-10-46-24,1.440000,15.130000,26.000000,-5.200000,2.500000,90.900002,1.300000
2026-05-19-10-46-25,1.430000,15.130000,26.020000,-6.300000,2.900000,88.000000,1.300000
2026-05-19-10-46-25,1.410000,15.130000,26.000000,-6.400000,3.800000,86.000000,1.300000
2026-05-19-10-46-25,1.430000,15.140000,26.020000,-6.300000,4.700000,83.300003,1.300000
2026-05-19-10-46-26,1.430000,15.100000,26.020000,-6.500000,-0.000000,80.300003,1.300000
2026-05-19-10-46-26,1.430000,15.100000,25.990000,-5.400000,2.100000,78.900002,1.300000
2026-05-19-10-46-27,1.420000,15.130000,26.010000,-5.600000,0.500000,74.900002,1.300000
2026-05-19-10-46-27,1.400000,15.120000,26.010000,-5.100000,0.900000,73.199997,1.300000
2026-05-19-10-46-27,1.420000,15.120000,25.990000,-4.800000,1.700000,69.800003,1.300000
2026-05-19-10-46-28,1.440000,15.110000,26.000000,-4.900000,0.800000,67.500000,1.300000
2026-05-19-10-46-28,1.440000,15.120000,26.000000,-4.900000,1.800000,64.500000,1.300000
2026-05-19-10-46-29,1.400000,15.140000,26.030001,-4.700000,-0.500000,61.700001,1.300000
2026-05-19-10-46-29,1.380000,15.120000,26.020000,-3.900000,-0.700000,60.299999,1.300000
2026-05-19-10-46-29,1.410000,15.110000,25.969999,-4.100000,-0.500000,56.900002,1.300000
2026-05-19-10-46-30,1.440000,15.110000,25.990000,-3.900000,0.900000,55.000000,1.300000
2026-05-19-10-46-30,1.420000,15.120000,26.010000,-5.000000,0.500000,52.200001,1.300000
2026-05-19-10-46-30,1.390000,15.130000,26.010000,-4.700000,1.000000,50.200001,1.300000
2026-05-19-10-46-31,1.390000,15.140000,26.010000,-4.800000,0.400000,48.400002,1.300000
2026-05-19-10-46-31,1.400000,15.130000,26.000000,-4.300000,-0.800000,45.700001,1.300000
2026-05-19-10-46-32,1.390000,15.110000,26.000000,-4.200000,-1.000000,43.700001,1.300000
2026-05-19-10-46-32,1.380000,15.100000,25.969999,-3.800000,-0.600000,42.000000,1.300000
2026-05-19-10-46-32,1.420000,15.110000,25.990000,-2.700000,1.600000,39.500000,1.300000
2026-05-19-10-46-33,1.430000,15.130000,26.020000,-4.500000,1.000000,36.099998,1.300000
2026-05-19-10-46-33,1.370000,15.130000,26.040001,-4.100000,-1.500000,34.400002,1.300000
2026-05-19-10-46-34,1.340000,15.120000,26.000000,-3.900000,-2.400000,32.900002,1.300000
2026-05-19-10-46-34,1.340000,15.110000,25.969999,-3.700000,-2.000000,31.900000,1.300000
2026-05-19-10-46-34,1.390000,15.100000,25.950001,-3.000000,-1.400000,30.900000,1.300000
2026-05-19-10-46-34,1.430000,15.100000,25.959999,-2.500000,-0.800000,27.799999,1.300000
2026-05-19-10-46-35,1.430000,15.110000,26.000000,-2.800000,-1.100000,24.900000,1.300000
2026-05-19-10-46-35,1.410000,15.120000,26.030001,-2.400000,-0.500000,22.700001,1.300000
2026-05-19-10-46-35,1.350000,15.120000,26.040001,-3.700000,-3.800000,20.000000,1.300000
2026-05-19-10-46-36,1.340000,15.120000,25.959999,-4.800000,-3.700000,18.299999,1.300000
2026-05-19-10-46-36,1.420000,15.090000,25.920000,-4.200000,-1.800000,15.900000,1.300000
2026-05-19-10-46-37,1.460000,15.090000,25.990000,-3.600000,-0.600000,12.000000,1.300000
2026-05-19-10-46-37,1.410000,15.100000,26.040001,-3.100000,-1.500000,9.000000,1.300000
2026-05-19-10-46-37,1.360000,15.120000,26.020000,-3.200000,-2.800000,6.400000,1.300000
2026-05-19-10-46-38,1.370000,15.130000,25.959999,-3.600000,-2.300000,4.500000,1.300000
2026-05-19-10-46-38,1.410000,15.120000,25.959999,-3.200000,-2.400000,1.800000,1.300000
2026-05-19-10-46-38,1.420000,15.080000,25.980000,-2.300000,-1.500000,-1.700000,1.300000
2026-05-19-10-46-39,1.400000,15.100000,26.000000,-2.200000,-1.500000,-5.000000,1.300000
2026-05-19-10-46-39,1.380000,15.140000,26.000000,-1.900000,-1.200000,-7.400000,1.300000
2026-05-19-10-46-40,1.380000,15.120000,25.969999,-1.300000,-2.900000,-9.000000,1.300000
2026-05-19-10-46-40,1.400000,15.120000,25.959999,-1.700000,-2.300000,-12.900000,1.300000
2026-05-19-10-46-40,1.410000,15.100000,26.000000,0.200000,-1.100000,-15.500000,1.300000
2026-05-19-10-46-41,1.380000,15.100000,26.000000,0.100000,-2.400000,-17.500000,1.300000
2026-05-19-10-46-41,1.390000,15.130000,25.980000,-0.300000,-0.400000,-20.600000,1.300000
2026-05-19-10-46-41,1.400000,15.130000,25.980000,-0.600000,-2.700000,-23.500000,1.300000
2026-05-19-10-46-42,1.380000,15.140000,25.969999,-1.500000,-3.300000,-26.100000,1.300000
2026-05-19-10-46-42,1.390000,15.140000,25.959999,-1.200000,-2.300000,-27.600000,1.300000
2026-05-19-10-46-42,1.400000,15.130000,25.980000,-0.400000,-0.900000,-30.900000,1.300000
2026-05-19-10-46-43,1.400000,15.130000,25.990000,1.000000,-0.200000,-34.299999,1.300000
2026-05-19-10-46-43,1.400000,15.150000,25.980000,1.800000,0.000000,-36.799999,1.300000
2026-05-19-10-46-43,1.400000,15.140000,25.969999,2.400000,-1.000000,-39.200001,1.300000
2026-05-19-10-46-44,1.390000,15.140000,25.969999,1.200000,-1.900000,-41.799999,1.300000
2026-05-19-10-46-44,1.380000,15.160000,25.969999,0.600000,-1.800000,-44.200001,1.300000
2026-05-19-10-46-44,1.400000,15.170000,25.980000,0.900000,-0.800000,-45.700001,1.300000
2026-05-19-10-46-45,1.410000,15.150000,25.980000,1.200000,-0.300000,-48.000000,1.300000
2026-05-19-10-46-45,1.420000,15.160000,25.980000,1.200000,-0.200000,-52.500000,1.300000
2026-05-19-10-46-45,1.410000,15.170000,25.959999,3.100000,-0.700000,-53.299999,1.300000
2026-05-19-10-46-46,1.390000,15.140000,25.950001,2.800000,0.900000,-57.400002,1.300000
2026-05-19-10-46-46,1.410000,15.170000,26.000000,2.700000,-1.100000,-60.299999,1.300000
2026-05-19-10-46-47,1.400000,15.190000,25.990000,3.200000,-1.400000,-62.099998,1.300000
2026-05-19-10-46-47,1.400000,15.170000,25.959999,2.900000,-0.700000,-64.699997,1.300000
2026-05-19-10-46-47,1.400000,15.150000,25.969999,2.100000,-0.300000,-67.800003,1.300000
2026-05-19-10-46-48,1.410000,15.140000,25.980000,1.600000,1.400000,-70.000000,1.300000
2026-05-19-10-46-48,1.390000,15.180000,25.990000,0.800000,0.700000,-72.800003,1.300000
2026-05-19-10-46-48,1.410000,15.190000,26.000000,0.400000,1.000000,-75.300003,1.300000
2026-05-19-10-46-49,1.420000,15.190000,25.959999,0.900000,0.300000,-77.199997,1.300000
2026-05-19-10-46-49,1.380000,15.170000,25.930000,2.300000,1.300000,-79.099998,1.300000
2026-05-19-10-46-50,1.370000,15.130000,25.969999,0.800000,2.800000,-82.699997,1.300000
2026-05-19-10-46-50,1.400000,15.150000,26.000000,2.600000,2.600000,-84.699997,1.300000
2026-05-19-10-46-50,1.410000,15.190000,26.010000,1.300000,1.400000,-86.500000,1.300000
2026-05-19-10-46-51,1.400000,15.210000,25.969999,1.600000,0.600000,-88.199997,1.300000
2026-05-19-10-46-51,1.380000,15.180000,25.930000,1.200000,1.300000,-89.900002,1.300000
2026-05-19-10-46-52,1.360000,15.130000,25.920000,1.600000,2.800000,-92.900002,1.300000
2026-05-19-10-46-52,1.360000,15.130000,25.990000,3.600000,4.200000,-95.599998,1.300000
2026-05-19-10-46-52,1.380000,15.190000,26.030001,3.000000,0.800000,-98.400002,1.300000
2026-05-19-10-46-53,1.410000,15.200000,25.980000,1.800000,2.200000,-100.099998,1.300000
2026-05-19-10-46-53,1.370000,15.180000,25.930000,0.800000,-0.100000,-101.599998,1.300000
2026-05-19-10-46-53,1.350000,15.160000,25.930000,0.100000,-0.100000,-105.599998,1.300000
2026-05-19-10-46-54,1.350000,15.130000,25.959999,0.800000,4.400000,-108.199997,1.300000
2026-05-19-10-46-54,1.340000,15.140000,25.980000,1.200000,5.300000,-110.099998,1.300000
2026-05-19-10-46-54,1.370000,15.170000,26.000000,1.700000,4.500000,-111.099998,1.300000
2026-05-19-10-46-55,1.400000,15.210000,25.980000,1.600000,2.700000,-113.099998,1.300000
2026-05-19-10-46-55,1.370000,15.180000,25.940001,3.300000,4.800000,-114.900002,1.300000
2026-05-19-10-46-55,1.350000,15.150000,25.950001,0.800000,3.600000,-119.300003,1.300000
2026-05-19-10-46-56,1.360000,15.150000,25.950001,2.100000,3.500000,-120.599998,1.300000
2026-05-19-10-46-56,1.340000,15.170000,25.959999,1.000000,4.600000,-123.699997,1.300000
2026-05-19-10-46-56,1.360000,15.170000,25.969999,1.200000,4.600000,-125.199997,1.300000
2026-05-19-10-46-57,1.380000,15.180000,25.950001,1.600000,3.800000,-127.099998,1.300000
2026-05-19-10-46-57,1.350000,15.150000,25.930000,1.400000,5.000000,-130.100006,1.300000
2026-05-19-10-46-58,1.320000,15.140000,25.950001,2.200000,4.900000,-132.199997,1.300000
2026-05-19-10-46-58,1.340000,15.170000,25.959999,1.600000,4.800000,-135.500000,1.300000
2026-05-19-10-46-58,1.380000,15.160000,25.950001,2.200000,5.000000,-136.699997,1.300000
2026-05-19-10-46-59,1.350000,15.140000,25.950001,1.000000,5.800000,-138.699997,1.300000
2026-05-19-10-46-59,1.340000,15.130000,25.950001,1.900000,5.200000,-141.000000,1.300000
2026-05-19-10-47-00,1.350000,15.160000,25.950001,1.500000,5.100000,-143.500000,1.300000
2026-05-19-10-47-00,1.360000,15.150000,25.950001,1.600000,5.400000,-145.600006,1.300000
2026-05-19-10-47-00,1.370000,15.120000,25.950001,1.400000,5.300000,-148.100006,1.300000
2026-05-19-10-47-01,1.350000,15.120000,25.940001,1.600000,5.200000,-149.199997,1.300000
2026-05-19-10-47-01,1.330000,15.130000,25.940001,0.500000,5.700000,-152.000000,1.300000
2026-05-19-10-47-01,1.340000,15.130000,25.959999,0.600000,6.400000,-154.100006,1.300000
2026-05-19-10-47-02,1.370000,15.120000,25.969999,1.700000,5.700000,-156.800003,1.300000
2026-05-19-10-47-02,1.390000,15.110000,25.940001,0.900000,5.400000,-158.699997,1.300000
2026-05-19-10-47-03,1.350000,15.100000,25.900000,2.000000,6.200000,-159.699997,1.300000
2026-05-19-10-47-03,1.310000,15.130000,25.940001,-0.100000,5.500000,-162.600006,1.300000
2026-05-19-10-47-03,1.350000,15.110000,25.969999,-2.000000,5.100000,-165.300003,1.300000
2026-05-19-10-47-04,1.360000,15.100000,25.959999,-0.600000,5.900000,-167.800003,1.300000
2026-05-19-10-47-04,1.370000,15.090000,25.940001,-1.200000,5.000000,-169.000000,1.300000
2026-05-19-10-47-04,1.360000,15.070000,25.910000,0.300000,5.500000,-171.699997,1.300000
2026-05-19-10-47-05,1.350000,15.090000,25.910000,0.400000,6.000000,-173.300003,1.300000
2026-05-19-10-47-05,1.330000,15.120000,25.930000,0.300000,7.700000,-176.500000,1.300000
2026-05-19-10-47-06,1.340000,15.100000,25.980000,-1.400000,6.600000,-179.600006,1.300000
2026-05-19-10-47-06,1.370000,15.060000,25.959999,-1.600000,6.300000,178.600006,1.300000
2026-05-19-10-47-06,1.360000,15.060000,25.930000,-2.100000,6.100000,176.699997,1.300000
2026-05-19-10-47-07,1.380000,15.040000,25.930000,-2.600000,3.900000,172.899994,1.300000
2026-05-19-10-47-07,1.390000,15.060000,25.920000,-0.900000,5.300000,172.199997,1.300000
2026-05-19-10-47-07,1.350000,15.090000,25.930000,-1.600000,8.000000,168.100006,1.300000
2026-05-19-10-47-08,1.330000,15.050000,25.969999,-2.100000,8.200000,166.199997,1.300000
2026-05-19-10-47-08,1.390000,15.010000,25.969999,-2.700000,5.200000,163.300003,1.300000
2026-05-19-10-47-09,1.410000,15.010000,25.900000,-2.800000,5.800000,162.500000,1.300000
2026-05-19-10-47-09,1.360000,15.040000,25.889999,-3.100000,6.900000,158.899994,1.300000
2026-05-19-10-47-09,1.350000,15.050000,25.940001,-2.000000,5.300000,156.699997,1.300000
2026-05-19-10-47-10,1.350000,15.040000,25.959999,-1.600000,7.100000,153.399994,1.300000
2026-05-19-10-47-10,1.380000,15.000000,25.969999,-2.500000,4.600000,152.000000,1.300000
2026-05-19-10-47-11,1.360000,15.000000,25.920000,-3.100000,6.100000,149.600006,1.300000
2026-05-19-10-47-11,1.330000,15.070000,25.870001,-0.700000,6.700000,152.000000,1.300000
2026-05-19-10-47-11,1.320000,15.170000,25.910000,1.200000,7.100000,155.199997,1.300000
2026-05-19-10-47-12,1.300000,15.210000,25.950001,-2.800000,6.500000,156.199997,1.300000
2026-05-19-10-47-12,1.290000,15.180000,25.940001,-5.200000,6.300000,156.899994,1.300000
2026-05-19-10-47-12,1.290000,15.180000,25.910000,-6.600000,5.100000,156.899994,1.300000
2026-05-19-10-47-13,1.290000,15.210000,25.870001,-4.700000,5.500000,156.199997,1.300000
2026-05-19-10-47-13,1.280000,15.290000,25.860001,-4.000000,6.100000,155.100006,1.300000
2026-05-19-10-47-14,1.280000,15.330000,25.920000,-1.300000,6.600000,153.100006,1.300000
2026-05-19-10-47-14,1.280000,15.300000,25.950001,-2.100000,5.800000,150.800003,1.300000
2026-05-19-10-47-14,1.230000,15.260000,25.920000,-2.700000,7.000000,149.199997,1.300000
2026-05-19-10-47-15,1.250000,15.280000,25.889999,-3.300000,5.600000,148.100006,1.300000
2026-05-19-10-47-15,1.280000,15.320000,25.870001,-4.200000,4.000000,146.399994,1.300000
2026-05-19-10-47-15,1.300000,15.370000,25.889999,-4.300000,5.800000,143.000000,1.300000
2026-05-19-10-47-16,1.290000,15.360000,25.920000,-2.800000,6.100000,140.399994,1.300000
2026-05-19-10-47-16,1.260000,15.340000,25.920000,-2.600000,6.700000,137.199997,1.300000
2026-05-19-10-47-16,1.250000,15.310000,25.900000,-3.800000,5.100000,134.800003,1.300000
2026-05-19-10-47-17,1.280000,15.340000,25.870001,-3.200000,5.400000,133.399994,1.300000
2026-05-19-10-47-17,1.300000,15.400000,25.879999,-6.100000,6.100000,128.800003,1.300000
2026-05-19-10-47-18,1.310000,15.370000,25.910000,-4.400000,4.400000,125.300003,1.300000
2026-05-19-10-47-18,1.290000,15.350000,25.920000,-4.900000,4.700000,121.900002,1.300000
2026-05-19-10-47-18,1.270000,15.330000,25.889999,-4.000000,3.700000,118.800003,1.300000
2026-05-19-10-47-19,1.280000,15.340000,25.889999,-5.600000,4.400000,114.699997,1.300000
2026-05-19-10-47-19,1.310000,15.350000,25.879999,-3.500000,4.600000,110.300003,1.300000
2026-05-19-10-47-19,1.350000,15.380000,25.879999,-4.100000,5.200000,106.400002,1.300000
2026-05-19-10-47-20,1.310000,15.370000,25.920000,-4.000000,4.000000,101.400002,1.300000
2026-05-19-10-47-20,1.280000,15.340000,25.920000,-4.300000,2.600000,97.400002,1.300000
2026-05-19-10-47-21,1.280000,15.320000,25.870001,-4.600000,1.500000,94.199997,1.300000
2026-05-19-10-47-21,1.330000,15.340000,25.879999,-5.400000,3.000000,89.500000,1.300000
2026-05-19-10-47-21,1.330000,15.350000,25.900000,-6.600000,2.300000,84.699997,1.300000
2026-05-19-10-47-22,1.300000,15.350000,25.900000,-6.300000,3.000000,80.800003,1.300000
2026-05-19-10-47-22,1.300000,15.330000,25.889999,-5.000000,1.600000,76.699997,1.300000
2026-05-19-10-47-22,1.300000,15.320000,25.870001,-4.900000,1.400000,73.199997,1.300000
2026-05-19-10-47-23,1.330000,15.340000,25.870001,-3.300000,1.200000,68.500000,1.300000
2026-05-19-10-47-23,1.330000,15.340000,25.910000,-5.400000,0.400000,64.199997,1.300000
2026-05-19-10-47-24,1.300000,15.340000,25.920000,-5.200000,1.400000,60.400002,1.300000
2026-05-19-10-47-24,1.300000,15.310000,25.900000,-5.600000,-0.300000,56.900002,1.300000
2026-05-19-10-47-24,1.280000,15.290000,25.860001,-5.400000,-1.200000,54.500000,1.300000
2026-05-19-10-47-25,1.330000,15.310000,25.850000,-3.800000,0.900000,51.200001,1.300000
2026-05-19-10-47-25,1.360000,15.330000,25.879999,-3.600000,0.800000,47.000000,1.300000
2026-05-19-10-47-25,1.330000,15.330000,25.920000,-4.400000,-0.200000,43.500000,1.300000
2026-05-19-10-47-26,1.310000,15.310000,25.910000,-4.200000,-1.300000,40.000000,1.300000
2026-05-19-10-47-26,1.310000,15.300000,25.879999,-4.300000,-1.400000,36.900002,1.300000
2026-05-19-10-47-27,1.340000,15.290000,25.860001,-2.800000,-1.100000,32.299999,1.300000
2026-05-19-10-47-27,1.350000,15.300000,25.879999,-2.400000,-0.700000,28.900000,1.300000
2026-05-19-10-47-27,1.330000,15.310000,25.910000,-2.800000,-0.500000,24.299999,1.300000
2026-05-19-10-47-28,1.290000,15.300000,25.910000,-2.200000,-2.500000,22.500000,1.300000
2026-05-19-10-47-28,1.310000,15.280000,25.879999,-2.800000,-1.300000,19.700001,1.300000
2026-05-19-10-47-28,1.360000,15.280000,25.850000,-2.000000,-0.100000,15.400000,1.300000
2026-05-19-10-47-29,1.340000,15.290000,25.900000,-2.500000,-2.700000,11.800000,1.300000
2026-05-19-10-47-29,1.310000,15.320000,25.920000,-2.300000,-2.500000,8.900000,1.300000
2026-05-19-10-47-30,1.280000,15.280000,25.879999,-0.600000,-4.200000,7.100000,1.300000
2026-05-19-10-47-30,1.330000,15.260000,25.850000,-0.900000,-0.300000,3.700000,1.300000
2026-05-19-10-47-30,1.350000,15.280000,25.870001,-1.200000,-1.700000,-0.300000,1.300000
2026-05-19-10-47-31,1.340000,15.290000,25.900000,-0.400000,-1.100000,-2.400000,1.300000
2026-05-19-10-47-31,1.300000,15.300000,25.900000,-1.100000,-2.200000,-5.300000,1.300000
2026-05-19-10-47-31,1.280000,15.270000,25.879999,-0.200000,-2.200000,-5.300000,1.300000
2026-05-19-10-47-32,1.340000,15.210000,25.889999,-2.600000,5.300000,12.900000,1.300000
2026-05-19-10-47-32,1.370000,15.230000,25.879999,-6.200000,7.900000,30.500000,1.300000
2026-05-19-10-47-33,1.380000,15.230000,25.889999,-6.800000,9.400000,47.700001,1.300000
2026-05-19-10-47-33,1.410000,15.230000,25.930000,-9.100000,11.100000,70.800003,1.300000
2026-05-19-10-47-33,1.430000,15.240000,25.910000,-11.000000,13.600000,86.800003,1.300000
2026-05-19-10-47-34,1.460000,15.240000,25.879999,-11.900000,15.600000,103.000000,1.300000
2026-05-19-10-47-34,1.550000,15.250000,25.870001,-9.600000,15.100000,121.300003,1.300000
2026-05-19-10-47-34,1.560000,15.270000,25.879999,-10.700000,11.600000,130.300003,1.300000
2026-05-19-10-47-35,1.550000,15.290000,25.900000,-11.600000,11.600000,132.500000,1.300000
2026-05-19-10-47-35,1.510000,15.330000,25.910000,-12.100000,11.100000,134.199997,1.300000
2026-05-19-10-47-35,1.500000,15.370000,25.900000,-12.300000,11.900000,135.399994,1.300000
2026-05-19-10-47-36,1.520000,15.350000,25.860001,-12.300000,10.900000,137.100006,1.300000
2026-05-19-10-47-36,1.550000,15.330000,25.860001,-11.700000,7.800000,135.399994,1.300000
2026-05-19-10-47-36,1.540000,15.350000,25.889999,-10.900000,8.300000,133.100006,1.300000
2026-05-19-10-47-37,1.510000,15.400000,25.910000,-11.300000,9.800000,132.100006,1.300000
2026-05-19-10-47-37,1.490000,15.420000,25.889999,-13.400000,9.800000,130.100006,1.300000
2026-05-19-10-47-37,1.510000,15.400000,25.860001,-13.100000,6.900000,128.300003,1.300000
2026-05-19-10-47-38,1.530000,15.400000,25.879999,-12.500000,5.400000,126.500000,1.300000
2026-05-19-10-47-38,1.510000,15.420000,25.889999,-11.800000,5.700000,124.500000,1.300000
2026-05-19-10-47-39,1.530000,15.450000,25.879999,-10.900000,5.500000,121.800003,1.300000
2026-05-19-10-47-39,1.540000,15.480000,25.870001,-10.300000,6.500000,120.599998,1.300000
2026-05-19-10-47-39,1.520000,15.470000,25.889999,-9.700000,5.700000,116.900002,1.300000
2026-05-19-10-47-40,1.560000,15.460000,25.900000,-8.600000,3.400000,115.099998,1.300000
2026-05-19-10-47-40,1.560000,15.500000,25.900000,-8.400000,4.200000,111.300003,1.300000
2026-05-19-10-47-41,1.570000,15.550000,25.889999,-8.000000,3.800000,109.000000,1.300000
2026-05-19-10-47-41,1.590000,15.550000,25.860001,-8.800000,4.100000,107.199997,1.300000
2026-05-19-10-47-41,1.590000,15.530000,25.879999,-9.700000,2.300000,103.500000,1.300000
2026-05-19-10-47-42,1.590000,15.600000,25.920000,-10.400000,10.400000,101.099998,1.300000
2026-05-19-10-47-42,1.600000,15.700000,25.940001,-8.500000,18.000000,108.300003,1.300000
2026-05-19-10-47-42,1.590000,15.800000,25.920000,-6.900000,15.400000,118.800003,1.300000
2026-05-19-10-47-43,1.600000,15.840000,25.860001,-9.200000,2.300000,123.300003,1.300000
2026-05-19-10-47-43,1.590000,15.860000,25.830000,-9.200000,-3.700000,125.400002,1.300000
2026-05-19-10-47-43,1.580000,15.880000,25.830000,-8.700000,-5.300000,126.500000,1.300000
2026-05-19-10-47-44,1.560000,15.940000,25.870001,-6.400000,-2.600000,128.199997,1.300000
2026-05-19-10-47-44,1.550000,16.000000,25.879999,-7.500000,3.200000,130.399994,1.300000
2026-05-19-10-47-44,1.540000,16.030001,25.889999,-7.800000,6.800000,131.300003,1.300000
2026-05-19-10-47-45,1.540000,16.059999,25.879999,-7.700000,7.400000,131.800003,1.300000
2026-05-19-10-47-45,1.560000,16.070000,25.850000,-7.900000,7.400000,132.500000,1.300000
2026-05-19-10-47-45,1.550000,16.080000,25.840000,-7.400000,6.300000,133.300003,1.300000
2026-05-19-10-47-46,1.550000,16.110001,25.850000,-6.000000,4.400000,132.899994,1.300000
2026-05-19-10-47-46,1.530000,16.129999,25.850000,-6.000000,4.200000,133.300003,1.300000
2026-05-19-10-47-46,1.520000,16.150000,25.870001,-6.500000,4.500000,132.600006,1.300000
2026-05-19-10-47-47,1.550000,16.170000,25.870001,-6.600000,4.400000,132.500000,1.300000
2026-05-19-10-47-47,1.550000,16.200001,25.860001,-6.000000,5.700000,130.399994,1.300000
2026-05-19-10-47-47,1.530000,16.190001,25.830000,-10.300000,2.500000,116.300003,1.300000
2026-05-19-10-47-48,1.460000,16.180000,25.830000,-13.800000,-2.900000,89.300003,1.300000
2026-05-19-10-47-48,1.400000,16.219999,25.860001,-13.600000,-10.800000,59.900002,1.300000
2026-05-19-10-47-49,1.400000,16.299999,25.870001,-5.300000,-15.400000,18.900000,1.300000
2026-05-19-10-47-49,1.440000,16.360001,25.840000,7.600000,-14.900000,-27.299999,1.300000
2026-05-19-10-47-49,1.440000,16.340000,25.799999,12.600000,-16.299999,-42.000000,1.300000
2026-05-19-10-47-50,1.540000,16.270000,25.850000,8.900000,-15.700000,-44.400002,1.300000
2026-05-19-10-47-50,1.660000,16.150000,25.900000,2.400000,-18.000000,-42.700001,1.300000
2026-05-19-10-47-51,1.770000,15.990000,26.000000,-4.500000,-21.600000,-42.000000,1.300000
2026-05-19-10-47-51,1.880000,15.850000,26.040001,-11.900000,-25.700001,-40.299999,1.300000
2026-05-19-10-47-51,1.980000,15.710000,26.100000,-18.000000,-28.400000,-38.299999,1.300000
2026-05-19-10-47-52,2.090000,15.590000,26.219999,-21.299999,-28.299999,-37.700001,1.300000
2026-05-19-10-47-52,2.230000,15.490000,26.350000,-22.600000,-27.000000,-37.900002,1.300000
2026-05-19-10-47-52,2.330000,15.390000,26.430000,-23.000000,-25.799999,-38.200001,1.300000
2026-05-19-10-47-52,2.400000,15.320000,26.480000,-23.900000,-24.799999,-38.099998,1.300000
2026-05-19-10-47-53,2.470000,15.240000,26.530001,-25.000000,-23.500000,-38.099998,1.300000
2026-05-19-10-47-53,2.550000,15.160000,26.559999,-26.400000,-22.600000,-37.799999,1.300000
2026-05-19-10-47-53,2.610000,15.080000,26.620001,-27.799999,-21.700001,-37.500000,1.300000
2026-05-19-10-47-53,2.680000,15.010000,26.680000,-29.600000,-20.299999,-37.200001,1.300000
2026-05-19-10-47-54,2.770000,14.930000,26.750000,-31.200001,-19.200001,-37.000000,1.300000
2026-05-19-10-47-54,2.850000,14.850000,26.809999,-32.900002,-17.900000,-37.099998,1.300000
2026-05-19-10-47-54,2.940000,14.780000,26.870001,-34.400002,-17.000000,-37.599998,1.300000
2026-05-19-10-47-54,3.010000,14.690000,26.900000,-34.799999,-16.799999,-38.200001,1.300000
2026-05-19-10-47-54,3.090000,14.610000,26.940001,-35.099998,-17.200001,-38.299999,1.300000
2026-05-19-10-47-55,3.090000,14.410000,27.020000,-35.500000,-17.200001,-38.099998,1.300000
2026-05-19-10-47-55,3.250000,14.430000,27.030001,-35.500000,-17.100000,-37.500000,1.300000
2026-05-19-10-47-55,3.320000,14.350000,27.080000,-35.299999,-16.900000,-36.900002,1.300000
2026-05-19-10-47-55,3.400000,14.260000,27.129999,-34.900002,-16.900000,-36.799999,1.300000
2026-05-19-10-47-56,3.480000,14.180000,27.180000,-34.200001,-17.200001,-37.400002,1.300000
2026-05-19-10-47-56,3.550000,14.100000,27.230000,-33.700001,-17.799999,-39.099998,1.300000
2026-05-19-10-47-56,3.630000,14.010000,27.280001,-38.099998,-15.200000,-41.099998,1.300000
2026-05-19-10-47-56,3.700000,13.940000,27.340000,-42.099998,-3.600000,-49.500000,1.300000
2026-05-19-10-47-56,3.760000,13.860000,27.379999,-44.099998,12.000000,-62.000000,1.300000
2026-05-19-10-47-57,3.800000,13.780000,27.379999,-49.700001,28.200001,-77.400002,1.300000
2026-05-19-10-47-57,3.790000,13.670000,27.370001,-54.099998,35.700001,-86.099998,1.300000
2026-05-19-10-47-57,3.600000,13.390000,27.420000,-53.099998,37.200001,-85.400002,1.300000
2026-05-19-10-47-57,3.150000,12.740000,27.530001,-50.000000,35.299999,-79.400002,1.300000
2026-05-19-10-47-58,3.830000,13.300000,27.160000,-43.400002,27.000000,-72.900002,1.300000
2026-05-19-10-47-58,3.850000,13.160000,27.100000,-41.099998,15.800000,-66.199997,1.300000
2026-05-19-10-47-58,3.850000,12.980000,27.049999,-41.599998,6.400000,-58.900002,1.300000
2026-05-19-10-47-58,3.850000,12.870000,27.040001,-43.500000,2.000000,-55.500000,1.300000
2026-05-19-10-47-59,3.860000,12.780000,27.059999,-46.900002,-3.700000,-50.700001,1.300000
2026-05-19-10-47-59,3.890000,12.690000,27.100000,-50.000000,-7.900000,-47.299999,1.300000
2026-05-19-10-47-59,3.930000,12.600000,27.150000,-52.200001,-11.200000,-45.599998,1.300000
2026-05-19-10-47-59,3.980000,12.500000,27.209999,-52.500000,-13.200000,-45.700001,1.300000
2026-05-19-10-47-59,4.020000,12.390000,27.280001,-52.299999,-14.400000,-46.099998,1.300000
2026-05-19-10-48-00,4.050000,12.300000,27.330000,-52.099998,-15.900000,-46.900002,1.300000
2026-05-19-10-48-00,4.070000,12.230000,27.379999,-50.500000,-20.100000,-51.400002,1.300000
2026-05-19-10-48-00,4.090000,12.170000,27.430000,-47.700001,-28.500000,-59.799999,1.300000
2026-05-19-10-48-00,4.090000,12.120000,27.500000,-43.500000,-33.000000,-66.699997,1.300000
2026-05-19-10-48-01,4.090000,12.050000,27.600000,-40.299999,-34.500000,-72.599998,1.300000
2026-05-19-10-48-01,4.080000,11.970000,27.690001,-37.599998,-34.299999,-79.199997,1.300000
2026-05-19-10-48-01,4.060000,11.900000,27.770000,-36.299999,-33.700001,-86.400002,1.300000
2026-05-19-10-48-01,4.030000,11.820000,27.850000,-37.500000,-33.599998,-90.699997,1.300000
2026-05-19-10-48-01,3.990000,11.750000,27.930000,-39.099998,-33.299999,-93.199997,1.300000
2026-05-19-10-48-02,3.940000,11.690000,28.010000,-40.400002,-33.099998,-94.699997,1.300000
2026-05-19-10-48-02,3.890000,11.640000,28.090000,-42.500000,-33.099998,-95.900002,1.300000
2026-05-19-10-48-02,3.840000,11.590000,28.170000,-44.099998,-33.299999,-96.599998,1.300000
2026-05-19-10-48-02,3.790000,11.540000,28.260000,-45.299999,-34.000000,-97.599998,1.300000
2026-05-19-10-48-03,3.740000,11.490000,28.350000,-46.000000,-33.900002,-99.300003,1.300000
2026-05-19-10-48-03,3.710000,11.450000,28.410000,-47.200001,-34.900002,-100.699997,1.300000
2026-05-19-10-48-03,3.680000,11.430000,28.450001,-46.500000,-35.299999,-103.099998,1.300000
2026-05-19-10-48-03,3.660000,11.420000,28.480000,-44.000000,-35.299999,-106.199997,1.300000
2026-05-19-10-48-03,3.630000,11.410000,28.490000,-39.799999,-34.799999,-110.300003,1.300000
2026-05-19-10-48-04,3.600000,11.410000,28.490000,-36.200001,-34.000000,-113.599998,1.300000
2026-05-19-10-48-04,3.560000,11.420000,28.480000,-31.299999,-32.299999,-118.199997,1.300000
2026-05-19-10-48-04,3.530000,11.440000,28.469999,-27.400000,-30.100000,-122.199997,1.300000
2026-05-19-10-48-04,3.490000,11.450000,28.469999,-23.200001,-26.299999,-126.800003,1.300000
2026-05-19-10-48-05,3.460000,11.460000,28.469999,-20.200001,-22.299999,-130.699997,1.300000
2026-05-19-10-48-05,3.350000,11.430000,28.490000,-17.400000,-16.600000,-135.300003,1.300000
2026-05-19-10-48-05,3.460000,11.480000,28.420000,-16.000000,-13.000000,-138.300003,1.300000
2026-05-19-10-48-05,3.450000,11.480000,28.389999,-14.900000,-10.500000,-140.899994,1.300000
2026-05-19-10-48-05,3.430000,11.500000,28.360001,-13.700000,-8.600000,-143.300003,1.300000
2026-05-19-10-48-06,3.420000,11.510000,28.330000,-12.600000,-6.800000,-145.199997,1.300000
2026-05-19-10-48-06,3.410000,11.520000,28.299999,-11.600000,-4.700000,-146.699997,1.300000
2026-05-19-10-48-06,3.390000,11.530000,28.260000,-10.600000,-2.300000,-148.699997,1.300000
2026-05-19-10-48-06,3.370000,11.550000,28.209999,-9.600000,-0.800000,-150.600006,1.300000
2026-05-19-10-48-07,3.360000,11.570000,28.160000,-8.400000,0.500000,-152.800003,1.300000
2026-05-19-10-48-07,3.360000,11.590000,28.120001,-6.800000,1.700000,-154.800003,1.300000
2026-05-19-10-48-07,3.370000,11.600000,28.100000,-5.700000,2.500000,-156.000000,1.300000
2026-05-19-10-48-07,3.400000,11.610000,28.090000,-4.900000,3.500000,-158.800003,1.300000
2026-05-19-10-48-08,3.400000,11.590000,28.030001,-4.800000,7.800000,-161.399994,1.300000
2026-05-19-10-48-08,3.400000,11.590000,27.930000,-4.700000,8.900000,-163.199997,1.300000
2026-05-19-10-48-08,3.420000,11.640000,27.900000,-1.000000,6.700000,-166.500000,1.300000
2026-05-19-10-48-09,3.450000,11.650000,27.969999,-2.500000,6.000000,-167.500000,1.300000
2026-05-19-10-48-09,3.470000,11.640000,28.020000,-4.400000,5.300000,-169.899994,1.300000
2026-05-19-10-48-10,3.480000,11.630000,28.020000,-4.300000,5.300000,-172.399994,1.300000
2026-05-19-10-48-10,3.450000,11.630000,27.969999,-4.400000,7.100000,-175.000000,1.300000
2026-05-19-10-48-10,3.460000,11.650000,27.940001,-3.700000,6.100000,-178.100006,1.300000
2026-05-19-10-48-11,3.510000,11.680000,27.969999,-3.300000,5.000000,179.899994,1.300000
2026-05-19-10-48-11,3.500000,11.680000,28.020000,-4.300000,5.700000,178.399994,1.300000
2026-05-19-10-48-12,3.490000,11.660000,28.010000,-4.600000,6.700000,175.500000,1.300000
2026-05-19-10-48-12,3.490000,11.680000,27.980000,-4.700000,6.500000,172.000000,1.300000
2026-05-19-10-48-12,3.500000,11.690000,27.969999,-3.000000,5.900000,169.899994,1.300000
2026-05-19-10-48-13,3.520000,11.750000,27.980000,-1.400000,8.300000,168.100006,1.300000
2026-05-19-10-48-13,3.400000,11.770000,28.020000,-5.200000,14.000000,170.000000,1.300000
2026-05-19-10-48-13,3.240000,11.790000,27.969999,-10.000000,14.900000,168.600006,1.300000
2026-05-19-10-48-14,3.130000,11.830000,27.920000,-13.700000,7.600000,147.899994,1.300000
2026-05-19-10-48-14,3.010000,11.890000,27.910000,-12.200000,-1.300000,124.199997,1.300000
2026-05-19-10-48-15,2.910000,11.990000,27.940001,-14.700000,-6.200000,113.199997,1.300000
2026-05-19-10-48-15,2.840000,12.070000,27.950001,-17.000000,-7.300000,112.099998,1.300000
2026-05-19-10-48-15,2.770000,12.160000,27.950001,-19.700001,-8.500000,111.400002,1.300000
2026-05-19-10-48-15,2.750000,12.340000,27.980000,-24.600000,-10.600000,112.300003,1.300000
2026-05-19-10-48-16,2.700000,12.530000,28.010000,-30.600000,-13.500000,115.199997,1.300000
2026-05-19-10-48-16,2.660000,12.720000,28.070000,-38.099998,-14.900000,118.599998,1.300000
2026-05-19-10-48-17,2.610000,12.910000,28.160000,-42.900002,-14.000000,120.500000,1.300000
2026-05-19-10-48-17,2.520000,13.070000,28.250000,-46.099998,-12.600000,121.199997,1.300000
2026-05-19-10-48-17,2.430000,13.250000,28.320000,-47.599998,-10.400000,121.400002,1.300000
2026-05-19-10-48-18,2.360000,13.440000,28.360001,-48.500000,-8.800000,121.099998,1.300000
2026-05-19-10-48-18,2.320000,13.610000,28.400000,-48.099998,-9.100000,121.599998,1.300000
2026-05-19-10-48-18,2.290000,13.690000,28.430000,-44.900002,-15.800000,117.000000,1.300000
2026-05-19-10-48-18,2.240000,13.770000,28.459999,-37.299999,-23.600000,106.900002,1.300000
2026-05-19-10-48-19,2.180000,13.860000,28.500000,-29.200001,-28.299999,95.500000,1.300000
2026-05-19-10-48-19,2.150000,13.980000,28.549999,-26.200001,-29.000000,89.500000,1.300000
2026-05-19-10-48-19,2.150000,14.100000,28.590000,-27.700001,-28.200001,86.599998,1.300000
2026-05-19-10-48-19,2.170000,14.200000,28.629999,-31.000000,-27.100000,85.400002,1.300000
2026-05-19-10-48-19,2.220000,14.290000,28.680000,-34.000000,-27.000000,85.400002,1.300000
2026-05-19-10-48-20,2.270000,14.380000,28.750000,-37.799999,-27.000000,85.800003,1.300000
2026-05-19-10-48-20,2.310000,14.470000,28.830000,-42.000000,-26.900000,85.699997,1.300000
2026-05-19-10-48-20,2.340000,14.560000,28.910000,-45.400002,-26.500000,85.300003,1.300000
2026-05-19-10-48-20,2.360000,14.670000,28.990000,-47.700001,-25.900000,85.000000,1.300000
2026-05-19-10-48-21,2.380000,14.780000,29.059999,-49.900002,-25.400000,85.300003,1.300000
2026-05-19-10-48-21,2.400000,14.900000,29.120001,-52.500000,-25.100000,85.599998,1.300000
2026-05-19-10-48-21,2.420000,15.010000,29.180000,-54.400002,-26.200001,85.000000,1.300000
2026-05-19-10-48-21,2.450000,15.100000,29.209999,-50.799999,-34.299999,79.199997,1.300000
2026-05-19-10-48-21,2.480000,15.170000,29.240000,-41.099998,-43.599998,68.000000,1.300000
2026-05-19-10-48-22,2.510000,15.230000,29.299999,-28.500000,-49.099998,53.900002,1.300000
2026-05-19-10-48-22,2.560000,15.290000,29.389999,-21.100000,-50.299999,44.599998,1.300000
2026-05-19-10-48-22,2.600000,15.340000,29.459999,-8.100000,-52.299999,26.299999,1.300000
2026-05-19-10-48-22,2.640000,15.390000,29.540001,9.900000,-50.400002,1.300000,1.300000
2026-05-19-10-48-23,2.700000,15.430000,29.620001,20.400000,-45.299999,-16.799999,1.300000
2026-05-19-10-48-23,2.770000,15.440000,29.709999,22.600000,-41.700001,-24.700001,1.300000
2026-05-19-10-48-23,2.860000,15.420000,29.790001,21.799999,-39.599998,-29.000000,1.300000
2026-05-19-10-48-23,2.920000,15.400000,29.820000,20.100000,-40.700001,-34.099998,1.300000
2026-05-19-10-48-23,2.980000,15.380000,29.820000,26.200001,-45.400002,-41.200001,1.300000
2026-05-19-10-48-24,3.050000,15.350000,29.790001,26.200001,-46.799999,-45.400002,1.300000
2026-05-19-10-48-24,3.130000,15.310000,29.740000,20.600000,-45.299999,-46.000000,1.300000
2026-05-19-10-48-24,3.200000,15.270000,29.690001,13.900000,-42.099998,-45.099998,1.300000
2026-05-19-10-48-24,3.270000,15.230000,29.629999,6.900000,-37.400002,-43.900002,1.300000
2026-05-19-10-48-24,3.320000,15.190000,29.570000,1.100000,-31.799999,-43.400002,1.300000
2026-05-19-10-48-25,3.410000,15.160000,29.500000,-4.400000,-25.700001,-43.599998,1.300000
2026-05-19-10-48-25,3.420000,15.140000,29.400000,-9.200000,-21.100000,-43.500000,1.300000
2026-05-19-10-48-25,3.440000,15.110000,29.299999,-12.800000,-16.000000,-43.299999,1.300000
2026-05-19-10-48-25,3.440000,15.070000,29.160000,-16.500000,-10.800000,-43.299999,1.300000
2026-05-19-10-48-26,3.400000,15.020000,29.030001,-15.000000,-14.800000,-42.099998,1.300000
2026-05-19-10-48-26,3.410000,14.930000,29.129999,-16.600000,-3.900000,-39.000000,1.300000
2026-05-19-10-48-27,3.450000,14.830000,29.209999,-20.200001,2.700000,-18.900000,1.300000
2026-05-19-10-48-27,3.550000,14.750000,29.270000,-22.000000,8.600000,-1.500000,1.300000
2026-05-19-10-48-27,3.710000,14.740000,29.299999,-28.900000,7.900000,5.400000,1.300000
2026-05-19-10-48-28,3.900000,14.730000,29.270000,-36.099998,3.900000,6.000000,1.300000
2026-05-19-10-48-28,4.020000,14.720000,29.270000,-35.700001,-9.200000,-7.800000,1.300000
2026-05-19-10-48-29,4.170000,14.710000,29.299999,-33.000000,-17.799999,-17.900000,1.300000
2026-05-19-10-48-29,4.350000,14.620000,29.350000,-33.900002,-20.100000,-20.299999,1.300000
2026-05-19-10-48-29,4.520000,14.560000,29.430000,-37.599998,-23.200001,-20.299999,1.300000
2026-05-19-10-48-30,4.700000,14.500000,29.500000,-42.099998,-25.200001,-19.000000,1.300000
2026-05-19-10-48-30,4.860000,14.400000,29.590000,-45.299999,-24.600000,-18.100000,1.300000
2026-05-19-10-48-30,5.000000,14.320000,29.730000,-49.299999,-20.500000,-22.200001,1.300000
2026-05-19-10-48-31,5.160000,14.240000,29.830000,-50.299999,-14.400000,-29.000000,1.300000
2026-05-19-10-48-31,5.260000,14.170000,29.889999,-5.000000,-12.000000,-30.900000,1.300000
2026-05-19-10-48-31,5.350000,14.100000,29.950001,-50.500000,-8.900000,-33.599998,1.300000
2026-05-19-10-48-31,5.450000,14.040000,30.000000,-51.299999,-3.000000,-39.000000,1.300000
2026-05-19-10-48-32,5.540000,13.980000,30.020000,-52.799999,4.100000,-45.700001,1.300000
2026-05-19-10-48-32,5.620000,13.890000,30.030001,-55.000000,10.500000,-51.700001,1.300000
2026-05-19-10-48-32,5.730000,13.730000,30.040001,-59.299999,18.200001,-60.500000,1.300000
2026-05-19-10-48-33,5.820000,13.560000,30.040001,-58.599998,16.400000,-53.299999,1.300000
2026-05-19-10-48-33,5.950000,13.420000,29.980000,-59.799999,5.300000,-36.599998,1.300000
2026-05-19-10-48-33,6.040000,13.290000,29.950001,-56.299999,-20.500000,-34.200001,1.300000
2026-05-19-10-48-34,6.150000,13.190000,30.020000,-50.700001,-34.299999,-36.599998,1.300000
2026-05-19-10-48-35,6.470000,13.010000,30.240000,-55.400002,-39.799999,-42.299999,1.300000
2026-05-19-10-48-35,6.520000,12.850000,30.350000,-57.799999,-41.000000,-42.400002,1.300000
2026-05-19-10-48-35,6.600000,12.760000,30.480000,-58.900002,-41.099998,-44.400002,1.300000
2026-05-19-10-48-36,6.660000,12.690000,30.639999,-59.299999,-40.000000,-47.400002,1.300000
2026-05-19-10-48-36,6.770000,12.590000,30.809999,-62.599998,-38.700001,-49.799999,1.300000
2026-05-19-10-48-36,6.830000,12.480000,30.900000,-63.799999,-38.299999,-51.000000,1.300000
2026-05-19-10-48-36,6.860000,12.410000,30.969999,-62.200001,-43.200001,-55.400002,1.300000
2026-05-19-10-48-37,6.870000,12.350000,31.020000,-51.700001,-52.400002,-67.199997,1.300000
2026-05-19-10-48-37,6.890000,12.290000,31.090000,-34.599998,-59.500000,-85.099998,1.300000
2026-05-19-10-48-37,6.890000,12.240000,31.180000,-20.700001,-61.299999,-100.400002,1.300000
2026-05-19-10-48-37,6.880000,12.190000,31.280001,-14.600000,-61.299999,-108.900002,1.300000
2026-05-19-10-48-37,6.850000,12.110000,31.400000,-14.200000,-60.799999,-112.599998,1.300000
2026-05-19-10-48-38,6.850000,12.060000,31.480000,-5.800000,-61.900002,-125.699997,1.300000
2026-05-19-10-48-38,6.830000,12.000000,31.559999,14.300000,-60.700001,-151.000000,1.300000
2026-05-19-10-48-38,6.790000,11.950000,31.639999,34.099998,-53.900002,-176.600006,1.300000
2026-05-19-10-48-38,6.730000,11.920000,31.719999,38.700001,-48.099998,174.100006,1.300000
2026-05-19-10-48-39,6.650000,11.930000,31.799999,37.000000,-44.599998,170.600006,1.300000
2026-05-19-10-48-39,6.570000,11.940000,31.870001,29.900000,-43.500000,171.500000,1.300000
2026-05-19-10-48-39,6.490000,11.960000,31.930000,22.400000,-43.700001,172.800003,1.300000
2026-05-19-10-48-39,6.410000,11.980000,32.000000,16.299999,-44.400002,173.500000,1.300000
2026-05-19-10-48-39,6.320000,11.990000,32.070000,10.800000,-45.000000,174.300003,1.300000
2026-05-19-10-48-40,6.230000,12.000000,32.139999,6.500000,-45.400002,175.399994,1.300000
2026-05-19-10-48-40,6.080000,12.030000,32.270000,-18.799999,-42.400002,-162.500000,1.300000
2026-05-19-10-48-40,6.000000,12.030000,32.330002,-28.700001,-37.299999,-154.000000,1.300000
2026-05-19-10-48-40,5.920000,12.010000,32.400002,-30.299999,-30.299999,-152.100006,1.300000
2026-05-19-10-48-41,5.830000,11.990000,32.470001,-28.500000,-24.299999,-152.399994,1.300000
2026-05-19-10-48-41,5.740000,11.960000,32.529999,-27.700001,-21.400000,-151.600006,1.300000
2026-05-19-10-48-41,5.540000,11.890000,32.630001,-28.700001,-20.900000,-148.600006,1.300000
2026-05-19-10-48-42,5.440000,11.840000,32.669998,-29.600000,-21.799999,-147.699997,1.300000
2026-05-19-10-48-42,5.340000,11.790000,32.709999,-30.500000,-23.000000,-146.699997,1.300000
2026-05-19-10-48-42,5.250000,11.750000,32.750000,-31.100000,-24.400000,-145.800003,1.300000
2026-05-19-10-48-42,5.150000,11.690000,32.790001,-32.099998,-25.500000,-145.199997,1.300000
2026-05-19-10-48-42,5.060000,11.640000,32.830002,-33.200001,-26.299999,-145.100006,1.300000
2026-05-19-10-48-43,4.970000,11.600000,32.880001,-34.200001,-26.400000,-145.500000,1.300000
2026-05-19-10-48-43,4.880000,11.570000,32.939999,-34.700001,-26.500000,-146.199997,1.300000
2026-05-19-10-48-43,4.800000,11.540000,33.000000,-32.599998,-23.700001,-149.100006,1.300000
2026-05-19-10-48-43,4.710000,11.510000,33.060001,-28.400000,-16.299999,-153.100006,1.300000
2026-05-19-10-48-44,4.620000,11.480000,33.099998,-26.400000,-9.600000,-155.800003,1.300000
2026-05-19-10-48-44,4.530000,11.440000,33.130001,-26.000000,-3.700000,-158.100006,1.300000
2026-05-19-10-48-44,4.420000,11.400000,33.130001,-26.400000,1.900000,-159.899994,1.300000
2026-05-19-10-48-44,4.190000,11.360000,33.110001,-28.000000,26.299999,-169.300003,1.300000
2026-05-19-10-48-45,4.000000,11.390000,33.160000,-31.799999,37.099998,-174.199997,1.300000
2026-05-19-10-48-45,3.690000,11.480000,33.349998,-41.099998,43.799999,-176.199997,1.300000
2026-05-19-10-48-45,3.100000,11.700000,33.820000,-57.900002,50.299999,-175.300003,1.300000
2026-05-19-10-48-45,3.700000,11.420000,33.000000,-75.300003,54.799999,-170.600006,1.300000
2026-05-19-10-48-46,3.630000,11.420000,32.880001,-78.500000,56.400002,-155.600006,1.300000
2026-05-19-10-48-46,3.600000,11.330000,32.849998,-59.599998,46.500000,-120.800003,1.300000
2026-05-19-10-48-46,3.570000,11.270000,32.770000,-56.599998,33.700001,-116.599998,1.300000
2026-05-19-10-48-46,3.520000,11.260000,32.779999,-50.799999,14.200000,-120.099998,1.300000
2026-05-19-10-48-47,3.580000,11.080000,32.709999,-45.000000,2.300000,-129.600006,1.300000
2026-05-19-10-48-47,3.600000,11.020000,32.720001,-40.400002,-10.500000,-140.399994,1.300000
2026-05-19-10-48-47,3.550000,10.970000,32.770000,-35.000000,-19.799999,-152.399994,1.300000
2026-05-19-10-48-47,3.480000,10.930000,32.820000,-24.299999,-24.400000,-172.399994,1.300000
2026-05-19-10-48-48,3.450000,10.880000,32.830002,-16.200001,-31.700001,169.399994,1.300000
2026-05-19-10-48-48,3.400000,10.870000,32.880001,-13.400000,-38.599998,159.000000,1.300000
2026-05-19-10-48-48,3.350000,10.900000,32.959999,-14.300000,-44.000000,154.800003,1.300000
2026-05-19-10-48-48,3.300000,10.950000,33.040001,-17.600000,-46.299999,154.800003,1.300000
2026-05-19-10-48-49,3.290000,11.010000,33.139999,-21.400000,-46.500000,155.600006,1.300000
2026-05-19-10-48-49,3.260000,11.080000,33.259998,-23.100000,-44.700001,154.899994,1.300000
2026-05-19-10-48-49,3.210000,11.150000,33.389999,-25.600000,-43.099998,153.800003,1.300000
2026-05-19-10-48-49,3.150000,11.170000,33.480000,-31.900000,-43.099998,154.000000,1.300000
2026-05-19-10-48-50,3.020000,11.230000,33.590000,-39.900002,-43.599998,156.899994,1.300000
2026-05-19-10-48-50,2.980000,11.250000,33.669998,-46.700001,-43.000000,159.199997,1.300000
2026-05-19-10-48-50,2.910000,11.330000,33.820000,-50.799999,-39.900002,158.300003,1.300000
2026-05-19-10-48-51,2.800000,11.400000,33.970001,-52.299999,-39.200001,157.600006,1.300000
2026-05-19-10-48-51,2.670000,11.480000,34.060001,-48.500000,-46.500000,151.699997,1.300000
2026-05-19-10-48-51,2.550000,11.560000,34.169998,-32.299999,-52.799999,130.500000,1.300000
2026-05-19-10-48-52,2.470000,11.630000,34.310001,-26.100000,-49.700001,123.099998,1.300000
2026-05-19-10-48-52,2.410000,11.720000,34.439999,-26.299999,-47.200001,121.599998,1.300000
2026-05-19-10-48-52,2.370000,11.790000,34.520000,-19.799999,-35.000000,115.699997,1.300000
2026-05-19-10-48-53,2.340000,11.860000,34.580002,-17.100000,-24.200001,112.900002,1.300000
2026-05-19-10-48-53,2.300000,11.960000,34.619999,-16.900000,-14.000000,111.500000,1.300000
2026-05-19-10-48-53,2.260000,12.120000,34.660000,-25.299999,-13.800000,115.500000,1.300000
2026-05-19-10-48-53,2.190000,12.290000,34.680000,-40.200001,-18.100000,122.900002,1.300000
2026-05-19-10-48-54,2.140000,12.480000,34.750000,-46.000000,-19.600000,123.800003,1.300000
2026-05-19-10-48-54,2.060000,12.630000,34.860001,-49.099998,-23.600000,126.599998,1.300000
2026-05-19-10-48-55,1.930000,12.750000,34.930000,-55.500000,-26.299999,132.100006,1.300000
2026-05-19-10-48-55,1.810000,12.910000,34.980000,-54.400002,-22.299999,126.599998,1.300000
2026-05-19-10-48-55,1.740000,13.060000,35.049999,-48.599998,-16.200001,118.099998,1.300000
2026-05-19-10-48-56,1.680000,13.210000,35.139999,-48.599998,-16.900000,119.500000,1.300000
2026-05-19-10-48-56,1.660000,13.330000,35.189999,-49.400002,-16.900000,119.699997,1.300000
2026-05-19-10-48-56,1.480000,13.380000,35.119999,-49.599998,-16.400000,118.300003,1.300000
2026-05-19-10-48-57,1.390000,13.540000,35.150002,-44.900002,-9.500000,110.900002,1.300000
2026-05-19-10-48-57,1.340000,13.730000,35.180000,-49.000000,-12.200000,115.199997,1.300000
2026-05-19-10-48-57,1.310000,13.860000,35.200001,-61.200001,-14.200000,125.099998,1.300000
2026-05-19-10-48-58,1.320000,13.910000,35.279999,-71.500000,8.600000,139.500000,1.300000
2026-05-19-10-48-58,1.300000,13.950000,35.360001,-71.199997,17.799999,142.800003,1.300000
2026-05-19-10-48-58,1.270000,14.010000,35.400002,-63.000000,22.600000,143.600006,1.300000
2026-05-19-10-48-59,1.240000,14.060000,35.439999,-60.299999,21.700001,141.699997,1.300000
2026-05-19-10-48-59,1.280000,14.130000,35.480000,-49.700001,14.800000,138.800003,1.300000
2026-05-19-10-49-00,1.380000,14.180000,35.520000,-16.100000,8.300000,132.199997,1.300000
2026-05-19-10-49-00,1.510000,14.160000,35.529999,11.700000,6.300000,124.800003,1.300000
2026-05-19-10-49-00,1.740000,14.180000,35.730000,34.799999,0.500000,126.500000,1.300000
2026-05-19-10-49-01,2.630000,14.350000,37.029999,38.200001,0.900000,121.900002,1.300000
2026-05-19-10-49-01,4.150000,14.630000,39.139999,46.900002,2.500000,117.599998,1.300000
2026-05-19-10-49-01,6.250000,15.030000,41.980000,43.099998,10.000000,123.199997,1.400000
2026-05-19-10-49-02,9.310000,15.580000,46.270000,35.900002,18.000000,125.199997,1.400000
2026-05-19-10-49-02,12.220000,16.170000,50.520000,30.900000,22.100000,124.000000,1.500000
2026-05-19-10-49-02,15.410000,16.879999,55.279999,36.099998,23.299999,122.800003,1.500000
2026-05-19-10-49-03,19.900000,17.940001,62.279999,30.700001,22.100000,118.599998,1.600000
2026-05-19-10-49-03,26.080000,19.410000,72.410004,38.599998,22.000000,115.599998,1.700000
2026-05-19-10-49-03,31.000000,20.610001,80.540001,37.799999,22.799999,115.199997,1.900000
2026-05-19-10-49-03,35.250000,21.629999,87.500000,35.400002,23.100000,114.500000,2.000000
2026-05-19-10-49-04,42.520000,23.350000,99.480003,19.100000,21.600000,111.300003,2.200000
2026-05-19-10-49-04,48.840000,24.840000,110.410004,10.900000,23.000000,110.199997,2.300000
2026-05-19-10-49-04,54.950001,26.260000,121.279999,-2.000000,23.500000,109.000000,2.500000
2026-05-19-10-49-05,63.200001,28.059999,136.089996,-0.600000,24.000000,107.699997,2.700000
2026-05-19-10-49-05,73.680000,30.180000,155.190002,1.400000,24.400000,107.199997,3.000000
2026-05-19-10-49-05,81.919998,31.750000,170.449997,1.600000,24.500000,107.099998,3.300000
2026-05-19-10-49-06,88.690002,32.980000,183.110001,1.900000,24.600000,107.199997,3.500000
2026-05-19-10-49-06,99.239998,34.779999,202.949997,3.200000,24.600000,107.699997,3.800000
2026-05-19-10-49-06,108.370003,36.240002,220.279999,1.800000,24.500000,108.300003,4.000000
2026-05-19-10-49-06,116.910004,37.509998,236.589996,-4.600000,24.100000,108.900002,4.300000
2026-05-19-10-49-07,128.139999,39.000000,258.119995,-13.000000,27.799999,113.099998,4.600000
2026-05-19-10-49-07,142.110001,40.500000,284.890015,-15.800000,28.000000,111.900002,5.000000
2026-05-19-10-49-07,153.500000,41.430000,306.720001,-17.100000,27.700001,111.300003,5.300000
2026-05-19-10-49-08,161.740005,41.980000,322.549988,-27.500000,27.200001,110.599998,5.600000
2026-05-19-10-49-08,175.039993,42.570000,348.049988,-53.500000,24.799999,110.099998,5.900000
2026-05-19-10-49-08,186.210007,42.770000,369.140015,-57.599998,23.000000,109.300003,6.300000
2026-05-19-10-49-09,197.050003,42.740002,389.279999,-58.400002,21.700001,108.800003,6.600000
2026-05-19-10-49-09,210.750000,42.389999,414.329987,-58.500000,18.799999,108.000000,7.000000
2026-05-19-10-49-09,227.899994,41.560001,445.130005,-56.700001,16.299999,107.599998,7.400000
2026-05-19-10-49-10,241.100006,40.650002,468.440002,-56.200001,15.800000,107.500000,7.800000
2026-05-19-10-49-10,251.440002,39.790001,486.500000,-54.200001,14.200000,107.300003,8.100000
2026-05-19-10-49-10,267.519989,38.209999,514.280029,-50.200001,11.800000,106.699997,8.600000
2026-05-19-10-49-10,280.940002,36.680000,537.250000,-47.000000,10.300000,106.199997,8.900000
2026-05-19-10-49-11,293.250000,35.110001,558.179993,-43.700001,9.000000,105.400002,9.300000
2026-05-19-10-49-11,309.179993,32.840000,585.159973,-38.099998,7.300000,103.900002,9.700000
2026-05-19-10-49-12,328.410004,29.740000,617.739990,-32.900002,6.000000,102.099998,10.300000
2026-05-19-10-49-12,342.450012,27.219999,641.609985,-31.700001,5.800000,101.599998,10.700000
2026-05-19-10-49-12,353.029999,25.170000,659.700012,-28.600000,5.200000,100.300003,11.000000
2026-05-19-10-49-12,370.089996,21.549999,689.159973,-24.700001,4.500000,98.199997,11.600000
2026-05-19-10-49-13,383.730011,18.389999,713.059998,-21.600000,4.400000,96.400002,12.000000
2026-05-19-10-49-13,396.279999,15.250000,735.369995,-19.400000,4.200000,94.800003,12.400000
2026-05-19-10-49-13,411.779999,11.050000,763.469971,-16.500000,4.100000,92.199997,12.900000
2026-05-19-10-49-14,429.820007,5.680000,797.109985,-14.200000,4.100000,89.699997,13.600000
2026-05-19-10-49-14,443.209991,1.340000,822.809998,-13.800000,4.100000,89.000000,14.000000
2026-05-19-10-49-14,453.239990,-2.130000,842.570007,-12.700000,4.100000,87.400002,14.400000
2026-05-19-10-49-14,468.230011,-7.690000,873.010010,-11.300000,4.100000,84.900002,15.000000
2026-05-19-10-49-15,479.940002,-12.350000,897.619995,-10.500000,4.000000,83.199997,15.500000
2026-05-19-10-49-15,490.799988,-16.950001,921.169983,-9.900000,4.000000,81.500000,16.000000
2026-05-19-10-49-15,503.739990,-22.799999,950.309998,-9.100000,3.900000,78.800003,16.600000
2026-05-19-10-49-16,518.979980,-30.270000,986.340027,-8.500000,3.800000,76.300003,17.299999
2026-05-19-10-49-16,530.239990,-36.220001,1014.340027,-8.300000,3.800000,75.400002,17.799999
2026-05-19-10-49-16,538.030029,-40.570000,1034.479980,-8.000000,3.700000,74.000000,18.299999
2026-05-19-10-49-17,549.700012,-47.480000,1066.010010,-7.600000,3.500000,71.300003,18.900000
2026-05-19-10-49-17,559.070007,-53.419998,1092.729980,-7.300000,3.500000,69.699997,19.500000
2026-05-19-10-49-17,567.010010,-58.730000,1116.420044,-7.100000,3.400000,68.099998,20.000000
2026-05-19-10-49-18,576.580017,-65.540001,1146.550049,-6.800000,3.200000,65.599998,20.600000
2026-05-19-10-49-18,587.489990,-73.910004,1183.319946,-6.500000,3.000000,62.900002,21.400000
2026-05-19-10-49-18,595.369995,-80.419998,1211.869995,-6.400000,3.000000,62.000000,22.000000
2026-05-19-10-49-18,600.909973,-85.269997,1233.119995,-6.200000,2.900000,60.700001,22.400000
2026-05-19-10-49-19,608.909973,-92.739998,1265.869995,-5.900000,2.700000,58.299999,23.100000
2026-05-19-10-49-19,615.000000,-98.849998,1292.810059,-5.800000,2.600000,56.599998,23.700001
2026-05-19-10-49-19,620.380005,-104.610001,1318.310059,-5.600000,2.500000,54.799999,24.299999
2026-05-19-10-49-20,626.580017,-111.769997,1350.290039,-5.300000,2.300000,52.200001,25.000000
2026-05-19-10-49-20,633.419983,-120.470001,1389.660034,-5.000000,2.200000,49.700001,25.799999
2026-05-19-10-49-20,637.979980,-126.889999,1419.119995,-5.000000,2.200000,49.099998,26.500000
2026-05-19-10-49-20,641.039978,-131.559998,1440.910034,-4.800000,2.100000,47.500000,27.000000
2026-05-19-10-49-21,645.369995,-138.850006,1475.459961,-4.600000,1.900000,44.900002,27.700001
2026-05-19-10-49-21,648.460022,-144.720001,1503.890015,-4.400000,1.800000,43.299999,28.400000
2026-05-19-10-49-21,650.950012,-150.039993,1530.150024,-4.200000,1.700000,41.599998,28.900000
2026-05-19-10-49-22,653.619995,-156.649994,1563.650024,-4.000000,1.600000,38.900002,29.700001
2026-05-19-10-49-22,656.140015,-164.440002,1604.469971,-3.800000,1.500000,36.500000,30.600000
2026-05-19-10-49-22,657.460022,-169.800003,1633.609985,-3.700000,1.400000,35.900002,31.200001
2026-05-19-10-49-22,658.239990,-173.979996,1656.979980,-3.600000,1.300000,34.299999,31.799999
2026-05-19-10-49-23,658.969971,-180.259995,1693.390015,-3.400000,1.300000,31.900000,32.599998
2026-05-19-10-49-23,659.140015,-185.149994,1723.020020,-3.200000,1.200000,30.100000,33.299999
2026-05-19-10-49-23,658.960022,-189.580002,1751.040039,-3.100000,1.100000,28.400000,33.900002
2026-05-19-10-49-24,658.270020,-194.979996,1786.829956,-2.800000,1.000000,25.600000,34.700001
2026-05-19-10-49-24,656.820007,-200.929993,1828.989990,-2.600000,1.000000,23.200001,35.599998
2026-05-19-10-49-24,655.369995,-204.929993,1859.359985,-2.600000,0.900000,22.600000,36.299999
2026-05-19-10-49-25,653.969971,-207.960007,1883.739990,-2.400000,0.800000,21.000000,36.900002
2026-05-19-10-49-25,651.349976,-212.399994,1921.969971,-2.200000,0.800000,18.600000,37.700001
2026-05-19-10-49-25,648.880005,-215.690002,1952.780029,-2.100000,0.700000,16.900000,38.400002
2026-05-19-10-49-26,646.309998,-218.509995,1981.579956,-1.900000,0.700000,15.300000,39.099998
2026-05-19-10-49-26,642.780029,-221.679993,2017.199951,-1.700000,0.600000,12.500000,39.900002
2026-05-19-10-49-26,637.830017,-225.139999,2061.850098,-1.500000,0.500000,9.900000,40.900002
2026-05-19-10-49-26,633.570007,-227.449997,2096.949951,-1.400000,0.500000,9.400000,41.700001
2026-05-19-10-49-27,630.299988,-228.869995,2122.219971,-1.300000,0.500000,7.800000,42.299999
2026-05-19-10-49-27,624.869995,-230.720001,2161.790039,-1.000000,0.500000,5.200000,43.200001
2026-05-19-10-49-27,620.010010,-231.910004,2195.129883,-0.900000,0.500000,3.300000,43.900002
2026-05-19-10-49-28,615.340027,-232.710007,2225.719971,-0.700000,0.400000,1.700000,44.599998
2026-05-19-10-49-28,609.090027,-233.300003,2264.830078,-0.500000,0.500000,-1.000000,45.500000
2026-05-19-10-49-29,601.309998,-233.399994,2311.219971,-0.300000,0.500000,-3.400000,46.500000
2026-05-19-10-49-29,594.909973,-233.009995,2347.860107,-0.200000,0.500000,-4.000000,47.299999
2026-05-19-10-49-29,590.169983,-232.470001,2374.219971,-0.100000,0.500000,-5.500000,47.900002
2026-05-19-10-49-29,582.719971,-231.229996,2414.560059,0.100000,0.400000,-8.200000,48.799999
2026-05-19-10-49-30,576.190002,-229.759995,2448.989990,0.300000,0.500000,-9.900000,49.599998
2026-05-19-10-49-30,570.150024,-228.130005,2480.110107,0.400000,0.400000,-11.700000,50.299999
2026-05-19-10-49-30,562.090027,-225.529999,2520.899902,0.700000,0.400000,-14.300000,51.200001
2026-05-19-10-49-31,552.179993,-221.740005,2569.939941,0.800000,0.500000,-16.700001,52.200001
2026-05-19-10-49-31,545.119995,-218.649994,2604.370117,0.900000,0.500000,-17.299999,53.000000
2026-05-19-10-49-31,539.330017,-215.880005,2632.219971,1.000000,0.500000,-19.000000,53.599998
2026-05-19-10-49-31,530.330017,-211.169998,2675.169922,1.300000,0.500000,-21.400000,54.500000
2026-05-19-10-49-32,522.739990,-206.820007,2711.000000,1.400000,0.600000,-23.200001,55.299999
2026-05-19-10-49-32,515.510010,-202.350006,2744.969971,1.500000,0.600000,-24.799999,56.099998
2026-05-19-10-49-32,506.410004,-196.300003,2787.489990,1.700000,0.700000,-27.600000,57.000000
2026-05-19-10-49-33,495.720001,-188.559998,2837.270020,1.900000,0.700000,-30.000000,58.099998
2026-05-19-10-49-33,487.769989,-182.369995,2874.270020,1.900000,0.800000,-30.600000,58.799999
2026-05-19-10-49-33,481.540009,-177.240005,2903.300049,2.100000,0.700000,-32.099998,59.500000
2026-05-19-10-49-33,471.929993,-168.880005,2948.139893,2.300000,0.800000,-34.700001,60.400002
2026-05-19-10-49-34,464.089996,-161.630005,2984.919922,2.400000,0.900000,-36.400002,61.200001
2026-05-19-10-49-34,456.869995,-154.600006,3018.969971,2.500000,1.000000,-38.099998,61.900002
2026-05-19-10-49-34,447.660004,-145.139999,3062.729980,2.600000,1.100000,-40.700001,62.799999
2026-05-19-10-49-35,436.660004,-133.070007,3115.659912,2.800000,1.200000,-43.200001,63.900002
2026-05-19-10-49-35,428.519989,-123.589996,3155.300049,2.900000,1.300000,-43.900002,64.800003
2026-05-19-10-49-35,422.369995,-116.080002,3185.649902,3.000000,1.300000,-45.400002,65.400002
2026-05-19-10-49-36,412.940002,-104.000000,3232.810059,3.100000,1.500000,-48.099998,66.400002
2026-05-19-10-49-36,405.390015,-93.779999,3271.270020,3.200000,1.500000,-49.700001,67.099998
2026-05-19-10-49-36,398.540009,-84.059998,3306.790039,3.300000,1.600000,-51.500000,67.900002
2026-05-19-10-49-37,389.910004,-71.180000,3352.439941,3.400000,1.700000,-54.099998,68.800003
2026-05-19-10-49-37,379.700012,-54.930000,3408.020020,3.500000,1.900000,-56.599998,69.900002
2026-05-19-10-49-37,372.670013,-43.060001,3447.389893,3.600000,1.900000,-57.299999,70.699997
2026-05-19-10-49-37,367.170013,-33.340000,3478.939941,3.700000,2.000000,-58.900002,71.300003
2026-05-19-10-49-38,358.799988,-17.770000,3528.310059,3.800000,2.100000,-61.200001,72.300003
2026-05-19-10-49-38,352.269989,-4.900000,3568.139893,3.900000,2.200000,-63.099998,73.099998
2026-05-19-10-49-38,346.209991,7.680000,3606.310059,4.000000,2.400000,-64.699997,73.800003
2026-05-19-10-49-39,338.989990,23.530001,3653.419922,4.100000,2.600000,-67.500000,74.699997
2026-05-19-10-49-39,330.559998,43.450001,3711.290039,4.200000,2.700000,-70.000000,75.900002
2026-05-19-10-49-39,324.160004,59.750000,3757.629883,4.200000,2.700000,-70.900002,76.699997
2026-05-19-10-49-39,319.730011,71.709999,3791.129883,4.300000,2.800000,-72.199997,77.400002
2026-05-19-10-49-40,313.309998,90.180000,3842.120117,4.300000,3.000000,-74.800003,78.300003
2026-05-19-10-49-40,308.250000,105.839996,3884.659912,4.400000,3.000000,-76.599998,79.099998
2026-05-19-10-49-40,303.880005,120.360001,3923.620117,4.400000,3.200000,-78.300003,79.900002
2026-05-19-10-49-41,298.600006,139.279999,3973.770020,4.500000,3.400000,-80.900002,80.800003
2026-05-19-10-49-41,292.839996,162.139999,4033.510010,4.500000,3.500000,-83.400002,81.900002
2026-05-19-10-49-41,288.950012,179.240005,4077.659912,4.500000,3.600000,-84.000000,82.699997
2026-05-19-10-49-42,286.130005,192.779999,4112.330078,4.600000,3.700000,-85.500000,83.300003
2026-05-19-10-49-42,282.239990,213.460007,4164.819824,4.600000,3.800000,-88.000000,84.300003
2026-05-19-10-49-42,279.399994,230.509995,4207.750000,4.600000,4.000000,-89.900002,85.099998
2026-05-19-10-49-43,277.000000,246.710007,4248.299805,4.700000,4.100000,-91.400002,85.800003
2026-05-19-10-49-43,274.359985,267.329987,4299.549805,4.700000,4.300000,-94.199997,86.699997
2026-05-19-10-49-43,271.760010,292.600006,4361.939941,4.700000,4.500000,-96.699997,87.800003
2026-05-19-10-49-43,270.220001,311.739990,4408.970215,4.600000,4.500000,-97.199997,88.599998
2026-05-19-10-49-44,269.299988,326.440002,4444.939941,4.600000,4.600000,-98.800003,89.199997
2026-05-19-10-49-44,268.329987,348.899994,4499.750000,4.500000,4.800000,-101.500000,90.199997
2026-05-19-10-49-44,267.899994,367.670013,4545.439941,4.500000,4.900000,-103.199997,91.000000
2026-05-19-10-49-45,267.809998,385.119995,4587.870117,4.500000,5.100000,-104.900002,91.699997
2026-05-19-10-49-45,268.130005,407.190002,4641.439941,4.500000,5.300000,-107.500000,92.599998
2026-05-19-10-49-45,269.160004,434.019989,4706.560059,4.400000,5.400000,-110.199997,93.699997
2026-05-19-10-49-46,270.429993,454.869995,4757.200195,4.400000,5.500000,-110.599998,94.500000
2026-05-19-10-49-46,271.690002,470.769989,4795.859863,4.400000,5.500000,-112.300003,95.199997
2026-05-19-10-49-46,274.040009,494.649994,4854.009766,4.300000,5.700000,-114.800003,96.099998
2026-05-19-10-49-47,276.350006,514.090027,4901.490234,4.300000,5.800000,-116.599998,96.900002
2026-05-19-10-49-47,278.779999,531.809998,4944.899902,4.300000,5.900000,-118.400002,97.599998
2026-05-19-10-49-47,282.390015,554.840027,5001.529785,4.300000,6.100000,-121.099998,98.500000
2026-05-19-10-49-48,287.350006,582.239990,5069.319824,4.100000,6.300000,-123.500000,99.599998
2026-05-19-10-49-48,291.350006,601.890015,5118.229980,4.200000,6.300000,-124.199997,100.400002
2026-05-19-10-49-48,294.779999,617.409973,5157.089844,4.100000,6.400000,-125.800003,101.000000
2026-05-19-10-49-48,300.559998,641.390015,5217.509766,4.000000,6.500000,-128.300003,101.900002
2026-05-19-10-49-49,305.700012,660.960022,5267.240234,4.000000,6.700000,-130.000000,102.699997
2026-05-19-10-49-49,310.679993,678.630005,5312.470215,3.900000,6.800000,-131.899994,103.400002
2026-05-19-10-49-49,317.489990,701.159973,5370.649902,3.800000,6.900000,-134.500000,104.300003
2026-05-19-10-49-50,326.420013,728.330017,5441.649902,3.700000,7.000000,-136.899994,105.400002
2026-05-19-10-49-50,333.200012,747.570007,5492.529785,3.600000,7.000000,-137.600006,106.099998
2026-05-19-10-49-50,338.809998,762.650024,5532.799805,3.600000,7.200000,-139.300003,106.699997
2026-05-19-10-49-50,347.929993,785.809998,5595.370117,3.500000,7.300000,-141.600006,107.699997
2026-05-19-10-49-51,355.559998,804.109985,5645.450195,3.400000,7.300000,-143.500000,108.400002
2026-05-19-10-49-51,363.119995,821.380005,5693.299805,3.300000,7.400000,-145.100006,109.099998
2026-05-19-10-49-51,372.910004,842.630005,5752.970215,3.100000,7.500000,-147.899994,110.000000
2026-05-19-10-49-52,385.380005,868.119995,5825.859863,2.900000,7.600000,-150.300003,111.099998
2026-05-19-10-49-52,394.390015,885.559998,5876.589844,2.800000,7.700000,-151.100006,111.800003
2026-05-19-10-49-52,402.070007,899.840027,5918.720215,2.700000,7.700000,-152.500000,112.400002
2026-05-19-10-49-53,414.309998,921.599976,5984.000000,2.600000,7.900000,-155.100006,113.300003
2026-05-19-10-49-53,424.519989,938.909973,6036.919922,2.400000,7.900000,-156.899994,114.099998
2026-05-19-10-49-53,434.350006,954.919983,6086.709961,2.200000,7.900000,-158.600006,114.800003
2026-05-19-10-49-54,447.109985,974.799988,6149.790039,2.100000,8.000000,-161.199997,115.699997
2026-05-19-10-49-54,462.459991,997.530029,6223.649902,1.900000,8.100000,-163.800003,116.800003
2026-05-19-10-49-54,473.890015,1013.679993,6277.419922,1.900000,8.000000,-164.399994,117.500000
2026-05-19-10-49-54,483.119995,1026.280029,6320.160156,1.800000,8.100000,-166.000000,118.099998
2026-05-19-10-49-55,497.649994,1045.339966,6386.259766,1.600000,8.200000,-168.699997,119.000000
2026-05-19-10-49-55,509.739990,1060.520020,6440.259766,1.500000,8.200000,-170.300003,119.800003
2026-05-19-10-49-55,521.450012,1074.709961,6491.859863,1.400000,8.300000,-172.000000,120.500000
2026-05-19-10-49-56,536.150024,1091.819946,6555.750000,1.300000,8.300000,-174.699997,121.400002
2026-05-19-10-49-56,554.700012,1112.359985,6635.040039,1.100000,8.300000,-177.399994,122.400002
2026-05-19-10-49-56,567.929993,1126.349976,6690.839844,1.000000,8.300000,-178.000000,123.199997
2026-05-19-10-49-56,578.539978,1137.180054,6735.180176,1.000000,8.300000,-179.500000,123.800003
2026-05-19-10-49-57,595.320007,1153.670044,6804.649902,0.800000,8.300000,178.000000,124.800003
2026-05-19-10-49-57,609.030029,1166.569946,6860.899902,0.700000,8.300000,176.300003,125.500000
2026-05-19-10-49-57,621.549988,1177.930054,6911.890137,0.600000,8.300000,174.500000,126.199997
2026-05-19-10-49-58,638.000000,1192.260010,6978.479980,0.300000,8.300000,171.699997,127.099998
2026-05-19-10-49-58,658.260010,1209.020020,7059.890137,0.200000,8.300000,169.199997,128.199997
2026-05-19-10-49-58,673.330017,1220.890015,7120.100098,0.200000,8.300000,168.500000,129.000000
2026-05-19-10-49-59,684.679993,1229.500000,7165.359863,0.000000,8.300000,166.899994,129.600006
2026-05-19-10-49-59,702.559998,1242.500000,7236.410156,-0.100000,8.300000,164.500000,130.500000
2026-05-19-10-49-59,717.070007,1252.569946,7293.950195,-0.200000,8.200000,162.600006,131.300003
2026-05-19-10-50-00,730.650024,1261.609985,7347.750000,-0.300000,8.300000,161.000000,132.000000
2026-05-19-10-50-00,747.520020,1272.339966,7414.589844,-0.500000,8.200000,158.399994,132.899994
2026-05-19-10-50-00,768.229980,1284.770020,7496.729980,-0.700000,8.100000,155.699997,134.000000
2026-05-19-10-50-00,784.849976,1294.180054,7562.810059,-0.700000,8.100000,155.100006,134.800003
2026-05-19-10-50-01,796.500000,1300.469971,7609.279785,-0.700000,8.100000,153.399994,135.399994
2026-05-19-10-50-01,814.950012,1309.930054,7683.060059,-0.900000,8.000000,150.800003,136.399994
2026-05-19-10-50-01,829.780029,1317.089966,7742.709961,-1.000000,8.000000,149.000000,137.199997
2026-05-19-10-50-02,843.369995,1323.319946,7797.620117,-1.100000,7.900000,147.300003,137.899994
2026-05-19-10-50-02,860.340027,1330.640015,7866.580078,-1.300000,7.800000,144.500000,138.800003
2026-05-19-10-50-02,881.020020,1338.900024,7951.390137,-2.200000,7.800000,142.199997,139.899994
2026-05-19-10-50-03,896.309998,1344.550049,8014.700195,-2.700000,7.900000,141.500000,140.800003
2026-05-19-10-50-03,907.750000,1348.520020,8062.430176,-4.400000,8.100000,139.699997,141.399994
2026-05-19-10-50-03,925.659973,1354.300049,8137.709961,-8.400000,8.400000,136.699997,142.399994
2026-05-19-10-50-04,940.049988,1358.569946,8198.700195,-10.900000,8.300000,134.699997,143.199997
2026-05-19-10-50-04,953.359985,1362.219971,8255.429688,-12.800000,8.300000,133.100006,143.899994
2026-05-19-10-50-04,969.989990,1366.400024,8326.790039,-15.500000,8.000000,130.000000,144.899994
2026-05-19-10-50-05,990.099976,1370.930054,8413.650391,-17.200001,7.700000,127.400002,146.000000
2026-05-19-10-50-05,1003.919983,1373.719971,8473.709961,-17.500000,7.500000,126.699997,146.800003
2026-05-19-10-50-05,1015.080017,1375.780029,8522.469727,-18.100000,7.300000,125.099998,147.399994
2026-05-19-10-50-05,1032.750000,1378.699951,8600.089844,-18.600000,6.800000,122.500000,148.500000
2026-05-19-10-50-06,1046.849976,1380.719971,8662.459961,-18.500000,6.500000,120.599998,149.300003
2026-05-19-10-50-06,1059.930054,1382.359985,8720.740234,-18.200001,6.200000,119.099998,150.100006
2026-05-19-10-50-06,1076.329956,1384.089966,8794.440430,-17.400000,5.900000,116.300003,151.000000
2026-05-19-10-50-07,1095.729980,1385.660034,8882.620117,-16.400000,5.700000,113.800003,152.199997
2026-05-19-10-50-07,1108.520020,1386.410034,8941.519531,-16.100000,5.700000,113.199997,153.000000
2026-05-19-10-50-07,1119.199951,1386.849976,8991.230469,-15.500000,5.600000,111.800003,153.699997
2026-05-19-10-50-07,1135.300049,1387.199951,9067.190430,-14.200000,5.500000,109.099998,154.699997
2026-05-19-10-50-08,1148.540039,1387.189941,9130.700195,-13.700000,5.400000,107.500000,155.500000
2026-05-19-10-50-08,1160.390015,1386.939941,9188.440430,-12.900000,5.300000,105.699997,156.300003
2026-05-19-10-50-08,1175.150024,1386.319946,9261.740234,-11.900000,5.200000,102.900002,157.300003
2026-05-19-10-50-09,1192.819946,1385.079956,9351.750000,-11.000000,5.200000,100.400002,158.500000
2026-05-19-10-50-09,1206.000000,1383.790039,9420.700195,-10.600000,5.300000,99.500000,159.500000
2026-05-19-10-50-09,1215.780029,1382.630005,9473.030273,-10.100000,5.300000,98.099998,160.199997
2026-05-19-10-50-10,1229.949951,1380.599976,9550.799805,-9.500000,5.100000,95.599998,161.300003
2026-05-19-10-50-10,1241.250000,1378.670044,9614.690430,-9.100000,5.100000,93.800003,162.100006
2026-05-19-10-50-10,1251.540039,1376.670044,9674.429688,-8.800000,5.000000,92.099998,163.000000
2026-05-19-10-50-11,1264.119995,1373.890015,9749.870117,-8.300000,4.900000,89.500000,164.000000
