time,position_x,position_y,position_z,angle_x,angle_y,angle_z,pos_std
2026-05-19-15-22-39,0.000000,0.000000,0.000000,-0.100000,-0.000000,0.100000,0.300000
2026-05-19-15-22-43,-0.000000,0.000000,-0.070000,-0.000000,0.200000,3.500000,0.600000
2026-05-19-15-22-43,0.010000,-0.030000,-0.140000,-0.000000,0.200000,3.500000,1.700000
2026-05-19-15-22-44,0.010000,-0.030000,-0.140000,-0.400000,-0.200000,3.800000,2.000000
2026-05-19-15-22-44,0.020000,-0.040000,-0.140000,-0.300000,-0.300000,4.000000,2.200000
2026-05-19-15-22-44,0.020000,-0.040000,-0.150000,0.200000,-0.100000,4.100000,2.500000
2026-05-19-15-22-45,0.030000,-0.050000,-0.170000,0.700000,0.200000,4.200000,2.800000
2026-05-19-15-22-45,0.030000,-0.050000,-0.180000,0.700000,0.200000,4.300000,3.000000
2026-05-19-15-22-45,0.040000,-0.050000,-0.190000,0.500000,0.300000,4.500000,3.200000
2026-05-19-15-22-45,0.040000,-0.050000,-0.210000,0.000000,0.200000,4.700000,3.500000
2026-05-19-15-22-46,0.050000,-0.050000,-0.220000,-0.300000,0.000000,4.900000,3.700000
2026-05-19-15-22-46,0.050000,-0.050000,-0.230000,-0.300000,-0.000000,5.000000,4.000000
2026-05-19-15-22-46,0.050000,-0.060000,-0.230000,-0.300000,-0.300000,5.200000,4.300000
2026-05-19-15-22-47,0.050000,-0.070000,-0.220000,0.100000,-0.300000,5.300000,4.600000
2026-05-19-15-22-47,0.060000,-0.070000,-0.210000,0.300000,-0.300000,5.400000,4.900000
2026-05-19-15-22-47,0.070000,-0.070000,-0.220000,0.500000,-0.300000,5.500000,5.100000
2026-05-19-15-22-48,0.080000,-0.060000,-0.260000,0.600000,0.200000,5.800000,5.500000
2026-05-19-15-22-48,0.080000,-0.050000,-0.290000,0.100000,0.300000,6.000000,5.800000
2026-05-19-15-22-48,0.090000,-0.040000,-0.310000,-0.200000,0.300000,6.100000,6.000000
2026-05-19-15-22-49,0.100000,-0.030000,-0.320000,-0.800000,-0.100000,6.300000,6.400000
2026-05-19-15-22-49,0.110000,-0.030000,-0.300000,-0.500000,-0.600000,6.500000,6.800000
2026-05-19-15-22-49,0.120000,-0.020000,-0.300000,-0.300000,-0.600000,6.600000,7.100000
2026-05-19-15-22-49,0.130000,-0.020000,-0.300000,0.500000,-0.500000,6.900000,7.400000
2026-05-19-15-22-50,0.150000,0.010000,-0.340000,0.900000,0.100000,8.900000,7.800000
2026-05-19-15-22-50,0.160000,0.060000,-0.370000,0.400000,0.400000,9.000000,8.100000
2026-05-19-15-22-50,0.170000,0.100000,-0.390000,-0.400000,0.400000,9.200000,8.400000
2026-05-19-15-22-51,0.180000,0.160000,-0.400000,-1.300000,-0.100000,9.400000,8.800000
2026-05-19-15-22-51,0.190000,0.210000,-0.390000,-1.000000,-0.500000,9.600000,9.300000
2026-05-19-15-22-51,0.210000,0.240000,-0.380000,-0.800000,-0.500000,9.700000,9.600000
2026-05-19-15-22-51,0.220000,0.270000,-0.390000,-0.000000,-0.300000,9.800000,9.900000
2026-05-19-15-22-52,0.240000,0.310000,-0.420000,0.500000,0.100000,10.000000,10.300000
2026-05-19-15-22-52,0.260000,0.350000,-0.450000,0.000000,0.400000,10.200000,10.700000
2026-05-19-15-22-52,0.270000,0.400000,-0.460000,-0.600000,0.300000,10.300000,11.000000
2026-05-19-15-22-53,0.290000,0.450000,-0.450000,-1.300000,-0.200000,10.600000,11.400000
2026-05-19-15-22-53,0.300000,0.500000,-0.430000,-1.000000,-0.400000,10.700000,12.000000
2026-05-19-15-22-53,0.320000,0.530000,-0.420000,-0.800000,-0.400000,10.800000,12.400000
2026-05-19-15-22-54,0.330000,0.560000,-0.430000,-0.200000,-0.200000,10.900000,12.700000
2026-05-19-15-22-54,0.350000,0.600000,-0.460000,0.100000,0.100000,11.100000,13.200000
2026-05-19-15-22-54,0.360000,0.640000,-0.470000,-0.100000,0.200000,11.300000,13.600000
2026-05-19-15-22-54,0.380000,0.670000,-0.470000,-0.400000,0.100000,11.400000,13.900000
2026-05-19-15-22-55,0.400000,0.700000,-0.460000,-1.100000,-0.300000,11.600000,14.400000
2026-05-19-15-22-55,0.420000,0.730000,-0.440000,-1.000000,-0.300000,11.800000,15.000000
2026-05-19-15-22-55,0.430000,0.750000,-0.440000,-1.000000,-0.300000,11.900000,15.300000
2026-05-19-15-22-56,0.440000,0.770000,-0.450000,-0.700000,-0.200000,12.000000,15.600000
2026-05-19-15-22-56,0.460000,0.790000,-0.460000,-0.000000,0.100000,12.200000,16.000000
2026-05-19-15-22-56,0.490000,0.820000,-0.450000,0.000000,-0.100000,12.400000,16.700001
2026-05-19-15-22-57,0.500000,0.830000,-0.430000,-0.400000,-0.200000,12.500000,17.200001
2026-05-19-15-22-57,0.520000,0.860000,-0.410000,-1.100000,-0.300000,12.800000,17.700001
2026-05-19-15-22-57,0.550000,0.890000,-0.410000,-0.900000,0.000000,13.100000,18.299999
2026-05-19-15-22-58,0.560000,0.910000,-0.420000,-0.700000,0.100000,13.100000,18.799999
2026-05-19-15-22-58,0.580000,0.920000,-0.420000,-0.400000,0.200000,13.300000,19.100000
2026-05-19-15-22-58,0.600000,0.940000,-0.420000,-0.000000,0.100000,13.500000,19.700001
2026-05-19-15-22-58,0.610000,0.960000,-0.390000,-0.300000,-0.200000,13.600000,20.200001
2026-05-19-15-22-59,0.630000,0.970000,-0.370000,-0.700000,-0.300000,13.700000,20.600000
2026-05-19-15-22-59,0.650000,0.990000,-0.350000,-1.000000,-0.300000,14.000000,21.200001
2026-05-19-15-23-00,0.670000,1.020000,-0.350000,-0.500000,0.100000,14.200000,21.900000
2026-05-19-15-23-00,0.690000,1.030000,-0.360000,-0.400000,0.100000,14.300000,22.400000
2026-05-19-15-23-00,0.710000,1.040000,-0.360000,-0.100000,0.100000,14.400000,22.700001
2026-05-19-15-23-00,0.730000,1.050000,-0.340000,-0.100000,-0.100000,14.600000,23.400000
2026-05-19-15-23-01,0.740000,1.060000,-0.320000,-0.300000,-0.300000,14.700000,23.900000
2026-05-19-15-23-01,0.760000,1.080000,-0.300000,-0.500000,-0.300000,14.800000,24.400000
2026-05-19-15-23-01,0.770000,1.100000,-0.290000,-0.300000,-0.000000,15.100000,25.000000
2026-05-19-15-23-02,0.790000,1.130000,-0.280000,0.000000,-0.000000,15.400000,25.700001
2026-05-19-15-23-02,0.800000,1.150000,-0.270000,-0.100000,-0.000000,15.400000,26.200001
2026-05-19-15-23-02,0.820000,1.150000,-0.260000,-0.200000,-0.100000,15.600000,26.700001
2026-05-19-15-23-02,0.840000,1.160000,-0.230000,-0.500000,-0.300000,15.700000,27.299999
2026-05-19-15-23-03,0.850000,1.170000,-0.230000,-0.400000,-0.200000,15.900000,27.900000
2026-05-19-15-23-03,0.870000,1.180000,-0.220000,-0.000000,-0.000000,16.000000,28.400000
2026-05-19-15-23-03,0.890000,1.200000,-0.220000,0.400000,0.200000,16.299999,29.100000
2026-05-19-15-23-04,0.900000,1.220000,-0.210000,0.000000,-0.000000,16.700001,29.799999
2026-05-19-15-23-04,0.920000,1.230000,-0.180000,-0.200000,-0.100000,16.700001,30.400000
2026-05-19-15-23-04,0.930000,1.240000,-0.160000,-0.700000,-0.400000,16.900000,30.900000
2026-05-19-15-23-05,0.950000,1.240000,-0.140000,-0.900000,-0.500000,17.100000,31.600000
2026-05-19-15-23-05,0.970000,1.250000,-0.130000,-0.700000,-0.300000,17.200001,32.200001
2026-05-19-15-23-05,0.990000,1.250000,-0.140000,-0.100000,0.000000,17.400000,32.700001
2026-05-19-15-23-06,1.010000,1.260000,-0.150000,0.500000,0.200000,17.700001,33.400002
2026-05-19-15-23-06,1.020000,1.280000,-0.130000,-0.100000,-0.200000,18.000000,34.200001
2026-05-19-15-23-06,1.030000,1.290000,-0.100000,-0.300000,-0.300000,18.000000,34.900002
2026-05-19-15-23-06,1.040000,1.290000,-0.070000,-1.100000,-0.600000,18.200001,35.299999
2026-05-19-15-23-07,1.060000,1.300000,-0.040000,-1.700000,-0.700000,18.400000,36.099998
2026-05-19-15-23-07,1.080000,1.310000,-0.040000,-1.300000,-0.400000,18.600000,36.700001
2026-05-19-15-23-07,1.090000,1.310000,-0.050000,-0.500000,-0.100000,18.700001,37.299999
2026-05-19-15-23-08,1.120000,1.320000,-0.050000,0.400000,0.200000,19.000000,38.000000
2026-05-19-15-23-08,1.140000,1.330000,-0.030000,0.000000,-0.100000,19.200001,38.900002
2026-05-19-15-23-08,1.160000,1.340000,0.000000,-0.300000,-0.200000,19.299999,39.500000
2026-05-19-15-23-08,1.170000,1.350000,0.030000,-1.000000,-0.400000,19.500000,40.099998
2026-05-19-15-23-09,1.200000,1.350000,0.050000,-1.700000,-0.600000,19.700001,40.900002
2026-05-19-15-23-09,1.220000,1.350000,0.050000,-1.300000,-0.400000,19.799999,41.599998
2026-05-19-15-23-09,1.240000,1.350000,0.050000,-0.600000,-0.100000,19.900000,42.200001
2026-05-19-15-23-10,1.260000,1.350000,0.060000,0.300000,0.000000,20.200001,42.900002
2026-05-19-15-23-10,1.290000,1.350000,0.090000,-0.100000,-0.100000,20.400000,43.900002
2026-05-19-15-23-10,1.300000,1.350000,0.110000,-0.100000,-0.200000,20.400000,44.400002
2026-05-19-15-23-10,1.320000,1.350000,0.120000,-0.700000,-0.200000,20.500000,45.000000
2026-05-19-15-23-11,1.340000,1.340000,0.130000,-1.500000,-0.300000,20.700001,45.599998
2026-05-19-15-23-11,1.370000,1.340000,0.150000,-1.200000,-0.300000,21.000000,46.799999
2026-05-19-15-23-11,1.390000,1.330000,0.160000,-0.500000,-0.300000,21.200001,47.400002
2026-05-19-15-23-12,1.420000,1.320000,0.190000,0.100000,-0.400000,21.299999,48.299999
2026-05-19-15-23-12,1.460000,1.300000,0.220000,-0.100000,-0.300000,21.400000,49.299999
2026-05-19-15-23-12,1.480000,1.290000,0.220000,-0.400000,-0.300000,21.400000,50.000000
2026-05-19-15-23-13,1.500000,1.280000,0.210000,-0.800000,-0.100000,21.600000,50.500000
2026-05-19-15-23-13,1.530000,1.280000,0.200000,-1.100000,-0.000000,22.000000,51.500000
2026-05-19-15-23-13,1.550000,1.270000,0.210000,-0.900000,-0.100000,22.200001,52.200001
2026-05-19-15-23-14,1.570000,1.260000,0.230000,-0.600000,-0.400000,22.299999,52.900002
2026-05-19-15-23-14,1.590000,1.240000,0.270000,-0.300000,-0.700000,22.500000,53.799999
2026-05-19-15-23-14,1.630000,1.220000,0.280000,-0.600000,-0.400000,22.600000,54.799999
2026-05-19-15-23-15,1.660000,1.210000,0.270000,-0.700000,-0.300000,22.700001,55.599998
2026-05-19-15-23-15,1.680000,1.210000,0.260000,-0.700000,-0.100000,22.799999,56.200001
2026-05-19-15-23-15,1.710000,1.210000,0.260000,-0.600000,0.100000,23.100000,57.099998
2026-05-19-15-23-15,1.740000,1.200000,0.270000,-0.600000,-0.100000,23.299999,57.900002
2026-05-19-15-23-16,1.760000,1.200000,0.290000,-0.600000,-0.400000,23.400000,58.700001
2026-05-19-15-23-16,1.790000,1.190000,0.320000,-0.700000,-0.600000,23.600000,59.599998
2026-05-19-15-23-16,1.830000,1.170000,0.330000,-0.700000,-0.500000,23.799999,60.799999
2026-05-19-15-23-17,1.850000,1.170000,0.330000,-0.600000,-0.300000,23.900000,61.500000
2026-05-19-15-23-17,1.880000,1.160000,0.330000,-0.600000,-0.200000,24.000000,62.200001
2026-05-19-15-23-17,1.910000,1.160000,0.330000,-0.300000,-0.100000,24.200001,63.200001
2026-05-19-15-23-17,1.930000,1.150000,0.350000,-0.200000,-0.200000,24.400000,64.000000
2026-05-19-15-23-18,1.960000,1.150000,0.360000,-0.400000,-0.300000,24.500000,64.800003
2026-05-19-15-23-18,1.990000,1.140000,0.380000,-0.900000,-0.500000,24.799999,65.699997
2026-05-19-15-23-19,2.020000,1.140000,0.390000,-1.000000,-0.500000,25.000000,66.900002
2026-05-19-15-23-19,2.040000,1.130000,0.390000,-0.900000,-0.400000,25.100000,67.800003
2026-05-19-15-23-19,2.060000,1.130000,0.400000,-0.700000,-0.400000,25.200001,68.400002
2026-05-19-15-23-19,2.100000,1.130000,0.410000,-0.100000,-0.400000,25.500000,69.500000
2026-05-19-15-23-20,2.120000,1.120000,0.420000,-0.100000,-0.400000,25.600000,70.400002
2026-05-19-15-23-20,2.140000,1.120000,0.420000,-0.500000,-0.300000,25.799999,71.199997
2026-05-19-15-23-20,2.160000,1.110000,0.420000,-1.100000,-0.300000,26.100000,72.300003
2026-05-19-15-23-21,2.190000,1.110000,0.420000,-1.000000,-0.400000,26.400000,73.500000
2026-05-19-15-23-21,2.220000,1.100000,0.440000,-0.900000,-0.400000,26.500000,74.500000
2026-05-19-15-23-21,2.240000,1.090000,0.450000,-0.400000,-0.600000,26.600000,75.199997
2026-05-19-15-23-21,2.270000,1.080000,0.480000,-0.200000,-0.600000,26.799999,76.300003
2026-05-19-15-23-22,2.290000,1.070000,0.480000,-0.400000,-0.500000,26.900000,77.199997
2026-05-19-15-23-22,2.320000,1.070000,0.480000,-0.700000,-0.200000,27.100000,78.099998
2026-05-19-15-23-22,2.340000,1.060000,0.470000,-1.100000,-0.100000,27.500000,79.199997
2026-05-19-15-23-23,2.370000,1.050000,0.470000,-0.600000,-0.400000,27.799999,80.500000
2026-05-19-15-23-23,2.390000,1.030000,0.490000,-0.500000,-0.400000,27.900000,81.500000
2026-05-19-15-23-23,2.410000,1.020000,0.510000,-0.400000,-0.600000,27.900000,82.300003
2026-05-19-15-23-24,2.440000,1.000000,0.530000,-0.500000,-0.600000,28.100000,83.400002
2026-05-19-15-23-24,2.460000,0.990000,0.530000,-0.700000,-0.400000,28.299999,84.400002
2026-05-19-15-23-24,2.480000,0.990000,0.520000,-0.700000,-0.200000,28.600000,85.300003
2026-05-19-15-23-25,2.510000,0.970000,0.500000,-0.600000,-0.200000,28.900000,86.400002
2026-05-19-15-23-25,2.530000,0.950000,0.510000,-0.600000,-0.400000,29.100000,87.800003
2026-05-19-15-23-25,2.550000,0.940000,0.520000,-0.700000,-0.500000,29.200001,88.800003
2026-05-19-15-23-25,2.570000,0.930000,0.530000,-0.800000,-0.600000,29.299999,89.599998
2026-05-19-15-23-26,2.600000,0.910000,0.540000,-0.900000,-0.600000,29.700001,90.800003
2026-05-19-15-23-26,2.620000,0.900000,0.530000,-0.800000,-0.400000,29.900000,91.900002
2026-05-19-15-23-26,2.640000,0.890000,0.520000,-0.700000,-0.300000,30.200001,92.800003
2026-05-19-15-23-27,2.660000,0.870000,0.520000,-0.400000,-0.300000,30.400000,94.000000
2026-05-19-15-23-27,2.690000,0.850000,0.540000,-0.600000,-0.400000,30.600000,95.500000
2026-05-19-15-23-27,2.710000,0.840000,0.550000,-0.700000,-0.500000,30.700001,96.500000
2026-05-19-15-23-27,2.720000,0.830000,0.560000,-1.000000,-0.500000,30.900000,97.400002
2026-05-19-15-23-28,2.740000,0.830000,0.550000,-1.100000,-0.400000,31.200001,98.699997
2026-05-19-15-23-28,2.760000,0.820000,0.530000,-1.000000,-0.300000,31.400000,99.699997
2026-05-19-15-23-28,2.770000,0.810000,0.530000,-0.800000,-0.300000,31.600000,100.699997
2026-05-19-15-23-29,2.790000,0.790000,0.540000,-0.500000,-0.400000,31.900000,102.000000
2026-05-19-15-23-29,2.820000,0.780000,0.560000,-0.600000,-0.500000,32.099998,103.500000
2026-05-19-15-23-29,2.840000,0.770000,0.570000,-0.700000,-0.500000,32.200001,104.699997
2026-05-19-15-23-30,2.850000,0.760000,0.570000,-0.900000,-0.400000,32.400002,105.599998
2026-05-19-15-23-30,2.870000,0.760000,0.570000,-1.000000,-0.300000,32.799999,107.000000
2026-05-19-15-23-30,2.880000,0.760000,0.560000,-0.900000,-0.400000,33.000000,108.099998
2026-05-19-15-23-30,2.900000,0.750000,0.570000,-0.900000,-0.500000,33.200001,109.099998
2026-05-19-15-23-31,2.920000,0.740000,0.580000,-0.800000,-0.500000,33.400002,110.400002
2026-05-19-15-23-31,2.940000,0.730000,0.610000,-0.800000,-0.500000,33.599998,112.099998
2026-05-19-15-23-31,2.960000,0.720000,0.610000,-0.800000,-0.500000,33.700001,113.300003
2026-05-19-15-23-32,2.970000,0.720000,0.610000,-0.800000,-0.400000,33.900002,114.199997
2026-05-19-15-23-32,2.990000,0.710000,0.610000,-1.000000,-0.500000,34.200001,115.599998
2026-05-19-15-23-32,3.010000,0.700000,0.620000,-1.000000,-0.600000,34.400002,116.800003
2026-05-19-15-23-33,3.020000,0.690000,0.630000,-1.000000,-0.600000,34.599998,117.900002
2026-05-19-15-23-33,3.040000,0.680000,0.630000,-0.900000,-0.400000,34.900002,119.300003
2026-05-19-15-23-33,3.070000,0.670000,0.630000,-0.900000,-0.400000,35.200001,121.000000
2026-05-19-15-23-34,3.090000,0.660000,0.630000,-0.900000,-0.400000,35.299999,122.300003
2026-05-19-15-23-34,3.100000,0.650000,0.630000,-1.000000,-0.500000,35.400002,123.300003
2026-05-19-15-23-34,3.120000,0.630000,0.650000,-1.000000,-0.700000,35.599998,124.800003
2026-05-19-15-23-34,3.140000,0.620000,0.660000,-0.900000,-0.600000,35.799999,126.000000
2026-05-19-15-23-35,3.160000,0.610000,0.660000,-1.000000,-0.500000,36.099998,127.099998
2026-05-19-15-23-35,3.180000,0.600000,0.650000,-0.900000,-0.300000,36.500000,128.600006
2026-05-19-15-23-36,3.200000,0.580000,0.640000,-0.700000,-0.300000,36.700001,130.300003
2026-05-19-15-23-36,3.210000,0.570000,0.650000,-0.700000,-0.400000,36.799999,131.600006
2026-05-19-15-23-36,3.230000,0.560000,0.660000,-0.700000,-0.600000,36.900002,132.600006
2026-05-19-15-23-36,3.250000,0.540000,0.690000,-1.200000,-0.900000,37.000000,134.100006
2026-05-19-15-23-37,3.270000,0.530000,0.690000,-1.400000,-0.800000,37.200001,135.500000
2026-05-19-15-23-37,3.290000,0.520000,0.680000,-1.200000,-0.500000,37.500000,136.699997
2026-05-19-15-23-37,3.310000,0.510000,0.660000,-0.600000,-0.100000,37.900002,138.199997
2026-05-19-15-23-38,3.330000,0.500000,0.660000,-0.500000,-0.400000,38.099998,140.000000
2026-05-19-15-23-38,3.340000,0.490000,0.670000,-0.600000,-0.400000,38.099998,141.399994
2026-05-19-15-23-38,3.360000,0.480000,0.680000,-0.900000,-0.700000,38.200001,142.500000
2026-05-19-15-23-38,3.380000,0.480000,0.690000,-1.500000,-0.800000,38.400002,144.100006
2026-05-19-15-23-39,3.400000,0.470000,0.690000,-1.600000,-0.700000,38.599998,145.399994
2026-05-19-15-23-39,3.420000,0.460000,0.680000,-1.200000,-0.500000,38.799999,146.699997
2026-05-19-15-23-39,3.450000,0.440000,0.660000,-0.600000,-0.300000,39.000000,148.300003
2026-05-19-15-23-40,3.470000,0.430000,0.660000,-0.600000,-0.300000,39.299999,150.199997
2026-05-19-15-23-40,3.490000,0.420000,0.660000,-0.700000,-0.400000,39.400002,151.600006
2026-05-19-15-23-40,3.500000,0.410000,0.660000,-1.000000,-0.500000,39.500000,152.699997
2026-05-19-15-23-41,3.520000,0.400000,0.660000,-1.600000,-0.700000,39.799999,154.500000
2026-05-19-15-23-41,3.540000,0.380000,0.650000,-1.700000,-0.800000,39.900002,155.899994
2026-05-19-15-23-41,3.570000,0.370000,0.650000,-1.500000,-0.800000,40.000000,157.199997
2026-05-19-15-23-42,3.600000,0.350000,0.640000,-0.700000,-0.500000,40.200001,158.899994
2026-05-19-15-23-42,3.630000,0.340000,0.630000,-0.700000,-0.500000,40.400002,160.800003
2026-05-19-15-23-42,3.660000,0.330000,0.630000,-0.800000,-0.400000,40.500000,162.399994
2026-05-19-15-23-42,3.670000,0.320000,0.620000,-1.100000,-0.500000,40.700001,163.500000
2026-05-19-15-23-43,3.700000,0.310000,0.620000,-1.500000,-0.600000,41.000000,165.199997
2026-05-19-15-23-43,3.730000,0.290000,0.620000,-1.600000,-0.700000,41.000000,166.699997
2026-05-19-15-23-43,3.750000,0.280000,0.620000,-1.500000,-0.800000,41.099998,168.100006
2026-05-19-15-23-44,3.780000,0.260000,0.620000,-1.100000,-0.700000,41.099998,169.800003
2026-05-19-15-23-44,3.820000,0.240000,0.620000,-1.000000,-0.400000,41.299999,171.899994
2026-05-19-15-23-44,3.850000,0.230000,0.610000,-1.000000,-0.400000,41.400002,173.500000
2026-05-19-15-23-44,3.870000,0.220000,0.610000,-1.200000,-0.400000,41.599998,174.600006
2026-05-19-15-23-45,3.900000,0.200000,0.620000,-1.200000,-0.500000,41.799999,176.600006
2026-05-19-15-23-45,3.930000,0.180000,0.640000,-1.200000,-0.700000,41.799999,178.100006
2026-05-19-15-23-45,3.960000,0.160000,0.660000,-1.200000,-0.900000,41.700001,179.500000
2026-05-19-15-23-46,4.000000,0.140000,0.670000,-1.200000,-0.700000,41.700001,181.300003
2026-05-19-15-23-46,4.040000,0.120000,0.650000,-0.900000,-0.300000,41.900002,183.399994
2026-05-19-15-23-46,4.070000,0.110000,0.640000,-0.800000,-0.200000,41.900002,185.000000
2026-05-19-15-23-47,4.100000,0.100000,0.630000,-0.800000,-0.200000,42.099998,186.300003
2026-05-19-15-23-47,4.130000,0.080000,0.650000,-1.000000,-0.500000,42.200001,188.199997
2026-05-19-15-23-47,4.170000,0.060000,0.680000,-1.100000,-0.700000,42.200001,189.800003
2026-05-19-15-23-47,4.200000,0.040000,0.690000,-1.300000,-0.900000,42.099998,191.199997
2026-05-19-15-23-48,4.240000,0.020000,0.700000,-1.200000,-0.700000,42.200001,193.100006
2026-05-19-15-23-48,4.290000,-0.010000,0.690000,-0.900000,-0.300000,42.299999,195.300003
2026-05-19-15-23-48,4.330000,-0.030000,0.680000,-0.800000,-0.300000,42.299999,197.000000
2026-05-19-15-23-49,4.360000,-0.040000,0.690000,-0.700000,-0.300000,42.299999,198.300003
2026-05-19-15-23-49,4.400000,-0.070000,0.690000,-1.000000,-0.400000,42.400002,200.300003
2026-05-19-15-23-49,4.430000,-0.100000,0.690000,-1.200000,-0.500000,42.500000,201.899994
2026-05-19-15-23-50,4.460000,-0.120000,0.700000,-1.300000,-0.600000,42.599998,203.399994
2026-05-19-15-23-50,4.500000,-0.150000,0.700000,-1.200000,-0.700000,42.599998,205.399994
2026-05-19-15-23-50,4.540000,-0.180000,0.710000,-0.900000,-0.600000,42.599998,207.800003
2026-05-19-15-23-51,4.580000,-0.200000,0.700000,-0.900000,-0.600000,42.599998,209.500000
2026-05-19-15-23-51,4.600000,-0.210000,0.690000,-1.000000,-0.400000,42.700001,210.899994
2026-05-19-15-23-51,4.640000,-0.240000,0.680000,-1.200000,-0.300000,42.799999,212.899994
2026-05-19-15-23-51,4.670000,-0.260000,0.670000,-1.200000,-0.500000,42.799999,214.600006
2026-05-19-15-23-52,4.700000,-0.280000,0.680000,-1.300000,-0.700000,42.799999,216.199997
2026-05-19-15-23-52,4.730000,-0.310000,0.680000,-1.100000,-0.800000,42.799999,218.199997
2026-05-19-15-23-53,4.780000,-0.350000,0.670000,-0.700000,-0.500000,42.799999,220.699997
2026-05-19-15-23-53,4.810000,-0.370000,0.660000,-0.700000,-0.500000,42.799999,222.399994
2026-05-19-15-23-53,4.840000,-0.390000,0.650000,-0.800000,-0.300000,42.799999,223.800003
2026-05-19-15-23-53,4.880000,-0.430000,0.650000,-1.400000,-0.400000,42.799999,226.000000
2026-05-19-15-23-54,4.910000,-0.450000,0.650000,-1.500000,-0.500000,42.799999,227.800003
2026-05-19-15-23-54,4.940000,-0.480000,0.640000,-1.300000,-0.600000,42.799999,229.500000
2026-05-19-15-23-54,4.980000,-0.510000,0.630000,-0.700000,-0.500000,42.700001,231.600006
2026-05-19-15-23-55,5.030000,-0.550000,0.620000,-0.300000,-0.500000,42.700001,234.199997
2026-05-19-15-23-55,5.060000,-0.580000,0.620000,-0.100000,-0.500000,42.599998,236.100006
2026-05-19-15-23-55,5.090000,-0.610000,0.620000,-0.100000,-0.400000,42.599998,237.500000
2026-05-19-15-23-55,5.130000,-0.640000,0.620000,-0.400000,-0.300000,42.500000,239.699997
2026-05-19-15-23-56,5.160000,-0.670000,0.610000,-0.400000,-0.300000,42.500000,241.600006
2026-05-19-15-23-56,5.190000,-0.690000,0.600000,-0.200000,-0.300000,42.500000,243.300003
2026-05-19-15-23-56,5.220000,-0.730000,0.590000,0.200000,-0.300000,42.500000,245.500000
2026-05-19-15-23-57,5.270000,-0.770000,0.600000,0.200000,-0.400000,42.400002,248.100006
2026-05-19-15-23-57,5.300000,-0.800000,0.610000,0.100000,-0.400000,42.400002,250.000000
2026-05-19-15-23-57,5.320000,-0.830000,0.610000,-0.200000,-0.400000,42.299999,251.500000
2026-05-19-15-23-58,5.360000,-0.860000,0.590000,-0.400000,-0.300000,42.299999,253.800003
2026-05-19-15-23-58,5.390000,-0.890000,0.570000,-0.300000,-0.200000,42.299999,255.699997
2026-05-19-15-23-58,5.420000,-0.920000,0.550000,-0.100000,-0.200000,42.299999,257.500000
2026-05-19-15-23-59,5.450000,-0.960000,0.550000,0.200000,-0.400000,42.200001,259.700012
2026-05-19-15-23-59,5.500000,-1.010000,0.550000,-0.000000,-0.500000,42.099998,262.500000
2026-05-19-15-23-59,5.540000,-1.050000,0.550000,-0.100000,-0.500000,42.099998,264.600006
2026-05-19-15-23-59,5.560000,-1.080000,0.540000,-0.300000,-0.400000,42.000000,266.200012
2026-05-19-15-24-00,5.600000,-1.110000,0.520000,-0.200000,-0.200000,42.000000,268.700012
2026-05-19-15-24-00,5.640000,-1.140000,0.500000,0.000000,-0.200000,42.099998,270.700012
2026-05-19-15-24-00,5.670000,-1.180000,0.490000,0.300000,-0.300000,42.000000,272.500000
2026-05-19-15-24-01,5.710000,-1.220000,0.480000,0.000000,-0.500000,41.799999,274.799988
2026-05-19-15-24-01,5.760000,-1.280000,0.470000,-0.300000,-0.400000,41.799999,277.700012
2026-05-19-15-24-01,5.790000,-1.310000,0.460000,-0.300000,-0.300000,41.700001,279.799988
2026-05-19-15-24-01,5.810000,-1.340000,0.450000,-0.200000,-0.300000,41.700001,281.299988
2026-05-19-15-24-02,5.860000,-1.380000,0.430000,0.100000,-0.300000,41.599998,283.799988
2026-05-19-15-24-02,5.900000,-1.410000,0.420000,0.000000,-0.400000,41.599998,285.899994
2026-05-19-15-24-02,5.930000,-1.450000,0.400000,-0.200000,-0.400000,41.500000,287.799988
2026-05-19-15-24-03,5.970000,-1.500000,0.380000,-0.500000,-0.200000,41.599998,290.200012
2026-05-19-15-24-03,6.020000,-1.550000,0.350000,-0.200000,-0.200000,41.599998,293.100006
2026-05-19-15-24-03,6.060000,-1.590000,0.330000,-0.100000,-0.300000,41.599998,295.200012
2026-05-19-15-24-04,6.100000,-1.620000,0.330000,0.300000,-0.400000,41.500000,296.899994
2026-05-19-15-24-04,6.140000,-1.670000,0.320000,0.400000,-0.600000,41.400002,299.500000
2026-05-19-15-24-04,6.180000,-1.710000,0.320000,-0.000000,-0.500000,41.200001,301.600006
2026-05-19-15-24-04,6.220000,-1.750000,0.310000,-0.400000,-0.400000,41.200001,303.500000
2026-05-19-15-24-05,6.260000,-1.790000,0.260000,-0.500000,-0.100000,41.299999,306.000000
2026-05-19-15-24-05,6.310000,-1.840000,0.210000,0.100000,-0.000000,41.400002,309.100006
2026-05-19-15-24-05,6.350000,-1.890000,0.180000,0.200000,-0.100000,41.400002,311.399994
2026-05-19-15-24-06,6.380000,-1.930000,0.170000,0.500000,-0.300000,41.299999,313.100006
2026-05-19-15-24-06,6.430000,-1.990000,0.170000,0.200000,-0.700000,41.200001,315.799988
2026-05-19-15-24-06,6.460000,-2.030000,0.160000,-0.100000,-0.800000,41.099998,318.000000
2026-05-19-15-24-07,6.500000,-2.070000,0.140000,-0.500000,-0.500000,41.099998,320.000000
2026-05-19-15-24-07,6.540000,-2.120000,0.080000,-0.300000,0.000000,41.200001,322.600006
2026-05-19-15-24-07,6.580000,-2.180000,-0.000000,0.200000,0.000000,41.200001,325.799988
2026-05-19-15-24-08,6.610000,-2.230000,-0.040000,0.300000,-0.000000,41.200001,328.100006
2026-05-19-15-24-08,6.640000,-2.270000,-0.040000,0.200000,-0.300000,41.099998,329.799988
2026-05-19-15-24-08,6.680000,-2.330000,-0.050000,-0.100000,-0.700000,41.000000,332.600006
2026-05-19-15-24-08,6.710000,-2.370000,-0.080000,-0.200000,-0.700000,41.000000,334.899994
2026-05-19-15-24-09,6.740000,-2.410000,-0.120000,0.100000,-0.500000,41.000000,337.000000
2026-05-19-15-24-09,6.780000,-2.450000,-0.190000,0.300000,-0.100000,41.000000,339.700012
2026-05-19-15-24-10,6.820000,-2.500000,-0.270000,-0.200000,0.000000,41.000000,342.899994
2026-05-19-15-24-10,6.850000,-2.550000,-0.310000,-0.300000,-0.000000,41.000000,345.299988
2026-05-19-15-24-10,6.880000,-2.580000,-0.330000,-0.600000,-0.300000,41.000000,347.200012
2026-05-19-15-24-10,6.910000,-2.640000,-0.340000,-0.600000,-0.700000,41.099998,350.100006
2026-05-19-15-24-11,6.950000,-2.690000,-0.360000,-0.100000,-0.800000,41.099998,352.399994
2026-05-19-15-24-11,6.980000,-2.730000,-0.390000,0.200000,-0.600000,41.000000,354.600006
2026-05-19-15-24-11,7.020000,-2.780000,-0.450000,0.400000,-0.200000,40.900002,357.399994
2026-05-19-15-24-12,7.080000,-2.840000,-0.520000,-0.100000,-0.100000,40.799999,360.799988
2026-05-19-15-24-12,7.110000,-2.870000,-0.570000,-0.300000,-0.000000,40.799999,363.200012
2026-05-19-15-24-12,7.130000,-2.900000,-0.610000,-0.500000,-0.100000,40.900002,365.000000
2026-05-19-15-24-12,7.170000,-2.950000,-0.650000,-0.500000,-0.300000,41.000000,368.000000
2026-05-19-15-24-13,7.200000,-3.000000,-0.670000,-0.200000,-0.500000,41.000000,370.399994
2026-05-19-15-24-13,7.230000,-3.040000,-0.690000,0.000000,-0.700000,40.900002,372.600006
2026-05-19-15-24-13,7.280000,-3.100000,-0.700000,-0.000000,-0.700000,40.700001,375.500000
2026-05-19-15-24-14,7.330000,-3.150000,-0.750000,-0.100000,-0.200000,40.599998,378.899994
2026-05-19-15-24-14,7.360000,-3.190000,-0.790000,-0.200000,-0.100000,40.599998,381.299988
2026-05-19-15-24-14,7.380000,-3.220000,-0.830000,-0.200000,0.100000,40.700001,383.299988
2026-05-19-15-24-15,7.420000,-3.270000,-0.880000,-0.300000,-0.100000,40.700001,386.299988
2026-05-19-15-24-15,7.440000,-3.310000,-0.910000,-0.400000,-0.400000,40.599998,388.899994
2026-05-19-15-24-15,7.470000,-3.360000,-0.920000,-0.500000,-0.600000,40.500000,391.200012
2026-05-19-15-24-16,7.510000,-3.410000,-0.920000,-0.200000,-0.700000,40.299999,394.100006
2026-05-19-15-24-16,7.560000,-3.470000,-0.960000,0.100000,-0.400000,40.200001,397.600006
2026-05-19-15-24-16,7.590000,-3.500000,-1.010000,0.200000,-0.300000,40.200001,400.200012
2026-05-19-15-24-16,7.610000,-3.530000,-1.050000,0.300000,-0.100000,40.299999,402.100006
2026-05-19-15-24-17,7.650000,-3.570000,-1.100000,0.100000,-0.000000,40.200001,405.299988
2026-05-19-15-24-17,7.680000,-3.610000,-1.120000,-0.300000,-0.200000,40.099998,407.899994
2026-05-19-15-24-17,7.700000,-3.650000,-1.130000,-0.700000,-0.500000,40.099998,410.299988
2026-05-19-15-24-18,7.740000,-3.700000,-1.160000,-0.500000,-0.700000,39.900002,413.299988
2026-05-19-15-24-18,7.780000,-3.750000,-1.200000,0.300000,-0.400000,39.900002,417.000000
2026-05-19-15-24-18,7.810000,-3.780000,-1.240000,0.500000,-0.400000,39.799999,419.600006
2026-05-19-15-24-18,7.830000,-3.800000,-1.270000,0.700000,-0.300000,39.799999,421.600006
2026-05-19-15-24-19,7.870000,-3.830000,-1.310000,0.100000,-0.200000,39.599998,424.899994
2026-05-19-15-24-19,7.890000,-3.860000,-1.350000,-0.300000,-0.300000,39.500000,427.600006
2026-05-19-15-24-19,7.920000,-3.900000,-1.380000,-0.700000,-0.300000,39.500000,430.100006
2026-05-19-15-24-20,7.960000,-3.940000,-1.420000,-0.400000,-0.400000,39.400002,433.200012
2026-05-19-15-24-20,8.000000,-3.990000,-1.460000,0.400000,-0.500000,39.299999,437.000000
2026-05-19-15-24-20,8.030000,-4.020000,-1.490000,0.500000,-0.500000,39.200001,439.600006
2026-05-19-15-24-20,8.050000,-4.050000,-1.520000,0.700000,-0.500000,39.099998,441.700012
2026-05-19-15-24-21,8.080000,-4.100000,-1.570000,0.300000,-0.400000,38.900002,445.100006
2026-05-19-15-24-21,8.110000,-4.130000,-1.610000,-0.300000,-0.200000,38.900002,447.799988
2026-05-19-15-24-21,8.130000,-4.160000,-1.660000,-0.600000,-0.100000,38.799999,450.299988
2026-05-19-15-24-22,8.160000,-4.200000,-1.710000,-0.300000,-0.200000,38.700001,453.500000
2026-05-19-15-24-22,8.190000,-4.260000,-1.760000,0.300000,-0.400000,38.500000,457.399994
2026-05-19-15-24-22,8.220000,-4.310000,-1.790000,0.400000,-0.400000,38.400002,460.299988
2026-05-19-15-24-23,8.240000,-4.340000,-1.820000,0.300000,-0.500000,38.200001,462.500000
2026-05-19-15-24-23,8.270000,-4.390000,-1.860000,0.000000,-0.500000,38.099998,466.000000
2026-05-19-15-24-23,8.290000,-4.430000,-1.900000,-0.200000,-0.500000,38.000000,468.799988
2026-05-19-15-24-24,8.320000,-4.460000,-1.950000,-0.200000,-0.400000,37.900002,471.299988
2026-05-19-15-24-24,8.340000,-4.510000,-2.020000,-0.000000,-0.100000,37.700001,474.600006
2026-05-19-15-24-24,8.380000,-4.570000,-2.080000,0.100000,-0.200000,37.500000,478.700012
2026-05-19-15-24-24,8.410000,-4.610000,-2.130000,0.100000,-0.200000,37.400002,481.600006
2026-05-19-15-24-25,8.430000,-4.650000,-2.150000,0.100000,-0.400000,37.299999,483.899994
2026-05-19-15-24-25,8.460000,-4.700000,-2.200000,-0.100000,-0.600000,37.099998,487.500000
2026-05-19-15-24-25,8.490000,-4.750000,-2.250000,0.100000,-0.600000,37.099998,490.500000
2026-05-19-15-24-26,8.520000,-4.790000,-2.310000,0.200000,-0.400000,37.000000,493.200012
2026-05-19-15-24-26,8.560000,-4.840000,-2.380000,0.300000,-0.100000,36.700001,496.600006
2026-05-19-15-24-27,8.600000,-4.900000,-2.450000,0.200000,-0.000000,36.500000,500.600006
2026-05-19-15-24-27,8.630000,-4.950000,-2.500000,0.100000,-0.100000,36.400002,503.700012
2026-05-19-15-24-27,8.650000,-4.980000,-2.530000,-0.100000,-0.300000,36.299999,506.100006
2026-05-19-15-24-27,8.680000,-5.030000,-2.590000,-0.100000,-0.500000,36.299999,509.799988
2026-05-19-15-24-28,8.710000,-5.080000,-2.650000,0.200000,-0.400000,36.200001,512.799988
2026-05-19-15-24-28,8.740000,-5.120000,-2.710000,0.400000,-0.300000,36.000000,515.599976
2026-05-19-15-24-28,8.770000,-5.180000,-2.770000,0.500000,-0.200000,35.799999,519.099976
2026-05-19-15-24-29,8.810000,-5.240000,-2.840000,0.100000,-0.300000,35.599998,523.400024
2026-05-19-15-24-29,8.840000,-5.290000,-2.890000,-0.000000,-0.300000,35.500000,526.599976
2026-05-19-15-24-29,8.860000,-5.330000,-2.930000,-0.100000,-0.300000,35.400002,529.099976
2026-05-19-15-24-29,8.900000,-5.380000,-3.010000,0.200000,-0.200000,35.299999,532.900024
2026-05-19-15-24-30,8.920000,-5.420000,-3.070000,0.500000,-0.300000,35.200001,535.900024
2026-05-19-15-24-30,8.940000,-5.460000,-3.120000,0.500000,-0.300000,35.099998,538.799988
2026-05-19-15-24-30,8.970000,-5.510000,-3.180000,0.000000,-0.400000,34.900002,542.400024
2026-05-19-15-24-31,9.010000,-5.570000,-3.250000,-0.200000,-0.300000,34.700001,546.799988
2026-05-19-15-24-31,9.040000,-5.610000,-3.320000,-0.200000,-0.200000,34.599998,549.900024
2026-05-19-15-24-31,9.060000,-5.640000,-3.370000,0.000000,-0.100000,34.500000,552.299988
2026-05-19-15-24-32,9.100000,-5.680000,-3.460000,0.600000,0.000000,34.400002,556.099976
2026-05-19-15-24-32,9.120000,-5.720000,-3.510000,0.500000,-0.100000,34.299999,559.299988
2026-05-19-15-24-32,9.150000,-5.750000,-3.560000,0.200000,-0.300000,34.200001,562.200012
2026-05-19-15-24-32,9.180000,-5.790000,-3.610000,-0.300000,-0.400000,34.000000,565.900024
2026-05-19-15-24-33,9.220000,-5.840000,-3.690000,-0.400000,-0.400000,33.900002,570.400024
2026-05-19-15-24-33,9.250000,-5.890000,-3.760000,-0.300000,-0.400000,33.900002,573.799988
2026-05-19-15-24-33,9.270000,-5.920000,-3.810000,-0.200000,-0.200000,33.799999,576.299988
2026-05-19-15-24-34,9.300000,-5.970000,-3.880000,-0.000000,-0.200000,33.599998,580.299988
2026-05-19-15-24-34,9.320000,-6.010000,-3.930000,-0.400000,-0.400000,33.599998,583.599976
2026-05-19-15-24-34,9.340000,-6.040000,-3.970000,-1.000000,-0.600000,33.500000,586.500000
2026-05-19-15-24-35,9.380000,-6.100000,-4.030000,-1.500000,-0.700000,33.400002,590.400024
2026-05-19-15-24-35,9.420000,-6.160000,-4.100000,-1.200000,-0.600000,33.299999,595.000000
2026-05-19-15-24-35,9.450000,-6.220000,-4.160000,-1.100000,-0.600000,33.299999,598.700012
2026-05-19-15-24-35,9.470000,-6.260000,-4.200000,-0.600000,-0.500000,33.099998,601.299988
2026-05-19-15-24-36,9.500000,-6.310000,-4.260000,-0.500000,-0.500000,32.900002,605.400024
2026-05-19-15-24-36,9.530000,-6.360000,-4.310000,-0.700000,-0.400000,32.799999,608.700012
2026-05-19-15-24-36,9.550000,-6.390000,-4.360000,-1.000000,-0.400000,32.700001,611.799988
2026-05-19-15-24-37,9.580000,-6.450000,-4.420000,-1.400000,-0.500000,32.500000,615.700012
2026-05-19-15-24-37,9.620000,-6.520000,-4.490000,-1.100000,-0.600000,32.299999,620.400024
2026-05-19-15-24-37,9.640000,-6.570000,-4.540000,-1.000000,-0.500000,32.299999,624.099976
2026-05-19-15-24-38,9.670000,-6.600000,-4.580000,-0.500000,-0.500000,32.099998,626.900024
2026-05-19-15-24-38,9.710000,-6.650000,-4.630000,-0.200000,-0.500000,32.000000,631.099976
2026-05-19-15-24-38,9.740000,-6.680000,-4.680000,-0.600000,-0.500000,31.900000,634.400024
2026-05-19-15-24-39,9.770000,-6.710000,-4.720000,-1.100000,-0.500000,31.799999,637.599976
2026-05-19-15-24-39,9.810000,-6.750000,-4.780000,-1.400000,-0.500000,31.700001,641.700012
2026-05-19-15-24-39,9.850000,-6.810000,-4.860000,-1.000000,-0.500000,31.400000,646.599976
2026-05-19-15-24-39,9.890000,-6.870000,-4.930000,-0.800000,-0.500000,31.299999,650.400024
2026-05-19-15-24-40,9.920000,-6.920000,-4.970000,-0.400000,-0.500000,31.000000,653.200012
2026-05-19-15-24-40,9.960000,-6.990000,-5.030000,0.400000,-0.400000,30.799999,657.500000
2026-05-19-15-24-40,10.000000,-7.040000,-5.070000,0.700000,-0.500000,30.600000,661.099976
2026-05-19-15-24-41,10.020000,-7.090000,-5.100000,0.800000,-0.500000,30.500000,664.299988
2026-05-19-15-24-41,10.060000,-7.140000,-5.160000,0.300000,-0.400000,30.299999,668.400024
2026-05-19-15-24-41,10.110000,-7.210000,-5.230000,-0.200000,-0.500000,30.100000,673.400024
2026-05-19-15-24-42,10.140000,-7.250000,-5.280000,-0.300000,-0.600000,30.100000,676.900024
2026-05-19-15-24-42,10.160000,-7.290000,-5.330000,-0.000000,-0.400000,30.000000,679.700012
2026-05-19-15-24-42,10.200000,-7.350000,-5.390000,0.900000,-0.000000,29.900000,684.200012
2026-05-19-15-24-43,10.240000,-7.420000,-5.440000,1.000000,-0.100000,29.799999,687.799988
2026-05-19-15-24-43,10.270000,-7.480000,-5.490000,1.000000,-0.200000,29.700001,691.200012
2026-05-19-15-24-43,10.300000,-7.570000,-5.530000,0.300000,-0.600000,29.500000,695.400024
2026-05-19-15-24-44,10.350000,-7.670000,-5.600000,0.100000,-0.600000,29.400000,700.599976
2026-05-19-15-24-44,10.380000,-7.750000,-5.670000,0.100000,-0.500000,29.299999,704.299988
2026-05-19-15-24-44,10.410000,-7.810000,-5.730000,0.300000,-0.300000,29.200001,707.200012
2026-05-19-15-24-44,10.460000,-7.900000,-5.810000,0.600000,-0.000000,29.100000,711.700012
2026-05-19-15-24-45,10.490000,-7.970000,-5.870000,0.500000,-0.200000,29.000000,715.299988
2026-05-19-15-24-45,10.520000,-8.040000,-5.910000,0.400000,-0.500000,28.900000,718.599976
2026-05-19-15-24-45,10.560000,-8.140000,-5.970000,0.300000,-0.800000,28.700001,722.900024
2026-05-19-15-24-46,10.610000,-8.250000,-6.050000,0.500000,-0.500000,28.600000,728.200012
2026-05-19-15-24-46,10.660000,-8.340000,-6.130000,0.600000,-0.300000,28.500000,732.200012
2026-05-19-15-24-46,10.690000,-8.400000,-6.190000,0.700000,-0.100000,28.400000,735.200012
2026-05-19-15-24-46,10.730000,-8.490000,-6.280000,0.600000,-0.100000,28.299999,739.799988
2026-05-19-15-24-47,10.770000,-8.570000,-6.340000,0.400000,-0.200000,28.200001,743.599976
2026-05-19-15-24-47,10.800000,-8.640000,-6.390000,0.200000,-0.400000,28.100000,747.000000
2026-05-19-15-24-47,10.840000,-8.720000,-6.450000,0.300000,-0.600000,27.900000,751.400024
2026-05-19-15-24-48,10.890000,-8.820000,-6.530000,0.600000,-0.400000,27.799999,756.700012
2026-05-19-15-24-48,10.930000,-8.900000,-6.600000,0.700000,-0.300000,27.799999,760.700012
2026-05-19-15-24-48,10.960000,-8.960000,-6.640000,0.700000,-0.200000,27.700001,763.700012
2026-05-19-15-24-49,11.000000,-9.050000,-6.710000,0.400000,-0.400000,27.500000,768.500000
2026-05-19-15-24-49,11.040000,-9.130000,-6.750000,0.300000,-0.400000,27.299999,772.500000
2026-05-19-15-24-49,11.080000,-9.210000,-6.800000,0.200000,-0.400000,27.100000,776.000000
2026-05-19-15-24-50,11.120000,-9.300000,-6.870000,0.500000,-0.300000,27.000000,780.500000
2026-05-19-15-24-50,11.170000,-9.410000,-6.930000,0.600000,-0.300000,26.900000,786.099976
2026-05-19-15-24-50,11.210000,-9.490000,-6.980000,0.600000,-0.300000,26.799999,790.000000
2026-05-19-15-24-50,11.240000,-9.550000,-7.010000,0.500000,-0.400000,26.700001,793.200012
2026-05-19-15-24-51,11.280000,-9.650000,-7.060000,0.300000,-0.500000,26.500000,797.900024
2026-05-19-15-24-51,11.320000,-9.730000,-7.120000,0.400000,-0.300000,26.400000,801.799988
2026-05-19-15-24-51,11.350000,-9.810000,-7.180000,0.600000,-0.200000,26.200001,805.500000
2026-05-19-15-24-52,11.400000,-9.900000,-7.260000,0.900000,-0.100000,26.100000,810.200012
2026-05-19-15-24-52,11.440000,-10.010000,-7.340000,0.600000,-0.300000,25.900000,816.000000
2026-05-19-15-24-52,11.480000,-10.100000,-7.380000,0.400000,-0.400000,25.900000,820.200012
2026-05-19-15-24-52,11.500000,-10.170000,-7.410000,0.000000,-0.600000,25.700001,823.400024
2026-05-19-15-24-53,11.550000,-10.270000,-7.460000,0.000000,-0.600000,25.500000,828.400024
2026-05-19-15-24-53,11.590000,-10.360000,-7.530000,0.600000,-0.300000,25.400000,832.400024
2026-05-19-15-24-53,11.620000,-10.430000,-7.600000,1.100000,-0.000000,25.200001,836.099976
2026-05-19-15-24-54,11.660000,-10.520000,-7.680000,1.300000,0.000000,25.100000,840.799988
2026-05-19-15-24-54,11.710000,-10.630000,-7.760000,0.300000,-0.300000,24.900000,846.599976
2026-05-19-15-24-54,11.740000,-10.710000,-7.820000,0.100000,-0.500000,24.900000,850.900024
2026-05-19-15-24-55,11.770000,-10.770000,-7.860000,-0.200000,-0.600000,24.799999,854.099976
2026-05-19-15-24-55,11.810000,-10.870000,-7.940000,0.300000,-0.400000,24.700001,859.099976
2026-05-19-15-24-55,11.840000,-10.960000,-8.000000,1.000000,-0.200000,24.500000,863.299988
2026-05-19-15-24-55,11.880000,-11.040000,-8.060000,1.300000,-0.100000,24.400000,867.200012
2026-05-19-15-24-56,11.910000,-11.140000,-8.120000,0.800000,-0.300000,24.100000,872.000000
2026-05-19-15-24-56,11.960000,-11.250000,-8.200000,0.300000,-0.400000,24.000000,878.000000
2026-05-19-15-24-56,11.990000,-11.340000,-8.270000,0.200000,-0.400000,24.000000,882.400024
2026-05-19-15-24-57,12.010000,-11.400000,-8.320000,0.200000,-0.400000,23.900000,885.799988
2026-05-19-15-24-57,12.050000,-11.510000,-8.400000,0.500000,-0.300000,23.799999,891.099976
2026-05-19-15-24-57,12.080000,-11.590000,-8.460000,0.900000,-0.200000,23.600000,895.400024
2026-05-19-15-24-58,12.110000,-11.670000,-8.520000,1.000000,-0.200000,23.500000,899.400024
2026-05-19-15-24-58,12.140000,-11.770000,-8.590000,0.800000,-0.200000,23.299999,904.299988
2026-05-19-15-24-58,12.180000,-11.870000,-8.690000,0.600000,-0.200000,23.100000,910.299988
2026-05-19-15-24-59,12.210000,-11.960000,-8.780000,0.600000,-0.200000,23.100000,914.799988
2026-05-19-15-24-59,12.230000,-12.020000,-8.840000,0.500000,-0.100000,23.000000,918.099976
2026-05-19-15-24-59,12.250000,-12.120000,-8.920000,0.500000,-0.300000,22.900000,923.400024
2026-05-19-15-24-59,12.280000,-12.200000,-8.980000,0.700000,-0.400000,22.799999,927.799988
2026-05-19-15-25-00,12.310000,-12.280000,-9.040000,0.700000,-0.400000,22.600000,931.900024
2026-05-19-15-25-00,12.340000,-12.390000,-9.120000,0.800000,-0.200000,22.500000,937.000000
2026-05-19-15-25-01,12.380000,-12.510000,-9.230000,0.900000,0.000000,22.299999,943.099976
2026-05-19-15-25-01,12.400000,-12.600000,-9.310000,0.900000,0.000000,22.299999,947.900024
2026-05-19-15-25-01,12.420000,-12.670000,-9.370000,0.700000,0.000000,22.200001,951.299988
2026-05-19-15-25-01,12.450000,-12.770000,-9.450000,0.400000,-0.300000,22.100000,956.799988
2026-05-19-15-25-02,12.470000,-12.860000,-9.500000,0.300000,-0.500000,22.000000,961.299988
2026-05-19-15-25-02,12.490000,-12.950000,-9.560000,0.300000,-0.600000,21.900000,965.400024
2026-05-19-15-25-02,12.520000,-13.060000,-9.630000,0.500000,-0.400000,21.700001,970.599976
2026-05-19-15-25-03,12.550000,-13.190000,-9.730000,1.000000,-0.100000,21.500000,977.000000
2026-05-19-15-25-03,12.570000,-13.280000,-9.820000,1.000000,0.000000,21.500000,982.000000
2026-05-19-15-25-03,12.580000,-13.350000,-9.880000,0.900000,0.100000,21.400000,985.500000
2026-05-19-15-25-03,12.600000,-13.460000,-9.960000,0.500000,-0.100000,21.400000,991.000000
2026-05-19-15-25-04,12.620000,-13.540000,-10.020000,0.000000,-0.400000,21.299999,995.500000
2026-05-19-15-25-04,12.640000,-13.630000,-10.070000,-0.300000,-0.600000,21.200001,999.700012
2026-05-19-15-25-04,12.660000,-13.740000,-10.140000,0.000000,-0.600000,21.100000,1005.099976
2026-05-19-15-25-05,12.690000,-13.870000,-10.220000,0.700000,-0.300000,21.000000,1011.400024
2026-05-19-15-25-05,12.710000,-13.960000,-10.290000,0.900000,-0.200000,21.000000,1015.799988
2026-05-19-15-25-05,12.730000,-14.030000,-10.360000,1.100000,-0.100000,20.900000,1019.599976
2026-05-19-15-25-06,12.750000,-14.140000,-10.450000,0.600000,-0.000000,20.700001,1025.199951
2026-05-19-15-25-06,12.770000,-14.230000,-10.520000,-0.000000,-0.200000,20.700001,1029.900024
2026-05-19-15-25-06,12.790000,-14.310000,-10.590000,-0.400000,-0.300000,20.600000,1034.199951
2026-05-19-15-25-07,12.810000,-14.420000,-10.660000,-0.100000,-0.500000,20.500000,1039.599976
2026-05-19-15-25-07,12.840000,-14.550000,-10.740000,0.700000,-0.400000,20.299999,1046.199951
2026-05-19-15-25-07,12.850000,-14.620000,-10.790000,0.700000,-0.400000,20.299999,1049.500000
2026-05-19-15-25-07,12.870000,-14.690000,-10.850000,1.100000,-0.200000,20.200001,1053.300049
2026-05-19-15-25-08,12.900000,-14.770000,-10.920000,1.000000,-0.100000,20.100000,1057.599976
2026-05-19-15-25-08,12.930000,-14.920000,-11.040000,-0.000000,-0.100000,20.100000,1065.500000
2026-05-19-15-25-08,12.950000,-15.000000,-11.110000,-0.500000,-0.200000,20.100000,1070.000000
2026-05-19-15-25-09,12.970000,-15.100000,-11.170000,-0.400000,-0.400000,20.000000,1075.400024
2026-05-19-15-25-09,13.000000,-15.240000,-11.250000,0.100000,-0.500000,19.900000,1082.099976
2026-05-19-15-25-09,13.030000,-15.330000,-11.310000,0.300000,-0.500000,19.900000,1086.800049
2026-05-19-15-25-09,13.050000,-15.410000,-11.370000,0.300000,-0.400000,19.799999,1090.599976
2026-05-19-15-25-10,13.080000,-15.510000,-11.460000,0.200000,-0.200000,19.700001,1096.400024
2026-05-19-15-25-10,13.100000,-15.600000,-11.540000,0.200000,-0.100000,19.700001,1101.300049
2026-05-19-15-25-10,13.110000,-15.680000,-11.600000,-0.200000,-0.100000,19.700001,1105.699951
2026-05-19-15-25-11,13.140000,-15.790000,-11.670000,-0.700000,-0.500000,19.600000,1111.400024
2026-05-19-15-25-11,13.170000,-15.920000,-11.740000,-0.500000,-0.700000,19.500000,1118.400024
2026-05-19-15-25-11,13.190000,-16.020000,-11.800000,-0.400000,-0.700000,19.500000,1123.599976
2026-05-19-15-25-12,13.210000,-16.090000,-11.850000,-0.000000,-0.700000,19.400000,1127.400024
2026-05-19-15-25-12,13.250000,-16.200001,-11.940000,0.300000,-0.200000,19.299999,1133.400024
2026-05-19-15-25-12,13.280000,-16.280001,-12.010000,0.300000,-0.000000,19.299999,1138.400024
2026-05-19-15-25-12,13.300000,-16.360001,-12.060000,0.100000,-0.000000,19.200001,1142.900024
2026-05-19-15-25-13,13.330000,-16.450001,-12.120000,-0.800000,-0.400000,19.200001,1148.599976
2026-05-19-15-25-13,13.370000,-16.580000,-12.170000,-0.800000,-0.700000,19.000000,1155.599976
2026-05-19-15-25-13,13.400000,-16.680000,-12.220000,-0.700000,-0.700000,19.000000,1160.599976
2026-05-19-15-25-14,13.430000,-16.750000,-12.270000,-0.300000,-0.600000,18.900000,1164.599976
2026-05-19-15-25-14,13.480000,-16.860001,-12.370000,0.300000,-0.200000,18.799999,1170.800049
2026-05-19-15-25-14,13.510000,-16.950001,-12.440000,0.500000,0.000000,18.799999,1175.800049
2026-05-19-15-25-15,13.540000,-17.020000,-12.500000,0.300000,0.100000,18.700001,1180.400024
2026-05-19-15-25-15,13.580000,-17.129999,-12.560000,-0.700000,-0.200000,18.700001,1186.300049
2026-05-19-15-25-15,13.620000,-17.250000,-12.630000,-0.900000,-0.600000,18.600000,1193.400024
2026-05-19-15-25-16,13.660000,-17.350000,-12.670000,-0.800000,-0.600000,18.500000,1198.400024
2026-05-19-15-25-16,13.690000,-17.420000,-12.720000,-0.300000,-0.600000,18.500000,1202.400024
2026-05-19-15-25-16,13.730000,-17.540001,-12.790000,0.600000,-0.300000,18.299999,1208.699951
2026-05-19-15-25-16,13.770000,-17.639999,-12.860000,0.800000,-0.100000,18.299999,1213.900024
2026-05-19-15-25-17,13.800000,-17.719999,-12.920000,0.400000,0.000000,18.299999,1218.599976
2026-05-19-15-25-17,13.840000,-17.830000,-12.990000,-0.600000,-0.200000,18.299999,1224.599976
2026-05-19-15-25-18,13.880000,-17.959999,-13.050000,-0.700000,-0.400000,18.200001,1231.900024
2026-05-19-15-25-18,13.920000,-18.059999,-13.080000,-0.700000,-0.400000,18.200001,1237.400024
2026-05-19-15-25-18,13.950000,-18.139999,-13.120000,-0.200000,-0.400000,18.100000,1241.599976
2026-05-19-15-25-18,13.990000,-18.260000,-13.180000,0.500000,-0.400000,18.000000,1248.000000
2026-05-19-15-25-19,14.030000,-18.360001,-13.240000,0.500000,-0.200000,17.900000,1253.300049
2026-05-19-15-25-19,14.060000,-18.440001,-13.300000,0.100000,-0.100000,17.900000,1258.199951
2026-05-19-15-25-19,14.090000,-18.549999,-13.360000,-0.700000,-0.200000,17.900000,1264.300049
2026-05-19-15-25-20,14.130000,-18.680000,-13.420000,-0.400000,-0.400000,17.900000,1271.699951
2026-05-19-15-25-20,14.160000,-18.780001,-13.470000,-0.300000,-0.400000,17.900000,1277.300049
2026-05-19-15-25-20,14.190000,-18.870001,-13.500000,0.100000,-0.400000,17.799999,1281.599976
2026-05-19-15-25-20,14.230000,-19.000000,-13.540000,0.300000,-0.300000,17.700001,1288.199951
2026-05-19-15-25-21,14.260000,-19.100000,-13.590000,-0.000000,-0.400000,17.600000,1293.599976
2026-05-19-15-25-21,14.290000,-19.190001,-13.650000,-0.300000,-0.200000,17.600000,1298.599976
2026-05-19-15-25-21,14.330000,-19.299999,-13.710000,-0.000000,-0.000000,17.600000,1304.900024
2026-05-19-15-25-22,14.370000,-19.440001,-13.780000,0.100000,-0.100000,17.600000,1312.500000
2026-05-19-15-25-22,14.400000,-19.549999,-13.810000,0.000000,-0.200000,17.600000,1318.400024
2026-05-19-15-25-22,14.420000,-19.620001,-13.830000,-0.100000,-0.400000,17.600000,1322.699951
2026-05-19-15-25-23,14.460000,-19.750000,-13.870000,-0.300000,-0.600000,17.500000,1329.300049
2026-05-19-15-25-23,14.500000,-19.840000,-13.910000,-0.200000,-0.500000,17.400000,1334.699951
2026-05-19-15-25-23,14.530000,-19.930000,-13.960000,-0.100000,-0.300000,17.400000,1339.599976
2026-05-19-15-25-24,14.560000,-20.049999,-14.010000,-0.200000,-0.100000,17.400000,1346.000000
2026-05-19-15-25-24,14.610000,-20.180000,-14.070000,-0.100000,-0.200000,17.400000,1353.699951
2026-05-19-15-25-24,14.630000,-20.280001,-14.120000,-0.100000,-0.200000,17.400000,1359.099976
2026-05-19-15-25-24,14.660000,-20.370001,-14.150000,-0.100000,-0.200000,17.500000,1363.699951
2026-05-19-15-25-25,14.690000,-20.490000,-14.200000,-0.100000,-0.300000,17.400000,1370.400024
2026-05-19-15-25-25,14.730000,-20.590000,-14.230000,-0.200000,-0.400000,17.299999,1376.000000
2026-05-19-15-25-25,14.760000,-20.690001,-14.270000,-0.200000,-0.400000,17.200001,1381.199951
2026-05-19-15-25-26,14.790000,-20.809999,-14.330000,-0.000000,-0.100000,17.200001,1387.699951
2026-05-19-15-25-26,14.840000,-20.950001,-14.410000,0.100000,0.100000,17.200001,1395.599976
2026-05-19-15-25-26,14.870000,-21.040001,-14.450000,0.000000,0.100000,17.200001,1401.099976
2026-05-19-15-25-26,14.890000,-21.120001,-14.470000,-0.200000,-0.100000,17.299999,1405.599976
2026-05-19-15-25-27,14.930000,-21.240000,-14.470000,-0.400000,-0.600000,17.299999,1412.500000
2026-05-19-15-25-27,14.960000,-21.330000,-14.490000,-0.300000,-0.800000,17.200001,1418.099976
2026-05-19-15-25-27,14.990000,-21.420000,-14.530000,0.000000,-0.600000,17.200001,1423.300049
2026-05-19-15-25-28,15.030000,-21.530001,-14.610000,0.400000,-0.000000,17.100000,1429.900024
2026-05-19-15-25-28,15.080000,-21.660000,-14.690000,0.000000,0.200000,17.100000,1437.800049
2026-05-19-15-25-28,15.120000,-21.750000,-14.730000,-0.100000,0.200000,17.100000,1443.599976
2026-05-19-15-25-29,15.140000,-21.820000,-14.750000,-0.500000,0.000000,17.200001,1448.000000
2026-05-19-15-25-29,15.170000,-21.940001,-14.760000,-0.600000,-0.600000,17.299999,1455.199951
2026-05-19-15-25-29,15.210000,-22.040001,-14.780000,-0.400000,-0.800000,17.299999,1460.900024
2026-05-19-15-25-30,15.240000,-22.129999,-14.810000,0.100000,-0.700000,17.200001,1466.300049
2026-05-19-15-25-30,15.280000,-22.250000,-14.860000,0.600000,-0.200000,17.200001,1473.000000
2026-05-19-15-25-30,15.330000,-22.379999,-14.930000,0.100000,0.100000,17.200001,1481.099976
2026-05-19-15-25-30,15.360000,-22.469999,-14.970000,-0.200000,0.100000,17.200001,1487.300049
2026-05-19-15-25-31,15.380000,-22.540001,-15.000000,-0.800000,-0.000000,17.299999,1491.900024
2026-05-19-15-25-31,15.410000,-22.650000,-15.020000,-0.900000,-0.500000,17.400000,1499.199951
2026-05-19-15-25-31,15.430000,-22.750000,-15.030000,-0.400000,-0.700000,17.400000,1504.900024
2026-05-19-15-25-32,15.470000,-22.850000,-15.050000,0.200000,-0.600000,17.400000,1510.500000
2026-05-19-15-25-32,15.510000,-22.959999,-15.090000,0.500000,-0.400000,17.400000,1517.400024
2026-05-19-15-25-32,15.550000,-23.090000,-15.150000,0.200000,-0.100000,17.400000,1525.800049
2026-05-19-15-25-33,15.590000,-23.190001,-15.200000,0.000000,-0.000000,17.400000,1532.099976
2026-05-19-15-25-33,15.610000,-23.260000,-15.220000,-0.600000,-0.100000,17.400000,1536.800049
2026-05-19-15-25-33,15.640000,-23.360001,-15.250000,-1.000000,-0.200000,17.500000,1544.000000
2026-05-19-15-25-34,15.680000,-23.440001,-15.270000,-1.200000,1.700000,18.799999,1549.800049
2026-05-19-15-25-34,15.760000,-23.500000,-15.290000,1.600000,7.000000,26.100000,1555.500000
2026-05-19-15-25-34,15.830000,-23.570000,-15.360000,3.100000,6.200000,34.299999,1562.400024
2026-05-19-15-25-35,15.860000,-23.620001,-15.440000,3.600000,1.100000,34.099998,1570.900024
2026-05-19-15-25-35,15.840000,-23.660000,-15.440000,2.800000,1.100000,31.900000,1577.199951
2026-05-19-15-25-35,15.830000,-23.709999,-15.400000,4.600000,9.500000,30.200001,1581.900024
2026-05-19-15-25-35,15.710000,-23.799999,-15.460000,2.100000,4.600000,32.299999,1589.199951
2026-05-19-15-25-36,15.550000,-23.910000,-15.480000,0.900000,0.700000,28.700001,1595.300049
2026-05-19-15-25-36,15.390000,-24.010000,-15.400000,0.600000,2.800000,26.200001,1600.900024
2026-05-19-15-25-36,15.190000,-24.139999,-15.320000,-0.900000,-5.600000,20.799999,1608.000000
2026-05-19-15-25-37,15.000000,-24.290001,-15.230000,0.900000,-1.000000,21.500000,1616.500000
2026-05-19-15-25-37,14.860000,-24.410000,-15.170000,1.000000,0.200000,22.100000,1622.900024
2026-05-19-15-25-37,14.730000,-24.600000,-15.140000,0.900000,0.400000,22.700001,1627.900024
2026-05-19-15-25-37,14.530000,-24.879999,-15.090000,-0.300000,0.600000,22.700001,1635.500000
2026-05-19-15-25-38,14.360000,-25.090000,-15.050000,-1.300000,0.700000,22.700001,1641.599976
2026-05-19-15-25-38,14.190000,-25.290001,-15.000000,-1.500000,0.500000,22.799999,1647.300049
2026-05-19-15-25-38,13.960000,-25.559999,-14.920000,-0.600000,0.200000,22.799999,1654.599976
2026-05-19-15-25-39,13.670000,-25.889999,-14.830000,0.500000,-0.000000,22.799999,1663.300049
2026-05-19-15-25-39,13.450000,-26.150000,-14.760000,0.600000,-0.000000,22.799999,1669.800049
2026-05-19-15-25-39,13.270000,-26.330000,-14.710000,0.400000,-0.100000,22.799999,1674.699951
2026-05-19-15-25-40,13.000000,-26.620001,-14.640000,-0.400000,-0.000000,22.799999,1682.400024
2026-05-19-15-25-40,12.760000,-26.860001,-14.580000,-1.000000,0.100000,22.900000,1688.699951
2026-05-19-15-25-40,12.550000,-27.080000,-14.540000,-1.200000,0.200000,22.900000,1694.500000
2026-05-19-15-25-41,12.270000,-27.370001,-14.470000,-0.700000,0.000000,22.900000,1701.900024
2026-05-19-15-25-41,11.940000,-27.740000,-14.370000,0.000000,-0.300000,22.900000,1710.800049
2026-05-19-15-25-41,11.710000,-27.990000,-14.300000,0.200000,-0.400000,22.900000,1717.000000
2026-05-19-15-25-41,11.520000,-28.190001,-14.240000,0.500000,-0.500000,22.900000,1722.099976
2026-05-19-15-25-42,11.220000,-28.500000,-14.170000,0.300000,-0.300000,22.799999,1730.000000
2026-05-19-15-25-42,10.980000,-28.750000,-14.130000,-0.300000,-0.000000,22.799999,1736.500000
2026-05-19-15-25-42,10.760000,-28.980000,-14.090000,-0.900000,0.100000,22.799999,1742.400024
2026-05-19-15-25-43,10.470000,-29.280001,-14.030000,-1.200000,0.100000,22.900000,1749.900024
2026-05-19-15-25-43,10.130000,-29.639999,-13.920000,-0.400000,-0.400000,22.900000,1759.000000
2026-05-19-15-25-43,9.870000,-29.920000,-13.830000,-0.200000,-0.500000,22.900000,1765.900024
2026-05-19-15-25-43,9.670000,-30.139999,-13.770000,0.500000,-0.600000,22.799999,1771.000000
2026-05-19-15-25-44,9.390000,-30.450001,-13.700000,0.700000,-0.500000,22.799999,1778.900024
2026-05-19-15-25-44,9.150000,-30.709999,-13.650000,0.100000,-0.200000,22.799999,1785.400024
2026-05-19-15-25-44,8.930000,-30.940001,-13.600000,-0.500000,0.000000,22.799999,1791.400024
2026-05-19-15-25-45,8.650000,-31.250000,-13.530000,-1.200000,0.000000,22.900000,1799.099976
2026-05-19-15-25-45,8.320000,-31.620001,-13.430000,-0.800000,-0.300000,22.799999,1808.199951
2026-05-19-15-25-45,8.080000,-31.889999,-13.360000,-0.500000,-0.400000,22.799999,1814.900024
2026-05-19-15-25-46,7.890000,-32.110001,-13.310000,0.100000,-0.500000,22.799999,1820.099976
2026-05-19-15-25-46,7.610000,-32.419998,-13.240000,0.700000,-0.400000,22.700001,1827.900024
2026-05-19-15-25-46,7.380000,-32.680000,-13.190000,0.400000,-0.300000,22.700001,1834.599976
2026-05-19-15-25-47,7.150000,-32.930000,-13.140000,-0.100000,-0.200000,22.799999,1840.900024
2026-05-19-15-25-47,6.880000,-33.230000,-13.070000,-1.200000,-0.300000,22.799999,1848.500000
2026-05-19-15-25-47,6.540000,-33.610001,-12.980000,-1.000000,-0.300000,22.799999,1858.000000
2026-05-19-15-25-47,6.310000,-33.889999,-12.920000,-0.800000,-0.200000,22.799999,1864.900024
2026-05-19-15-25-48,6.130000,-34.099998,-12.880000,-0.100000,-0.200000,22.700001,1870.099976
2026-05-19-15-25-48,5.840000,-34.430000,-12.800000,0.800000,-0.200000,22.700001,1878.500000
2026-05-19-15-25-48,5.600000,-34.700001,-12.730000,0.700000,-0.300000,22.700001,1885.199951
2026-05-19-15-25-49,5.390000,-34.930000,-12.660000,-0.000000,-0.400000,22.700001,1891.300049
2026-05-19-15-25-49,5.120000,-35.240002,-12.580000,-1.200000,-0.500000,22.600000,1899.099976
2026-05-19-15-25-49,4.800000,-35.610001,-12.500000,-1.000000,-0.200000,22.600000,1908.500000
2026-05-19-15-25-50,4.550000,-35.900002,-12.450000,-0.800000,-0.100000,22.600000,1915.699951
2026-05-19-15-25-50,4.370000,-36.119999,-12.420000,-0.100000,0.000000,22.600000,1921.099976
2026-05-19-15-25-50,4.090000,-36.459999,-12.350000,0.600000,-0.000000,22.500000,1929.400024
2026-05-19-15-25-51,3.860000,-36.730000,-12.280000,0.500000,-0.200000,22.500000,1936.300049
2026-05-19-15-25-51,3.650000,-36.980000,-12.220000,0.100000,-0.400000,22.400000,1942.599976
2026-05-19-15-25-51,3.370000,-37.290001,-12.140000,-0.700000,-0.500000,22.400000,1950.500000
2026-05-19-15-25-52,3.050000,-37.660000,-12.060000,-0.400000,-0.200000,22.400000,1960.099976
2026-05-19-15-25-52,2.820000,-37.970001,-12.000000,-0.300000,-0.200000,22.400000,1967.199951
2026-05-19-15-25-52,2.640000,-38.200001,-11.950000,-0.200000,-0.100000,22.400000,1972.599976
2026-05-19-15-25-52,2.360000,-38.560001,-11.890000,0.300000,-0.100000,22.400000,1981.099976
2026-05-19-15-25-53,2.120000,-38.849998,-11.840000,0.400000,-0.000000,22.400000,1988.099976
2026-05-19-15-25-53,1.910000,-39.119999,-11.780000,0.200000,-0.100000,22.299999,1994.500000
2026-05-19-15-25-53,1.630000,-39.439999,-11.700000,-0.300000,-0.300000,22.299999,2002.599976
2026-05-19-15-25-54,1.300000,-39.840000,-11.590000,-1.000000,-0.500000,22.299999,2012.300049
2026-05-19-15-25-54,1.070000,-40.110001,-11.530000,-0.900000,-0.500000,22.299999,2019.000000
2026-05-19-15-25-54,0.890000,-40.330002,-11.480000,-0.800000,-0.300000,22.299999,2024.500000
2026-05-19-15-25-54,0.600000,-40.700001,-11.410000,-0.100000,-0.100000,22.200001,2033.300049
2026-05-19-15-25-55,0.380000,-40.990002,-11.350000,0.300000,0.100000,22.100000,2040.300049
2026-05-19-15-25-55,0.170000,-41.259998,-11.290000,0.400000,0.100000,22.100000,2046.699951
2026-05-19-15-25-55,-0.110000,-41.599998,-11.220000,-0.100000,-0.200000,22.100000,2055.100098
2026-05-19-15-25-56,-0.430000,-42.009998,-11.120000,-0.900000,-0.400000,22.100000,2064.899902
2026-05-19-15-25-56,-0.670000,-42.320000,-11.060000,-1.000000,-0.500000,22.000000,2072.300049
2026-05-19-15-25-56,-0.860000,-42.560001,-11.010000,-0.900000,-0.500000,22.000000,2078.000000
2026-05-19-15-25-57,-1.140000,-42.939999,-10.950000,-0.200000,-0.300000,21.900000,2086.899902
2026-05-19-15-25-57,-1.380000,-43.250000,-10.900000,0.600000,-0.200000,21.900000,2094.199951
2026-05-19-15-25-57,-1.590000,-43.529999,-10.860000,2.400000,-0.200000,20.500000,2100.800049
2026-05-19-15-25-58,-1.830000,-43.830002,-10.910000,4.600000,-0.200000,17.100000,2109.199951
2026-05-19-15-25-58,-2.090000,-44.250000,-11.050000,3.000000,3.000000,23.000000,2119.300049
2026-05-19-15-25-58,-2.270000,-44.529999,-11.190000,2.900000,2.800000,23.500000,2126.600098
2026-05-19-15-25-58,-2.420000,-44.759998,-11.330000,3.900000,1.400000,22.900000,2132.300049
2026-05-19-15-25-59,-2.660000,-45.099998,-11.550000,1.600000,-6.000000,15.800000,2141.100098
2026-05-19-15-25-59,-2.830000,-45.400002,-11.610000,6.300000,-0.600000,19.500000,2148.399902
2026-05-19-15-25-59,-2.980000,-45.660000,-11.590000,8.300000,2.100000,21.900000,2155.100098
2026-05-19-15-26-00,-3.200000,-46.000000,-11.570000,8.200000,-0.400000,25.900000,2163.600098
2026-05-19-15-26-00,-3.490000,-46.430000,-11.530000,8.100000,5.100000,27.900000,2173.899902
2026-05-19-15-26-00,-3.700000,-46.740002,-11.490000,8.900000,5.300000,27.700001,2181.699951
2026-05-19-15-26-00,-3.830000,-46.959999,-11.430000,14.500000,8.500000,25.100000,2187.500000
2026-05-19-15-26-01,-3.890000,-47.220001,-11.350000,20.799999,13.600000,18.900000,2196.500000
2026-05-19-15-26-01,-3.880000,-47.400002,-11.360000,16.799999,3.300000,16.100000,2204.000000
2026-05-19-15-26-01,-3.970000,-47.619999,-11.420000,15.200000,0.700000,21.900000,2210.899902
2026-05-19-15-26-02,-4.170000,-47.939999,-11.470000,12.500000,2.500000,30.500000,2219.500000
2026-05-19-15-26-02,-4.490000,-48.349998,-11.510000,12.700000,5.200000,39.099998,2230.100098
2026-05-19-15-26-02,-4.750000,-48.590000,-11.540000,13.600000,5.300000,41.200001,2237.899902
2026-05-19-15-26-03,-4.950000,-48.700001,-11.520000,13.200000,5.400000,48.400002,2243.899902
2026-05-19-15-26-03,-5.250000,-48.840000,-11.530000,10.800000,4.300000,68.699997,2253.199951
2026-05-19-15-26-03,-5.480000,-49.060001,-11.590000,9.800000,0.200000,86.599998,2260.699951
2026-05-19-15-26-03,-5.730000,-49.250000,-11.630000,6.900000,2.100000,99.400002,2267.600098
2026-05-19-15-26-04,-6.110000,-49.360001,-11.670000,7.300000,5.600000,104.199997,2276.500000
2026-05-19-15-26-04,-6.760000,-49.490002,-11.730000,0.600000,5.200000,106.500000,2287.300049
2026-05-19-15-26-04,-7.170000,-49.689999,-11.810000,1.600000,4.500000,109.199997,2294.800049
2026-05-19-15-26-05,-7.470000,-49.840000,-11.840000,0.900000,5.400000,111.400002,2300.899902
2026-05-19-15-26-05,-7.930000,-50.029999,-11.910000,2.000000,1.000000,114.000000,2310.199951
2026-05-19-15-26-05,-8.320000,-50.139999,-11.990000,1.500000,1.700000,115.000000,2317.699951
2026-05-19-15-26-06,-8.700000,-50.230000,-12.090000,3.300000,-1.200000,115.199997,2324.600098
2026-05-19-15-26-06,-9.220000,-50.320000,-12.210000,2.300000,-0.700000,113.000000,2333.500000
2026-05-19-15-26-06,-9.850000,-50.389999,-12.340000,0.200000,0.800000,112.500000,2344.300049
2026-05-19-15-26-07,-10.340000,-50.419998,-12.450000,-0.900000,2.200000,112.500000,2352.699951
2026-05-19-15-26-07,-10.700000,-50.430000,-12.530000,-2.100000,4.400000,113.000000,2358.699951
2026-05-19-15-26-07,-11.240000,-50.450001,-12.650000,-0.100000,2.800000,112.300003,2367.899902
2026-05-19-15-26-07,-11.700000,-50.459999,-12.740000,-0.400000,1.700000,111.000000,2375.399902
2026-05-19-15-26-08,-12.120000,-50.450001,-12.830000,-1.600000,0.700000,109.900002,2382.500000
2026-05-19-15-26-08,-12.660000,-50.410000,-12.940000,-3.300000,0.200000,111.300003,2391.199951
2026-05-19-15-26-09,-13.290000,-50.340000,-13.100000,-1.500000,1.800000,120.800003,2402.000000
2026-05-19-15-26-09,-13.680000,-50.299999,-13.230000,-1.100000,2.300000,122.900002,2409.600098
2026-05-19-15-26-09,-14.000000,-50.240002,-13.310000,0.400000,5.400000,127.199997,2415.699951
2026-05-19-15-26-09,-14.540000,-50.139999,-13.380000,1.000000,12.100000,133.699997,2425.000000
2026-05-19-15-26-10,-15.000000,-50.099998,-13.410000,0.700000,9.200000,132.899994,2432.600098
2026-05-19-15-26-10,-15.440000,-50.080002,-13.400000,1.400000,10.500000,129.600006,2439.600098
2026-05-19-15-26-10,-15.990000,-50.020000,-13.380000,2.600000,8.100000,131.399994,2448.300049
2026-05-19-15-26-11,-16.700001,-49.900002,-13.410000,2.000000,8.600000,129.899994,2458.699951
2026-05-19-15-26-11,-17.230000,-49.790001,-13.490000,3.100000,8.300000,129.800003,2466.699951
2026-05-19-15-26-11,-17.660000,-49.689999,-13.580000,6.100000,11.400000,129.300003,2472.800049
2026-05-19-15-26-11,-18.299999,-49.540001,-13.700000,11.200000,22.400000,128.600006,2481.899902
2026-05-19-15-26-12,-18.840000,-49.450001,-13.820000,16.600000,27.000000,128.500000,2489.500000
2026-05-19-15-26-12,-19.340000,-49.389999,-13.930000,20.000000,29.900000,128.199997,2496.600098
2026-05-19-15-26-12,-19.930000,-49.349998,-14.080000,22.799999,31.600000,129.399994,2505.399902
2026-05-19-15-26-13,-20.660000,-49.270000,-14.310000,20.100000,34.799999,129.600006,2516.199951
2026-05-19-15-26-13,-21.200001,-49.189999,-14.500000,19.900000,36.599998,130.300003,2524.100098
2026-05-19-15-26-13,-21.600000,-49.119999,-14.670000,20.000000,39.299999,131.399994,2530.100098
2026-05-19-15-26-14,-22.240000,-49.029999,-14.940000,17.700001,45.299999,128.699997,2539.500000
2026-05-19-15-26-14,-22.760000,-48.959999,-15.170000,15.600000,49.200001,125.900002,2547.000000
2026-05-19-15-26-14,-23.230000,-48.880001,-15.400000,12.500000,49.299999,126.000000,2554.000000
2026-05-19-15-26-15,-23.809999,-48.790001,-15.680000,-4.000000,44.500000,129.399994,2562.800049
2026-05-19-15-26-15,-24.500000,-48.669998,-16.090000,-14.900000,45.700001,138.100006,2573.500000
2026-05-19-15-26-15,-25.070000,-48.520000,-16.490000,-10.700000,46.799999,142.600006,2582.500000
2026-05-19-15-26-15,-25.500000,-48.419998,-16.770000,-14.200000,53.400002,143.199997,2588.600098
2026-05-19-15-26-16,136.589996,-87.019997,100.830002,-18.600000,58.200001,140.899994,675.299988
2026-05-19-15-26-16,136.570007,-87.010002,100.839996,-21.299999,58.000000,139.100006,675.299988
2026-05-19-15-26-16,136.550003,-87.000000,100.849998,-28.500000,57.599998,135.899994,675.299988
2026-05-19-15-26-16,161.669998,-75.699997,97.529999,-34.200001,54.200001,138.199997,666.799988
2026-05-19-15-26-17,154.669998,-82.220001,102.040001,-25.600000,46.299999,151.199997,662.500000
2026-05-19-15-26-17,176.029999,-58.669998,116.980003,-21.400000,37.000000,160.300003,658.400024
2026-05-19-15-26-18,190.960007,-48.820000,124.370003,-24.000000,31.500000,161.500000,654.599976
2026-05-19-15-26-18,193.979996,-47.020000,130.949997,-24.900000,30.700001,161.199997,651.099976
2026-05-19-15-26-18,188.910004,-40.360001,134.770004,-26.400000,25.100000,164.600006,647.900024
2026-05-19-15-26-19,184.160004,-44.970001,142.960007,-26.400000,21.700001,169.899994,644.799988
2026-05-19-15-26-19,162.509995,-51.189999,149.119995,-24.299999,16.799999,176.300003,642.000000
2026-05-19-15-26-20,148.960007,-64.220001,157.330002,-26.700001,16.299999,177.699997,639.400024
2026-05-19-15-26-20,130.990005,-78.080002,165.070007,-29.799999,20.100000,174.699997,636.900024
2026-05-19-15-26-20,121.410004,-87.000000,172.300003,-30.600000,23.200001,170.300003,634.599976
2026-05-19-15-26-21,115.970001,-87.360001,179.679993,-27.100000,24.900000,170.199997,632.500000
2026-05-19-15-26-21,124.930000,-83.720001,184.570007,-30.100000,23.299999,171.399994,630.400024
2026-05-19-15-26-21,145.220001,-81.370003,192.089996,-27.400000,21.000000,174.600006,628.500000
2026-05-19-15-26-22,153.660004,-85.269997,191.360001,-25.700001,20.200001,174.399994,626.599976
2026-05-19-15-26-22,166.910004,-97.089996,185.289993,-25.500000,22.500000,170.800003,625.000000
2026-05-19-15-26-23,173.270004,-112.820000,173.520004,-26.900000,24.200001,166.399994,623.299988
2026-05-19-15-26-23,183.979996,-121.139999,169.720001,-27.900000,21.900000,164.899994,621.799988
2026-05-19-15-26-23,184.259995,-119.500000,175.220001,-29.100000,17.500000,166.399994,620.299988
2026-05-19-15-26-24,174.089996,-124.029999,180.979996,-20.799999,10.400000,170.899994,618.900024
2026-05-19-15-26-24,166.679993,-150.309998,178.210007,-8.200000,4.900000,173.600006,617.599976
2026-05-19-15-26-25,172.589996,-211.639999,178.529999,1.800000,1.500000,174.399994,616.299988
2026-05-19-15-26-25,181.710007,-255.119995,184.979996,6.800000,2.100000,175.199997,615.099976
2026-05-19-15-26-25,182.149994,-277.929993,184.559998,5.300000,2.200000,175.800003,614.000000
2026-05-19-15-26-26,184.479996,-289.329987,183.589996,3.400000,-1.200000,173.800003,612.900024
2026-05-19-15-26-26,187.039993,-292.500000,183.070007,5.200000,-3.300000,171.100006,612.400024
2026-05-19-15-26-26,187.029999,-292.529999,183.080002,6.200000,0.300000,167.000000,612.400024
2026-05-19-15-26-27,196.539993,-294.920013,180.899994,5.500000,4.100000,162.300003,610.400024
2026-05-19-15-26-27,195.580002,-294.890015,177.630005,1.700000,3.400000,156.399994,609.500000
2026-05-19-15-26-27,191.110001,-298.000000,176.309998,-1.000000,1.400000,153.000000,608.599976
2026-05-19-15-26-28,191.220001,-295.899994,175.169998,-3.000000,0.400000,148.500000,607.799988
2026-05-19-15-26-28,192.289993,-290.209991,172.929993,-3.000000,2.300000,145.100006,607.000000
2026-05-19-15-26-29,193.660004,-278.109985,171.690002,-1.600000,2.200000,141.500000,606.200012
2026-05-19-15-26-29,196.320007,-269.399994,169.259995,-0.800000,1.100000,138.600006,605.500000
2026-05-19-15-26-29,200.639999,-270.500000,166.809998,-0.700000,0.400000,135.800003,604.700012
2026-05-19-15-26-30,203.500000,-279.230011,166.039993,-1.800000,2.000000,133.399994,604.099976
2026-05-19-15-26-30,204.130005,-284.480011,164.110001,-2.400000,3.000000,132.300003,603.400024
2026-05-19-15-26-31,201.869995,-274.700012,164.059998,-1.900000,2.000000,131.300003,602.799988
2026-05-19-15-26-31,199.550003,-265.209991,162.740005,-1.100000,0.500000,130.300003,602.200012
2026-05-19-15-26-31,196.100006,-260.109985,161.399994,-0.100000,1.300000,129.800003,601.599976
2026-05-19-15-26-32,196.440002,-260.100006,161.809998,0.000000,2.000000,129.100006,601.099976
2026-05-19-15-26-32,201.970001,-262.350006,160.960007,-0.500000,1.600000,128.699997,600.599976
2026-05-19-15-26-32,204.570007,-262.119995,158.509995,-1.300000,1.100000,127.699997,600.099976
2026-05-19-15-26-33,203.419998,-259.149994,158.470001,-1.200000,1.700000,128.199997,599.599976
2026-05-19-15-26-33,199.600006,-251.460007,157.449997,-1.100000,1.800000,127.199997,599.099976
2026-05-19-15-26-34,198.300003,-242.059998,158.100006,-2.000000,1.700000,127.900002,598.700012
2026-05-19-15-26-34,195.679993,-236.619995,157.929993,-4.900000,3.100000,127.300003,598.200012
2026-05-19-15-26-34,188.910004,-226.210007,158.789993,-2.300000,0.600000,126.599998,597.799988
2026-05-19-15-26-35,181.820007,-222.610001,159.559998,-1.300000,0.600000,124.800003,597.400024
2026-05-19-15-26-35,181.039993,-228.880005,159.190002,-1.100000,1.200000,124.599998,597.000000
2026-05-19-15-26-36,181.839996,-232.080002,159.470001,-1.400000,1.700000,123.400002,596.700012
2026-05-19-15-26-36,185.520004,-230.809998,159.619995,-1.300000,0.500000,122.699997,596.299988
2026-05-19-15-26-36,185.529999,-230.820007,159.610001,-1.200000,0.300000,122.500000,596.299988
2026-05-19-15-26-36,185.509995,-230.839996,159.600006,-1.300000,0.400000,121.900002,596.299988
2026-05-19-15-26-37,182.429993,-227.250000,160.259995,-2.000000,0.600000,121.300003,595.700012
2026-05-19-15-26-37,178.970001,-225.119995,160.479996,-2.200000,1.800000,120.599998,595.400024
2026-05-19-15-26-38,177.240005,-218.020004,159.520004,-1.800000,1.100000,120.599998,595.000000
2026-05-19-15-26-38,176.770004,-210.429993,159.320007,-1.700000,0.200000,120.500000,594.700012
2026-05-19-15-26-38,176.589996,-209.169998,159.100006,-1.500000,0.200000,117.900002,594.500000
2026-05-19-15-26-39,177.570007,-213.630005,159.850006,-2.700000,0.800000,118.099998,594.200012
2026-05-19-15-26-39,177.639999,-212.490005,160.070007,-3.200000,2.400000,118.900002,593.900024
2026-05-19-15-26-40,175.589996,-201.029999,161.220001,-5.700000,3.100000,121.599998,593.700012
2026-05-19-15-26-40,172.820007,-180.279999,163.839996,-4.500000,2.500000,122.000000,593.400024
2026-05-19-15-26-40,167.550003,-166.309998,164.419998,-3.000000,0.600000,122.599998,593.200012
2026-05-19-15-26-41,166.990005,-166.649994,164.649994,-3.400000,-1.100000,122.000000,592.900024
2026-05-19-15-26-41,162.949997,-175.089996,166.960007,-3.100000,-0.500000,121.500000,592.700012
2026-05-19-15-26-41,159.949997,-179.119995,168.649994,-4.800000,0.600000,120.699997,592.500000
2026-05-19-15-26-42,160.639999,-177.419998,168.869995,-4.900000,1.400000,120.000000,592.299988
2026-05-19-15-26-42,159.050003,-171.350006,169.990005,-3.400000,0.700000,118.199997,592.099976
2026-05-19-15-26-43,158.419998,-170.740005,169.289993,-3.800000,0.200000,116.699997,591.900024
2026-05-19-15-26-43,159.389999,-173.399994,169.610001,-0.900000,-0.300000,115.500000,591.700012
2026-05-19-15-26-43,158.029999,-174.350006,170.039993,0.100000,0.100000,114.500000,591.500000
2026-05-19-15-26-44,160.690002,-175.429993,169.220001,-1.000000,0.300000,113.500000,591.400024
2026-05-19-15-26-44,163.080002,-174.289993,168.080002,-0.800000,0.600000,112.099998,591.200012
2026-05-19-15-26-44,164.539993,-172.729996,167.250000,-3.400000,-0.300000,111.400002,591.000000
2026-05-19-15-26-45,164.529999,-173.729996,167.520004,-2.500000,-0.500000,110.400002,590.900024
2026-05-19-15-26-45,163.979996,-174.009995,167.350006,-2.300000,-0.100000,109.699997,590.700012
2026-05-19-15-26-46,166.539993,-175.830002,167.490005,0.100000,0.500000,108.199997,590.599976
2026-05-19-15-26-46,168.619995,-176.979996,167.110001,4.700000,1.300000,104.500000,590.400024
2026-05-19-15-26-46,168.610001,-177.000000,167.110001,7.900000,1.800000,102.300003,590.400024
2026-05-19-15-26-46,168.610001,-177.009995,167.119995,10.500000,2.200000,98.400002,590.400024
2026-05-19-15-26-47,169.169998,-174.729996,164.970001,8.600000,0.800000,94.699997,590.200012
2026-05-19-15-26-47,171.199997,-176.279999,164.240005,4.700000,0.600000,91.000000,590.099976
2026-05-19-15-26-48,174.339996,-178.190002,163.710007,2.500000,0.900000,87.699997,590.000000
2026-05-19-15-26-48,175.720001,-178.940002,162.500000,-0.200000,0.400000,86.900002,589.900024
2026-05-19-15-26-48,172.169998,-177.589996,163.279999,-2.400000,-0.600000,85.000000,589.799988
2026-05-19-15-26-49,171.270004,-177.289993,164.020004,-2.300000,-0.300000,85.000000,589.599976
2026-05-19-15-26-49,170.509995,-176.820007,164.570007,-1.000000,-0.100000,83.800003,589.500000
2026-05-19-15-26-49,170.630005,-177.669998,164.740005,-3.000000,0.300000,85.300003,589.400024
2026-05-19-15-26-50,170.039993,-177.369995,164.660004,-3.900000,-0.700000,86.099998,589.299988
2026-05-19-15-26-50,169.940002,-177.119995,165.330002,-2.700000,-1.500000,86.800003,589.200012
2026-05-19-15-26-51,170.490005,-177.660004,165.009995,1.100000,-1.200000,86.500000,589.099976
2026-05-19-15-26-51,0.020000,-0.010000,0.010000,-0.400000,0.100000,-0.000000,0.000000
2026-05-19-15-26-51,-0.000000,-0.020000,0.000000,-2.000000,0.500000,0.400000,0.000000
2026-05-19-15-26-52,-0.000000,-0.020000,0.000000,-2.800000,1.700000,0.700000,0.000000
2026-05-19-15-26-52,0.010000,-0.050000,0.010000,-6.500000,2.500000,2.000000,0.000000
2026-05-19-15-26-52,-0.000000,-0.030000,0.010000,-6.900000,2.000000,3.600000,0.000000
2026-05-19-15-26-53,-0.000000,-0.050000,0.010000,-3.000000,1.500000,4.300000,0.000000
2026-05-19-15-26-53,0.000000,-0.080000,0.000000,-3.400000,0.500000,5.300000,0.000000
2026-05-19-15-26-54,-0.000000,-0.100000,0.020000,-4.600000,1.200000,7.900000,0.000000
2026-05-19-15-26-54,0.030000,-0.140000,0.030000,-3.600000,2.100000,9.100000,0.000000
2026-05-19-15-26-54,0.050000,-0.140000,0.010000,-3.300000,5.200000,12.300000,0.000000
2026-05-19-15-26-55,0.070000,-0.130000,0.020000,-5.200000,5.800000,16.400000,0.000000
2026-05-19-15-26-55,0.090000,-0.140000,0.040000,-3.600000,4.000000,18.799999,0.000000
2026-05-19-15-26-55,0.120000,-0.190000,0.020000,-3.300000,0.800000,21.700001,0.000000
2026-05-19-15-26-56,0.120000,-0.200000,-0.010000,-3.800000,-1.200000,23.299999,0.000000
2026-05-19-15-26-56,0.130000,-0.210000,-0.000000,-3.100000,-1.100000,24.000000,0.100000
2026-05-19-15-26-56,0.150000,-0.210000,0.010000,-2.300000,0.500000,25.700001,0.100000
2026-05-19-15-26-57,0.160000,-0.170000,0.020000,-3.500000,1.700000,26.500000,0.100000
2026-05-19-15-26-57,0.180000,-0.180000,0.010000,-3.700000,2.500000,27.500000,0.100000
2026-05-19-15-26-58,0.180000,-0.200000,0.020000,-2.300000,2.200000,28.000000,0.100000
2026-05-19-15-26-58,0.180000,-0.220000,0.020000,-0.700000,1.600000,29.400000,0.100000
2026-05-19-15-26-58,0.190000,-0.220000,0.010000,-1.100000,1.400000,29.000000,0.100000
2026-05-19-15-27-13,0.020000,-0.060000,0.050000,-3.000000,1.300000,23.299999,0.700000
2026-05-19-15-27-14,0.010000,-0.050000,0.070000,-3.000000,1.300000,23.299999,0.900000
2026-05-19-15-27-14,0.010000,-0.060000,0.070000,-3.700000,1.800000,23.000000,0.900000
2026-05-19-15-27-14,0.000000,-0.060000,0.070000,-3.400000,1.700000,22.600000,0.900000
2026-05-19-15-27-14,-0.010000,-0.050000,0.060000,-3.900000,2.200000,23.100000,0.900000
2026-05-19-15-27-15,-0.010000,-0.030000,0.070000,-2.800000,1.900000,22.600000,0.900000
2026-05-19-15-27-15,-0.010000,-0.040000,0.090000,-1.900000,1.600000,23.000000,0.900000
2026-05-19-15-27-16,-0.020000,-0.050000,0.080000,-1.800000,0.600000,23.000000,0.900000
2026-05-19-15-27-16,-0.020000,-0.060000,0.070000,-3.800000,1.400000,22.900000,0.900000
2026-05-19-15-27-16,-0.030000,-0.070000,0.080000,-5.100000,1.000000,22.900000,0.900000
2026-05-19-15-27-16,-0.030000,-0.060000,0.080000,-5.700000,1.100000,22.500000,0.900000
2026-05-19-15-27-17,-0.020000,-0.060000,0.070000,-6.800000,1.800000,22.799999,0.900000
2026-05-19-15-27-17,-0.020000,-0.040000,0.070000,-3.500000,1.500000,23.100000,0.900000
2026-05-19-15-27-18,-0.010000,-0.060000,0.080000,-1.600000,1.100000,23.100000,0.900000
2026-05-19-15-27-18,-0.020000,-0.070000,0.070000,-0.500000,1.400000,22.600000,0.900000
2026-05-19-15-27-18,-0.010000,-0.080000,0.060000,-0.100000,1.600000,22.299999,0.900000
2026-05-19-15-27-19,-0.010000,-0.080000,0.070000,-3.300000,2.300000,22.000000,0.900000
2026-05-19-15-27-19,-0.020000,-0.050000,0.070000,-2.900000,1.900000,22.100000,0.900000
2026-05-19-15-27-19,-0.020000,-0.060000,0.080000,-4.400000,1.900000,21.200001,0.900000
2026-05-19-15-27-20,-0.010000,-0.070000,0.080000,-2.600000,0.900000,21.000000,0.900000
2026-05-19-15-27-20,-0.020000,-0.080000,0.060000,-3.000000,1.600000,20.400000,0.900000
2026-05-19-15-27-21,-0.020000,-0.070000,0.070000,-0.700000,1.200000,19.200001,0.900000
2026-05-19-15-27-21,-0.020000,-0.080000,0.070000,-1.700000,1.700000,19.200001,0.900000
2026-05-19-15-27-21,-0.020000,-0.060000,0.070000,-2.800000,1.500000,17.600000,0.900000
2026-05-19-15-27-22,-0.030000,-0.060000,0.070000,-2.900000,1.200000,17.600000,0.900000
2026-05-19-15-27-22,-0.030000,-0.070000,0.080000,-4.500000,1.300000,17.200001,0.900000
2026-05-19-15-27-22,-0.040000,-0.070000,0.070000,-2.800000,1.300000,16.400000,0.900000
2026-05-19-15-27-23,-0.040000,-0.080000,0.080000,-2.700000,1.400000,16.500000,0.900000
2026-05-19-15-27-23,-0.030000,-0.080000,0.070000,-3.000000,1.600000,15.000000,0.900000
2026-05-19-15-27-23,-0.030000,-0.070000,0.060000,-2.700000,1.000000,15.100000,0.900000
2026-05-19-15-27-23,-0.040000,-0.060000,0.070000,-1.100000,1.100000,14.700000,0.900000
2026-05-19-15-27-24,-0.040000,-0.060000,0.070000,-2.700000,1.100000,14.500000,0.900000
2026-05-19-15-27-24,-0.050000,-0.050000,0.070000,-2.700000,1.100000,14.100000,0.900000
2026-05-19-15-27-25,-0.040000,-0.080000,0.080000,-5.900000,2.000000,14.000000,0.900000
2026-05-19-15-27-25,-0.020000,-0.130000,0.110000,-17.799999,2.500000,16.200001,0.900000
2026-05-19-15-27-25,-0.010000,-0.160000,0.100000,-15.800000,2.700000,17.799999,0.900000
2026-05-19-15-27-26,-0.000000,-0.200000,0.100000,-6.100000,1.500000,19.299999,0.900000
2026-05-19-15-27-26,0.000000,-0.240000,0.080000,-2.700000,1.300000,18.900000,0.900000
2026-05-19-15-27-26,0.010000,-0.240000,0.060000,0.200000,1.100000,18.500000,0.900000
2026-05-19-15-27-27,0.010000,-0.260000,0.060000,2.300000,1.700000,18.799999,0.900000
2026-05-19-15-27-27,0.010000,-0.280000,0.070000,0.100000,1.700000,17.900000,0.900000
2026-05-19-15-27-28,0.010000,-0.320000,0.080000,-2.900000,1.300000,18.000000,0.900000
2026-05-19-15-27-28,0.010000,-0.330000,0.090000,-5.400000,1.300000,17.500000,0.900000
2026-05-19-15-27-28,0.030000,-0.340000,0.090000,-5.700000,1.000000,16.799999,0.900000
2026-05-19-15-27-29,0.020000,-0.360000,0.080000,-4.200000,0.900000,16.200001,0.900000
2026-05-19-15-27-29,0.020000,-0.380000,0.080000,-3.000000,1.700000,15.400000,0.900000
2026-05-19-15-27-29,0.020000,-0.390000,0.080000,-1.400000,1.300000,14.800000,0.900000
2026-05-19-15-27-30,0.020000,-0.420000,0.070000,-2.300000,1.100000,13.600000,0.900000
2026-05-19-15-27-30,0.020000,-0.420000,0.090000,-1.500000,0.700000,12.700000,0.900000
2026-05-19-15-27-30,0.030000,-0.420000,0.090000,-3.600000,0.900000,10.800000,0.900000
2026-05-19-15-27-31,0.030000,-0.420000,0.090000,-3.200000,0.500000,10.300000,0.900000
2026-05-19-15-27-31,0.030000,-0.450000,0.080000,-4.700000,0.700000,8.100000,0.900000
2026-05-19-15-27-32,0.040000,-0.460000,0.070000,-2.700000,0.500000,6.500000,0.900000
2026-05-19-15-27-32,0.030000,-0.480000,0.070000,-2.900000,0.800000,4.700000,0.900000
2026-05-19-15-27-32,0.030000,-0.460000,0.090000,-1.900000,0.900000,2.800000,0.900000
2026-05-19-15-27-33,0.020000,-0.470000,0.090000,-2.100000,0.600000,0.700000,0.900000
2026-05-19-15-27-33,0.030000,-0.470000,0.100000,-3.200000,-0.100000,-1.700000,0.900000
2026-05-19-15-27-33,0.040000,-0.490000,0.080000,-3.700000,-0.400000,-3.800000,0.900000
2026-05-19-15-27-34,0.020000,-0.500000,0.070000,-3.500000,-1.200000,-6.600000,0.900000
2026-05-19-15-27-34,0.020000,-0.490000,0.070000,-2.000000,-0.300000,-9.000000,0.900000
2026-05-19-15-27-35,0.020000,-0.490000,0.080000,-2.300000,-0.400000,-12.100000,0.900000
2026-05-19-15-27-35,0.020000,-0.480000,0.100000,-2.500000,-0.400000,-14.900000,0.900000
2026-05-19-15-27-35,0.030000,-0.480000,0.100000,-3.500000,-0.600000,-17.600000,0.900000
2026-05-19-15-27-36,0.020000,-0.500000,0.080000,-2.400000,-1.400000,-20.700001,0.900000
2026-05-19-15-27-36,0.020000,-0.500000,0.070000,-3.100000,-1.000000,-24.299999,0.900000
2026-05-19-15-27-37,0.030000,-0.490000,0.080000,-0.900000,-0.900000,-28.000000,0.900000
2026-05-19-15-27-37,0.030000,-0.490000,0.090000,-0.600000,-1.100000,-29.299999,0.900000
2026-05-19-15-27-37,0.030000,-0.490000,0.090000,-0.200000,-1.300000,-31.500000,0.900000
2026-05-19-15-27-37,0.040000,-0.480000,0.090000,-1.300000,-1.700000,-35.000000,0.900000
2026-05-19-15-27-38,0.040000,-0.480000,0.090000,-1.400000,-2.200000,-39.200001,0.900000
2026-05-19-15-27-38,0.040000,-0.480000,0.080000,-2.300000,-2.100000,-42.599998,0.900000
2026-05-19-15-27-38,0.040000,-0.470000,0.070000,-1.400000,-1.900000,-47.000000,0.900000
2026-05-19-15-27-39,0.040000,-0.470000,0.080000,-0.400000,-1.800000,-51.700001,0.900000
2026-05-19-15-27-39,0.050000,-0.470000,0.080000,-0.100000,-2.600000,-54.700001,0.900000
2026-05-19-15-27-40,0.060000,-0.440000,0.090000,0.500000,-2.700000,-60.400002,0.900000
2026-05-19-15-27-40,0.060000,-0.460000,0.100000,0.600000,-2.700000,-63.700001,0.900000
2026-05-19-15-27-40,0.060000,-0.460000,0.080000,0.100000,-2.800000,-68.000000,0.900000
2026-05-19-15-27-41,0.070000,-0.460000,0.060000,0.500000,-2.200000,-72.000000,0.900000
2026-05-19-15-27-41,0.080000,-0.440000,0.060000,0.500000,-3.700000,-75.000000,0.900000
2026-05-19-15-27-42,0.090000,-0.420000,0.090000,1.800000,-2.400000,-79.599998,0.900000
2026-05-19-15-27-42,0.080000,-0.440000,0.110000,2.500000,-2.200000,-82.199997,0.900000
2026-05-19-15-27-42,0.080000,-0.440000,0.090000,2.000000,-2.500000,-85.300003,0.900000
2026-05-19-15-27-43,0.090000,-0.440000,0.060000,2.500000,-1.400000,-88.000000,0.900000
2026-05-19-15-27-43,0.090000,-0.420000,0.060000,1.800000,-2.500000,-90.699997,0.900000
2026-05-19-15-27-43,0.100000,-0.410000,0.080000,2.100000,-2.300000,-94.000000,0.900000
2026-05-19-15-27-44,0.100000,-0.400000,0.090000,2.400000,-3.100000,-95.900002,0.900000
2026-05-19-15-27-44,0.110000,-0.410000,0.100000,2.700000,-1.300000,-98.000000,0.900000
2026-05-19-15-27-45,0.110000,-0.400000,0.070000,3.500000,-2.800000,-100.800003,0.900000
2026-05-19-15-27-45,0.110000,-0.390000,0.070000,3.100000,-1.400000,-102.800003,0.900000
2026-05-19-15-27-45,0.110000,-0.400000,0.080000,3.400000,-1.400000,-104.800003,0.900000
2026-05-19-15-27-46,0.110000,-0.390000,0.100000,2.900000,-1.700000,-106.699997,0.900000
2026-05-19-15-27-46,0.120000,-0.390000,0.110000,3.300000,-1.800000,-108.900002,0.900000
2026-05-19-15-27-47,0.120000,-0.370000,0.090000,2.600000,-1.800000,-110.099998,0.900000
2026-05-19-15-27-47,0.120000,-0.380000,0.080000,2.600000,-0.600000,-110.599998,0.900000
2026-05-19-15-27-47,0.120000,-0.370000,0.070000,3.700000,-1.200000,-112.099998,1.000000
2026-05-19-15-27-47,0.100000,-0.350000,0.060000,3.900000,-1.500000,-113.699997,1.000000
2026-05-19-15-27-48,0.110000,-0.350000,0.070000,3.700000,-1.300000,-115.800003,1.000000
2026-05-19-15-27-48,0.120000,-0.330000,0.090000,3.800000,-1.400000,-117.900002,1.000000
2026-05-19-15-27-48,0.130000,-0.330000,0.100000,3.800000,-1.100000,-119.400002,1.000000
2026-05-19-15-27-49,0.120000,-0.330000,0.070000,4.000000,-0.700000,-121.699997,1.000000
2026-05-19-15-27-49,0.130000,-0.310000,0.060000,4.000000,-1.800000,-122.699997,1.000000
2026-05-19-15-27-50,0.140000,-0.300000,0.050000,5.000000,-1.000000,-124.800003,1.000000
2026-05-19-15-27-50,0.140000,-0.300000,0.070000,5.200000,-1.300000,-126.699997,1.000000
2026-05-19-15-27-50,0.140000,-0.290000,0.110000,4.900000,-0.700000,-127.000000,1.000000
2026-05-19-15-27-51,0.140000,-0.300000,0.100000,4.600000,-0.100000,-129.500000,1.000000
2026-05-19-15-27-51,0.150000,-0.280000,0.070000,4.000000,-1.700000,-130.199997,1.000000
2026-05-19-15-27-52,0.150000,-0.280000,0.060000,3.400000,-0.500000,-131.100006,1.000000
2026-05-19-15-27-52,0.160000,-0.270000,0.060000,4.500000,-1.000000,-132.699997,1.000000
2026-05-19-15-27-52,0.160000,-0.250000,0.070000,5.400000,0.100000,-133.699997,1.000000
2026-05-19-15-27-53,0.160000,-0.220000,0.090000,5.100000,-0.600000,-134.699997,1.000000
2026-05-19-15-27-53,0.160000,-0.240000,0.100000,4.800000,0.100000,-135.800003,1.000000
2026-05-19-15-27-53,0.170000,-0.250000,0.080000,4.600000,-0.800000,-136.899994,1.000000
2026-05-19-15-27-54,0.180000,-0.230000,0.050000,4.400000,-0.200000,-138.600006,1.000000
2026-05-19-15-27-54,0.190000,-0.200000,0.040000,4.700000,-0.100000,-139.000000,1.000000
2026-05-19-15-27-55,0.200000,-0.180000,0.070000,5.100000,-0.100000,-140.300003,1.000000
2026-05-19-15-27-55,0.200000,-0.190000,0.100000,5.200000,0.200000,-140.500000,1.000000
2026-05-19-15-27-55,0.200000,-0.180000,0.080000,4.800000,-0.800000,-142.399994,1.000000
2026-05-19-15-27-56,0.210000,-0.170000,0.070000,4.400000,-0.400000,-142.600006,1.000000
2026-05-19-15-27-56,0.220000,-0.150000,0.060000,5.500000,-0.200000,-144.100006,1.000000
2026-05-19-15-27-56,0.230000,-0.140000,0.060000,3.700000,0.500000,-143.800003,1.000000
2026-05-19-15-27-57,0.240000,-0.140000,0.060000,4.400000,0.400000,-145.000000,1.000000
2026-05-19-15-27-57,0.240000,-0.130000,0.070000,4.700000,0.300000,-145.800003,1.000000
2026-05-19-15-27-57,0.240000,-0.120000,0.100000,4.500000,0.500000,-146.199997,1.000000
2026-05-19-15-27-58,0.240000,-0.130000,0.100000,4.500000,0.500000,-146.600006,1.000000
2026-05-19-15-27-58,0.250000,-0.130000,0.070000,5.800000,0.800000,-147.600006,1.000000
2026-05-19-15-27-58,0.260000,-0.110000,0.050000,5.100000,0.500000,-148.100006,1.000000
2026-05-19-15-27-59,0.270000,-0.090000,0.050000,6.000000,0.600000,-148.899994,1.000000
2026-05-19-15-27-59,0.270000,-0.080000,0.070000,5.700000,0.400000,-149.399994,1.000000
2026-05-19-15-27-59,0.280000,-0.070000,0.090000,5.000000,0.800000,-149.399994,1.000000
2026-05-19-15-28-00,0.280000,-0.070000,0.080000,5.500000,0.800000,-150.399994,1.000000
2026-05-19-15-28-00,0.290000,-0.050000,0.070000,4.100000,0.400000,-149.800003,1.000000
2026-05-19-15-28-01,0.300000,-0.040000,0.050000,4.700000,0.900000,-151.199997,1.000000
2026-05-19-15-28-01,0.300000,-0.020000,0.040000,5.400000,0.900000,-150.800003,1.000000
2026-05-19-15-28-01,0.320000,0.010000,0.060000,5.900000,0.300000,-151.699997,1.000000
2026-05-19-15-28-02,0.320000,0.010000,0.080000,5.100000,0.900000,-151.699997,1.000000
2026-05-19-15-28-02,0.330000,0.030000,0.070000,5.400000,-0.800000,-152.699997,1.000000
2026-05-19-15-28-03,0.330000,0.030000,0.070000,4.200000,1.000000,-152.600006,1.000000
2026-05-19-15-28-03,0.340000,0.040000,0.050000,5.700000,0.400000,-153.899994,1.000000
2026-05-19-15-28-03,0.340000,0.070000,0.050000,5.000000,1.900000,-153.399994,1.000000
2026-05-19-15-28-04,0.340000,0.070000,0.060000,5.800000,1.000000,-154.100006,1.000000
2026-05-19-15-28-04,0.360000,0.100000,0.070000,5.900000,0.400000,-154.500000,1.000000
2026-05-19-15-28-04,0.360000,0.100000,0.060000,5.500000,1.100000,-154.800003,1.000000
2026-05-19-15-28-05,0.360000,0.110000,0.060000,5.500000,0.200000,-155.899994,1.000000
2026-05-19-15-28-05,0.380000,0.130000,0.050000,5.100000,1.800000,-155.199997,1.000000
2026-05-19-15-28-06,0.390000,0.150000,0.050000,5.200000,0.400000,-156.899994,1.000000
2026-05-19-15-28-06,0.400000,0.170000,0.060000,4.900000,1.100000,-156.500000,1.000000
2026-05-19-15-28-06,0.400000,0.170000,0.070000,5.300000,0.500000,-157.800003,1.000000
2026-05-19-15-28-07,0.410000,0.180000,0.050000,6.300000,1.000000,-158.100006,1.000000
2026-05-19-15-28-07,0.420000,0.210000,0.040000,5.600000,1.400000,-158.500000,1.000000
2026-05-19-15-28-07,0.430000,0.220000,0.040000,5.500000,1.500000,-158.600006,1.000000
2026-05-19-15-28-08,0.440000,0.230000,0.050000,5.900000,1.300000,-159.100006,1.000000
2026-05-19-15-28-08,0.440000,0.250000,0.060000,5.900000,1.200000,-159.600006,1.000000
2026-05-19-15-28-08,0.460000,0.260000,0.060000,5.400000,1.000000,-160.100006,1.000000
2026-05-19-15-28-09,0.470000,0.260000,0.050000,5.200000,1.400000,-160.500000,1.000000
2026-05-19-15-28-09,0.480000,0.280000,0.040000,5.800000,1.400000,-161.000000,1.000000
2026-05-19-15-28-10,0.480000,0.320000,0.040000,5.000000,2.100000,-162.000000,1.000000
2026-05-19-15-28-10,0.480000,0.320000,0.060000,4.600000,1.900000,-161.399994,1.000000
2026-05-19-15-28-10,0.490000,0.330000,0.070000,5.700000,1.000000,-162.899994,1.000000
2026-05-19-15-28-11,0.500000,0.330000,0.060000,5.200000,1.700000,-163.000000,1.000000
2026-05-19-15-28-11,0.520000,0.340000,0.030000,6.200000,0.900000,-163.899994,1.000000
2026-05-19-15-28-12,0.540000,0.380000,0.010000,5.100000,1.800000,-164.500000,1.000000
2026-05-19-15-28-12,0.550000,0.400000,0.020000,5.600000,2.000000,-165.300003,1.000000
2026-05-19-15-28-12,0.550000,0.420000,0.050000,5.600000,2.100000,-165.300003,1.000000
2026-05-19-15-28-13,0.550000,0.410000,0.070000,5.100000,1.700000,-166.500000,1.000000
2026-05-19-15-28-13,0.570000,0.430000,0.050000,5.300000,1.600000,-166.500000,1.000000
2026-05-19-15-28-13,0.590000,0.440000,0.020000,5.200000,2.100000,-168.100006,1.000000
2026-05-19-15-28-14,0.590000,0.470000,0.020000,4.900000,2.600000,-166.899994,1.000000
2026-05-19-15-28-14,0.600000,0.470000,0.040000,5.100000,2.200000,-168.800003,1.000000
2026-05-19-15-28-15,0.620000,0.510000,0.060000,5.400000,1.600000,-167.899994,1.000000
2026-05-19-15-28-15,0.630000,0.520000,0.070000,5.800000,1.800000,-168.500000,1.000000
2026-05-19-15-28-15,0.620000,0.520000,0.040000,5.300000,1.900000,-169.100006,1.000000
2026-05-19-15-28-16,0.630000,0.530000,0.020000,5.800000,1.900000,-169.500000,1.000000
2026-05-19-15-28-16,0.640000,0.540000,0.020000,4.800000,2.300000,-169.899994,1.000000
2026-05-19-15-28-17,0.670000,0.570000,0.030000,5.400000,1.800000,-169.699997,1.000000
2026-05-19-15-28-17,0.680000,0.600000,0.040000,5.200000,2.200000,-170.399994,1.000000
2026-05-19-15-28-17,0.680000,0.600000,0.050000,5.800000,2.300000,-170.699997,1.000000
2026-05-19-15-28-17,0.680000,0.610000,0.040000,5.800000,2.000000,-171.000000,1.000000
2026-05-19-15-28-18,0.700000,0.610000,0.010000,6.200000,2.300000,-172.199997,1.000000
2026-05-19-15-28-18,0.720000,0.640000,0.010000,5.600000,2.700000,-172.100006,1.000000
2026-05-19-15-28-19,0.730000,0.650000,0.020000,4.200000,2.600000,-173.000000,1.000000
2026-05-19-15-28-19,0.760000,0.660000,0.040000,5.200000,1.700000,-173.899994,1.000000
2026-05-19-15-28-19,0.760000,0.700000,0.040000,5.800000,2.300000,-173.800003,1.000000
2026-05-19-15-28-20,0.750000,0.690000,0.030000,5.200000,2.500000,-175.500000,1.000000
2026-05-19-15-28-20,0.760000,0.680000,0.010000,6.400000,2.600000,-175.600006,1.000000
2026-05-19-15-28-21,0.770000,0.700000,0.010000,6.100000,3.100000,-177.000000,1.000000
2026-05-19-15-28-21,0.790000,0.720000,0.020000,4.900000,2.400000,-177.199997,1.000000
2026-05-19-15-28-21,0.810000,0.740000,0.030000,5.600000,2.500000,-178.199997,1.000000
2026-05-19-15-28-22,0.810000,0.770000,0.030000,5.400000,2.500000,-179.399994,1.000000
2026-05-19-15-28-22,0.800000,0.750000,0.020000,5.500000,3.300000,-179.800003,1.000000
2026-05-19-15-28-22,0.820000,0.760000,0.010000,5.900000,1.900000,-179.000000,1.000000
2026-05-19-15-28-23,0.810000,0.830000,0.000000,5.300000,-1.300000,-145.199997,1.000000
2026-05-19-15-28-23,0.780000,0.880000,0.010000,3.900000,-3.900000,-120.000000,1.000000
2026-05-19-15-28-24,0.750000,0.900000,0.010000,3.700000,-5.100000,-108.500000,1.000000
2026-05-19-15-28-24,0.690000,0.800000,0.040000,5.800000,-1.100000,-100.099998,1.000000
2026-05-19-15-28-24,0.640000,0.620000,0.010000,7.600000,-4.000000,-94.000000,1.000000
2026-05-19-15-28-25,0.590000,0.410000,0.000000,6.600000,-9.300000,-88.599998,1.000000
2026-05-19-15-28-25,0.570000,0.210000,0.040000,1.800000,-13.700000,-82.800003,1.000000
2026-05-19-15-28-26,0.580000,0.010000,0.100000,-4.000000,-16.700001,-77.000000,1.000000
2026-05-19-15-28-26,0.590000,-0.220000,0.170000,-7.300000,-18.400000,-72.599998,1.000000
2026-05-19-15-28-26,0.610000,-0.410000,0.240000,-8.000000,-19.600000,-67.300003,1.000000
2026-05-19-15-28-27,0.640000,-0.610000,0.290000,-9.200000,-20.400000,-61.000000,1.000000
2026-05-19-15-28-27,0.690000,-0.790000,0.360000,-10.200000,-20.000000,-55.099998,1.000000
2026-05-19-15-28-27,0.780000,-0.970000,0.440000,-10.900000,-19.500000,-50.099998,1.000000
2026-05-19-15-28-28,0.920000,-1.170000,0.470000,-10.700000,-18.000000,-44.400002,1.000000
2026-05-19-15-28-28,0.890000,-1.230000,0.440000,-8.600000,-15.600000,-39.299999,1.000000
2026-05-19-15-28-28,1.000000,-1.380000,0.360000,-5.000000,-17.000000,-34.400002,1.000000
2026-05-19-15-28-29,1.120000,-1.510000,0.240000,-4.000000,-22.200001,-28.700001,1.000000
2026-05-19-15-28-29,1.250000,-1.620000,0.190000,-3.600000,-30.799999,-21.500000,1.000000
2026-05-19-15-28-30,1.380000,-1.720000,0.240000,-5.700000,-36.200001,-13.500000,1.000000
2026-05-19-15-28-30,1.510000,-1.810000,0.340000,-10.400000,-36.599998,-7.100000,1.000000
2026-05-19-15-28-30,1.580000,-1.860000,0.370000,-11.900000,-34.200001,-4.400000,1.000000
2026-05-19-15-28-31,1.610000,-1.890000,0.380000,-8.900000,-27.299999,-4.500000,1.000000
2026-05-19-15-28-31,1.630000,-1.910000,0.380000,-4.800000,-19.000000,-5.200000,1.000000
2026-05-19-15-28-32,1.690000,-1.960000,0.380000,-1.300000,-9.500000,-2.900000,1.000000
2026-05-19-15-28-32,1.870000,-1.990000,0.410000,-2.200000,-3.700000,1.200000,1.000000
2026-05-19-15-28-33,2.260000,-2.030000,0.390000,2.300000,-15.600000,12.600000,1.000000
2026-05-19-15-28-33,2.440000,-2.030000,0.380000,2.300000,-22.500000,8.800000,1.000000
2026-05-19-15-28-33,2.580000,-2.010000,0.400000,15.100000,-22.700001,-16.500000,1.000000
2026-05-19-15-28-34,2.710000,-1.990000,0.460000,25.600000,-13.400000,-42.099998,1.000000
2026-05-19-15-28-34,2.850000,-2.080000,0.500000,22.700001,-6.800000,-54.799999,1.000000
2026-05-19-15-28-35,2.940000,-2.240000,0.500000,11.600000,-11.300000,-44.500000,1.000000
2026-05-19-15-28-35,3.020000,-2.400000,0.510000,0.400000,-14.400000,-31.100000,1.000000
2026-05-19-15-28-35,3.160000,-2.540000,0.550000,-6.900000,-15.200000,-24.500000,1.000000
2026-05-19-15-28-36,3.270000,-2.640000,0.560000,-9.300000,-18.900000,-21.100000,1.000000
2026-05-19-15-28-36,3.350000,-2.700000,0.560000,-5.900000,-20.400000,-19.400000,1.000000
2026-05-19-15-28-36,3.410000,-2.750000,0.570000,-1.000000,-18.200001,-18.299999,1.000000
2026-05-19-15-28-37,3.430000,-2.790000,0.550000,2.500000,-15.100000,-17.299999,1.000000
2026-05-19-15-28-37,3.450000,-2.820000,0.500000,2.700000,-11.700000,-15.900000,1.000000
2026-05-19-15-28-37,3.470000,-2.830000,0.480000,2.200000,-10.200000,-15.300000,1.000000
2026-05-19-15-28-38,3.500000,-2.840000,0.460000,1.200000,-7.900000,-14.300000,1.000000
2026-05-19-15-28-38,3.520000,-2.860000,0.420000,-0.200000,-4.600000,-13.100000,1.000000
2026-05-19-15-28-38,3.540000,-2.880000,0.380000,-0.300000,-3.300000,-12.200000,1.000000
2026-05-19-15-28-39,3.550000,-2.880000,0.310000,-0.100000,-3.000000,-12.600000,1.000000
2026-05-19-15-28-39,3.610000,-2.900000,0.290000,2.700000,3.200000,-3.600000,1.000000
2026-05-19-15-28-40,3.750000,-2.940000,0.260000,4.200000,0.400000,2.500000,1.000000
2026-05-19-15-28-40,3.850000,-2.950000,0.250000,3.600000,-5.900000,7.000000,1.000000
2026-05-19-15-28-40,3.930000,-2.960000,0.260000,0.900000,-8.200000,11.500000,1.000000
2026-05-19-15-28-41,3.990000,-2.960000,0.280000,-1.300000,-6.600000,13.800000,1.000000
2026-05-19-15-28-41,4.050000,-2.930000,0.290000,-2.800000,-2.500000,13.200000,1.000000
2026-05-19-15-28-41,4.080000,-2.910000,0.310000,-0.500000,-2.200000,-19.000000,1.000000
2026-05-19-15-28-42,4.130000,-2.890000,0.290000,2.600000,-3.300000,-34.000000,1.000000
2026-05-19-15-28-42,4.150000,-2.870000,0.270000,4.200000,-4.400000,-44.099998,1.000000
2026-05-19-15-28-43,4.200000,-2.840000,0.260000,2.000000,-3.000000,-49.099998,1.000000
2026-05-19-15-28-43,4.250000,-2.820000,0.280000,0.500000,-1.800000,-53.599998,1.000000
2026-05-19-15-28-43,4.260000,-2.830000,0.260000,0.400000,-0.400000,-53.900002,1.000000
2026-05-19-15-28-44,4.270000,-2.830000,0.280000,0.700000,-1.000000,-54.400002,1.000000
2026-05-19-15-28-44,4.280000,-2.820000,0.290000,2.200000,-2.900000,-53.200001,1.000000
2026-05-19-15-28-45,4.300000,-2.800000,0.300000,2.700000,-4.800000,-52.900002,1.000000
2026-05-19-15-28-45,4.310000,-2.800000,0.280000,2.300000,-5.600000,-52.000000,1.000000
2026-05-19-15-28-45,4.340000,-2.790000,0.270000,2.100000,-4.500000,-52.099998,1.000000
2026-05-19-15-28-46,4.360000,-2.780000,0.270000,0.700000,-2.400000,-51.099998,1.000000
2026-05-19-15-28-46,4.380000,-2.780000,0.300000,0.700000,-0.600000,-51.099998,1.000000
2026-05-19-15-28-46,4.350000,-2.800000,0.290000,3.000000,-2.300000,-50.900002,1.000000
2026-05-19-15-28-47,4.380000,-2.790000,0.280000,3.700000,-3.200000,-50.900002,1.000000
2026-05-19-15-28-47,4.420000,-2.770000,0.260000,2.700000,-3.900000,-51.099998,1.000000
2026-05-19-15-28-47,4.430000,-2.750000,0.270000,1.600000,-3.900000,-50.200001,1.000000
2026-05-19-15-28-48,4.440000,-2.740000,0.300000,0.200000,-3.000000,-50.000000,1.000000
2026-05-19-15-28-48,4.450000,-2.760000,0.300000,0.200000,-2.000000,-49.900002,1.000000
2026-05-19-15-28-49,4.440000,-2.770000,0.280000,1.400000,-2.400000,-49.799999,1.000000
2026-05-19-15-28-49,4.460000,-2.760000,0.270000,2.000000,-3.500000,-49.900002,1.000000
2026-05-19-15-28-49,4.490000,-2.730000,0.270000,2.400000,-3.600000,-49.299999,1.000000
2026-05-19-15-28-50,4.510000,-2.730000,0.290000,1.700000,-3.100000,-49.299999,1.000000
2026-05-19-15-28-50,4.510000,-2.740000,0.290000,1.600000,-1.600000,-46.599998,1.000000
2026-05-19-15-28-50,4.520000,-2.720000,0.300000,1.300000,-4.500000,-43.299999,1.000000
2026-05-19-15-28-51,4.550000,-2.720000,0.230000,2.100000,-6.800000,-40.400002,1.000000
2026-05-19-15-28-51,4.580000,-2.730000,0.230000,4.400000,2.900000,-38.200001,1.000000
2026-05-19-15-28-52,4.600000,-2.740000,0.320000,18.799999,-2.100000,-38.700001,1.000000
2026-05-19-15-28-52,4.580000,-2.750000,0.440000,22.200001,-8.200000,-39.599998,1.000000
2026-05-19-15-28-52,4.530000,-2.780000,0.520000,18.000000,-13.500000,-40.599998,1.000000
2026-05-19-15-28-53,4.500000,-2.790000,0.570000,12.000000,-9.200000,-57.400002,1.000000
2026-05-19-15-28-53,4.530000,-2.810000,0.620000,10.700000,2.300000,-94.199997,1.000000
2026-05-19-15-28-54,4.480000,-2.930000,0.640000,9.600000,6.500000,-106.400002,1.000000
2026-05-19-15-28-54,4.380000,-3.070000,0.650000,10.000000,7.700000,-110.599998,1.000000
2026-05-19-15-28-54,4.230000,-3.200000,0.620000,8.700000,2.600000,-100.500000,1.000000
2026-05-19-15-28-55,4.080000,-3.330000,0.590000,-1.700000,-4.200000,-75.000000,1.000000
2026-05-19-15-28-55,4.010000,-3.490000,0.580000,-8.900000,-4.600000,-61.700001,1.000000
2026-05-19-15-28-55,3.990000,-3.670000,0.590000,-11.500000,-5.600000,-56.500000,1.000000
2026-05-19-15-28-56,4.010000,-3.860000,0.610000,-10.000000,-7.100000,-52.700001,1.000000
2026-05-19-15-28-56,4.050000,-4.060000,0.660000,-7.100000,-9.100000,-49.700001,1.000000
2026-05-19-15-28-57,4.100000,-4.250000,0.710000,-4.500000,-11.300000,-47.299999,1.000000
2026-05-19-15-28-57,4.160000,-4.440000,0.760000,-2.600000,-13.000000,-44.799999,1.000000
2026-05-19-15-28-57,4.220000,-4.640000,0.790000,3.100000,-17.100000,-43.700001,1.000000
2026-05-19-15-28-58,4.300000,-4.780000,0.760000,7.700000,-19.400000,-43.500000,1.000000
2026-05-19-15-28-58,4.430000,-4.840000,0.760000,9.100000,-21.200001,-43.000000,1.000000
2026-05-19-15-28-58,4.440000,-5.000000,0.770000,6.000000,-23.900000,-42.000000,1.000000
2026-05-19-15-28-59,4.480000,-5.130000,0.780000,-3.200000,-27.600000,-39.400002,1.000000
2026-05-19-15-28-59,4.510000,-5.230000,0.810000,-2.900000,-24.900000,-41.799999,1.000000
2026-05-19-15-29-00,4.590000,-5.360000,0.880000,-1.300000,-21.299999,-42.400002,1.000000
2026-05-19-15-29-00,4.670000,-5.520000,0.930000,2.000000,-18.600000,-42.799999,1.000000
2026-05-19-15-29-00,4.750000,-5.700000,0.970000,3.700000,-16.799999,-41.700001,1.000000
2026-05-19-15-29-01,4.840000,-5.850000,0.930000,5.300000,-15.100000,-39.599998,1.000000
2026-05-19-15-29-01,4.930000,-5.980000,0.820000,8.000000,-16.500000,-38.099998,1.000000
2026-05-19-15-29-01,5.020000,-6.120000,0.770000,9.300000,-21.900000,-38.799999,1.000000
2026-05-19-15-29-02,5.120000,-6.260000,0.760000,7.800000,-27.299999,-39.200001,1.000000
2026-05-19-15-29-02,5.180000,-6.370000,0.760000,1.800000,-31.200001,-39.500000,1.000000
2026-05-19-15-29-03,5.200000,-6.440000,0.760000,-3.300000,-28.900000,-37.400002,1.000000
2026-05-19-15-29-03,5.230000,-6.520000,0.700000,-5.400000,-23.200001,-35.799999,1.000000
2026-05-19-15-29-03,5.260000,-6.570000,0.670000,-2.700000,-16.799999,-34.700001,1.000000
2026-05-19-15-29-04,5.280000,-6.580000,0.630000,-6.000000,-16.100000,-10.700000,1.000000
2026-05-19-15-29-04,5.290000,-6.630000,0.630000,-5.400000,-15.200000,5.700000,1.000000
2026-05-19-15-29-05,5.300000,-6.670000,0.580000,-2.300000,-14.000000,13.800000,1.000000
2026-05-19-15-29-05,5.320000,-6.700000,0.520000,0.300000,-11.000000,18.299999,1.000000
2026-05-19-15-29-05,5.340000,-6.700000,0.460000,1.100000,-8.600000,20.299999,1.000000
2026-05-19-15-29-06,5.350000,-6.690000,0.420000,0.600000,-5.000000,20.900000,1.000000
2026-05-19-15-29-06,5.350000,-6.680000,0.380000,0.000000,-3.500000,20.600000,1.000000
2026-05-19-15-29-06,5.350000,-6.690000,0.340000,0.700000,-1.600000,19.500000,1.000000
2026-05-19-15-29-07,5.380000,-6.680000,0.360000,1.500000,1.700000,18.299999,1.000000
2026-05-19-15-29-07,5.370000,-6.670000,0.380000,0.300000,-0.800000,16.700001,1.000000
2026-05-19-15-29-08,5.360000,-6.680000,0.380000,-1.100000,-2.100000,15.600000,1.000000
2026-05-19-15-29-08,5.390000,-6.660000,0.380000,-1.600000,-1.100000,13.700000,1.000000
2026-05-19-15-29-08,5.400000,-6.620000,0.410000,-1.200000,-0.800000,12.500000,1.000000
2026-05-19-15-29-09,5.410000,-6.630000,0.420000,-1.000000,-0.200000,9.400000,1.000000
2026-05-19-15-29-09,5.430000,-6.610000,0.420000,-0.600000,1.900000,7.900000,1.000000
2026-05-19-15-29-09,5.570000,-6.600000,0.450000,1.800000,4.800000,10.200000,1.000000
2026-05-19-15-29-10,5.770000,-6.610000,0.430000,3.700000,0.600000,13.600000,1.000000
2026-05-19-15-29-10,5.980000,-6.570000,0.410000,2.300000,-4.500000,19.500000,1.000000
2026-05-19-15-29-10,6.190000,-6.550000,0.430000,-3.100000,-7.500000,31.000000,1.000000
2026-05-19-15-29-11,6.370000,-6.480000,0.460000,-10.900000,-8.800000,44.099998,1.000000
2026-05-19-15-29-11,6.530000,-6.380000,0.490000,-14.800000,-11.100000,51.400002,1.000000
2026-05-19-15-29-12,6.690000,-6.250000,0.540000,-12.400000,-14.100000,53.799999,1.000000
2026-05-19-15-29-12,6.840000,-6.100000,0.590000,-7.200000,-16.400000,56.099998,1.000000
2026-05-19-15-29-12,6.980000,-5.940000,0.650000,-5.200000,-17.799999,60.700001,1.000000
2026-05-19-15-29-13,7.110000,-5.770000,0.690000,4.200000,-23.400000,63.200001,1.000000
2026-05-19-15-29-14,7.320000,-5.450000,0.670000,6.900000,-26.500000,71.000000,1.000000
2026-05-19-15-29-14,7.390000,-5.340000,0.660000,3.100000,-31.000000,74.099998,1.000000
2026-05-19-15-29-14,7.440000,-5.220000,0.670000,9.100000,-27.799999,66.800003,1.000000
2026-05-19-15-29-15,7.520000,-5.060000,0.650000,5.100000,-24.900000,70.300003,1.000000
2026-05-19-15-29-15,7.570000,-4.950000,0.540000,2.700000,-25.600000,73.300003,1.000000
2026-05-19-15-29-15,7.600000,-4.860000,0.490000,0.400000,-21.000000,78.800003,1.000000
2026-05-19-15-29-16,7.650000,-4.700000,0.490000,2.800000,-20.600000,82.599998,1.000000
2026-05-19-15-29-17,7.720000,-4.300000,0.390000,5.800000,-30.900000,90.599998,1.000000
2026-05-19-15-29-17,7.730000,-4.190000,0.320000,3.600000,-32.799999,93.400002,1.000000
2026-05-19-15-29-17,7.730000,-4.130000,0.280000,2.000000,-29.500000,94.500000,1.000000
2026-05-19-15-29-18,7.730000,-4.080000,0.270000,2.000000,-18.700001,95.500000,1.000000
2026-05-19-15-29-18,7.750000,-4.040000,0.270000,2.600000,-12.800000,96.300003,1.000000
2026-05-19-15-29-18,7.780000,-4.090000,0.320000,2.100000,-2.100000,97.400002,1.000000
2026-05-19-15-29-19,7.790000,-4.130000,0.370000,1.300000,4.900000,100.000000,1.000000
2026-05-19-15-29-19,7.780000,-4.090000,0.400000,-0.800000,8.800000,69.000000,1.000000
2026-05-19-15-29-19,7.750000,-4.020000,0.410000,-2.900000,1.000000,44.700001,1.000000
2026-05-19-15-29-20,7.740000,-3.980000,0.380000,-1.000000,-5.200000,33.799999,1.000000
2026-05-19-15-29-20,7.770000,-3.890000,0.380000,6.200000,-3.200000,2.900000,1.000000
2026-05-19-15-29-21,7.810000,-3.850000,0.390000,9.700000,-0.400000,-18.500000,1.000000
2026-05-19-15-29-21,7.870000,-3.880000,0.420000,15.300000,3.000000,-34.599998,1.000000
2026-05-19-15-29-21,7.940000,-3.970000,0.400000,19.500000,0.900000,-47.200001,1.000000
2026-05-19-15-29-22,8.020000,-4.090000,0.380000,20.900000,-5.400000,-54.400002,1.000000
2026-05-19-15-29-22,8.080000,-4.210000,0.400000,12.200000,-7.600000,-45.099998,1.000000
2026-05-19-15-29-23,8.190000,-4.430000,0.460000,0.600000,0.100000,-29.200001,1.000000
2026-05-19-15-29-23,8.300000,-4.540000,0.460000,1.900000,0.900000,-38.000000,1.000000
2026-05-19-15-29-24,8.500000,-4.830000,0.480000,-0.900000,-1.200000,-29.100000,1.000000
2026-05-19-15-29-24,8.620000,-5.010000,0.480000,-3.600000,-3.300000,-24.299999,1.000000
2026-05-19-15-29-25,8.740000,-5.160000,0.490000,-12.400000,-1.400000,0.100000,1.000000
2026-05-19-15-29-25,8.890000,-5.280000,0.530000,-12.600000,4.000000,16.299999,1.000000
2026-05-19-15-29-26,9.080000,-5.350000,0.560000,-11.200000,7.700000,33.000000,1.000000
2026-05-19-15-29-26,9.260000,-5.350000,0.570000,-9.400000,5.800000,33.599998,1.000000
2026-05-19-15-29-26,9.420000,-5.330000,0.560000,-4.300000,1.400000,27.200001,1.000000
2026-05-19-15-29-27,9.610000,-5.300000,0.550000,-1.200000,-2.400000,27.100000,1.000000
2026-05-19-15-29-27,-5.250000,0.540000,1.000000,-7.500000,31.000000,0.000000,1.300000
2026-05-19-15-29-28,10.200000,-5.230000,0.460000,2.700000,-8.500000,33.500000,1.000000
2026-05-19-15-29-28,10.320000,-5.200000,0.400000,3.900000,-9.000000,34.000000,1.000000
2026-05-19-15-29-28,10.420000,-5.130000,0.420000,6.500000,-12.800000,32.900002,1.000000
2026-05-19-15-29-29,10.560000,-5.180000,0.440000,10.600000,-16.600000,12.600000,1.000000
2026-05-19-15-29-29,10.710000,-5.150000,0.470000,17.000000,-15.300000,-4.100000,1.000000
2026-05-19-15-29-30,10.870000,-5.190000,0.490000,15.600000,-14.300000,-11.600000,1.000000
2026-05-19-15-29-30,11.030000,-5.270000,0.530000,9.200000,-12.900000,-16.500000,1.000000
2026-05-19-15-29-30,11.170000,-5.370000,0.550000,4.300000,-14.100000,-19.400000,1.000000
2026-05-19-15-29-31,11.250000,-5.440000,0.550000,-3.900000,-15.500000,-20.900000,1.000000
2026-05-19-15-29-31,11.310000,-5.500000,0.550000,-9.300000,-12.700000,-16.200001,1.000000
2026-05-19-15-29-32,11.500000,-5.640000,0.580000,-6.500000,0.300000,24.400000,1.000000
2026-05-19-15-29-32,11.690000,-5.630000,0.580000,-1.400000,1.000000,28.400000,1.000000
2026-05-19-15-29-33,11.880000,-5.610000,0.580000,1.000000,-2.100000,31.600000,1.000000
2026-05-19-15-29-33,12.080000,-5.580000,0.580000,1.200000,-5.200000,34.500000,1.000000
2026-05-19-15-29-33,12.280000,-5.550000,0.590000,0.500000,-7.700000,36.700001,1.000000
2026-05-19-15-29-34,12.460000,-5.510000,0.610000,2.500000,-10.800000,23.799999,1.000000
2026-05-19-15-29-34,12.630000,-5.500000,0.630000,6.900000,-13.400000,12.400000,1.000000
2026-05-19-15-29-35,12.810000,-5.500000,0.660000,6.300000,-14.800000,7.000000,1.000000
2026-05-19-15-29-35,13.010000,-5.530000,0.680000,8.600000,-15.600000,-3.000000,1.000000
2026-05-19-15-29-36,13.670000,-5.830000,0.650000,33.200001,-27.299999,-24.500000,1.000000
2026-05-19-15-29-37,13.890000,-6.030000,0.630000,1.700000,-31.299999,-18.799999,1.000000
2026-05-19-15-29-38,14.010000,-6.140000,0.710000,-9.400000,-24.100000,-12.900000,1.000000
2026-05-19-15-29-38,14.130000,-6.250000,0.790000,-19.400000,-12.000000,7.200000,1.000000
2026-05-19-15-29-38,14.240000,-6.330000,0.850000,-17.600000,-5.800000,14.200000,1.000000
2026-05-19-15-29-39,14.370000,-6.340000,0.870000,-12.200000,-1.500000,17.200001,1.000000
2026-05-19-15-29-39,14.470000,-6.330000,0.870000,-8.600000,-0.900000,17.700001,1.000000
2026-05-19-15-29-40,15.140000,-6.280000,0.640000,4.200000,-13.700000,23.900000,1.000000
2026-05-19-15-29-41,15.330000,-6.280000,0.650000,2.600000,-19.400000,26.000000,1.000000
2026-05-19-15-29-41,15.510000,-6.250000,0.690000,-1.400000,-22.000000,28.900000,1.000000
2026-05-19-15-29-41,15.650000,-6.240000,0.740000,-6.300000,-24.000000,30.500000,1.000000
2026-05-19-15-29-42,15.730000,-6.240000,0.730000,-7.000000,-22.700001,31.100000,1.000000
2026-05-19-15-29-42,15.800000,-6.250000,0.720000,-3.500000,-17.200001,31.000000,1.000000
2026-05-19-15-29-43,15.900000,-6.240000,0.740000,-1.800000,-7.800000,41.099998,1.000000
2026-05-19-15-29-43,16.070000,-6.170000,0.760000,1.700000,-2.200000,47.700001,1.000000
2026-05-19-15-29-43,16.180000,-6.100000,0.760000,3.100000,-2.900000,49.799999,1.000000
2026-05-19-15-29-43,16.280001,-6.050000,0.760000,2.300000,-4.200000,52.299999,1.000000
2026-05-19-15-29-44,16.370001,-5.990000,0.760000,0.300000,-6.000000,52.700001,1.000000
2026-05-19-15-29-44,16.450001,-5.920000,0.770000,1.000000,-7.200000,44.799999,1.000000
2026-05-19-15-29-44,16.520000,-5.860000,0.780000,4.100000,-5.600000,33.900002,1.000000
2026-05-19-15-29-44,16.610001,-5.810000,0.780000,6.700000,-5.700000,28.200001,1.000000
2026-05-19-15-29-45,16.719999,-5.770000,0.780000,6.300000,-6.700000,25.600000,1.000000
2026-05-19-15-29-45,16.830000,-5.740000,0.780000,4.600000,-7.500000,24.500000,1.000000
2026-05-19-15-29-45,16.950001,-5.710000,0.790000,4.000000,-8.400000,24.200001,1.000000
2026-05-19-15-29-45,17.070000,-5.690000,0.800000,3.800000,-9.400000,24.799999,1.000000
2026-05-19-15-29-45,17.190001,-5.680000,0.820000,2.600000,-10.100000,25.799999,1.000000
2026-05-19-15-29-46,17.309999,-5.650000,0.830000,1.500000,-11.000000,26.600000,1.000000
2026-05-19-15-29-46,17.420000,-5.640000,0.810000,1.000000,-11.100000,27.700001,1.000000
2026-05-19-15-29-46,17.510000,-5.620000,0.770000,0.500000,-11.300000,28.600000,1.000000
2026-05-19-15-29-46,17.600000,-5.600000,0.720000,0.300000,-12.500000,29.700001,1.000000
2026-05-19-15-29-47,17.860001,-5.490000,0.530000,2.700000,-20.500000,34.900002,1.000000
2026-05-19-15-29-47,17.969999,-5.430000,0.440000,3.600000,-30.400000,37.099998,1.000000
2026-05-19-15-29-48,18.030001,-5.410000,0.390000,2.400000,-34.299999,38.099998,1.000000
2026-05-19-15-29-48,18.070000,-5.410000,0.350000,1.100000,-30.299999,39.000000,1.000000
2026-05-19-15-29-48,18.090000,-5.400000,0.320000,0.200000,-25.100000,39.000000,1.000000
2026-05-19-15-29-49,18.100000,-5.390000,0.320000,4.100000,-15.300000,23.900000,1.000000
2026-05-19-15-29-49,18.120001,-5.380000,0.290000,3.900000,-6.500000,12.500000,1.000000
2026-05-19-15-29-49,18.150000,-5.360000,0.290000,1.300000,1.200000,5.900000,1.000000
2026-05-19-15-29-50,18.180000,-5.360000,0.320000,-0.300000,2.100000,1.000000,1.000000
2026-05-19-15-29-50,18.200001,-5.350000,0.320000,-0.600000,-1.600000,-3.000000,1.000000
2026-05-19-15-29-51,18.230000,-5.330000,0.310000,-0.200000,-3.500000,-6.000000,1.000000
2026-05-19-15-29-51,18.270000,-5.330000,0.320000,0.200000,-2.900000,-8.600000,1.000000
2026-05-19-15-29-51,18.280001,-5.330000,0.320000,0.300000,-2.500000,-9.200000,1.000000
2026-05-19-15-29-52,18.290001,-5.320000,0.320000,0.200000,-0.900000,-10.600000,1.000000
2026-05-19-15-29-52,18.309999,-5.320000,0.310000,-0.100000,-0.900000,-11.900000,1.000000
2026-05-19-15-29-52,18.330000,-5.310000,0.300000,-0.100000,-1.100000,-12.000000,1.000000
2026-05-19-15-29-53,18.340000,-5.310000,0.300000,-0.100000,-2.700000,-13.100000,1.000000
2026-05-19-15-29-53,18.360001,-5.300000,0.310000,0.300000,-1.800000,-13.300000,1.000000
2026-05-19-15-29-53,18.379999,-5.300000,0.310000,0.400000,-1.200000,-14.100000,1.000000
2026-05-19-15-29-54,18.600000,-5.360000,0.330000,2.800000,3.600000,-9.800000,1.000000
2026-05-19-15-29-55,18.790001,-5.430000,0.320000,4.100000,-2.200000,-4.800000,1.000000
2026-05-19-15-29-55,19.000000,-5.470000,0.330000,2.700000,-6.200000,-0.600000,1.000000
2026-05-19-15-29-55,19.200001,-5.510000,0.350000,-3.500000,-9.200000,8.500000,1.000000
2026-05-19-15-29-56,19.400000,-5.510000,0.370000,-9.100000,-11.400000,16.700001,1.000000
2026-05-19-15-29-56,19.629999,-5.500000,0.390000,-11.600000,-12.300000,20.700001,1.000000
2026-05-19-15-29-57,19.840000,-5.470000,0.450000,-9.900000,-13.000000,24.100000,1.000000
2026-05-19-15-29-57,20.049999,-5.410000,0.520000,-6.300000,-13.200000,27.400000,1.000000
2026-05-19-15-29-57,20.260000,-5.330000,0.570000,-3.300000,-13.800000,30.299999,1.000000
2026-05-19-15-29-58,20.459999,-5.270000,0.620000,-2.000000,-14.800000,32.700001,1.000000
2026-05-19-15-29-58,20.650000,-5.190000,0.660000,-2.000000,-15.600000,35.400002,1.000000
2026-05-19-15-29-58,20.740000,-5.160000,0.670000,-2.600000,-16.600000,36.200001,1.000000
2026-05-19-15-29-59,20.830000,-5.120000,0.680000,-2.300000,-16.600000,36.599998,1.000000
2026-05-19-15-29-59,20.870001,-5.120000,0.680000,-1.200000,-15.600000,36.299999,1.000000
2026-05-19-15-29-59,20.910000,-5.100000,0.680000,0.000000,-13.900000,35.599998,1.000000
2026-05-19-15-29-59,20.950001,-5.090000,0.680000,1.100000,-11.600000,34.799999,1.000000
2026-05-19-15-29-59,20.980000,-5.070000,0.670000,1.800000,-9.100000,34.000000,1.000000
2026-05-19-15-30-00,21.059999,-5.020000,0.650000,1.800000,-3.100000,33.400002,1.000000
2026-05-19-15-30-00,21.170000,-4.960000,0.650000,2.100000,-1.000000,34.099998,1.000000
2026-05-19-15-30-00,21.290001,-4.920000,0.660000,3.400000,-0.200000,34.799999,1.000000
2026-05-19-15-30-00,21.400000,-4.870000,0.650000,5.300000,-2.200000,33.299999,1.000000
2026-05-19-15-30-01,21.500000,-4.810000,0.640000,7.500000,-5.600000,25.000000,1.000000
2026-05-19-15-30-01,21.629999,-4.730000,0.640000,15.100000,-8.000000,-0.500000,1.000000
2026-05-19-15-30-01,21.809999,-4.710000,0.650000,16.700001,-9.600000,-9.700000,1.000000
2026-05-19-15-30-02,21.930000,-4.710000,0.650000,10.100000,-12.300000,-16.100000,1.000000
2026-05-19-15-30-02,22.059999,-4.750000,0.670000,6.900000,-11.100000,-24.100000,1.000000
2026-05-19-15-30-03,22.260000,-4.830000,0.690000,4.900000,-11.000000,-25.500000,1.000000
2026-05-19-15-30-03,22.580000,-5.000000,0.690000,4.100000,-14.500000,-21.500000,1.000000
2026-05-19-15-30-03,22.660000,-5.040000,0.640000,3.000000,-15.400000,-20.000000,1.000000
2026-05-19-15-30-04,22.719999,-5.060000,0.570000,2.200000,-15.900000,-18.799999,1.000000
2026-05-19-15-30-04,22.780001,-5.090000,0.410000,1.500000,-13.700000,-15.700000,1.000000
2026-05-19-15-30-04,22.840000,-5.100000,0.240000,2.000000,-8.300000,-12.900000,1.000000
2026-05-19-15-30-05,22.940001,-5.140000,0.190000,6.800000,-0.100000,-10.000000,1.000000
2026-05-19-15-30-05,23.139999,-5.220000,0.180000,10.000000,-2.600000,-8.100000,1.000000
2026-05-19-15-30-06,23.340000,-5.300000,0.190000,10.000000,-8.600000,-5.400000,1.000000
2026-05-19-15-30-06,23.540001,-5.370000,0.230000,6.200000,-9.600000,-2.400000,1.000000
2026-05-19-15-30-06,23.750000,-5.440000,0.280000,1.500000,-8.400000,-0.400000,1.000000
2026-05-19-15-30-07,23.950001,-5.530000,0.320000,-1.200000,-8.800000,-0.200000,1.000000
2026-05-19-15-30-07,24.150000,-5.600000,0.360000,-2.400000,-10.300000,-0.900000,1.000000
2026-05-19-15-30-07,24.340000,-5.660000,0.390000,-1.800000,-11.000000,-1.400000,1.000000
2026-05-19-15-30-08,24.459999,-5.690000,0.420000,-0.800000,-11.500000,-1.400000,1.000000
2026-05-19-15-30-08,24.559999,-5.720000,0.440000,0.100000,-12.200000,-1.400000,1.000000
2026-05-19-15-30-08,24.670000,-5.770000,0.460000,0.800000,-12.900000,-1.300000,1.000000
2026-05-19-15-30-08,24.740000,-5.800000,0.480000,-0.100000,-14.700000,-1.800000,1.000000
2026-05-19-15-30-09,24.809999,-5.830000,0.480000,-1.000000,-16.500000,-2.300000,1.000000
2026-05-19-15-30-09,24.850000,-5.860000,0.470000,-0.800000,-17.000000,-2.800000,1.000000
2026-05-19-15-30-09,24.889999,-5.890000,0.470000,0.000000,-16.100000,-3.500000,1.000000
2026-05-19-15-30-09,24.930000,-5.900000,0.450000,0.800000,-14.400000,-4.000000,1.000000
2026-05-19-15-30-10,24.969999,-5.910000,0.440000,1.400000,-11.600000,-4.600000,1.000000
2026-05-19-15-30-10,25.000000,-5.910000,0.430000,1.600000,-8.900000,-5.200000,1.000000
2026-05-19-15-30-10,25.020000,-5.920000,0.420000,1.700000,-6.500000,-5.800000,1.000000
2026-05-19-15-30-10,25.040001,-5.930000,0.400000,1.700000,-4.100000,-6.200000,1.000000
2026-05-19-15-30-10,25.100000,-5.960000,0.390000,2.300000,0.200000,-4.700000,1.000000
2026-05-19-15-30-11,25.190001,-5.990000,0.380000,3.100000,4.500000,-3.700000,1.000000
2026-05-19-15-30-11,25.290001,-6.020000,0.380000,3.900000,5.600000,-3.600000,1.000000
2026-05-19-15-30-11,25.400000,-6.060000,0.360000,5.700000,3.600000,-3.100000,1.000000
2026-05-19-15-30-11,25.510000,-6.090000,0.320000,7.000000,-1.100000,-4.700000,1.000000
2026-05-19-15-30-11,25.610001,-6.120000,0.290000,9.100000,-5.000000,-10.900000,1.000000
2026-05-19-15-30-12,25.719999,-6.180000,0.270000,12.500000,-7.300000,-16.200001,1.000000
2026-05-19-15-30-12,25.840000,-6.230000,0.260000,11.800000,-8.800000,-18.900000,1.000000
2026-05-19-15-30-12,25.930000,-6.300000,0.280000,8.100000,-10.200000,-20.100000,1.000000
2026-05-19-15-30-12,26.030001,-6.350000,0.310000,4.500000,-11.600000,-20.799999,1.000000
2026-05-19-15-30-13,26.120001,-6.420000,0.340000,2.500000,-13.800000,-21.100000,1.000000
2026-05-19-15-30-13,26.209999,-6.480000,0.350000,1.900000,-15.700000,-24.000000,1.000000
2026-05-19-15-30-13,26.290001,-6.540000,0.350000,6.400000,-17.100000,-35.400002,1.000000
2026-05-19-15-30-13,26.360001,-6.620000,0.360000,9.200000,-16.400000,-39.599998,1.000000
2026-05-19-15-30-13,26.440001,-6.710000,0.380000,9.300000,-15.600000,-41.400002,1.000000
2026-05-19-15-30-14,26.510000,-6.810000,0.410000,7.300000,-14.000000,-42.099998,1.000000
2026-05-19-15-30-14,26.570000,-6.920000,0.440000,6.200000,-13.700000,-42.299999,1.000000
2026-05-19-15-30-14,26.629999,-7.020000,0.470000,4.800000,-13.900000,-42.500000,1.000000
2026-05-19-15-30-14,26.690001,-7.120000,0.500000,3.300000,-13.900000,-42.400002,1.000000
2026-05-19-15-30-14,26.740000,-7.220000,0.520000,2.200000,-13.900000,-44.200001,1.000000
2026-05-19-15-30-15,26.799999,-7.320000,0.550000,3.500000,-14.000000,-48.099998,1.000000
2026-05-19-15-30-15,26.850000,-7.420000,0.580000,4.000000,-14.300000,-49.099998,1.000000
2026-05-19-15-30-15,26.889999,-7.520000,0.600000,3.400000,-14.900000,-49.200001,1.000000
2026-05-19-15-30-15,26.940001,-7.620000,0.630000,2.500000,-15.600000,-48.500000,1.000000
2026-05-19-15-30-16,26.980000,-7.720000,0.650000,1.200000,-15.800000,-47.700001,1.000000
2026-05-19-15-30-16,27.030001,-7.830000,0.680000,-0.600000,-15.800000,-46.500000,1.000000
2026-05-19-15-30-16,27.059999,-7.910000,0.700000,-3.100000,-16.799999,-46.000000,1.000000
2026-05-19-15-30-16,27.080000,-7.980000,0.700000,-4.400000,-17.500000,-45.799999,1.000000
2026-05-19-15-30-16,27.100000,-8.040000,0.650000,-4.000000,-16.100000,-44.299999,1.000000
2026-05-19-15-30-17,27.120001,-8.090000,0.570000,-3.100000,-13.000000,-43.400002,1.000000
2026-05-19-15-30-17,27.150000,-8.120000,0.480000,-1.200000,-9.900000,-43.099998,1.000000
2026-05-19-15-30-17,27.160000,-8.140000,0.400000,1.800000,-6.300000,-42.599998,1.000000
2026-05-19-15-30-17,27.180000,-8.170000,0.340000,4.600000,-3.400000,-41.500000,1.000000
2026-05-19-15-30-18,27.230000,-8.230000,0.310000,7.800000,0.900000,-38.900002,1.000000
2026-05-19-15-30-18,27.309999,-8.320000,0.280000,9.300000,1.100000,-36.000000,1.000000
2026-05-19-15-30-18,27.400000,-8.410000,0.240000,8.800000,-2.800000,-33.099998,1.000000
2026-05-19-15-30-18,27.500000,-8.490000,0.210000,6.800000,-8.900000,-30.100000,1.000000
2026-05-19-15-30-18,27.590000,-8.570000,0.190000,4.800000,-13.700000,-31.600000,1.000000
2026-05-19-15-30-19,27.690001,-8.650000,0.180000,9.200000,-15.800000,-42.200001,1.000000
2026-05-19-15-30-19,27.770000,-8.720000,0.200000,14.800000,-15.200000,-51.299999,1.000000
2026-05-19-15-30-19,27.840000,-8.810000,0.240000,15.600000,-14.600000,-54.299999,1.000000
2026-05-19-15-30-19,27.900000,-8.900000,0.270000,12.900000,-14.200000,-55.000000,1.000000
2026-05-19-15-30-20,27.950001,-8.980000,0.300000,11.000000,-14.500000,-54.700001,1.000000
2026-05-19-15-30-20,27.990000,-9.080000,0.330000,9.600000,-15.400000,-52.799999,1.000000
2026-05-19-15-30-20,28.040001,-9.180000,0.340000,7.800000,-15.800000,-50.900002,1.000000
2026-05-19-15-30-20,28.090000,-9.290000,0.350000,5.500000,-16.200001,-49.400002,1.000000
2026-05-19-15-30-20,28.129999,-9.390000,0.370000,2.500000,-16.000000,-48.299999,1.000000
2026-05-19-15-30-21,28.170000,-9.500000,0.400000,0.400000,-15.500000,-47.299999,1.000000
2026-05-19-15-30-21,28.219999,-9.610000,0.430000,-0.800000,-15.000000,-46.400002,1.000000
2026-05-19-15-30-21,28.270000,-9.710000,0.470000,-1.900000,-14.600000,-45.299999,1.000000
2026-05-19-15-30-21,28.330000,-9.810000,0.510000,-2.600000,-14.700000,-44.799999,1.000000
2026-05-19-15-30-22,28.350000,-9.870000,0.530000,-3.300000,-15.800000,-45.099998,1.000000
2026-05-19-15-30-22,28.370001,-9.920000,0.530000,-2.900000,-16.600000,-45.599998,1.000000
2026-05-19-15-30-22,28.379999,-9.960000,0.530000,-1.200000,-16.700001,-46.099998,1.000000
2026-05-19-15-30-22,28.389999,-9.990000,0.520000,1.200000,-16.000000,-46.799999,1.000000
2026-05-19-15-30-22,28.400000,-10.020000,0.510000,3.500000,-14.600000,-47.400002,1.000000
2026-05-19-15-30-23,28.410000,-10.060000,0.500000,5.200000,-11.900000,-48.900002,1.000000
2026-05-19-15-30-23,28.459999,-10.100000,0.510000,8.700000,-7.500000,-58.599998,1.000000
2026-05-19-15-30-23,28.500000,-10.150000,0.510000,12.000000,-2.300000,-73.300003,1.000000
2026-05-19-15-30-23,28.540001,-10.220000,0.510000,14.600000,1.500000,-87.599998,1.000000
2026-05-19-15-30-23,28.549999,-10.270000,0.500000,14.100000,2.100000,-95.400002,1.000000
2026-05-19-15-30-24,28.549999,-10.310000,0.480000,11.500000,0.400000,-100.900002,1.000000
2026-05-19-15-30-24,28.549999,-10.360000,0.460000,9.500000,0.300000,-109.500000,1.000000
2026-05-19-15-30-24,28.520000,-10.500000,0.430000,10.900000,1.800000,-138.300003,1.000000
2026-05-19-15-30-25,28.469999,-10.550000,0.410000,14.100000,2.400000,-151.699997,1.000000
2026-05-19-15-30-25,28.379999,-10.580000,0.390000,15.000000,2.100000,-159.500000,1.000000
2026-05-19-15-30-25,28.290001,-10.620000,0.380000,13.200000,0.700000,-163.600006,1.000000
2026-05-19-15-30-25,28.180000,-10.630000,0.370000,10.600000,-1.300000,-165.300003,1.000000
2026-05-19-15-30-25,28.070000,-10.630000,0.370000,8.100000,-3.700000,-165.500000,1.000000
2026-05-19-15-30-26,27.990000,-10.640000,0.360000,4.400000,-7.500000,-165.800003,1.000000
2026-05-19-15-30-26,27.930000,-10.640000,0.350000,-0.200000,-11.300000,-164.699997,1.000000
2026-05-19-15-30-26,27.860001,-10.630000,0.340000,-5.700000,-12.500000,-158.100006,1.000000
2026-05-19-15-30-26,27.780001,-10.640000,0.360000,-7.000000,-11.100000,-152.399994,1.000000
2026-05-19-15-30-27,27.690001,-10.650000,0.370000,-4.900000,-10.500000,-149.399994,1.000000
2026-05-19-15-30-27,27.629999,-10.660000,0.370000,-3.300000,-11.300000,-148.199997,1.000000
2026-05-19-15-30-27,27.580000,-10.670000,0.360000,-0.400000,-11.900000,-147.399994,1.000000
2026-05-19-15-30-27,27.540001,-10.670000,0.360000,2.900000,-11.900000,-146.600006,1.000000
2026-05-19-15-30-27,27.500000,-10.670000,0.340000,6.100000,-11.400000,-145.699997,1.000000
2026-05-19-15-30-28,27.459999,-10.670000,0.330000,7.800000,-10.600000,-144.699997,1.000000
2026-05-19-15-30-28,27.430000,-10.670000,0.310000,8.500000,-9.500000,-143.500000,1.000000
2026-05-19-15-30-28,27.389999,-10.690000,0.290000,9.000000,-7.200000,-141.600006,1.000000
2026-05-19-15-30-28,27.309999,-10.710000,0.290000,9.700000,-4.000000,-139.000000,1.000000
2026-05-19-15-30-29,27.230000,-10.750000,0.280000,9.200000,-2.100000,-136.899994,1.000000
2026-05-19-15-30-29,27.110001,-10.770000,0.270000,7.900000,-2.800000,-134.399994,1.000000
2026-05-19-15-30-29,27.049999,-10.810000,0.260000,5.700000,-5.900000,-133.199997,1.000000
2026-05-19-15-30-29,27.000000,-10.830000,0.240000,3.500000,-9.000000,-132.699997,1.000000
2026-05-19-15-30-29,26.950001,-10.870000,0.230000,0.500000,-11.000000,-129.899994,1.000000
2026-05-19-15-30-30,26.870001,-10.930000,0.240000,-0.800000,-10.700000,-125.699997,1.000000
2026-05-19-15-30-30,26.780001,-11.000000,0.250000,-1.500000,-10.600000,-122.099998,1.000000
2026-05-19-15-30-30,26.700001,-11.070000,0.260000,-1.600000,-11.200000,-119.199997,1.000000
2026-05-19-15-30-30,26.639999,-11.140000,0.270000,0.200000,-12.900000,-120.300003,1.000000
2026-05-19-15-30-30,26.590000,-11.210000,0.290000,4.300000,-14.200000,-129.000000,1.000000
2026-05-19-15-30-31,26.430000,-11.390000,0.330000,21.799999,-11.000000,-165.000000,1.000000
2026-05-19-15-30-31,26.370001,-11.460000,0.310000,29.799999,-13.600000,-175.600006,1.000000
2026-05-19-15-30-32,26.299999,-11.500000,0.300000,32.200001,-13.400000,176.300003,1.000000
2026-05-19-15-30-32,26.230000,-11.530000,0.310000,30.400000,-11.400000,167.899994,1.000000
2026-05-19-15-30-32,26.150000,-11.550000,0.330000,26.700001,-7.400000,157.300003,1.000000
2026-05-19-15-30-32,26.080000,-11.550000,0.340000,24.400000,-0.800000,145.600006,1.000000
2026-05-19-15-30-33,25.940001,-11.440000,0.320000,18.900000,3.800000,130.899994,1.000000
2026-05-19-15-30-33,25.879999,-11.370000,0.290000,19.500000,0.600000,127.099998,1.000000
2026-05-19-15-30-33,25.840000,-11.310000,0.250000,18.400000,-2.000000,124.800003,1.000000
2026-05-19-15-30-33,25.809999,-11.230000,0.220000,14.700000,-5.600000,123.199997,1.000000
2026-05-19-15-30-34,25.799999,-11.150000,0.200000,9.300000,-9.600000,127.800003,1.000000
2026-05-19-15-30-34,25.790001,-11.060000,0.200000,-1.900000,-13.700000,140.699997,1.000000
2026-05-19-15-30-34,25.760000,-10.970000,0.210000,-6.900000,-13.200000,148.199997,1.000000
2026-05-19-15-30-34,25.709999,-10.890000,0.230000,-9.800000,-11.400000,151.800003,1.000000
2026-05-19-15-30-34,25.660000,-10.810000,0.260000,-10.800000,-10.000000,153.300003,1.000000
2026-05-19-15-30-35,25.600000,-10.720000,0.280000,-10.100000,-9.000000,154.100006,1.000000
2026-05-19-15-30-35,25.530001,-10.650000,0.300000,-7.900000,-8.400000,155.199997,1.000000
2026-05-19-15-30-35,25.459999,-10.560000,0.320000,-5.400000,-8.100000,156.399994,1.000000
2026-05-19-15-30-35,25.379999,-10.490000,0.350000,-2.800000,-8.200000,157.399994,1.000000
2026-05-19-15-30-35,25.299999,-10.400000,0.370000,-0.500000,-8.400000,158.699997,1.000000
2026-05-19-15-30-36,25.219999,-10.330000,0.390000,1.100000,-8.500000,160.100006,1.000000
2026-05-19-15-30-36,25.139999,-10.260000,0.400000,2.000000,-8.800000,161.399994,1.000000
2026-05-19-15-30-36,25.049999,-10.180000,0.420000,3.000000,-8.800000,160.500000,1.000000
2026-05-19-15-30-36,24.969999,-10.100000,0.430000,4.000000,-9.200000,160.300003,1.000000
2026-05-19-15-30-37,24.889999,-10.020000,0.440000,4.500000,-9.900000,160.699997,1.000000
2026-05-19-15-30-37,24.740000,-9.860000,0.440000,4.400000,-14.100000,160.000000,1.000000
2026-05-19-15-30-37,24.660000,-9.800000,0.460000,4.700000,-12.000000,161.300003,1.000000
2026-05-19-15-30-38,24.590000,-9.750000,0.460000,4.300000,-10.500000,162.500000,1.000000
2026-05-19-15-30-38,24.540001,-9.730000,0.410000,5.400000,-8.200000,164.399994,1.000000
2026-05-19-15-30-38,24.510000,-9.710000,0.330000,7.200000,-6.300000,165.800003,1.000000
2026-05-19-15-30-38,24.480000,-9.710000,0.240000,9.200000,-4.000000,167.600006,1.000000
2026-05-19-15-30-39,24.459999,-9.720000,0.130000,11.000000,-0.800000,169.899994,1.000000
2026-05-19-15-30-39,24.450001,-9.740000,0.010000,12.700000,2.100000,171.899994,1.000000
2026-05-19-15-30-39,24.450001,-9.740000,-0.060000,14.300000,5.000000,173.800003,1.000000
2026-05-19-15-30-39,24.440001,-9.750000,-0.120000,15.600000,5.200000,174.500000,1.000000
2026-05-19-15-30-39,24.440001,-9.780000,-0.210000,19.900000,1.100000,174.600006,1.000000
2026-05-19-15-30-40,24.440001,-9.830000,-0.300000,21.000000,2.700000,176.699997,1.000000
2026-05-19-15-30-40,24.480000,-9.930000,-0.370000,13.300000,7.700000,-175.699997,1.000000
2026-05-19-15-30-40,24.450001,-9.940000,-0.330000,20.799999,5.000000,-168.399994,1.000000
2026-05-19-15-30-41,24.389999,-9.950000,-0.290000,32.200001,2.600000,-161.199997,1.000000
2026-05-19-15-30-41,24.299999,-9.980000,-0.270000,40.000000,2.500000,-159.100006,1.000000
2026-05-19-15-30-41,24.240000,-10.050000,-0.270000,38.299999,8.100000,-170.600006,1.000000
2026-05-19-15-30-41,24.110001,-10.090000,-0.270000,30.900000,12.800000,176.899994,1.000000
2026-05-19-15-30-42,24.010000,-10.100000,-0.270000,26.100000,9.300000,172.600006,1.000000
2026-05-19-15-30-42,23.910000,-10.090000,-0.270000,22.200001,6.500000,169.399994,1.000000
2026-05-19-15-30-42,23.820000,-10.050000,-0.290000,17.900000,1.100000,174.399994,1.000000
2026-05-19-15-30-42,23.750000,-10.020000,-0.300000,12.900000,-4.900000,-177.399994,1.000000
2026-05-19-15-30-43,23.670000,-9.990000,-0.300000,8.900000,-5.300000,-173.100006,1.000000
2026-05-19-15-30-43,23.570000,-9.960000,-0.300000,5.200000,-5.700000,-169.800003,1.000000
2026-05-19-15-30-43,23.469999,-9.940000,-0.290000,1.700000,-5.400000,-168.300003,1.000000
2026-05-19-15-30-43,23.370001,-9.910000,-0.270000,0.700000,-5.300000,-167.199997,1.000000
2026-05-19-15-30-43,23.270000,-9.900000,-0.250000,0.600000,-6.400000,-168.100006,1.000000
2026-05-19-15-30-44,23.180000,-9.900000,-0.250000,3.500000,-8.900000,-174.899994,1.000000
2026-05-19-15-30-44,23.090000,-9.880000,-0.230000,7.400000,-9.900000,-178.300003,1.000000
2026-05-19-15-30-44,22.980000,-9.850000,-0.220000,9.700000,-10.100000,-179.199997,1.000000
2026-05-19-15-30-44,22.870001,-9.810000,-0.220000,10.300000,-10.400000,-179.600006,1.000000
2026-05-19-15-30-44,22.760000,-9.770000,-0.200000,10.500000,-11.200000,-179.500000,1.000000
2026-05-19-15-30-45,22.660000,-9.740000,-0.190000,9.600000,-11.600000,-179.100006,1.000000
2026-05-19-15-30-45,22.549999,-9.720000,-0.170000,8.400000,-12.300000,-178.699997,1.000000
2026-05-19-15-30-45,22.459999,-9.680000,-0.140000,7.600000,-13.100000,-178.600006,1.000000
2026-05-19-15-30-45,22.350000,-9.650000,-0.120000,6.200000,-13.400000,-178.199997,1.000000
2026-05-19-15-30-46,22.250000,-9.610000,-0.100000,5.900000,-13.800000,-177.699997,1.000000
2026-05-19-15-30-46,22.150000,-9.570000,-0.090000,5.100000,-14.100000,-176.800003,1.000000
2026-05-19-15-30-46,22.049999,-9.540000,-0.060000,4.600000,-14.000000,-176.000000,1.000000
2026-05-19-15-30-46,21.940001,-9.500000,-0.040000,4.300000,-13.700000,-175.500000,1.000000
2026-05-19-15-30-46,21.830000,-9.470000,-0.010000,4.100000,-13.300000,-175.000000,1.000000
2026-05-19-15-30-47,21.719999,-9.420000,0.020000,4.300000,-12.900000,-174.500000,1.000000
2026-05-19-15-30-47,21.600000,-9.380000,0.040000,4.300000,-12.600000,-173.800003,1.000000
2026-05-19-15-30-47,21.500000,-9.360000,0.070000,4.000000,-12.500000,-173.199997,1.000000
2026-05-19-15-30-47,21.389999,-9.330000,0.090000,3.700000,-12.400000,-172.500000,1.000000
2026-05-19-15-30-48,21.280001,-9.310000,0.120000,3.800000,-12.700000,-172.100006,1.000000
2026-05-19-15-30-48,21.180000,-9.280000,0.150000,4.100000,-13.300000,-172.000000,1.000000
2026-05-19-15-30-48,21.070000,-9.250000,0.170000,4.600000,-13.700000,-171.800003,1.000000
2026-05-19-15-30-48,20.969999,-9.210000,0.190000,5.400000,-14.100000,-171.500000,1.000000
2026-05-19-15-30-48,20.850000,-9.180000,0.210000,6.300000,-14.700000,-171.399994,1.000000
2026-05-19-15-30-49,20.740000,-9.160000,0.230000,7.100000,-15.100000,-171.800003,1.000000
2026-05-19-15-30-49,20.600000,-9.120000,0.260000,8.300000,-15.500000,-173.000000,1.000000
2026-05-19-15-30-49,20.500000,-9.120000,0.290000,9.500000,-15.700000,-173.899994,1.000000
2026-05-19-15-30-49,20.389999,-9.080000,0.320000,9.500000,-15.700000,-174.300003,1.000000
2026-05-19-15-30-50,20.280001,-9.040000,0.340000,9.300000,-15.700000,-174.300003,1.000000
2026-05-19-15-30-50,20.170000,-9.000000,0.370000,8.500000,-15.400000,-174.100006,1.000000
2026-05-19-15-30-50,20.070000,-8.960000,0.400000,7.400000,-15.000000,-174.100006,1.000000
2026-05-19-15-30-50,19.969999,-8.930000,0.420000,8.400000,-14.300000,-179.800003,1.000000
2026-05-19-15-30-50,19.870001,-8.880000,0.440000,11.700000,-13.300000,174.300003,1.000000
2026-05-19-15-30-51,19.760000,-8.830000,0.460000,13.000000,-12.400000,171.100006,1.000000
2026-05-19-15-30-51,19.660000,-8.770000,0.480000,12.500000,-11.500000,168.899994,1.000000
2026-05-19-15-30-51,19.400000,-8.600000,0.440000,8.200000,-31.700001,163.399994,1.000000
2026-05-19-15-30-52,19.330000,-8.540000,0.440000,9.600000,-38.700001,161.199997,1.000000
2026-05-19-15-30-52,19.270000,-8.480000,0.460000,9.300000,-39.700001,161.000000,1.000000
2026-05-19-15-30-52,19.230000,-8.430000,0.470000,7.600000,-39.099998,160.600006,1.000000
2026-05-19-15-30-52,19.209999,-8.390000,0.470000,6.000000,-36.599998,160.399994,1.000000
2026-05-19-15-30-53,19.180000,-8.360000,0.460000,-0.400000,-29.600000,160.899994,1.000000
2026-05-19-15-30-53,19.150000,-8.330000,0.410000,-2.700000,-23.400000,161.800003,1.000000
2026-05-19-15-30-53,19.110001,-8.300000,0.340000,-2.700000,-19.100000,162.500000,1.000000
2026-05-19-15-30-53,19.090000,-8.280000,0.270000,-0.700000,-12.700000,163.500000,1.000000
2026-05-19-15-30-53,19.059999,-8.260000,0.220000,2.600000,-7.600000,163.899994,1.000000
2026-05-19-15-30-54,18.980000,-8.220000,0.190000,6.800000,-1.700000,164.600006,1.000000
2026-05-19-15-30-54,18.889999,-8.170000,0.150000,10.500000,1.000000,166.300003,1.000000
2026-05-19-15-30-54,18.780001,-8.120000,0.120000,12.400000,-0.200000,168.399994,1.000000
2026-05-19-15-30-54,18.680000,-8.060000,0.090000,13.000000,-3.400000,170.300003,1.000000
2026-05-19-15-30-55,18.570000,-8.000000,0.060000,12.500000,-7.400000,172.000000,1.000000
2026-05-19-15-30-55,18.450001,-7.940000,0.060000,11.600000,-11.100000,173.500000,1.000000
2026-05-19-15-30-55,18.350000,-7.890000,0.070000,9.700000,-13.700000,175.600006,1.000000
2026-05-19-15-30-55,18.240000,-7.840000,0.080000,7.000000,-15.500000,177.800003,1.000000
2026-05-19-15-30-55,18.170000,-7.800000,0.090000,3.900000,-17.900000,179.199997,1.000000
2026-05-19-15-30-56,18.120001,-7.770000,0.090000,2.800000,-20.000000,179.300003,1.000000
2026-05-19-15-30-56,18.059999,-7.730000,0.100000,2.400000,-19.900000,-177.199997,1.000000
2026-05-19-15-30-56,17.980000,-7.680000,0.120000,2.900000,-17.400000,-171.699997,1.000000
2026-05-19-15-30-56,17.889999,-7.650000,0.160000,4.200000,-14.600000,-169.199997,1.000000
2026-05-19-15-30-56,17.780001,-7.620000,0.180000,5.900000,-13.200000,-167.800003,1.000000
2026-05-19-15-30-57,17.670000,-7.610000,0.200000,7.600000,-12.300000,-166.600006,1.000000
2026-05-19-15-30-57,17.549999,-7.600000,0.220000,7.900000,-12.000000,-165.600006,1.000000
2026-05-19-15-30-57,17.440001,-7.590000,0.250000,7.800000,-12.000000,-164.899994,1.000000
2026-05-19-15-30-57,17.340000,-7.580000,0.260000,7.300000,-13.500000,-164.699997,1.000000
2026-05-19-15-30-58,17.270000,-7.580000,0.230000,7.400000,-15.800000,-164.600006,1.000000
2026-05-19-15-30-58,17.219999,-7.580000,0.160000,7.900000,-16.100000,-163.600006,1.000000
2026-05-19-15-30-58,17.180000,-7.600000,0.070000,9.500000,-14.500000,-162.199997,1.000000
2026-05-19-15-30-58,17.150000,-7.610000,-0.000000,11.600000,-12.400000,-161.300003,1.000000
2026-05-19-15-30-58,17.129999,-7.620000,-0.050000,13.400000,-10.200000,-160.800003,1.000000
2026-05-19-15-30-59,17.110001,-7.630000,-0.100000,14.700000,-7.800000,-160.600006,1.000000
2026-05-19-15-30-59,17.020000,-7.650000,-0.130000,18.299999,-3.600000,-159.699997,1.000000
2026-05-19-15-30-59,16.940001,-7.690000,-0.150000,20.100000,-2.500000,-159.300003,1.000000
2026-05-19-15-30-59,16.840000,-7.710000,-0.180000,19.700001,-4.300000,-159.199997,1.000000
2026-05-19-15-31-00,16.730000,-7.710000,-0.210000,18.799999,-6.800000,-161.500000,1.000000
2026-05-19-15-31-00,16.629999,-7.720000,-0.230000,19.299999,-9.600000,-167.899994,1.000000
2026-05-19-15-31-00,16.520000,-7.720000,-0.250000,20.799999,-12.100000,-172.800003,1.000000
2026-05-19-15-31-00,16.400000,-7.700000,-0.250000,19.200001,-14.500000,-175.699997,1.000000
2026-05-19-15-31-00,16.290001,-7.670000,-0.240000,15.200000,-15.700000,-176.500000,1.000000
2026-05-19-15-31-01,16.190001,-7.630000,-0.220000,12.600000,-16.100000,-177.100006,1.000000
2026-05-19-15-31-01,16.080000,-7.590000,-0.210000,10.500000,-16.100000,-178.000000,1.000000
2026-05-19-15-31-01,15.980000,-7.540000,-0.180000,9.500000,-15.900000,-178.800003,1.000000
2026-05-19-15-31-01,15.880000,-7.490000,-0.160000,8.700000,-15.300000,-179.800003,1.000000
2026-05-19-15-31-01,15.800000,-7.480000,-0.130000,10.000000,-14.600000,168.399994,1.000000
2026-05-19-15-31-02,15.730000,-7.490000,-0.120000,13.200000,-12.800000,146.600006,1.000000
2026-05-19-15-31-02,15.680000,-7.500000,-0.100000,16.400000,-9.800000,128.500000,1.000000
2026-05-19-15-31-02,15.640000,-7.460000,-0.090000,17.100000,-8.100000,124.000000,1.000000
2026-05-19-15-31-02,15.600000,-7.390000,-0.090000,17.500000,-6.600000,121.699997,1.000000
2026-05-19-15-31-03,15.570000,-7.290000,-0.080000,17.500000,-5.600000,120.199997,1.000000
2026-05-19-15-31-03,15.540000,-7.190000,-0.080000,15.800000,-4.500000,119.900002,1.000000
2026-05-19-15-31-03,15.510000,-7.070000,-0.080000,13.100000,-4.000000,120.300003,1.000000
2026-05-19-15-31-03,15.490000,-6.990000,-0.090000,8.700000,-5.500000,120.300003,1.000000
2026-05-19-15-31-03,15.480000,-6.930000,-0.140000,2.600000,-7.400000,121.500000,1.000000
2026-05-19-15-31-04,15.470000,-6.890000,-0.220000,-0.900000,-7.000000,123.099998,1.000000
2026-05-19-15-31-04,15.460000,-6.860000,-0.310000,-2.600000,-5.300000,124.199997,1.000000
2026-05-19-15-31-04,15.460000,-6.840000,-0.410000,-1.900000,-2.400000,125.500000,1.000000
2026-05-19-15-31-04,15.470000,-6.830000,-0.520000,-0.200000,0.800000,126.699997,1.000000
2026-05-19-15-31-05,15.480000,-6.820000,-0.630000,1.800000,4.500000,128.199997,1.000000
2026-05-19-15-31-05,15.480000,-6.830000,-0.740000,4.300000,9.500000,130.300003,1.000000
2026-05-19-15-31-05,15.480000,-6.840000,-0.820000,6.800000,13.000000,131.600006,1.000000
2026-05-19-15-31-05,15.480000,-6.840000,-0.880000,10.000000,16.500000,132.800003,1.000000
2026-05-19-15-31-05,15.470000,-6.840000,-0.930000,13.200000,20.100000,134.199997,1.000000
2026-05-19-15-31-06,15.430000,-6.780000,-1.000000,17.700001,24.299999,136.899994,1.000000
2026-05-19-15-31-06,15.380000,-6.730000,-1.070000,20.799999,25.299999,139.399994,1.000000
2026-05-19-15-31-06,15.290000,-6.630000,-1.190000,21.900000,10.000000,142.199997,1.000000
2026-05-19-15-31-07,15.140000,-6.520000,-1.230000,20.299999,-7.000000,144.399994,1.000000
2026-05-19-15-31-07,14.990000,-6.360000,-1.200000,20.400000,-9.300000,146.300003,1.000000
2026-05-19-15-31-07,14.840000,-6.220000,-1.150000,13.100000,-7.800000,148.699997,1.000000
2026-05-19-15-31-08,14.710000,-6.070000,-1.130000,6.200000,-7.800000,150.199997,1.000000
2026-05-19-15-31-08,14.620000,-5.970000,-1.110000,3.500000,-7.600000,148.899994,1.000000
2026-05-19-15-31-08,14.540000,-5.910000,-1.100000,3.600000,-7.700000,140.100006,1.000000
2026-05-19-15-31-08,14.490000,-5.840000,-1.100000,8.300000,-7.100000,131.899994,1.000000
2026-05-19-15-31-09,14.430000,-5.750000,-1.080000,11.200000,-6.300000,128.199997,1.000000
2026-05-19-15-31-09,14.390000,-5.650000,-1.060000,11.400000,-5.600000,126.300003,1.000000
2026-05-19-15-31-09,14.370000,-5.500000,-1.050000,12.000000,-5.400000,125.000000,1.000000
2026-05-19-15-31-09,14.320000,-5.390000,-1.050000,12.200000,-6.000000,124.500000,1.000000
2026-05-19-15-31-10,14.290000,-5.280000,-1.050000,11.500000,-6.600000,124.400002,1.000000
2026-05-19-15-31-10,14.280000,-5.160000,-1.050000,8.800000,-7.100000,124.699997,1.000000
2026-05-19-15-31-10,14.250000,-5.050000,-1.040000,6.500000,-7.400000,125.000000,1.000000
2026-05-19-15-31-10,14.230000,-4.950000,-1.030000,4.300000,-7.400000,125.300003,1.000000
2026-05-19-15-31-10,14.210000,-4.840000,-1.010000,2.700000,-7.700000,125.599998,1.000000
2026-05-19-15-31-11,14.180000,-4.730000,-1.000000,1.400000,-7.500000,126.400002,1.000000
2026-05-19-15-31-11,14.150000,-4.620000,-0.980000,0.300000,-7.300000,127.000000,1.000000
2026-05-19-15-31-11,14.120000,-4.500000,-0.960000,-0.200000,-7.200000,127.599998,1.000000
2026-05-19-15-31-11,14.090000,-4.390000,-0.950000,-0.400000,-7.200000,128.100006,1.000000
2026-05-19-15-31-11,14.070000,-4.280000,-0.930000,-0.100000,-7.400000,128.600006,1.000000
2026-05-19-15-31-12,14.040000,-4.100000,-0.920000,0.400000,-7.800000,129.000000,1.000000
2026-05-19-15-31-12,14.010000,-4.050000,-0.900000,0.700000,-8.100000,129.600006,1.000000
2026-05-19-15-31-12,13.980000,-3.940000,-0.880000,0.600000,-8.300000,130.300003,1.000000
2026-05-19-15-31-12,13.950000,-3.840000,-0.860000,0.600000,-8.600000,130.899994,1.000000
2026-05-19-15-31-13,13.910000,-3.730000,-0.840000,0.700000,-8.900000,131.300003,1.000000
2026-05-19-15-31-13,13.880000,-3.630000,-0.830000,1.400000,-10.100000,131.199997,1.000000
2026-05-19-15-31-13,13.870000,-3.560000,-0.830000,1.200000,-11.800000,130.600006,1.000000
2026-05-19-15-31-13,13.860000,-3.510000,-0.830000,1.900000,-13.000000,130.100006,1.000000
2026-05-19-15-31-13,13.850000,-3.460000,-0.840000,3.500000,-13.100000,129.699997,1.000000
2026-05-19-15-31-14,13.850000,-3.430000,-0.850000,5.100000,-12.200000,129.600006,1.000000
2026-05-19-15-31-14,13.850000,-3.390000,-0.850000,6.400000,-10.300000,129.800003,1.000000
2026-05-19-15-31-14,13.850000,-3.360000,-0.860000,7.100000,-7.500000,130.199997,1.000000
2026-05-19-15-31-15,13.820000,-3.270000,-0.890000,8.300000,0.000000,131.399994,1.000000
2026-05-19-15-31-15,13.780000,-3.180000,-0.890000,8.900000,3.200000,132.000000,1.000000
2026-05-19-15-31-15,13.730000,-3.090000,-0.900000,9.900000,4.500000,132.600006,1.000000
2026-05-19-15-31-15,13.690000,-2.980000,-0.930000,11.700000,3.500000,133.100006,1.000000
2026-05-19-15-31-15,13.640000,-2.880000,-0.950000,11.600000,0.900000,133.500000,1.000000
2026-05-19-15-31-16,13.590000,-2.770000,-0.960000,10.000000,-2.000000,134.000000,1.000000
2026-05-19-15-31-16,13.560000,-2.670000,-0.990000,7.400000,-5.300000,134.699997,1.000000
2026-05-19-15-31-16,13.540000,-2.620000,-1.060000,5.500000,-7.500000,136.199997,1.000000
2026-05-19-15-31-16,13.520000,-2.590000,-1.140000,4.600000,-7.600000,137.800003,1.000000
2026-05-19-15-31-16,13.490000,-2.570000,-1.240000,4.700000,-6.300000,139.100006,1.000000
2026-05-19-15-31-17,13.470000,-2.570000,-1.370000,6.100000,-4.000000,140.500000,1.000000
2026-05-19-15-31-17,13.460000,-2.570000,-1.460000,7.700000,-1.200000,141.899994,1.000000
2026-05-19-15-31-17,13.450000,-2.580000,-1.540000,10.100000,1.900000,143.100006,1.000000
2026-05-19-15-31-17,13.440000,-2.590000,-1.590000,12.200000,3.500000,143.600006,1.000000
2026-05-19-15-31-18,13.440000,-2.600000,-1.650000,14.200000,4.500000,143.899994,1.000000
2026-05-19-15-31-18,13.420000,-2.620000,-1.740000,16.000000,8.700000,144.899994,1.000000
2026-05-19-15-31-18,13.410000,-2.690000,-1.810000,12.700000,6.000000,147.699997,1.000000
2026-05-19-15-31-19,13.340000,-2.700000,-1.740000,21.600000,8.600000,151.600006,1.000000
2026-05-19-15-31-19,13.270000,-2.650000,-1.710000,28.100000,10.700000,147.500000,1.000000
2026-05-19-15-31-19,13.160000,-2.600000,-1.730000,33.299999,11.800000,137.600006,1.000000
2026-05-19-15-31-20,13.070000,-2.490000,-1.760000,32.099998,6.100000,134.100006,1.000000
2026-05-19-15-31-20,12.950000,-2.360000,-1.770000,27.500000,-0.100000,133.300003,1.000000
2026-05-19-15-31-20,12.870000,-2.190000,-1.780000,22.299999,-4.000000,134.500000,1.000000
2026-05-19-15-31-21,12.770000,-2.020000,-1.780000,11.800000,-5.700000,136.500000,1.000000
2026-05-19-15-31-21,12.650000,-1.870000,-1.750000,3.300000,-6.400000,137.399994,1.000000
2026-05-19-15-31-22,12.570000,-1.680000,-1.720000,0.300000,-6.900000,137.199997,1.000000
2026-05-19-15-31-22,12.410000,-1.420000,-1.690000,2.200000,-8.800000,137.300003,1.000000
2026-05-19-15-31-22,12.330000,-1.290000,-1.660000,4.100000,-9.400000,137.500000,1.000000
2026-05-19-15-31-23,12.270000,-1.190000,-1.650000,6.000000,-9.900000,137.899994,1.000000
2026-05-19-15-31-23,12.220000,-1.090000,-1.640000,6.800000,-10.300000,138.300003,1.000000
2026-05-19-15-31-23,12.160000,-1.010000,-1.630000,7.200000,-11.000000,138.800003,1.000000
2026-05-19-15-31-23,12.100000,-0.910000,-1.600000,6.300000,-11.500000,139.399994,1.000000
2026-05-19-15-31-24,12.040000,-0.820000,-1.570000,5.100000,-11.600000,139.800003,1.000000
2026-05-19-15-31-24,11.980000,-0.710000,-1.550000,3.600000,-11.400000,140.800003,1.000000
2026-05-19-15-31-24,11.920000,-0.610000,-1.530000,2.600000,-11.300000,141.500000,1.000000
2026-05-19-15-31-24,11.860000,-0.510000,-1.500000,2.000000,-11.000000,142.100006,1.000000
2026-05-19-15-31-24,11.810000,-0.390000,-1.480000,2.000000,-10.600000,142.699997,1.000000
2026-05-19-15-31-25,11.750000,-0.300000,-1.460000,2.100000,-10.400000,143.300003,1.000000
2026-05-19-15-31-25,11.690000,-0.200000,-1.450000,2.400000,-10.300000,143.699997,1.000000
2026-05-19-15-31-25,11.620000,-0.100000,-1.430000,3.100000,-10.400000,144.300003,1.000000
2026-05-19-15-31-25,11.550000,-0.020000,-1.410000,3.300000,-10.600000,144.800003,1.000000
2026-05-19-15-31-25,11.490000,0.070000,-1.390000,3.500000,-11.000000,145.399994,1.000000
2026-05-19-15-31-26,11.420000,0.150000,-1.370000,3.400000,-11.600000,145.899994,1.000000
2026-05-19-15-31-26,11.350000,0.240000,-1.340000,3.000000,-12.000000,146.399994,1.000000
2026-05-19-15-31-26,11.280000,0.330000,-1.320000,2.800000,-12.200000,146.699997,1.000000
2026-05-19-15-31-26,11.200000,0.420000,-1.290000,3.300000,-12.400000,146.399994,1.000000
2026-05-19-15-31-27,11.140000,0.500000,-1.270000,6.200000,-12.800000,139.600006,1.000000
2026-05-19-15-31-27,11.080000,0.590000,-1.260000,12.600000,-12.100000,131.600006,1.000000
2026-05-19-15-31-27,11.030000,0.690000,-1.250000,15.000000,-11.600000,128.100006,1.000000
2026-05-19-15-31-27,10.990000,0.790000,-1.240000,14.200000,-11.500000,126.599998,1.000000
2026-05-19-15-31-28,10.880000,1.110000,-1.200000,11.500000,-11.700000,124.900002,1.000000
2026-05-19-15-31-28,10.850000,1.220000,-1.190000,10.600000,-11.200000,125.400002,1.000000
2026-05-19-15-31-28,10.810000,1.320000,-1.180000,8.900000,-10.800000,125.800003,1.000000
2026-05-19-15-31-29,10.780000,1.430000,-1.170000,7.000000,-10.800000,126.500000,1.000000
2026-05-19-15-31-29,10.740000,1.540000,-1.170000,8.700000,-12.700000,126.400002,1.000000
2026-05-19-15-31-29,10.690000,1.660000,-1.190000,13.700000,-14.400000,125.400002,1.000000
2026-05-19-15-31-29,10.690000,1.760000,-1.210000,14.100000,-14.900000,126.199997,1.000000
2026-05-19-15-31-29,10.650000,1.840000,-1.220000,13.100000,-15.600000,126.800003,1.000000
2026-05-19-15-31-30,10.630000,1.930000,-1.220000,11.000000,-16.900000,127.699997,1.000000
2026-05-19-15-31-30,10.590000,2.030000,-1.210000,7.800000,-18.100000,129.100006,1.000000
2026-05-19-15-31-30,10.560000,2.140000,-1.190000,5.200000,-18.400000,130.100006,1.000000
2026-05-19-15-31-30,10.520000,2.230000,-1.180000,3.900000,-18.400000,126.800003,1.000000
2026-05-19-15-31-31,10.490000,2.310000,-1.160000,7.000000,-17.500000,117.500000,1.000000
2026-05-19-15-31-31,10.460000,2.410000,-1.140000,8.600000,-15.300000,113.000000,1.000000
2026-05-19-15-31-31,10.450000,2.510000,-1.120000,7.200000,-13.300000,111.400002,1.000000
2026-05-19-15-31-31,10.440000,2.610000,-1.090000,5.900000,-11.800000,110.900002,1.000000
2026-05-19-15-31-31,10.440000,2.720000,-1.070000,5.600000,-11.000000,111.000000,1.000000
2026-05-19-15-31-32,10.430000,2.840000,-1.050000,5.700000,-10.500000,111.599998,1.000000
2026-05-19-15-31-32,10.430000,2.960000,-1.030000,5.700000,-10.000000,112.400002,1.000000
2026-05-19-15-31-32,10.430000,3.080000,-1.010000,5.200000,-9.600000,113.099998,1.000000
2026-05-19-15-31-32,10.420000,3.190000,-1.000000,4.700000,-9.500000,113.699997,1.000000
2026-05-19-15-31-32,10.410000,3.300000,-0.980000,4.300000,-9.500000,114.699997,1.000000
2026-05-19-15-31-33,10.410000,3.410000,-0.970000,3.900000,-9.700000,115.699997,1.000000
2026-05-19-15-31-33,10.400000,3.530000,-0.960000,3.400000,-8.700000,116.800003,1.000000
2026-05-19-15-31-33,10.370000,3.710000,-1.020000,4.600000,-5.200000,120.300003,1.000000
2026-05-19-15-31-34,10.360000,3.800000,-1.070000,5.200000,-4.700000,121.599998,1.000000
2026-05-19-15-31-34,10.340000,3.890000,-1.130000,6.200000,-5.600000,122.599998,1.000000
2026-05-19-15-31-34,10.290000,4.050000,-1.270000,7.700000,-10.500000,125.400002,1.000000
2026-05-19-15-31-34,10.260000,4.130000,-1.360000,8.800000,-13.800000,127.199997,1.000000
2026-05-19-15-31-35,10.220000,4.190000,-1.430000,9.100000,-17.299999,128.899994,1.000000
2026-05-19-15-31-35,10.180000,4.260000,-1.480000,10.000000,-21.700001,130.899994,1.000000
2026-05-19-15-31-35,10.150000,4.340000,-1.510000,10.600000,-26.200001,132.800003,1.000000
2026-05-19-15-31-35,10.110000,4.410000,-1.510000,10.000000,-30.299999,134.800003,1.000000
2026-05-19-15-31-36,10.080000,4.490000,-1.490000,9.600000,-32.099998,135.699997,1.000000
2026-05-19-15-31-36,10.040000,4.540000,-1.470000,14.100000,-32.000000,128.000000,1.000000
2026-05-19-15-31-36,10.010000,4.590000,-1.450000,20.700001,-29.200001,115.699997,1.000000
2026-05-19-15-31-36,10.000000,4.620000,-1.450000,21.000000,-26.100000,109.099998,1.000000
2026-05-19-15-31-36,9.990000,4.650000,-1.450000,17.400000,-22.700001,106.900002,1.000000
2026-05-19-15-31-37,9.990000,4.670000,-1.450000,11.900000,-18.900000,106.800003,1.000000
2026-05-19-15-31-37,9.980000,4.720000,-1.450000,4.400000,-13.500000,109.300003,1.000000
2026-05-19-15-31-37,9.970000,4.800000,-1.440000,3.000000,-8.300000,110.699997,1.000000
2026-05-19-15-31-37,9.960000,4.890000,-1.430000,3.700000,-5.200000,111.300003,1.000000
2026-05-19-15-31-37,9.960000,4.990000,-1.430000,6.000000,-4.200000,111.400002,1.000000
2026-05-19-15-31-38,9.950000,5.100000,-1.430000,8.000000,-4.500000,111.800003,1.000000
2026-05-19-15-31-38,9.950000,5.220000,-1.430000,8.900000,-5.400000,112.699997,1.000000
2026-05-19-15-31-38,9.940000,5.320000,-1.430000,8.600000,-6.300000,113.000000,1.000000
2026-05-19-15-31-38,9.930000,5.420000,-1.430000,9.300000,-7.100000,106.699997,1.000000
2026-05-19-15-31-39,9.930000,5.520000,-1.430000,11.200000,-7.900000,102.400002,1.000000
2026-05-19-15-31-39,9.950000,5.630000,-1.430000,10.600000,-8.800000,100.900002,1.000000
2026-05-19-15-31-39,9.970000,5.750000,-1.410000,8.600000,-9.400000,100.199997,1.000000
2026-05-19-15-31-39,10.020000,5.990000,-1.390000,5.500000,-9.700000,102.800003,1.000000
2026-05-19-15-31-40,10.050000,6.100000,-1.370000,3.500000,-9.200000,104.099998,1.000000
2026-05-19-15-31-40,10.070000,6.210000,-1.350000,2.700000,-8.800000,104.800003,1.000000
2026-05-19-15-31-40,10.090000,6.320000,-1.340000,2.200000,-8.500000,105.400002,1.000000
2026-05-19-15-31-40,10.120000,6.440000,-1.320000,2.000000,-8.500000,105.900002,1.000000
2026-05-19-15-31-41,10.130000,6.550000,-1.300000,1.700000,-8.700000,106.300003,1.000000
2026-05-19-15-31-41,10.150000,6.650000,-1.280000,1.000000,-9.700000,106.400002,1.000000
2026-05-19-15-31-41,10.160000,6.720000,-1.290000,1.000000,-11.400000,106.099998,1.000000
2026-05-19-15-31-41,10.180000,6.770000,-1.340000,2.300000,-11.500000,107.000000,1.000000
2026-05-19-15-31-41,10.180000,6.810000,-1.410000,3.700000,-9.600000,108.400002,1.000000
2026-05-19-15-31-42,10.170000,6.830000,-1.510000,5.900000,-6.300000,109.599998,1.000000
2026-05-19-15-31-42,10.170000,6.850000,-1.600000,8.300000,-3.200000,110.900002,1.000000
2026-05-19-15-31-42,10.150000,6.850000,-1.700000,11.200000,0.100000,112.800003,1.000000
2026-05-19-15-31-42,10.130000,6.840000,-1.810000,14.000000,3.700000,114.800003,1.000000
2026-05-19-15-31-43,10.110000,6.830000,-1.910000,16.700001,8.000000,117.400002,1.000000
2026-05-19-15-31-43,10.090000,6.810000,-2.000000,19.100000,12.600000,120.500000,1.000000
2026-05-19-15-31-43,10.060000,6.790000,-2.070000,20.700001,16.000000,122.599998,1.000000
2026-05-19-15-31-43,10.040000,6.780000,-2.120000,21.500000,18.600000,124.300003,1.000000
2026-05-19-15-31-43,10.030000,6.770000,-2.170000,21.200001,19.799999,125.699997,1.000000
2026-05-19-15-31-44,10.010000,6.750000,-2.220000,18.900000,20.000000,127.500000,1.000000
2026-05-19-15-31-44,9.980000,6.580000,-2.520000,18.400000,21.900000,136.500000,1.000000
2026-05-19-15-31-45,9.970000,6.480000,-2.700000,16.600000,22.700001,139.899994,1.000000
2026-05-19-15-31-45,9.990000,6.380000,-2.860000,10.300000,19.700001,143.000000,1.000000
2026-05-19-15-31-46,10.060000,6.280000,-2.970000,7.100000,-1.500000,144.300003,1.000000
2026-05-19-15-31-46,10.110000,6.250000,-2.920000,12.200000,2.400000,150.899994,1.000000
2026-05-19-15-31-46,10.090000,6.230000,-2.890000,15.900000,9.400000,157.500000,1.000000
2026-05-19-15-31-47,9.980000,6.200000,-2.860000,15.500000,19.400000,146.800003,1.000000
2026-05-19-15-31-47,9.900000,6.190000,-2.860000,6.700000,18.500000,121.199997,1.000000
2026-05-19-15-31-47,9.830000,6.240000,-2.850000,3.100000,11.400000,99.599998,1.000000
2026-05-19-15-31-48,9.810000,6.360000,-2.890000,5.000000,7.800000,91.699997,1.000000
2026-05-19-15-31-48,9.820000,6.480000,-2.910000,8.800000,4.200000,91.900002,1.000000
2026-05-19-15-31-49,9.820000,6.660000,-2.930000,12.500000,3.300000,96.400002,1.000000
2026-05-19-15-31-49,9.790000,6.840000,-2.970000,14.300000,-1.000000,100.900002,1.000000
2026-05-19-15-31-49,9.760000,6.960000,-2.970000,14.000000,-2.500000,101.900002,1.000000
2026-05-19-15-31-49,9.740000,7.100000,-2.940000,13.000000,-5.500000,103.400002,1.000000
2026-05-19-15-31-50,9.720000,7.300000,-2.930000,10.800000,-9.500000,105.400002,1.000000
2026-05-19-15-31-50,9.680000,7.490000,-2.940000,7.800000,-12.800000,107.300003,1.000000
2026-05-19-15-31-51,9.650000,7.680000,-2.900000,4.400000,-12.900000,109.099998,1.000000
2026-05-19-15-31-51,9.610000,7.890000,-2.830000,4.000000,-11.300000,110.199997,1.000000
2026-05-19-15-31-51,9.570000,8.110000,-2.790000,3.900000,-10.300000,111.900002,1.000000
2026-05-19-15-31-51,9.540000,8.210000,-2.770000,3.400000,-10.000000,112.599998,1.000000
2026-05-19-15-31-52,9.490000,8.390000,-2.730000,2.600000,-10.100000,113.699997,1.000000
2026-05-19-15-31-52,9.430000,8.590000,-2.700000,3.400000,-10.100000,114.199997,1.000000
2026-05-19-15-31-53,9.370000,8.790000,-2.670000,4.600000,-10.100000,114.900002,1.000000
2026-05-19-15-31-53,9.290000,8.980000,-2.640000,6.100000,-10.400000,113.000000,1.000000
2026-05-19-15-31-53,9.210000,9.140000,-2.610000,12.800000,-8.000000,92.000000,1.000000
2026-05-19-15-31-54,9.200000,9.310000,-2.590000,17.200001,-2.600000,77.699997,1.000000
2026-05-19-15-31-54,9.240000,9.480000,-2.590000,14.500000,-1.300000,75.500000,1.000000
2026-05-19-15-31-55,9.320000,9.670000,-2.580000,10.700000,-3.500000,76.300003,1.000000
2026-05-19-15-31-55,9.380000,9.810000,-2.580000,8.100000,-5.300000,77.500000,1.000000
2026-05-19-15-31-55,9.420000,9.920000,-2.570000,5.100000,-6.500000,79.500000,1.000000
2026-05-19-15-31-55,9.480000,10.050000,-2.550000,0.200000,-6.800000,82.900002,1.000000
2026-05-19-15-31-56,9.550000,10.220000,-2.530000,-3.600000,-7.000000,85.900002,1.000000
2026-05-19-15-31-56,9.590000,10.340000,-2.520000,-4.900000,-7.000000,88.000000,1.000000
2026-05-19-15-31-56,9.620000,10.450000,-2.500000,-5.300000,-6.900000,89.900002,1.000000
2026-05-19-15-31-56,9.650000,10.560000,-2.490000,-4.700000,-6.900000,91.900002,1.000000
2026-05-19-15-31-56,9.670000,10.670000,-2.470000,-3.900000,-7.000000,93.500000,1.000000
2026-05-19-15-31-57,9.690000,10.770000,-2.480000,-2.000000,-6.000000,95.000000,1.000000
2026-05-19-15-31-57,9.700000,10.870000,-2.470000,-0.300000,-5.600000,95.800003,1.000000
2026-05-19-15-31-57,9.700000,10.980000,-2.470000,1.000000,-6.200000,96.500000,1.000000
2026-05-19-15-31-57,9.710000,11.090000,-2.460000,1.900000,-7.000000,97.199997,1.000000
2026-05-19-15-31-58,9.710000,11.190000,-2.450000,2.700000,-8.300000,98.000000,1.000000
2026-05-19-15-31-58,9.720000,11.310000,-2.440000,2.900000,-9.200000,98.800003,1.000000
2026-05-19-15-31-58,9.720000,11.420000,-2.430000,3.400000,-9.900000,99.599998,1.000000
2026-05-19-15-31-58,9.720000,11.550000,-2.410000,3.800000,-10.200000,100.400002,1.000000
2026-05-19-15-31-58,9.720000,11.670000,-2.390000,4.300000,-10.300000,101.099998,1.000000
2026-05-19-15-31-59,9.710000,11.780000,-2.380000,4.400000,-10.600000,101.500000,1.000000
2026-05-19-15-31-59,9.710000,12.020000,-2.340000,4.900000,-10.800000,102.199997,1.000000
2026-05-19-15-31-59,9.700000,12.140000,-2.330000,4.800000,-11.000000,102.599998,1.000000
2026-05-19-15-32-00,9.690000,12.250000,-2.310000,4.800000,-11.100000,103.000000,1.000000
2026-05-19-15-32-00,9.690000,12.360000,-2.290000,4.800000,-11.400000,103.300003,1.000000
2026-05-19-15-32-00,9.680000,12.480000,-2.270000,5.200000,-11.500000,103.599998,1.000000
2026-05-19-15-32-00,9.670000,12.600000,-2.250000,5.300000,-11.700000,103.900002,1.000000
2026-05-19-15-32-00,9.660000,12.710000,-2.230000,5.400000,-11.700000,104.300003,1.000000
2026-05-19-15-32-01,9.650000,12.830000,-2.210000,5.500000,-11.800000,104.599998,1.000000
2026-05-19-15-32-01,9.640000,12.940000,-2.180000,5.300000,-12.200000,104.900002,1.000000
2026-05-19-15-32-01,9.630000,13.050000,-2.160000,5.200000,-12.300000,105.199997,1.000000
2026-05-19-15-32-01,9.610000,13.160000,-2.140000,5.100000,-12.500000,105.500000,1.000000
2026-05-19-15-32-02,9.580000,13.490000,-2.110000,16.000000,-16.299999,103.699997,1.000000
2026-05-19-15-32-02,9.550000,13.580000,-2.120000,16.500000,-16.400000,104.000000,1.000000
2026-05-19-15-32-02,9.530000,13.680000,-2.120000,15.100000,-16.900000,104.300003,1.000000
2026-05-19-15-32-03,9.510000,13.790000,-2.110000,13.400000,-18.000000,105.199997,1.000000
2026-05-19-15-32-03,9.490000,13.890000,-2.100000,11.700000,-19.200001,106.099998,1.000000
2026-05-19-15-32-03,9.480000,14.000000,-2.070000,8.500000,-20.299999,107.300003,1.000000
2026-05-19-15-32-03,9.470000,14.210000,-2.020000,9.800000,-22.600000,107.199997,1.000000
2026-05-19-15-32-04,9.450000,14.320000,-2.020000,11.600000,-22.100000,107.599998,1.000000
2026-05-19-15-32-04,9.430000,14.410000,-2.020000,11.300000,-21.000000,108.500000,1.000000
2026-05-19-15-32-04,9.410000,14.510000,-2.000000,10.100000,-20.200001,109.699997,1.000000
2026-05-19-15-32-04,9.380000,14.610000,-1.990000,8.900000,-20.200001,110.900002,1.000000
2026-05-19-15-32-05,9.340000,14.710000,-1.970000,7.700000,-20.900000,111.599998,1.000000
2026-05-19-15-32-05,9.270000,14.920000,-1.970000,12.000000,-23.299999,111.199997,1.000000
2026-05-19-15-32-05,9.240000,15.000000,-1.990000,11.100000,-22.600000,112.400002,1.000000
2026-05-19-15-32-05,9.210000,15.090000,-1.980000,10.100000,-22.500000,113.699997,1.000000
2026-05-19-15-32-06,9.180000,15.180000,-1.970000,9.200000,-22.500000,114.300003,1.000000
2026-05-19-15-32-06,9.150000,15.290000,-1.950000,8.400000,-23.200001,114.699997,1.000000
2026-05-19-15-32-06,9.110000,15.390000,-1.920000,7.300000,-23.700001,115.000000,1.000000
2026-05-19-15-32-06,9.080000,15.470000,-1.890000,10.100000,-22.700001,107.900002,1.000000
2026-05-19-15-32-07,9.040000,15.530000,-1.870000,16.000000,-18.900000,95.300003,1.000000
2026-05-19-15-32-07,9.010000,15.600000,-1.840000,20.400000,-14.100000,84.199997,1.000000
2026-05-19-15-32-07,9.000000,15.650000,-1.840000,18.400000,-9.300000,77.400002,1.000000
2026-05-19-15-32-07,8.980000,15.700000,-1.870000,11.600000,-4.600000,77.000000,1.000000
2026-05-19-15-32-07,8.970000,15.720000,-1.940000,6.500000,-0.800000,77.900002,1.000000
2026-05-19-15-32-08,8.970000,15.740000,-2.020000,3.000000,2.200000,79.500000,1.000000
2026-05-19-15-32-08,8.970000,15.750000,-2.120000,0.400000,5.400000,81.400002,1.000000
2026-05-19-15-32-08,8.980000,15.740000,-2.230000,-1.100000,8.500000,83.000000,1.000000
2026-05-19-15-32-08,8.990000,15.740000,-2.300000,-2.200000,11.400000,84.000000,1.000000
2026-05-19-15-32-08,9.000000,15.750000,-2.360000,-2.400000,13.300000,84.500000,1.000000
2026-05-19-15-32-09,9.010000,15.770000,-2.420000,-1.700000,15.900000,85.699997,1.000000
2026-05-19-15-32-09,9.030000,15.850000,-2.480000,-0.900000,18.500000,86.699997,1.000000
2026-05-19-15-32-09,9.050000,15.950000,-2.560000,-0.500000,15.600000,87.300003,1.000000
2026-05-19-15-32-09,9.060000,16.080000,-2.630000,-0.700000,8.700000,88.000000,1.000000
2026-05-19-15-32-10,9.080000,16.180000,-2.680000,-1.300000,1.400000,88.900002,1.000000
2026-05-19-15-32-10,9.100000,16.250000,-2.710000,-1.900000,-6.500000,89.400002,1.000000
2026-05-19-15-32-10,9.110000,16.309999,-2.740000,-1.400000,-14.400000,89.800003,1.000000
2026-05-19-15-32-10,9.130000,16.370001,-2.750000,-2.200000,-17.299999,93.300003,1.000000
2026-05-19-15-32-10,9.160000,16.450001,-2.730000,-1.100000,-16.900000,97.599998,1.000000
2026-05-19-15-32-11,9.170000,16.549999,-2.710000,1.000000,-15.700000,100.400002,1.000000
2026-05-19-15-32-11,9.190000,16.639999,-2.680000,2.800000,-14.200000,101.599998,1.000000
2026-05-19-15-32-11,9.190000,16.790001,-2.650000,11.500000,-11.100000,85.300003,1.000000
2026-05-19-15-32-12,9.220000,16.879999,-2.640000,15.800000,-8.200000,77.199997,1.000000
2026-05-19-15-32-12,9.260000,16.969999,-2.640000,15.000000,-7.100000,74.300003,1.000000
2026-05-19-15-32-12,9.320000,17.059999,-2.630000,12.800000,-6.200000,73.699997,1.000000
2026-05-19-15-32-12,9.370000,17.150000,-2.620000,10.200000,-5.600000,74.000000,1.000000
2026-05-19-15-32-12,9.440000,17.240000,-2.610000,8.200000,-5.900000,74.599998,1.000000
2026-05-19-15-32-13,9.500000,17.330000,-2.610000,6.100000,-5.700000,75.699997,1.000000
2026-05-19-15-32-13,9.570000,17.420000,-2.600000,3.900000,-5.900000,76.599998,1.000000
2026-05-19-15-32-13,9.630000,17.510000,-2.590000,2.100000,-6.200000,77.500000,1.000000
2026-05-19-15-32-13,9.690000,17.610001,-2.580000,0.800000,-6.700000,78.400002,1.000000
2026-05-19-15-32-13,9.750000,17.680000,-2.570000,-0.400000,-8.100000,79.699997,1.000000
2026-05-19-15-32-14,9.810000,17.730000,-2.560000,-4.600000,-9.500000,94.099998,1.000000
2026-05-19-15-32-14,9.920000,17.830000,-2.550000,-14.000000,-9.800000,129.899994,1.000000
2026-05-19-15-32-14,9.910000,17.900000,-2.530000,-11.800000,-5.600000,137.500000,1.000000
2026-05-19-15-32-15,9.880000,17.959999,-2.520000,-8.400000,-2.700000,139.899994,1.000000
2026-05-19-15-32-15,9.840000,18.040001,-2.510000,-5.400000,-1.300000,141.000000,1.000000
2026-05-19-15-32-15,9.790000,18.120001,-2.510000,-1.900000,-1.600000,142.000000,1.000000
2026-05-19-15-32-15,9.730000,18.200001,-2.510000,2.100000,-3.000000,142.399994,1.000000
2026-05-19-15-32-15,9.660000,18.280001,-2.520000,5.800000,-5.600000,142.300003,1.000000
2026-05-19-15-32-16,9.590000,18.360001,-2.510000,7.900000,-8.300000,141.800003,1.000000
2026-05-19-15-32-16,9.550000,18.410000,-2.520000,8.000000,-12.200000,140.199997,1.000000
2026-05-19-15-32-16,9.510000,18.440001,-2.530000,7.700000,-15.500000,137.899994,1.000000
2026-05-19-15-32-16,9.480000,18.459999,-2.540000,7.700000,-17.299999,135.500000,1.000000
2026-05-19-15-32-17,9.460000,18.480000,-2.550000,8.000000,-17.500000,133.000000,1.000000
2026-05-19-15-32-17,9.430000,18.520000,-2.550000,8.100000,-15.300000,133.300003,1.000000
2026-05-19-15-32-17,9.380000,18.590000,-2.530000,9.700000,-12.400000,133.199997,1.000000
2026-05-19-15-32-17,9.330000,18.660000,-2.520000,11.100000,-10.100000,132.699997,1.000000
2026-05-19-15-32-17,9.290000,18.730000,-2.510000,13.400000,-8.300000,127.599998,1.000000
2026-05-19-15-32-18,9.240000,18.790001,-2.500000,15.900000,-6.200000,115.800003,1.000000
2026-05-19-15-32-18,9.200000,18.860001,-2.500000,18.299999,-3.800000,104.599998,1.000000
2026-05-19-15-32-18,9.180000,18.959999,-2.500000,19.400000,-2.900000,98.800003,1.000000
2026-05-19-15-32-18,9.180000,19.049999,-2.510000,18.500000,-3.300000,96.099998,1.000000
2026-05-19-15-32-18,9.180000,19.150000,-2.510000,16.400000,-4.100000,95.300003,1.000000
2026-05-19-15-32-19,9.200000,19.250000,-2.510000,13.800000,-5.400000,94.900002,1.000000
2026-05-19-15-32-19,9.230000,19.350000,-2.510000,10.400000,-6.400000,94.500000,1.000000
2026-05-19-15-32-19,9.250000,19.420000,-2.530000,5.300000,-8.000000,93.699997,1.000000
2026-05-19-15-32-19,9.250000,19.410000,-2.620000,3.000000,-8.100000,94.500000,1.000000
2026-05-19-15-32-20,9.260000,19.440001,-2.690000,1.100000,-6.400000,95.400002,1.000000
2026-05-19-15-32-20,9.260000,19.459999,-2.780000,0.600000,-3.700000,96.099998,1.000000
2026-05-19-15-32-20,9.260000,19.469999,-2.880000,1.400000,-1.100000,97.000000,1.000000
2026-05-19-15-32-20,9.270000,19.469999,-2.980000,2.700000,2.400000,98.500000,1.000000
2026-05-19-15-32-20,9.260000,19.459999,-3.090000,4.300000,6.300000,100.300003,1.000000
2026-05-19-15-32-21,9.260000,19.450001,-3.210000,6.400000,10.900000,102.300003,1.000000
2026-05-19-15-32-21,9.250000,19.420000,-3.320000,8.300000,14.800000,104.099998,1.000000
2026-05-19-15-32-21,9.230000,19.379999,-3.450000,11.200000,21.000000,107.199997,1.000000
2026-05-19-15-32-22,9.210000,19.299999,-3.650000,14.500000,28.200001,111.900002,1.000000
2026-05-19-15-32-22,9.210000,19.209999,-3.830000,16.900000,32.900002,116.800003,1.000000
2026-05-19-15-32-22,9.190000,19.080000,-4.000000,16.299999,35.900002,122.800003,1.000000
2026-05-19-15-32-23,9.190000,18.930000,-4.140000,10.400000,32.900002,126.199997,1.000000
2026-05-19-15-32-23,9.260000,18.790001,-4.250000,6.000000,7.200000,127.800003,1.000000
2026-05-19-15-32-24,9.300000,18.700001,-4.300000,6.600000,-3.800000,133.500000,1.000000
2026-05-19-15-32-24,9.330000,18.610001,-4.260000,9.200000,-0.600000,139.000000,1.000000
2026-05-19-15-32-24,9.320000,18.530001,-4.200000,12.600000,9.200000,135.100006,1.000000
2026-05-19-15-32-25,9.250000,18.469999,-4.150000,6.200000,21.299999,104.000000,1.000000
2026-05-19-15-32-25,9.230000,18.500000,-4.180000,-1.400000,24.600000,82.699997,1.000000
2026-05-19-15-32-25,9.310000,18.590000,-4.230000,-5.400000,19.900000,73.900002,1.000000
2026-05-19-15-32-26,9.400000,18.690001,-4.260000,-6.500000,8.500000,68.699997,1.000000
2026-05-19-15-32-26,9.460000,18.790001,-4.260000,-3.300000,-5.000000,50.799999,1.000000
2026-05-19-15-32-27,9.600000,18.879999,-4.240000,5.100000,-4.800000,38.000000,1.000000
2026-05-19-15-32-27,9.740000,18.959999,-4.220000,6.300000,-7.000000,26.000000,1.000000
2026-05-19-15-32-27,9.000000,18.980000,-4.190000,9.100000,-6.900000,6.400000,1.000000
2026-05-19-15-32-28,10.060000,18.930000,-4.190000,8.000000,-6.600000,0.400000,1.000000
2026-05-19-15-32-28,10.250000,18.879999,-4.170000,3.200000,-7.600000,0.700000,1.000000
2026-05-19-15-32-28,10.350000,18.830000,-4.160000,0.900000,-7.900000,0.900000,1.000000
2026-05-19-15-32-29,10.550000,18.750000,-4.140000,-4.200000,-8.900000,2.400000,1.000000
2026-05-19-15-32-29,10.750000,18.670000,-4.100000,-7.700000,-9.400000,4.200000,1.000000
2026-05-19-15-32-29,10.910000,18.620001,-4.060000,-9.000000,-10.200000,4.100000,1.000000
2026-05-19-15-32-30,10.960000,18.440001,-3.970000,-6.300000,-13.500000,-5.700000,1.000000
2026-05-19-15-32-30,11.370000,18.340000,-3.940000,-6.500000,-14.800000,-14.800000,1.000000
2026-05-19-15-32-31,11.540000,18.240000,-3.980000,-13.600000,-17.200001,-10.700000,1.000000
2026-05-19-15-32-32,11.810000,18.010000,-4.130000,-7.700000,-19.700001,-6.000000,1.000000
2026-05-19-15-32-32,12.130000,17.879999,-4.290000,-3.700000,-25.400000,2.200000,1.000000
2026-05-19-15-32-33,12.330000,17.840000,-4.300000,-2.600000,-16.400000,6.500000,1.000000
2026-05-19-15-32-33,12.500000,17.809999,-4.310000,-4.800000,-11.200000,10.000000,1.000000
2026-05-19-15-32-34,12.690000,17.770000,-4.310000,-3.700000,-12.400000,13.000000,1.000000
2026-05-19-15-32-34,12.880000,17.750000,-4.240000,-4.000000,-12.300000,15.700000,1.000000
2026-05-19-15-32-34,13.080000,17.760000,-4.210000,-6.600000,-14.500000,17.299999,1.000000
2026-05-19-15-32-35,13.270000,17.750000,-4.170000,-7.400000,-15.200000,18.400000,1.000000
2026-05-19-15-32-35,13.460000,17.740000,-4.120000,-4.000000,-16.200001,12.200000,1.000000
2026-05-19-15-32-35,13.630000,17.730000,-4.080000,5.000000,-16.299999,1.000000,1.000000
2026-05-19-15-32-36,13.750000,17.690001,-4.060000,4.500000,-17.600000,-3.300000,1.000000
2026-05-19-15-32-36,13.850000,17.670000,-4.040000,-1.000000,-13.600000,-2.400000,1.000000
2026-05-19-15-32-37,14.020000,17.629999,-3.980000,-0.500000,-9.900000,-1.700000,1.000000
2026-05-19-15-32-37,14.230000,17.559999,-3.950000,2.700000,-8.900000,-1.100000,1.000000
2026-05-19-15-32-37,14.420000,17.459999,-3.950000,2.200000,-9.500000,0.600000,1.000000
2026-05-19-15-32-38,14.610000,17.389999,-3.920000,-0.900000,-10.000000,3.600000,1.000000
2026-05-19-15-32-38,14.730000,17.370001,-3.880000,-3.200000,-10.400000,5.000000,1.000000
2026-05-19-15-32-38,14.840000,17.370001,-3.810000,-5.000000,-10.900000,6.100000,1.000000
2026-05-19-15-32-38,14.960000,17.410000,-3.720000,-6.200000,-11.500000,7.200000,1.000000
2026-05-19-15-32-39,15.100000,17.480000,-3.590000,-6.800000,-12.100000,8.500000,1.100000
2026-05-19-15-32-39,15.110000,17.360001,-3.750000,-6.900000,-12.500000,9.400000,1.000000
2026-05-19-15-32-39,15.210000,17.360001,-3.720000,-6.700000,-12.900000,10.300000,1.000000
2026-05-19-15-32-39,15.320000,17.350000,-3.690000,-6.300000,-13.500000,11.400000,1.000000
2026-05-19-15-32-40,15.470000,17.299999,-3.640000,-5.700000,-14.300000,12.700000,1.000000
2026-05-19-15-32-40,15.630000,17.230000,-3.590000,-5.300000,-14.700000,13.500000,1.000000
2026-05-19-15-32-40,15.790000,17.000000,-3.540000,-3.600000,-14.700000,14.900000,1.000000
2026-05-19-15-32-41,15.950000,17.330000,-3.610000,-2.500000,-13.700000,16.799999,1.000000
2026-05-19-15-32-41,16.129999,17.320000,-3.710000,-1.100000,-15.600000,18.900000,1.000000
2026-05-19-15-32-41,16.280001,17.330000,-3.830000,0.700000,-19.200001,21.500000,1.000000
2026-05-19-15-32-42,16.430000,17.340000,-3.880000,1.400000,-24.700001,24.200001,1.000000
2026-05-19-15-32-42,16.580000,17.350000,-3.850000,0.800000,-29.200001,25.900000,1.000000
2026-05-19-15-32-43,16.750000,17.379999,-3.800000,2.600000,-29.100000,22.299999,1.000000
2026-05-19-15-32-43,16.870001,17.410000,-3.760000,12.400000,-24.799999,4.600000,1.000000
2026-05-19-15-32-43,17.020000,17.379999,-3.710000,12.200000,-18.500000,-0.500000,1.000000
2026-05-19-15-32-44,17.190001,17.330000,-3.670000,7.200000,-14.700000,-0.700000,1.000000
2026-05-19-15-32-44,17.360001,17.250000,-3.630000,3.900000,-13.600000,0.400000,1.000000
2026-05-19-15-32-45,17.540001,17.180000,-3.600000,1.000000,-12.200000,2.100000,1.000000
2026-05-19-15-32-45,17.709999,17.120001,-3.570000,-1.200000,-12.800000,3.100000,1.000000
2026-05-19-15-32-45,17.799999,17.070000,-3.570000,-2.700000,-14.100000,3.700000,1.000000
2026-05-19-15-32-46,17.860001,17.030001,-3.580000,-1.400000,-12.000000,5.200000,1.000000
2026-05-19-15-32-46,18.000000,16.990000,-3.560000,0.100000,-7.300000,7.300000,1.000000
2026-05-19-15-32-46,18.180000,16.950001,-3.550000,2.300000,-6.200000,9.300000,1.000000
2026-05-19-15-32-47,18.379999,16.910000,-3.540000,2.200000,-7.900000,11.600000,1.000000
2026-05-19-15-32-47,18.580000,16.879999,-3.530000,0.600000,-10.400000,10.800000,1.000000
2026-05-19-15-32-48,18.730000,16.889999,-3.520000,5.700000,-12.700000,-8.600000,1.000000
2026-05-19-15-32-48,18.850000,16.879999,-3.500000,15.000000,-8.900000,-36.099998,1.000000
2026-05-19-15-32-48,18.959999,16.799999,-3.480000,18.299999,-2.400000,-53.200001,1.000000
2026-05-19-15-32-49,19.040001,16.690001,-3.490000,11.300000,-2.500000,-59.500000,1.000000
2026-05-19-15-32-49,19.070000,16.610001,-3.510000,-0.600000,-4.700000,-58.799999,1.000000
2026-05-19-15-32-50,19.139999,16.459999,-3.520000,-2.700000,-3.900000,-55.599998,1.000000
2026-05-19-15-32-50,19.139999,16.370001,-3.500000,-2.200000,-4.300000,-54.799999,1.000000
2026-05-19-15-32-50,19.080000,16.280001,-3.450000,-0.900000,-5.900000,-53.000000,1.100000
2026-05-19-15-32-50,19.219999,16.139999,-3.490000,-0.900000,-10.000000,-50.500000,1.100000
2026-05-19-15-32-51,19.240000,16.059999,-3.630000,-0.200000,-9.300000,-47.099998,1.100000
2026-05-19-15-32-51,19.260000,16.020000,-3.800000,2.400000,-5.400000,-44.200001,1.100000
2026-05-19-15-32-51,19.290001,16.010000,-3.990000,5.800000,0.600000,-40.799999,1.100000
2026-05-19-15-32-52,19.299999,16.000000,-4.190000,9.900000,6.900000,-36.900002,1.100000
2026-05-19-15-32-52,19.320000,16.049999,-4.370000,9.000000,9.200000,-33.400002,1.100000
2026-05-19-15-32-53,19.320000,16.129999,-4.450000,2.700000,-1.300000,-27.600000,1.100000
2026-05-19-15-32-53,19.340000,16.160000,-4.420000,2.000000,-1.000000,-20.799999,1.100000
2026-05-19-15-32-53,19.350000,16.190001,-4.370000,2.400000,-2.100000,-15.500000,1.100000
2026-05-19-15-32-54,19.360001,16.200001,-4.350000,6.400000,-1.300000,-11.900000,1.100000
2026-05-19-15-32-54,19.350000,16.180000,-4.380000,5.300000,-2.200000,-6.300000,1.100000
2026-05-19-15-32-55,19.360001,16.209999,-4.410000,0.800000,2.000000,-1.000000,1.100000
2026-05-19-15-32-55,19.370001,16.230000,-4.380000,0.900000,-0.400000,2.900000,1.100000
2026-05-19-15-32-55,19.379999,16.240000,-4.350000,2.600000,-2.800000,5.600000,1.100000
2026-05-19-15-32-56,19.379999,16.250000,-4.350000,3.000000,-5.800000,8.600000,1.100000
2026-05-19-15-32-56,19.379999,16.280001,-4.350000,2.000000,-7.100000,10.600000,1.100000
2026-05-19-15-32-56,19.379999,16.290001,-4.410000,1.300000,-6.500000,13.200000,1.100000
2026-05-19-15-32-57,19.400000,16.309999,-4.440000,0.800000,3.600000,16.000000,1.100000
2026-05-19-15-32-57,19.430000,16.330000,-4.370000,-1.100000,9.300000,12.000000,1.100000
2026-05-19-15-32-58,19.440001,16.389999,-4.330000,-3.200000,11.400000,-18.500000,1.100000
2026-05-19-15-32-58,19.500000,16.450001,-4.290000,-7.500000,12.400000,-50.200001,1.100000
2026-05-19-15-32-58,19.559999,16.389999,-4.300000,-4.100000,10.200000,-65.199997,1.100000
2026-05-19-15-32-59,19.600000,16.240000,-4.320000,1.400000,8.100000,-67.400002,1.100000
2026-05-19-15-32-59,19.639999,16.059999,-4.360000,4.900000,3.300000,-65.400002,1.100000
2026-05-19-15-33-00,19.690001,15.880000,-4.380000,4.500000,-3.500000,-63.200001,1.100000
2026-05-19-15-33-00,19.730000,15.720000,-4.400000,6.100000,-7.200000,-61.299999,1.100000
2026-05-19-15-33-00,19.620001,15.150000,-4.420000,-2.500000,-0.300000,-58.500000,1.100000
2026-05-19-15-33-01,19.760000,15.010000,-4.360000,-5.900000,-2.300000,-65.800003,1.100000
2026-05-19-15-33-01,19.820000,14.880000,-4.310000,-7.200000,5.600000,-87.699997,1.100000
2026-05-19-15-33-02,19.850000,14.730000,-4.280000,-4.200000,11.500000,-106.500000,1.100000
2026-05-19-15-33-02,19.809999,14.590000,-4.290000,0.700000,4.900000,-114.900002,1.100000
2026-05-19-15-33-02,19.730000,14.430000,-4.300000,4.400000,-1.000000,-110.900002,1.100000
2026-05-19-15-33-03,19.610001,14.270000,-4.290000,6.200000,-5.200000,-110.900002,1.100000
2026-05-19-15-33-03,19.490000,14.110000,-4.290000,5.900000,-9.800000,-109.500000,1.100000
2026-05-19-15-33-03,19.400000,13.920000,-4.270000,3.600000,-12.500000,-107.500000,1.100000
2026-05-19-15-33-04,19.309999,13.750000,-4.300000,0.900000,-14.100000,-106.199997,1.100000
2026-05-19-15-33-04,19.260000,13.610000,-4.340000,-1.900000,-10.300000,-104.000000,1.100000
2026-05-19-15-33-05,19.120001,13.420000,-4.330000,-0.200000,-9.600000,-100.699997,1.100000
2026-05-19-15-33-05,18.969999,13.230000,-4.260000,0.500000,-10.300000,-98.500000,1.100000
2026-05-19-15-33-05,18.950001,13.060000,-4.210000,-0.200000,-11.800000,-104.900002,1.100000
2026-05-19-15-33-06,18.879999,12.900000,-4.170000,3.200000,-12.200000,-111.800003,1.100000
2026-05-19-15-33-06,18.770000,12.740000,-4.150000,4.400000,-13.800000,-114.500000,1.100000
2026-05-19-15-33-07,18.629999,12.570000,-4.110000,7.100000,-14.800000,-115.199997,1.100000
2026-05-19-15-33-07,18.490000,12.410000,-4.060000,7.500000,-14.600000,-115.199997,1.100000
2026-05-19-15-33-07,18.340000,12.270000,-4.020000,5.200000,-15.500000,-114.900002,1.100000
2026-05-19-15-33-08,18.209999,12.110000,-3.980000,2.500000,-16.600000,-114.000000,1.100000
2026-05-19-15-33-08,18.059999,11.960000,-3.920000,0.300000,-16.600000,-112.800003,1.100000
2026-05-19-15-33-08,17.930000,11.810000,-3.840000,0.100000,-16.700001,-111.900002,1.100000
2026-05-19-15-33-09,17.790001,11.680000,-3.770000,-0.100000,-16.600000,-111.500000,1.100000
2026-05-19-15-33-09,17.670000,11.530000,-3.710000,0.200000,-16.900000,-110.800003,1.100000
2026-05-19-15-33-10,17.530001,11.390000,-3.660000,0.600000,-17.700001,-110.000000,1.100000
2026-05-19-15-33-10,17.420000,11.270000,-3.610000,0.700000,-17.900000,-109.599998,1.100000
2026-05-19-15-33-10,17.370001,11.130000,-3.540000,0.700000,-17.799999,-109.199997,1.100000
2026-05-19-15-33-11,17.200001,11.020000,-3.530000,0.800000,-17.600000,-109.000000,1.100000
2026-05-19-15-33-11,17.080000,10.860000,-3.460000,0.900000,-17.500000,-108.699997,1.100000
2026-05-19-15-33-11,16.940001,10.710000,-3.400000,1.300000,-17.500000,-108.500000,1.100000
2026-05-19-15-33-12,16.820000,10.550000,-3.330000,1.200000,-17.500000,-107.900002,1.100000
2026-05-19-15-33-12,16.700001,10.400000,-3.270000,0.400000,-17.400000,-107.099998,1.100000
2026-05-19-15-33-12,16.590000,10.230000,-3.240000,2.700000,-16.400000,-105.800003,1.100000
2026-05-19-15-33-13,16.410000,9.920000,-3.390000,7.100000,-16.700001,-102.500000,1.100000
2026-05-19-15-33-15,16.250000,9.260000,-3.750000,10.000000,-39.500000,-91.300003,1.100000
2026-05-19-15-33-15,16.230000,9.080000,-3.810000,10.800000,-44.000000,-88.800003,1.100000
2026-05-19-15-33-16,16.299999,8.550000,-3.870000,7.900000,-50.400002,-78.199997,1.100000
2026-05-19-15-33-17,16.330000,8.190000,-3.910000,9.100000,-54.900002,-72.099998,1.100000
2026-05-19-15-33-17,16.370001,8.010000,-3.900000,9.000000,-55.400002,-67.500000,1.100000
2026-05-19-15-33-18,16.410000,7.830000,-3.900000,9.000000,-56.599998,-62.799999,1.100000
2026-05-19-15-33-19,16.730000,7.280000,-3.830000,4.900000,-60.700001,-45.000000,1.100000
2026-05-19-15-33-20,16.770000,7.210000,-3.830000,5.500000,-58.000000,-41.900002,1.100000
2026-05-19-15-33-20,16.820000,7.150000,-3.850000,-8.500000,-46.799999,-36.099998,1.100000
2026-05-19-15-33-20,16.879999,7.090000,-3.900000,-9.400000,-42.799999,-35.099998,1.100000
2026-05-19-15-33-20,17.000000,6.930000,-3.910000,-8.100000,-34.000000,-34.200001,1.100000
2026-05-19-15-33-21,17.120001,6.770000,-3.980000,-4.200000,-24.799999,-33.500000,1.100000
2026-05-19-15-33-21,17.180000,6.710000,-4.090000,3.500000,-3.800000,-31.700001,1.100000
2026-05-19-15-33-22,17.230000,6.640000,-4.060000,4.500000,1.800000,-32.200001,1.100000
2026-05-19-15-33-22,17.280001,6.610000,-3.990000,7.500000,-0.200000,-62.400002,1.100000
2026-05-19-15-33-22,17.410000,6.540000,-3.940000,11.100000,1.100000,-98.400002,1.100000
2026-05-19-15-33-23,17.490000,6.440000,-3.900000,19.299999,9.300000,-130.300003,1.100000
2026-05-19-15-33-23,17.420000,6.310000,-3.920000,22.600000,9.900000,-136.800003,1.100000
2026-05-19-15-33-23,17.299999,6.180000,-3.970000,22.799999,3.300000,-139.899994,1.100000
2026-05-19-15-33-24,17.139999,6.040000,-3.970000,19.500000,-2.200000,-141.800003,1.100000
2026-05-19-15-33-24,16.980000,5.930000,-3.960000,15.200000,-6.700000,-142.899994,1.100000
2026-05-19-15-33-25,16.799999,5.850000,-3.950000,10.700000,-9.700000,-144.000000,1.100000
2026-05-19-15-33-25,16.639999,5.750000,-3.940000,4.500000,-12.600000,-143.399994,1.100000
2026-05-19-15-33-25,16.450001,5.670000,-3.910000,0.900000,-12.700000,-142.100006,1.100000
2026-05-19-15-33-26,16.250000,5.600000,-3.860000,2.400000,-11.600000,-146.600006,1.100000
2026-05-19-15-33-26,16.120001,5.510000,-3.820000,9.900000,-7.700000,-164.699997,1.100000
2026-05-19-15-33-27,15.950000,5.490000,-3.810000,14.500000,-5.800000,-174.300003,1.100000
2026-05-19-15-33-27,15.760000,5.490000,-3.800000,13.100000,-6.000000,-177.100006,1.100000
2026-05-19-15-33-27,15.540000,5.530000,-3.790000,11.200000,-7.600000,-177.600006,1.100000
2026-05-19-15-33-28,15.350000,5.580000,-3.770000,6.200000,-9.900000,-177.100006,1.100000
2026-05-19-15-33-28,15.170000,5.620000,-3.740000,-2.500000,-12.400000,-163.100006,1.100000
2026-05-19-15-33-28,14.990000,5.660000,-3.700000,-6.300000,-10.100000,-152.300003,1.100000
2026-05-19-15-33-29,14.800000,5.640000,-3.660000,-6.600000,-8.600000,-148.399994,1.100000
2026-05-19-15-33-29,14.610000,5.610000,-3.620000,-4.600000,-9.100000,-145.699997,1.100000
2026-05-19-15-33-30,14.430000,5.550000,-3.590000,0.700000,-11.600000,-149.100006,1.100000
2026-05-19-15-33-30,14.240000,5.520000,-3.550000,4.300000,-13.800000,-149.300003,1.100000
2026-05-19-15-33-30,14.120000,5.500000,-3.520000,4.600000,-14.100000,-149.100006,1.100000
2026-05-19-15-33-30,13.960000,5.510000,-3.480000,4.900000,-14.700000,-148.399994,1.100000
2026-05-19-15-33-31,13.870000,5.360000,-3.470000,3.500000,-15.300000,-146.500000,1.100000
2026-05-19-15-33-31,13.680000,5.290000,-3.420000,1.500000,-15.300000,-145.199997,1.100000
2026-05-19-15-33-32,13.480000,5.260000,-3.360000,1.400000,-15.100000,-144.000000,1.100000
2026-05-19-15-33-32,13.290000,5.210000,-3.310000,1.700000,-15.800000,-142.899994,1.100000
2026-05-19-15-33-32,13.090000,5.140000,-3.260000,2.300000,-16.299999,-141.300003,1.100000
2026-05-19-15-33-33,12.900000,5.060000,-3.210000,2.300000,-16.000000,-139.699997,1.100000
2026-05-19-15-33-33,12.710000,4.970000,-3.160000,1.900000,-16.299999,-138.000000,1.100000
2026-05-19-15-33-33,12.520000,4.880000,-3.090000,1.300000,-16.500000,-136.699997,1.100000
2026-05-19-15-33-35,11.900000,4.530000,-3.310000,8.100000,-20.299999,-129.899994,1.100000
2026-05-19-15-33-35,11.830000,4.440000,-3.430000,9.400000,-27.000000,-128.600006,1.100000
2026-05-19-15-33-36,11.790000,4.390000,-3.510000,10.200000,-30.100000,-127.800003,1.100000
2026-05-19-15-33-36,11.760000,4.350000,-3.600000,15.600000,-27.600000,-125.699997,1.100000
2026-05-19-15-33-37,11.740000,4.260000,-3.740000,14.600000,-25.000000,-121.400002,1.100000
2026-05-19-15-33-37,11.740000,4.170000,-3.910000,13.400000,-21.500000,-117.199997,1.100000
2026-05-19-15-33-37,11.710000,4.060000,-3.990000,15.100000,-15.200000,-112.800003,1.100000
2026-05-19-15-33-38,11.610000,3.870000,-4.020000,15.300000,-16.500000,-111.000000,1.100000
2026-05-19-15-33-38,11.520000,3.690000,-4.030000,15.000000,-22.900000,-117.400002,1.100000
2026-05-19-15-33-38,11.430000,3.540000,-4.000000,22.200001,-23.299999,-134.300003,1.100000
2026-05-19-15-33-39,11.290000,3.440000,-3.960000,19.200001,-22.000000,-138.600006,1.100000
2026-05-19-15-33-39,11.140000,3.340000,-3.900000,13.900000,-20.900000,-139.199997,1.100000
2026-05-19-15-33-40,10.970000,3.260000,-3.860000,11.100000,-19.700001,-138.699997,1.100000
2026-05-19-15-33-40,10.780000,3.180000,-3.800000,9.600000,-16.600000,-141.500000,1.100000
2026-05-19-15-33-40,10.670000,3.100000,-3.750000,12.300000,-14.600000,-152.300003,1.100000
2026-05-19-15-33-41,10.590000,3.030000,-3.700000,16.400000,-11.900000,-162.199997,1.100000
2026-05-19-15-33-41,10.370000,3.000000,-3.730000,13.700000,-11.300000,-165.600006,1.100000
2026-05-19-15-33-41,10.180000,3.000000,-3.710000,12.100000,-11.700000,-166.100006,1.100000
2026-05-19-15-33-42,9.760000,3.000000,-3.640000,5.900000,-11.500000,-163.500000,1.100000
2026-05-19-15-33-42,9.570000,3.010000,-3.610000,3.900000,-12.200000,-162.100006,1.100000
2026-05-19-15-33-43,9.370000,3.010000,-3.570000,3.500000,-12.000000,-160.199997,1.100000
2026-05-19-15-33-43,9.170000,3.010000,-3.530000,3.100000,-11.700000,-158.300003,1.100000
2026-05-19-15-33-44,8.960000,3.010000,-3.490000,3.700000,-11.800000,-157.000000,1.100000
2026-05-19-15-33-44,8.760000,3.000000,-3.450000,4.500000,-12.300000,-156.300003,1.100000
2026-05-19-15-33-44,8.570000,2.980000,-3.420000,4.900000,-13.500000,-155.800003,1.100000
2026-05-19-15-33-45,8.450000,2.970000,-3.420000,4.700000,-16.400000,-156.699997,1.100000
2026-05-19-15-33-45,8.370000,2.970000,-3.430000,6.800000,-16.100000,-157.699997,1.100000
2026-05-19-15-33-46,8.270000,2.970000,-3.430000,8.700000,-10.900000,-156.199997,1.100000
2026-05-19-15-33-46,8.110000,2.940000,-3.410000,10.100000,-6.600000,-155.300003,1.100000
2026-05-19-15-33-46,7.930000,2.900000,-3.390000,13.100000,-7.000000,-155.100006,1.100000
2026-05-19-15-33-47,7.730000,2.860000,-3.390000,12.400000,-9.400000,-154.399994,1.100000
2026-05-19-15-33-47,7.540000,2.830000,-3.370000,9.900000,-11.200000,-157.600006,1.100000
2026-05-19-15-33-47,7.400000,2.790000,-3.360000,14.600000,-10.800000,-178.500000,1.100000
2026-05-19-15-33-48,7.250000,2.760000,-3.350000,21.500000,-4.900000,160.399994,1.100000
2026-05-19-15-33-48,7.090000,2.830000,-3.340000,18.500000,-1.800000,153.699997,1.100000
2026-05-19-15-33-49,6.930000,2.940000,-3.330000,11.800000,-3.500000,159.199997,1.100000
2026-05-19-15-33-49,6.820000,3.050000,-3.340000,1.100000,-6.300000,-178.399994,1.100000
2026-05-19-15-33-49,6.700000,3.140000,-3.340000,-9.400000,-1.800000,-148.199997,1.100000
2026-05-19-15-33-50,6.570000,3.160000,-3.330000,-10.300000,6.600000,-118.500000,1.100000
2026-05-19-15-33-50,6.440000,3.080000,-3.340000,-3.300000,8.400000,-105.900002,1.100000
2026-05-19-15-33-50,6.350000,2.990000,-3.360000,-0.800000,6.200000,-94.199997,1.100000
2026-05-19-15-33-51,6.260000,2.920000,-3.390000,-1.900000,0.300000,-67.599998,1.100000
2026-05-19-15-33-51,6.220000,2.790000,-3.400000,-9.100000,-4.000000,-34.000000,1.100000
2026-05-19-15-33-51,6.240000,2.660000,-3.400000,-14.400000,-5.300000,-2.500000,1.100000
2026-05-19-15-33-52,6.300000,2.580000,-3.410000,-12.300000,-7.400000,10.700000,1.100000
2026-05-19-15-33-52,6.320000,2.520000,-3.430000,-7.000000,-10.300000,18.200001,1.100000
2026-05-19-15-33-53,6.340000,2.460000,-3.460000,-3.500000,-12.500000,19.900000,1.100000
2026-05-19-15-33-53,6.340000,2.480000,-3.460000,4.100000,-13.000000,-12.000000,1.100000
2026-05-19-15-33-53,6.370000,2.490000,-3.460000,7.600000,-12.300000,-44.900002,1.100000
2026-05-19-15-33-54,6.410000,2.460000,-3.480000,5.400000,-13.600000,-60.400002,1.100000
2026-05-19-15-33-54,6.430000,2.430000,-3.510000,2.100000,-14.600000,-68.599998,1.100000
2026-05-19-15-33-55,6.450000,2.200000,-3.510000,2.900000,-10.000000,-74.099998,1.100000
2026-05-19-15-33-55,6.450000,2.000000,-3.490000,4.100000,-11.200000,-74.000000,1.100000
2026-05-19-15-33-56,6.420000,1.810000,-3.470000,5.800000,-13.200000,-73.800003,1.100000
2026-05-19-15-33-56,6.380000,1.630000,-3.450000,4.100000,-16.700001,-73.800003,1.100000
2026-05-19-15-33-56,6.360000,1.520000,-3.450000,0.200000,-20.000000,-73.699997,1.100000
2026-05-19-15-33-57,6.330000,1.430000,-3.450000,-0.300000,-19.600000,-74.000000,1.100000
2026-05-19-15-33-57,6.330000,1.280000,-3.410000,2.500000,-15.700000,-74.199997,1.100000
2026-05-19-15-33-58,6.300000,1.100000,-3.380000,5.900000,-14.100000,-73.800003,1.100000
2026-05-19-15-33-58,6.260000,0.910000,-3.350000,7.200000,-15.300000,-72.699997,1.100000
2026-05-19-15-33-58,6.230000,0.790000,-3.340000,1.700000,-18.100000,-72.800003,1.100000
2026-05-19-15-33-59,6.220000,0.700000,-3.340000,-1.600000,-19.299999,-73.199997,1.100000
2026-05-19-15-33-59,6.210000,0.640000,-3.350000,-0.100000,-17.799999,-74.300003,1.100000
2026-05-19-15-34-00,6.200000,0.580000,-3.370000,2.900000,-14.900000,-75.500000,1.100000
2026-05-19-15-34-00,6.190000,0.540000,-3.400000,4.900000,-11.500000,-76.599998,1.100000
2026-05-19-15-34-00,6.180000,0.490000,-3.450000,5.400000,-7.400000,-76.099998,1.100000
2026-05-19-15-34-01,6.180000,0.470000,-3.580000,5.500000,-5.400000,-74.500000,1.100000
2026-05-19-15-34-01,6.270000,0.410000,-3.710000,6.900000,-2.100000,-71.800003,1.100000
2026-05-19-15-34-01,6.320000,0.380000,-3.880000,8.000000,2.200000,-68.699997,1.100000
2026-05-19-15-34-02,6.350000,0.390000,-4.080000,9.600000,7.200000,-65.699997,1.100000
2026-05-19-15-34-02,6.370000,0.410000,-4.210000,10.300000,11.200000,-64.400002,1.100000
2026-05-19-15-34-02,6.400000,0.430000,-4.310000,10.200000,12.300000,-63.700001,1.100000
2026-05-19-15-34-03,6.420000,0.430000,-4.410000,10.100000,11.500000,-63.700001,1.100000
2026-05-19-15-34-03,6.430000,0.440000,-4.580000,10.700000,11.900000,-61.299999,1.100000
2026-05-19-15-34-04,6.440000,0.480000,-4.680000,9.900000,8.900000,-58.900002,1.100000
2026-05-19-15-34-04,6.470000,0.520000,-4.740000,8.400000,1.900000,-57.799999,1.100000
2026-05-19-15-34-04,6.510000,0.570000,-4.740000,13.000000,5.900000,-84.900002,1.100000
2026-05-19-15-34-05,6.570000,0.590000,-4.700000,6.800000,13.300000,-125.000000,1.100000
2026-05-19-15-34-05,6.600000,0.550000,-4.690000,-4.800000,9.700000,-169.300003,1.100000
2026-05-19-15-34-06,6.520000,0.530000,-4.700000,-6.600000,3.200000,164.399994,1.100000
2026-05-19-15-34-06,6.400000,0.590000,-4.710000,-3.400000,-2.100000,158.000000,1.100000
2026-05-19-15-34-06,6.280000,0.720000,-4.710000,-4.100000,-4.100000,174.699997,1.100000
2026-05-19-15-34-07,6.120000,0.810000,-4.680000,-2.500000,-3.300000,-174.500000,1.100000
2026-05-19-15-34-07,5.930000,0.860000,-4.650000,-3.000000,-3.900000,-170.899994,1.100000
2026-05-19-15-34-07,5.740000,0.890000,-4.630000,-3.200000,-4.400000,-167.600006,1.100000
2026-05-19-15-34-08,5.540000,0.890000,-4.600000,-3.000000,-5.200000,-165.399994,1.100000
2026-05-19-15-34-08,5.340000,0.890000,-4.590000,-1.400000,-7.900000,-163.699997,1.100000
2026-05-19-15-34-09,5.140000,0.900000,-4.570000,-0.200000,-9.800000,-161.000000,1.100000
2026-05-19-15-34-09,4.920000,0.920000,-4.520000,-0.000000,-11.200000,-158.899994,1.100000
2026-05-19-15-34-09,4.800000,0.900000,-4.500000,-0.700000,-13.900000,-158.500000,1.100000
2026-05-19-15-34-10,4.720000,0.890000,-4.510000,1.900000,-15.700000,-157.800003,1.100000
2026-05-19-15-34-10,4.650000,0.910000,-4.540000,5.700000,-14.000000,-156.399994,1.100000
2026-05-19-15-34-11,4.460000,0.910000,-4.690000,10.800000,-5.000000,-150.800003,1.100000
2026-05-19-15-34-11,4.430000,0.880000,-4.790000,13.700000,0.900000,-148.500000,1.100000
2026-05-19-15-34-12,4.400000,0.850000,-4.800000,15.400000,0.800000,-148.500000,1.100000
2026-05-19-15-34-12,4.380000,0.810000,-4.760000,15.000000,-3.300000,-146.699997,1.100000
2026-05-19-15-34-12,4.330000,0.770000,-4.740000,14.600000,-3.400000,-145.699997,1.100000
2026-05-19-15-34-13,4.280000,0.730000,-4.760000,11.400000,-4.000000,-142.699997,1.100000
2026-05-19-15-34-13,4.240000,0.700000,-4.750000,6.800000,-3.300000,-141.500000,1.100000
2026-05-19-15-34-14,4.210000,0.670000,-4.760000,4.200000,-2.100000,-139.000000,1.100000
2026-05-19-15-34-14,4.160000,0.680000,-4.760000,4.800000,-1.600000,-138.000000,1.100000
2026-05-19-15-34-14,4.120000,0.630000,-4.740000,6.500000,-1.000000,-135.800003,1.100000
2026-05-19-15-34-15,4.050000,0.630000,-4.740000,4.100000,-6.400000,-107.199997,1.100000
2026-05-19-15-34-15,3.940000,0.620000,-4.740000,-1.600000,-10.600000,-65.000000,1.100000
2026-05-19-15-34-16,3.870000,0.550000,-4.740000,-8.600000,-9.500000,-36.599998,1.100000
2026-05-19-15-34-16,3.860000,0.450000,-4.730000,-4.700000,-6.300000,-28.600000,1.100000
2026-05-19-15-34-16,3.970000,0.350000,-4.720000,-3.800000,-2.500000,-22.500000,1.100000
2026-05-19-15-34-17,4.110000,0.270000,-4.720000,-3.900000,-8.100000,-15.500000,1.100000
2026-05-19-15-34-17,4.180000,0.200000,-4.730000,-6.200000,-14.900000,-9.100000,1.100000
2026-05-19-15-34-17,4.230000,0.130000,-4.720000,-6.600000,-14.500000,-4.200000,1.100000
2026-05-19-15-34-18,4.280000,0.110000,-4.710000,-6.800000,-10.900000,-1.500000,1.100000
2026-05-19-15-34-18,4.320000,0.070000,-4.690000,-5.800000,-6.500000,1.700000,1.100000
2026-05-19-15-34-19,4.340000,0.030000,-4.690000,-4.200000,-2.900000,4.000000,1.100000
2026-05-19-15-34-19,4.370000,-0.010000,-4.690000,-3.000000,-1.100000,6.400000,1.100000
2026-05-19-15-34-19,4.390000,-0.020000,-4.700000,-2.800000,-0.700000,8.200000,1.100000
2026-05-19-15-34-20,4.370000,-0.020000,-4.710000,-3.100000,-3.500000,8.600000,1.100000
2026-05-19-15-34-20,4.410000,-0.070000,-4.680000,-1.100000,-1.100000,9.800000,1.100000
2026-05-19-15-34-20,4.410000,-0.090000,-4.680000,-0.900000,-0.900000,10.200000,1.100000
2026-05-19-15-34-21,4.400000,-0.080000,-4.680000,-1.100000,-0.700000,9.400000,1.100000
2026-05-19-15-34-21,4.390000,-0.110000,-4.690000,-1.100000,0.100000,9.600000,1.100000
2026-05-19-15-34-21,4.420000,-0.120000,-4.700000,-1.900000,0.700000,9.700000,1.100000
2026-05-19-15-34-22,4.420000,-0.130000,-4.690000,-1.100000,0.100000,8.400000,1.100000
2026-05-19-15-34-22,4.430000,-0.170000,-4.700000,-0.300000,0.500000,7.800000,1.100000
2026-05-19-15-34-23,4.420000,-0.150000,-4.710000,-0.400000,-0.700000,6.900000,1.100000
2026-05-19-15-34-23,4.400000,-0.160000,-4.690000,-1.000000,-0.300000,4.900000,1.100000
2026-05-19-15-34-23,4.400000,-0.170000,-4.680000,-1.600000,-0.100000,4.400000,1.100000
2026-05-19-15-34-24,4.420000,-0.200000,-4.690000,-1.200000,1.000000,2.500000,1.100000
2026-05-19-15-34-24,4.420000,-0.210000,-4.690000,-0.100000,0.500000,0.900000,1.100000
2026-05-19-15-34-25,4.420000,-0.220000,-4.690000,0.800000,0.600000,0.100000,1.100000
2026-05-19-15-34-25,4.400000,-0.230000,-4.700000,0.800000,-0.300000,-2.700000,1.100000
2026-05-19-15-34-25,4.390000,-0.230000,-4.700000,-0.700000,-0.400000,-2.700000,1.100000
2026-05-19-15-34-26,4.400000,-0.230000,-4.690000,-1.700000,0.100000,-5.700000,1.100000
2026-05-19-15-34-26,4.410000,-0.260000,-4.690000,-1.000000,0.900000,-7.200000,1.100000
2026-05-19-15-34-26,4.380000,-0.250000,-4.690000,-0.700000,-0.700000,-9.200000,1.100000
2026-05-19-15-34-27,4.390000,-0.260000,-4.660000,0.800000,0.400000,-12.700000,1.100000
2026-05-19-15-34-27,4.400000,-0.270000,-4.690000,1.200000,-0.100000,-13.500000,1.100000
2026-05-19-15-34-28,4.430000,-0.290000,-4.680000,0.300000,2.700000,-14.500000,1.100000
2026-05-19-15-34-28,4.570000,-0.350000,-4.680000,1.200000,4.300000,-12.800000,1.100000
2026-05-19-15-34-28,4.710000,-0.420000,-4.690000,2.800000,-2.100000,-10.100000,1.100000
2026-05-19-15-34-29,4.800000,-0.440000,-4.700000,0.800000,-8.600000,-8.400000,1.100000
2026-05-19-15-34-29,4.870000,-0.470000,-4.680000,-1.200000,-8.200000,-8.000000,1.100000
2026-05-19-15-34-30,4.920000,-0.510000,-4.690000,-1.800000,-4.300000,-6.700000,1.100000
2026-05-19-15-34-30,4.950000,-0.530000,-4.710000,-2.200000,-2.000000,-6.300000,1.100000
2026-05-19-15-34-30,5.000000,-0.560000,-4.690000,-1.100000,0.100000,-7.600000,1.100000
2026-05-19-15-34-31,5.030000,-0.590000,-4.690000,0.200000,-0.600000,-8.000000,1.100000
2026-05-19-15-34-31,5.050000,-0.590000,-4.690000,0.200000,-1.000000,-8.500000,1.100000
2026-05-19-15-34-31,5.060000,-0.580000,-4.690000,0.100000,-0.400000,-8.500000,1.100000
2026-05-19-15-34-31,5.090000,-0.610000,-4.700000,0.200000,-1.800000,-10.700000,1.100000
2026-05-19-15-34-32,5.100000,-0.620000,-4.700000,-0.200000,-0.300000,-11.600000,1.100000
2026-05-19-15-34-32,5.120000,-0.630000,-4.690000,-0.300000,-0.200000,-7.100000,1.100000
2026-05-19-15-34-33,5.140000,-0.650000,-4.680000,1.100000,-0.400000,-7.300000,1.100000
2026-05-19-15-34-33,5.150000,-0.630000,-4.690000,1.700000,-2.100000,-9.900000,1.100000
2026-05-19-15-34-33,5.170000,-0.630000,-4.700000,1.100000,-2.900000,-10.500000,1.100000
2026-05-19-15-34-34,5.180000,-0.630000,-4.710000,0.500000,-1.400000,-13.400000,1.100000
2026-05-19-15-34-34,5.180000,-0.640000,-4.720000,0.500000,-0.800000,-13.400000,1.100000
2026-05-19-15-34-35,5.170000,-0.620000,-4.720000,0.300000,-1.500000,-16.200001,1.100000
2026-05-19-15-34-35,5.190000,-0.610000,-4.700000,0.200000,-0.800000,-16.500000,1.100000
2026-05-19-15-34-35,5.210000,-0.620000,-4.680000,-0.100000,-1.000000,-18.200001,1.100000
2026-05-19-15-34-36,5.220000,-0.640000,-4.680000,0.300000,-1.500000,-19.900000,1.100000
2026-05-19-15-34-36,5.230000,-0.650000,-4.700000,0.700000,-1.100000,-22.100000,1.100000
2026-05-19-15-34-37,5.230000,-0.640000,-4.710000,1.000000,-1.400000,-23.200001,1.100000
2026-05-19-15-34-37,5.230000,-0.620000,-4.710000,0.600000,-1.700000,-25.700001,1.100000
2026-05-19-15-34-37,5.250000,-0.630000,-4.710000,0.500000,-1.000000,-27.500000,1.100000
2026-05-19-15-34-38,5.250000,-0.630000,-4.710000,0.400000,-1.700000,-29.600000,1.100000
2026-05-19-15-34-38,5.250000,-0.620000,-4.700000,1.000000,-1.300000,-31.000000,1.100000
2026-05-19-15-34-38,5.250000,-0.640000,-4.690000,1.100000,-1.500000,-33.500000,1.100000
2026-05-19-15-34-39,5.270000,-0.620000,-4.690000,0.300000,-2.000000,-35.000000,1.100000
2026-05-19-15-34-39,5.290000,-0.610000,-4.690000,0.900000,-0.900000,-37.099998,1.100000
2026-05-19-15-34-40,5.290000,-0.620000,-4.700000,0.700000,-1.700000,-37.900002,1.100000
2026-05-19-15-34-40,5.290000,-0.610000,-4.710000,1.200000,-1.400000,-40.500000,1.100000
2026-05-19-15-34-40,5.290000,-0.620000,-4.710000,2.000000,-0.800000,-41.599998,1.100000
2026-05-19-15-34-41,5.280000,-0.610000,-4.710000,2.300000,-2.500000,-39.200001,1.100000
2026-05-19-15-34-41,5.280000,-0.620000,-4.700000,1.500000,-2.700000,-28.799999,1.100000
2026-05-19-15-34-41,5.310000,-0.640000,-4.680000,0.800000,-2.100000,-4.700000,1.100000
2026-05-19-15-34-41,5.340000,-0.680000,-4.690000,-0.900000,-2.500000,37.799999,1.100000
2026-05-19-15-34-42,5.400000,-0.720000,-4.700000,-3.800000,-3.400000,66.500000,1.100000
2026-05-19-15-34-42,5.420000,-0.730000,-4.750000,-4.300000,-4.600000,78.400002,1.100000
2026-05-19-15-34-43,5.460000,-0.720000,-4.780000,-2.600000,-0.000000,86.500000,1.100000
2026-05-19-15-34-43,5.500000,-0.700000,-4.790000,-1.400000,1.600000,89.900002,1.100000
2026-05-19-15-34-44,5.490000,-0.690000,-4.000000,-11.400000,-5.700000,94.099998,1.100000
2026-05-19-15-34-44,5.480000,-0.710000,-4.610000,-25.600000,-17.900000,97.199997,1.100000
2026-05-19-15-34-45,5.470000,-0.750000,-4.540000,-40.099998,-33.200001,102.500000,1.100000
2026-05-19-15-34-45,5.430000,-0.820000,-4.450000,-41.599998,-41.400002,95.099998,1.100000
2026-05-19-15-34-45,5.330000,-0.820000,-4.430000,7.900000,-43.400002,35.500000,1.100000
2026-05-19-15-34-46,5.280000,-0.820000,-4.400000,19.700001,-27.900000,10.100000,1.100000
2026-05-19-15-34-46,5.290000,-0.860000,-4.360000,6.700000,-16.500000,17.500000,1.100000
2026-05-19-15-34-46,5.410000,-0.890000,-4.300000,3.600000,-6.400000,22.299999,1.100000
2026-05-19-15-34-47,5.780000,-0.850000,-4.280000,-0.800000,-0.600000,32.299999,1.100000
2026-05-19-15-34-48,6.130000,-0.790000,-4.280000,-12.600000,-3.100000,63.000000,1.100000
2026-05-19-15-34-48,6.220000,-0.780000,-4.300000,-14.300000,-5.400000,74.900002,1.100000
2026-05-19-15-34-49,6.290000,-0.740000,-4.310000,-9.500000,-5.600000,81.400002,1.100000
2026-05-19-15-34-49,6.340000,-0.710000,-4.310000,-5.500000,-6.600000,86.099998,1.100000
2026-05-19-15-34-50,6.380000,-0.690000,-4.340000,-1.200000,-8.100000,89.000000,1.100000
2026-05-19-15-34-50,6.410000,-0.670000,-4.380000,1.800000,-8.000000,91.000000,1.100000
2026-05-19-15-34-50,6.420000,-0.660000,-4.430000,2.300000,-7.100000,92.400002,1.100000
2026-05-19-15-34-51,6.450000,-0.660000,-4.480000,2.100000,-5.500000,93.300003,1.100000
2026-05-19-15-34-51,6.460000,-0.650000,-4.520000,1.800000,-4.200000,93.300003,1.100000
2026-05-19-15-34-51,6.460000,-0.650000,-4.570000,1.200000,-2.100000,92.699997,1.100000
2026-05-19-15-34-52,6.460000,-0.660000,-4.630000,1.800000,-1.600000,92.099998,1.100000
2026-05-19-15-34-52,6.470000,-0.660000,-4.710000,3.000000,0.300000,90.000000,1.100000
2026-05-19-15-34-52,6.440000,-0.630000,-4.740000,2.900000,4.500000,89.500000,1.100000
2026-05-19-15-34-53,6.430000,-0.660000,-4.740000,4.700000,3.700000,88.500000,1.100000
2026-05-19-15-34-53,6.450000,-0.660000,-4.760000,6.800000,4.000000,87.000000,1.100000
2026-05-19-15-34-54,6.430000,-0.580000,-4.740000,6.000000,9.800000,87.699997,1.100000
2026-05-19-15-34-54,6.440000,-0.410000,-4.740000,6.100000,12.400000,91.900002,1.100000
2026-05-19-15-34-54,6.490000,-0.280000,-4.780000,6.800000,2.000000,96.000000,1.100000
2026-05-19-15-34-55,6.490000,-0.190000,-4.840000,2.100000,-4.800000,97.099998,1.100000
2026-05-19-15-34-55,6.490000,-0.070000,-4.830000,-0.900000,-4.200000,101.099998,1.100000
2026-05-19-15-34-55,6.510000,0.000000,-4.810000,-1.500000,-2.600000,103.699997,1.100000
2026-05-19-15-34-56,6.500000,0.040000,-4.800000,-1.200000,0.200000,104.699997,1.100000
2026-05-19-15-34-56,6.520000,0.080000,-4.800000,0.100000,3.100000,108.199997,1.100000
2026-05-19-15-34-56,6.530000,0.100000,-4.830000,1.800000,3.900000,109.099998,1.100000
2026-05-19-15-34-57,6.520000,0.160000,-4.850000,2.400000,5.700000,110.900002,1.100000
2026-05-19-15-34-57,6.530000,0.210000,-4.840000,3.400000,5.800000,112.000000,1.100000
2026-05-19-15-34-58,6.550000,0.230000,-4.860000,3.100000,2.900000,111.599998,1.100000
2026-05-19-15-34-58,6.540000,0.260000,-4.860000,3.100000,3.900000,111.300003,1.100000
2026-05-19-15-34-58,6.510000,0.310000,-4.850000,3.100000,4.700000,111.800003,1.100000
2026-05-19-15-34-59,6.520000,0.340000,-4.850000,2.600000,4.200000,110.699997,1.100000
2026-05-19-15-34-59,6.530000,0.360000,-4.860000,2.800000,3.800000,111.099998,1.100000
2026-05-19-15-34-59,6.530000,0.390000,-4.860000,2.800000,5.200000,110.300003,1.100000
2026-05-19-15-35-00,6.530000,0.410000,-4.860000,3.100000,4.500000,110.300003,1.100000
2026-05-19-15-35-00,6.520000,0.440000,-4.880000,3.500000,4.900000,109.699997,1.100000
2026-05-19-15-35-01,6.530000,0.470000,-4.880000,2.500000,6.400000,107.400002,3.100000
2026-05-19-15-35-01,6.480000,0.480000,-4.850000,-2.400000,8.900000,75.900002,1.100000
2026-05-19-15-35-01,6.420000,0.510000,-4.870000,-4.700000,8.900000,63.299999,1.100000
2026-05-19-15-35-01,6.350000,0.540000,-4.950000,-9.800000,7.900000,30.700001,1.100000
2026-05-19-15-35-02,6.310000,0.680000,-4.940000,-6.900000,2.800000,-11.900000,1.100000
2026-05-19-15-35-02,6.380000,0.730000,-4.950000,-2.700000,2.000000,-48.799999,1.100000
2026-05-19-15-35-03,6.400000,0.760000,-5.000000,3.900000,-3.100000,-75.000000,1.100000
2026-05-19-15-35-03,6.380000,0.760000,-5.010000,8.100000,-6.700000,-83.199997,1.100000
2026-05-19-15-35-03,6.380000,0.700000,-4.980000,6.200000,-7.100000,-84.599998,1.100000
2026-05-19-15-35-04,6.370000,0.680000,-4.990000,1.800000,-7.200000,-87.300003,1.100000
2026-05-19-15-35-04,6.320000,0.670000,-5.060000,-2.200000,-4.900000,-87.599998,1.100000
2026-05-19-15-35-05,6.300000,0.680000,-4.910000,-4.700000,-9.600000,-88.699997,1.100000
2026-05-19-15-35-05,6.290000,0.710000,-4.820000,-14.700000,-20.200001,-86.099998,1.100000
2026-05-19-15-35-06,6.300000,0.720000,-4.750000,-11.200000,-24.200001,-85.699997,1.100000
2026-05-19-15-35-06,6.300000,0.750000,-4.730000,-2.000000,-24.700001,-86.500000,1.100000
2026-05-19-15-35-06,6.300000,0.780000,-4.700000,5.400000,-20.100000,-87.000000,1.100000
2026-05-19-15-35-07,6.270000,0.820000,-4.610000,9.000000,-18.700001,-87.300003,1.100000
2026-05-19-15-35-07,6.240000,0.860000,-4.490000,9.400000,-19.500000,-88.099998,1.100000
2026-05-19-15-35-08,6.180000,0.900000,-4.390000,7.600000,-19.200001,-88.300003,1.100000
2026-05-19-15-35-08,6.150000,0.930000,-4.340000,5.400000,-17.799999,-88.000000,1.100000
2026-05-19-15-35-08,6.120000,0.960000,-4.310000,5.300000,-15.200000,-87.800003,1.100000
2026-05-19-15-35-09,6.090000,1.010000,-4.210000,6.600000,-14.700000,-88.000000,1.100000
2026-05-19-15-35-09,6.050000,1.060000,-4.090000,8.500000,-15.800000,-88.599998,1.100000
2026-05-19-15-35-09,6.000000,1.110000,-3.960000,9.200000,-16.700001,-89.199997,1.100000
2026-05-19-15-35-10,5.960000,1.140000,-3.900000,2.600000,-18.299999,-89.099998,1.100000
2026-05-19-15-35-10,5.910000,1.190000,-3.790000,2.400000,-18.799999,-89.599998,1.100000
2026-05-19-15-35-11,5.870000,1.250000,-3.650000,5.900000,-19.200001,-90.300003,1.100000
2026-05-19-15-35-11,5.830000,1.300000,-3.530000,8.000000,-19.200001,-90.900002,1.100000
2026-05-19-15-35-11,5.820000,1.320000,-3.490000,8.100000,-18.799999,-90.900002,1.100000
2026-05-19-15-35-11,5.810000,1.330000,-3.460000,5.700000,-19.200001,-91.000000,1.100000
2026-05-19-15-35-12,5.790000,1.380000,-3.370000,5.300000,-20.900000,-91.900002,1.100000
2026-05-19-15-35-12,5.760000,1.430000,-3.280000,7.200000,-21.200001,-92.199997,1.100000
2026-05-19-15-35-12,5.740000,1.470000,-3.200000,9.000000,-21.000000,-92.400002,1.100000
2026-05-19-15-35-12,5.720000,1.510000,-3.130000,10.500000,-21.100000,-92.699997,1.100000
2026-05-19-15-35-13,5.690000,1.540000,-3.050000,11.400000,-21.500000,-92.900002,1.100000
2026-05-19-15-35-13,5.670000,1.560000,-3.010000,11.400000,-21.200001,-92.699997,1.100000
2026-05-19-15-35-13,5.650000,1.580000,-2.970000,10.600000,-20.500000,-92.300003,1.100000
2026-05-19-15-35-13,5.620000,1.600000,-2.950000,10.300000,-19.400000,-91.699997,1.100000
2026-05-19-15-35-13,5.600000,1.620000,-2.930000,10.800000,-17.900000,-90.800003,1.100000
2026-05-19-15-35-14,5.560000,1.590000,-2.890000,13.300000,-14.500000,-88.000000,1.100000
2026-05-19-15-35-14,5.520000,1.540000,-2.860000,16.299999,-9.500000,-85.699997,1.100000
2026-05-19-15-35-14,5.490000,1.460000,-2.830000,18.400000,-5.200000,-84.000000,1.100000
2026-05-19-15-35-14,5.460000,1.360000,-2.820000,20.700001,-1.300000,-81.800003,1.100000
2026-05-19-15-35-15,5.430000,1.260000,-2.830000,22.000000,0.100000,-78.800003,1.100000
2026-05-19-15-35-15,5.390000,1.160000,-2.830000,19.600000,7.000000,-71.800003,1.100000
2026-05-19-15-35-15,5.370000,1.050000,-2.840000,19.700001,23.799999,-61.099998,1.100000
2026-05-19-15-35-15,5.380000,0.960000,-2.870000,21.799999,34.200001,-53.700001,1.100000
2026-05-19-15-35-15,5.390000,0.870000,-2.940000,21.000000,36.299999,-50.500000,1.100000
2026-05-19-15-35-16,5.400000,0.800000,-3.020000,17.400000,32.599998,-49.599998,1.100000
2026-05-19-15-35-16,5.410000,0.710000,-3.100000,14.300000,30.900000,-46.299999,1.100000
2026-05-19-15-35-17,5.480000,0.450000,-3.270000,35.799999,75.800003,-4.800000,1.100000
2026-05-19-15-35-17,5.530000,0.380000,-3.420000,149.699997,63.799999,115.300003,1.100000
2026-05-19-15-35-17,5.400000,0.260000,-3.610000,156.300003,44.099998,125.900002,1.100000
2026-05-19-15-35-18,5.270000,0.340000,-3.760000,156.199997,9.900000,137.000000,1.100000
2026-05-19-15-35-18,5.180000,0.450000,-3.840000,151.600006,-13.800000,146.100006,1.100000
2026-05-19-15-35-18,4.980000,0.730000,-3.840000,54.599998,-51.299999,-103.900002,1.100000
2026-05-19-15-35-19,5.010000,0.680000,-3.740000,27.200001,-22.100000,-69.599998,1.200000
2026-05-19-15-35-19,5.100000,0.520000,-3.710000,20.200001,12.500000,-51.799999,1.200000
2026-05-19-15-35-19,4.810000,0.310000,-3.750000,15.500000,22.900000,-45.900002,1.100000
2026-05-19-15-35-20,4.840000,0.240000,-3.840000,5.600000,17.400000,-44.200001,1.100000
2026-05-19-15-35-20,4.860000,0.190000,-3.920000,0.500000,7.400000,-42.500000,1.100000
2026-05-19-15-35-21,4.870000,0.140000,-4.010000,0.000000,-1.900000,-41.299999,1.100000
2026-05-19-15-35-21,4.880000,0.110000,-4.090000,2.900000,-8.400000,-40.799999,1.100000
2026-05-19-15-35-21,4.880000,0.090000,-4.130000,4.500000,-10.400000,-40.500000,1.100000
2026-05-19-15-35-21,4.870000,0.110000,-4.150000,5.300000,-11.300000,-40.299999,1.100000
2026-05-19-15-35-21,4.860000,0.150000,-4.140000,6.200000,-12.200000,-40.000000,1.100000
2026-05-19-15-35-22,4.830000,0.210000,-4.140000,6.400000,-12.300000,-39.599998,1.100000
2026-05-19-15-35-22,4.790000,0.250000,-4.140000,6.200000,-11.700000,-39.200001,1.100000
2026-05-19-15-35-22,4.750000,0.300000,-4.140000,5.700000,-10.800000,-38.599998,1.100000
2026-05-19-15-35-22,4.750000,0.330000,-4.140000,5.200000,-10.300000,-37.500000,1.100000
2026-05-19-15-35-23,4.720000,0.370000,-4.160000,5.100000,-8.600000,-35.299999,1.100000
2026-05-19-15-35-23,4.710000,0.390000,-4.150000,5.800000,-6.200000,-33.200001,1.100000
2026-05-19-15-35-23,4.690000,0.380000,-4.150000,6.700000,-3.300000,-30.799999,1.100000
2026-05-19-15-35-23,4.700000,0.350000,-4.110000,7.400000,-0.900000,-28.200001,1.100000
2026-05-19-15-35-24,4.660000,0.350000,-4.050000,7.500000,1.600000,-26.200001,1.100000
2026-05-19-15-35-24,4.550000,0.340000,-3.940000,7.400000,2.600000,-25.100000,1.100000
2026-05-19-15-35-24,4.500000,0.340000,-3.950000,9.500000,-0.500000,-23.500000,1.100000
2026-05-19-15-35-25,4.500000,0.360000,-3.960000,12.800000,-4.200000,-22.400000,1.100000
2026-05-19-15-35-25,4.540000,0.420000,-3.930000,13.000000,-3.100000,-21.299999,1.100000
2026-05-19-15-35-25,4.550000,0.450000,-3.900000,11.900000,-2.600000,-19.700001,1.100000
2026-05-19-15-35-26,4.570000,0.470000,-3.890000,10.300000,-2.100000,-19.200001,1.100000
2026-05-19-15-35-26,4.600000,0.490000,-3.910000,6.400000,-1.200000,-17.900000,1.100000
2026-05-19-15-35-27,4.630000,0.560000,-3.900000,2.800000,-1.400000,-18.299999,1.100000
2026-05-19-15-35-27,4.640000,0.560000,-3.890000,2.000000,-0.700000,-17.900000,1.100000
2026-05-19-15-35-27,4.640000,0.590000,-3.900000,2.700000,-1.600000,-17.200001,1.100000
2026-05-19-15-35-28,4.670000,0.620000,-3.910000,2.900000,-1.500000,-17.299999,1.100000
2026-05-19-15-35-28,4.690000,0.660000,-3.890000,3.000000,-1.600000,-18.700001,1.100000
2026-05-19-15-35-29,4.700000,0.660000,-3.880000,4.000000,1.900000,-26.799999,1.100000
2026-05-19-15-35-29,4.730000,0.710000,-3.870000,3.700000,6.600000,-59.900002,1.100000
2026-05-19-15-35-29,4.790000,0.720000,-3.870000,0.400000,7.000000,-99.599998,1.100000
2026-05-19-15-35-30,4.850000,0.680000,-3.870000,2.700000,5.100000,-123.800003,1.100000
2026-05-19-15-35-31,4.660000,0.600000,-3.880000,-1.400000,-2.100000,-57.000000,1.100000
2026-05-19-15-35-31,4.650000,0.520000,-3.870000,-1.400000,-0.600000,-32.799999,1.100000
2026-05-19-15-35-31,4.650000,0.510000,-3.860000,-0.900000,-1.800000,-24.500000,1.100000
2026-05-19-15-35-32,4.640000,0.490000,-3.850000,-0.400000,-4.300000,-18.200001,1.100000
2026-05-19-15-35-32,4.630000,0.470000,-3.830000,1.100000,-5.500000,-13.900000,1.100000
2026-05-19-15-35-32,4.640000,0.410000,-3.810000,2.200000,-4.800000,-3.800000,1.100000
2026-05-19-15-35-33,4.660000,0.270000,-3.790000,-1.200000,-2.000000,36.700001,1.100000
2026-05-19-15-35-33,4.730000,0.240000,-3.790000,-3.400000,-0.600000,71.800003,1.100000
2026-05-19-15-35-33,4.760000,0.250000,-3.790000,-2.700000,-0.700000,83.800003,1.100000
2026-05-19-15-35-34,4.760000,0.280000,-3.790000,-1.000000,2.200000,56.400002,1.100000
2026-05-19-15-35-34,4.760000,0.340000,-3.790000,-1.500000,0.900000,38.900002,1.100000
2026-05-19-15-35-35,4.760000,0.340000,-3.790000,-0.900000,-3.900000,29.000000,1.100000
2026-05-19-15-35-35,4.770000,0.370000,-3.790000,-0.600000,-3.200000,23.299999,1.100000
2026-05-19-15-35-35,4.780000,0.380000,-3.800000,0.000000,-1.500000,21.000000,1.100000
2026-05-19-15-35-36,4.850000,0.360000,-3.790000,0.200000,-0.900000,47.099998,1.100000
2026-05-19-15-35-36,4.950000,0.350000,-3.780000,-0.100000,-0.400000,90.900002,1.100000
2026-05-19-15-35-36,5.010000,0.390000,-3.780000,-2.700000,0.400000,120.400002,1.100000
2026-05-19-15-35-37,5.040000,0.420000,-3.800000,-3.200000,-0.300000,133.800003,1.100000
2026-05-19-15-35-37,5.060000,0.450000,-3.810000,-0.400000,-0.500000,141.800003,1.100000
2026-05-19-15-35-38,5.030000,0.460000,-3.810000,1.200000,1.900000,118.000000,1.100000
2026-05-19-15-35-38,5.000000,0.470000,-3.800000,1.500000,2.700000,93.400002,1.200000
2026-05-19-15-35-38,5.000000,0.490000,-3.790000,1.600000,1.300000,82.400002,1.200000
2026-05-19-15-35-39,4.980000,0.480000,-3.810000,1.200000,0.700000,68.599998,1.200000
2026-05-19-15-35-39,4.960000,0.540000,-3.810000,0.900000,6.000000,34.900002,1.200000
2026-05-19-15-35-40,5.000000,0.680000,-3.830000,1.700000,1.700000,-47.700001,1.200000
2026-05-19-15-35-40,5.070000,0.720000,-3.850000,6.400000,-1.500000,-78.900002,1.200000
2026-05-19-15-35-41,5.110000,0.720000,-3.840000,10.200000,-2.500000,-94.300003,1.200000
2026-05-19-15-35-41,5.150000,0.700000,-3.810000,11.500000,7.200000,-130.699997,1.200000
2026-05-19-15-35-41,5.160000,0.650000,-3.810000,7.300000,10.600000,-153.300003,1.200000
2026-05-19-15-35-42,5.130000,0.620000,-3.820000,2.400000,11.400000,172.600006,1.200000
2026-05-19-15-35-42,5.100000,0.620000,-3.810000,3.200000,5.600000,152.699997,1.200000
2026-05-19-15-35-42,5.120000,0.540000,-3.840000,4.700000,-2.300000,141.399994,1.200000
2026-05-19-15-35-43,5.090000,0.560000,-3.830000,5.400000,-1.500000,134.399994,1.200000
2026-05-19-15-35-43,5.060000,0.560000,-3.860000,1.300000,1.700000,131.399994,1.200000
2026-05-19-15-35-43,5.070000,0.600000,-3.810000,13.100000,5.300000,130.300003,1.200000
2026-05-19-15-35-44,5.080000,0.640000,-3.700000,14.700000,3.200000,128.800003,1.200000
2026-05-19-15-35-44,5.100000,0.650000,-3.670000,9.400000,-0.700000,128.000000,1.200000
2026-05-19-15-35-45,5.120000,0.670000,-3.660000,3.200000,-3.200000,126.800003,1.200000
2026-05-19-15-35-45,5.130000,0.680000,-3.670000,-0.400000,-5.300000,125.900002,1.200000
2026-05-19-15-35-45,5.160000,0.710000,-3.700000,0.300000,-5.000000,125.500000,1.200000
2026-05-19-15-35-46,5.170000,0.730000,-3.710000,3.000000,-2.500000,124.199997,1.200000
2026-05-19-15-35-46,5.170000,0.730000,-3.750000,4.800000,-1.300000,123.300003,1.200000
2026-05-19-15-35-47,5.200000,0.750000,-3.800000,6.400000,1.300000,123.199997,1.200000
2026-05-19-15-35-47,5.190000,0.730000,-3.830000,5.200000,2.200000,121.500000,1.200000
2026-05-19-15-35-47,5.180000,0.720000,-3.870000,4.500000,4.200000,121.800003,1.200000
2026-05-19-15-35-48,5.190000,0.750000,-3.870000,5.700000,4.900000,121.099998,1.200000
2026-05-19-15-35-48,5.190000,0.760000,-3.840000,4.300000,5.800000,121.099998,1.200000
2026-05-19-15-35-48,5.180000,0.750000,-3.820000,2.700000,3.800000,119.400002,1.200000
2026-05-19-15-35-49,5.190000,0.770000,-3.850000,2.600000,3.800000,120.900002,1.200000
2026-05-19-15-35-49,5.210000,0.810000,-3.840000,3.300000,4.800000,119.000000,1.200000
2026-05-19-15-35-50,5.190000,0.800000,-3.820000,3.700000,3.700000,117.300003,1.200000
2026-05-19-15-35-50,5.180000,0.810000,-3.770000,4.700000,3.700000,117.099998,1.200000
2026-05-19-15-35-50,5.180000,0.840000,-3.640000,7.100000,3.200000,115.800003,1.200000
2026-05-19-15-35-51,5.200000,0.840000,-3.520000,7.300000,-1.300000,115.099998,1.200000
2026-05-19-15-35-51,5.200000,0.840000,-3.470000,4.200000,-3.200000,114.800003,1.200000
2026-05-19-15-35-51,5.200000,0.850000,-3.440000,2.700000,-3.300000,114.599998,1.200000
2026-05-19-15-35-52,5.190000,0.860000,-3.430000,2.400000,-2.800000,114.400002,1.200000
2026-05-19-15-35-52,5.190000,0.840000,-3.420000,3.000000,-2.000000,114.000000,1.200000
2026-05-19-15-35-52,5.250000,0.850000,-3.400000,3.700000,-1.000000,131.699997,1.200000
2026-05-19-15-35-53,5.290000,0.920000,-3.370000,3.700000,-2.300000,174.500000,1.200000
2026-05-19-15-35-53,5.250000,0.990000,-3.350000,2.100000,-4.200000,-145.600006,1.200000
2026-05-19-15-35-53,5.190000,1.000000,-3.350000,0.700000,-6.100000,-121.900002,1.200000
2026-05-19-15-35-54,5.130000,0.950000,-3.350000,3.200000,-4.800000,-115.900002,1.200000
2026-05-19-15-35-54,5.030000,0.820000,-3.340000,5.600000,-3.200000,-112.500000,1.200000
2026-05-19-15-35-55,4.940000,0.670000,-3.340000,7.500000,-6.400000,-110.400002,1.200000
2026-05-19-15-35-55,4.830000,0.490000,-3.300000,5.900000,-11.300000,-107.900002,1.200000
2026-05-19-15-35-55,4.740000,0.370000,-3.310000,0.600000,-18.100000,-106.400002,1.200000
2026-05-19-15-35-56,4.690000,0.320000,-3.300000,-2.000000,-24.299999,-105.300003,1.200000
2026-05-19-15-35-56,4.660000,0.330000,-3.240000,-1.800000,-28.400000,-102.699997,1.200000
2026-05-19-15-35-56,4.650000,0.370000,-3.180000,-0.100000,-31.100000,-101.099998,1.200000
2026-05-19-15-35-57,4.640000,0.400000,-3.160000,-1.500000,-29.600000,-93.199997,1.200000
2026-05-19-15-35-57,4.600000,0.400000,-3.130000,-16.700001,-17.500000,-50.299999,1.200000
2026-05-19-15-35-58,4.630000,0.360000,-3.090000,-16.400000,-5.600000,-26.500000,1.200000
2026-05-19-15-35-58,4.760000,0.290000,-3.050000,-8.500000,1.500000,-17.000000,1.200000
2026-05-19-15-35-58,4.900000,0.220000,-3.060000,-5.000000,2.300000,5.300000,1.200000
2026-05-19-15-35-59,5.050000,0.170000,-3.080000,-7.000000,1.200000,28.400000,1.200000
2026-05-19-15-35-59,5.230000,0.220000,-3.100000,-11.200000,-1.000000,40.099998,1.200000
2026-05-19-15-36-00,5.410000,0.320000,-3.100000,-13.400000,-5.500000,46.400002,1.200000
2026-05-19-15-36-00,5.560000,0.440000,-3.090000,-7.800000,-13.600000,36.000000,1.200000
2026-05-19-15-36-00,5.680000,0.560000,-3.060000,7.600000,-15.900000,9.700000,1.200000
2026-05-19-15-36-01,5.810000,0.630000,-3.020000,20.000000,-7.500000,-21.299999,1.200000
2026-05-19-15-36-01,5.950000,0.660000,-3.000000,21.500000,2.800000,-51.000000,1.200000
2026-05-19-15-36-01,6.060000,0.630000,-2.990000,16.700001,11.900000,-87.900002,1.200000
2026-05-19-15-36-02,6.090000,0.560000,-3.010000,14.800000,12.800000,-96.400002,1.200000
2026-05-19-15-36-02,6.110000,0.490000,-3.030000,11.300000,11.700000,-106.500000,1.200000
2026-05-19-15-36-02,6.030000,0.320000,-3.100000,7.700000,6.000000,-114.800003,1.200000
2026-05-19-15-36-03,5.940000,0.160000,-3.130000,7.600000,-1.600000,-117.400002,1.200000
2026-05-19-15-36-03,5.850000,0.010000,-3.130000,8.800000,-9.200000,-127.199997,1.200000
2026-05-19-15-36-03,5.780000,-0.110000,-3.120000,16.500000,-10.200000,-151.899994,1.200000
2026-05-19-15-36-04,5.650000,-0.210000,-3.100000,20.600000,-8.100000,-164.600006,1.200000
2026-05-19-15-36-04,5.450000,-0.250000,-3.070000,16.500000,-7.900000,-168.399994,1.200000
2026-05-19-15-36-05,5.240000,-0.280000,-3.040000,12.400000,-9.900000,-173.699997,1.200000
2026-05-19-15-36-05,5.040000,-0.300000,-3.030000,13.800000,-11.100000,172.800003,1.200000
2026-05-19-15-36-05,4.840000,-0.280000,-3.000000,13.600000,-11.400000,166.500000,1.200000
2026-05-19-15-36-06,4.630000,-0.210000,-2.970000,10.400000,-12.500000,165.899994,1.200000
2026-05-19-15-36-06,4.250000,-0.050000,-2.880000,9.200000,-14.600000,159.399994,1.200000
2026-05-19-15-36-07,4.050000,0.040000,-2.830000,6.700000,-14.400000,159.800003,1.200000
2026-05-19-15-36-07,3.870000,0.130000,-2.780000,8.900000,-12.300000,148.300003,1.200000
2026-05-19-15-36-08,3.710000,0.220000,-2.740000,13.600000,2.600000,129.399994,1.200000
2026-05-19-15-36-08,3.600000,0.320000,-2.710000,10.900000,19.799999,108.000000,1.200000
2026-05-19-15-36-08,3.510000,0.440000,-2.740000,-0.700000,30.000000,76.400002,1.200000
2026-05-19-15-36-09,3.470000,0.560000,-2.780000,-10.300000,30.500000,41.900002,1.200000
2026-05-19-15-36-09,3.490000,0.660000,-2.830000,-12.300000,23.200001,10.000000,1.200000
2026-05-19-15-36-10,3.540000,0.720000,-2.900000,-6.000000,16.200001,-17.299999,1.200000
2026-05-19-15-36-10,3.600000,0.740000,-2.940000,2.900000,13.000000,-45.000000,1.200000
2026-05-19-15-36-10,3.680000,0.720000,-2.990000,8.800000,10.100000,-71.300003,1.200000
2026-05-19-15-36-11,3.730000,0.610000,-3.050000,9.400000,6.100000,-83.500000,1.200000
2026-05-19-15-36-11,3.750000,0.550000,-3.100000,6.000000,-1.700000,-90.000000,1.200000
2026-05-19-15-36-11,3.760000,0.510000,-3.140000,3.000000,-8.300000,-94.199997,1.200000
2026-05-19-15-36-12,3.770000,0.480000,-3.170000,2.600000,-11.800000,-97.199997,1.200000
2026-05-19-15-36-12,3.800000,0.460000,-3.210000,4.000000,-14.300000,-100.300003,1.200000
2026-05-19-15-36-12,3.720000,0.380000,-3.240000,-1.500000,-14.800000,-75.199997,1.200000
2026-05-19-15-36-13,3.650000,0.330000,-3.260000,-10.200000,-10.500000,-35.500000,1.200000
2026-05-19-15-36-13,3.640000,0.260000,-3.260000,-13.700000,-1.500000,8.000000,1.200000
2026-05-19-15-36-14,3.690000,0.190000,-3.270000,-11.600000,6.900000,52.299999,1.200000
2026-05-19-15-36-14,3.790000,0.190000,-3.280000,-6.200000,12.100000,97.900002,1.200000
2026-05-19-15-36-14,3.880000,0.260000,-3.300000,0.200000,11.700000,143.399994,1.200000
2026-05-19-15-36-15,3.910000,0.310000,-3.330000,0.200000,7.800000,161.600006,1.200000
2026-05-19-15-36-15,3.930000,0.340000,-3.390000,-2.100000,3.900000,172.199997,1.200000
2026-05-19-15-36-15,3.940000,0.350000,-3.550000,-4.000000,4.500000,177.199997,1.200000
2026-05-19-15-36-16,3.950000,0.370000,-3.760000,-3.500000,6.000000,179.899994,1.200000
2026-05-19-15-36-16,3.970000,0.400000,-3.940000,-1.800000,6.400000,-178.300003,1.200000
2026-05-19-15-36-17,0.420000,-3.980000,1.200000,2.900000,-176.899994,0.000000,-0.600000
2026-05-19-15-36-17,3.930000,0.520000,-3.980000,-3.500000,2.600000,-143.399994,1.200000
2026-05-19-15-36-17,3.870000,0.590000,-3.980000,-7.000000,-0.400000,-100.300003,1.200000
2026-05-19-15-36-18,3.800000,0.580000,-3.960000,-8.300000,2.900000,-64.000000,1.200000
2026-05-19-15-36-18,3.790000,0.500000,-3.920000,-4.200000,1.800000,-47.599998,1.200000
2026-05-19-15-36-19,3.890000,0.410000,-3.930000,-4.100000,-3.500000,-40.400002,1.200000
2026-05-19-15-36-19,3.990000,0.310000,-3.920000,-3.400000,-9.000000,-37.599998,1.200000
2026-05-19-15-36-19,4.130000,0.160000,-3.900000,-0.900000,-13.900000,-34.400002,1.200000
2026-05-19-15-36-20,4.250000,0.100000,-3.890000,-2.400000,-19.400000,-34.400002,1.200000
2026-05-19-15-36-20,4.330000,0.070000,-3.840000,-3.400000,-20.900000,-34.799999,1.200000
2026-05-19-15-36-20,4.360000,-0.000000,-3.840000,-2.500000,-20.100000,-34.200001,1.200000
2026-05-19-15-36-21,4.420000,-0.030000,-3.860000,-1.600000,-15.700000,-36.400002,1.200000
2026-05-19-15-36-21,4.460000,-0.040000,-3.860000,-0.400000,-9.200000,-36.900002,1.200000
2026-05-19-15-36-22,4.490000,-0.130000,-3.830000,-1.800000,-3.500000,-16.000000,1.200000
2026-05-19-15-36-22,4.540000,-0.200000,-3.820000,-5.700000,-2.200000,18.299999,1.200000
2026-05-19-15-36-23,4.500000,-0.320000,-3.780000,-9.600000,-1.200000,47.799999,1.200000
2026-05-19-15-36-23,4.600000,-0.290000,-3.760000,-7.900000,1.100000,58.000000,1.200000
2026-05-19-15-36-23,4.720000,-0.150000,-3.760000,-8.300000,1.600000,64.000000,1.200000
2026-05-19-15-36-24,4.820000,0.000000,-3.780000,-8.500000,-1.300000,72.699997,1.200000
2026-05-19-15-36-24,4.890000,0.180000,-3.760000,-10.300000,-6.000000,78.699997,1.200000
2026-05-19-15-36-24,4.960000,0.380000,-3.740000,-11.400000,-10.300000,82.900002,1.200000
2026-05-19-15-36-25,5.000000,0.570000,-3.740000,-14.900000,-15.100000,89.000000,1.200000
2026-05-19-15-36-25,4.990000,0.720000,-3.710000,-12.900000,-17.600000,93.699997,1.200000
2026-05-19-15-36-26,4.970000,0.830000,-3.720000,-3.900000,-19.299999,95.800003,1.200000
2026-05-19-15-36-26,4.960000,0.900000,-3.720000,3.800000,-15.800000,96.500000,1.200000
2026-05-19-15-36-26,4.940000,0.920000,-3.720000,2.100000,-12.800000,92.699997,1.200000
2026-05-19-15-36-27,4.870000,0.880000,-3.760000,-4.700000,-13.000000,90.800003,1.200000
2026-05-19-15-36-27,4.830000,0.830000,-3.800000,-3.500000,-9.900000,91.900002,1.200000
2026-05-19-15-36-28,4.800000,0.790000,-3.830000,0.000000,-3.900000,93.800003,1.200000
2026-05-19-15-36-28,4.780000,0.790000,-3.840000,3.000000,6.800000,91.900002,1.200000
2026-05-19-15-36-28,4.750000,0.810000,-3.800000,4.100000,10.500000,73.300003,1.200000
2026-05-19-15-36-29,4.710000,0.800000,-3.800000,2.100000,4.000000,64.800003,1.200000
2026-05-19-15-36-29,4.690000,0.820000,-3.800000,0.700000,1.400000,47.200001,1.200000
2026-05-19-15-36-29,4.650000,0.890000,-3.770000,0.500000,1.400000,8.300000,1.200000
2026-05-19-15-36-30,4.680000,0.910000,-3.770000,1.600000,2.300000,-10.800000,1.200000
2026-05-19-15-36-30,4.770000,0.880000,-3.800000,0.600000,1.200000,-3.600000,1.200000
2026-05-19-15-36-31,4.900000,0.850000,-3.830000,-2.700000,1.500000,21.000000,1.200000
2026-05-19-15-36-31,5.090000,0.830000,-3.800000,-0.900000,3.800000,35.099998,1.200000
2026-05-19-15-36-31,5.240000,0.890000,-3.790000,-2.900000,0.100000,35.400002,1.200000
2026-05-19-15-36-32,5.440000,0.990000,-3.800000,6.600000,-7.700000,9.800000,1.200000
2026-05-19-15-36-32,5.550000,0.970000,-3.810000,12.700000,-7.900000,-1.100000,1.200000
2026-05-19-15-36-33,5.730000,0.930000,-3.790000,11.200000,-8.000000,-9.500000,1.200000
2026-05-19-15-36-33,5.900000,0.880000,-3.750000,6.300000,-9.800000,-13.800000,1.200000
2026-05-19-15-36-33,6.010000,0.850000,-3.760000,0.800000,-13.900000,-17.900000,1.200000
2026-05-19-15-36-34,6.080000,0.830000,-3.760000,-1.300000,-14.200000,-23.700001,1.200000
2026-05-19-15-36-34,6.180000,0.850000,-3.760000,7.100000,-12.800000,-59.400002,1.200000
2026-05-19-15-36-35,6.250000,0.870000,-3.760000,8.700000,-10.500000,-79.500000,1.200000
2026-05-19-15-36-35,6.300000,0.860000,-3.780000,5.600000,-8.200000,-91.699997,1.200000
2026-05-19-15-36-35,6.340000,0.860000,-3.780000,2.700000,-7.600000,-99.699997,1.200000
2026-05-19-15-36-36,6.370000,0.840000,-3.820000,3.200000,-3.700000,-104.900002,1.200000
2026-05-19-15-36-36,6.370000,0.830000,-3.850000,3.300000,-1.400000,-86.099998,1.200000
2026-05-19-15-36-37,6.370000,0.820000,-3.810000,2.300000,-4.900000,-53.599998,1.200000
2026-05-19-15-36-37,6.360000,0.770000,-3.820000,2.900000,-8.900000,-36.900002,1.200000
2026-05-19-15-36-37,6.410000,0.760000,-3.840000,8.400000,-7.400000,-49.200001,1.200000
2026-05-19-15-36-38,6.490000,0.770000,-3.810000,10.700000,0.100000,-82.500000,1.200000
2026-05-19-15-36-38,6.540000,0.720000,-3.780000,12.500000,7.100000,-123.300003,1.200000
2026-05-19-15-36-38,6.590000,0.630000,-3.760000,8.900000,10.300000,-167.199997,1.200000
2026-05-19-15-36-39,6.580000,0.590000,-3.770000,10.200000,10.300000,168.100006,1.200000
2026-05-19-15-36-39,6.470000,0.620000,-3.830000,13.000000,7.300000,164.000000,1.200000
2026-05-19-15-36-40,6.370000,0.730000,-3.830000,18.000000,1.000000,177.300003,1.200000
2026-05-19-15-36-40,6.230000,0.760000,-3.820000,17.400000,-1.100000,-177.899994,1.200000
2026-05-19-15-36-40,6.090000,0.840000,-3.830000,13.400000,-4.500000,-175.600006,1.200000
2026-05-19-15-36-41,5.920000,0.910000,-3.810000,9.700000,-4.800000,-175.199997,1.200000
2026-05-19-15-36-41,5.750000,0.950000,-3.830000,4.900000,-5.700000,-175.500000,1.200000
2026-05-19-15-36-42,5.600000,1.020000,-3.850000,4.500000,-4.000000,-178.100006,1.200000
2026-05-19-15-36-42,5.450000,1.090000,-3.800000,6.400000,-3.000000,-177.899994,1.200000
2026-05-19-15-36-42,5.350000,1.150000,-3.730000,4.600000,-3.000000,-177.300003,1.200000
2026-05-19-15-36-42,5.280000,1.230000,-3.680000,4.400000,-2.300000,-172.899994,1.200000
2026-05-19-15-36-43,5.190000,1.220000,-3.630000,4.800000,-0.500000,-148.500000,1.200000
2026-05-19-15-36-43,5.030000,1.270000,-3.620000,3.300000,1.600000,-116.000000,1.200000
2026-05-19-15-36-44,4.880000,1.240000,-3.640000,1.400000,4.000000,-84.699997,1.200000
2026-05-19-15-36-44,4.790000,1.140000,-3.680000,3.500000,7.500000,-58.099998,1.200000
2026-05-19-15-36-44,4.800000,1.020000,-3.700000,4.700000,8.200000,-47.500000,1.200000
2026-05-19-15-36-45,4.840000,0.870000,-3.750000,3.200000,5.600000,-40.900002,1.200000
2026-05-19-15-36-45,4.900000,0.710000,-3.800000,0.800000,0.600000,-37.000000,1.200000
2026-05-19-15-36-46,4.970000,0.530000,-3.820000,-1.000000,-5.600000,-35.400002,1.200000
2026-05-19-15-36-46,5.080000,0.410000,-3.830000,1.900000,-11.900000,-46.500000,1.200000
2026-05-19-15-36-47,5.240000,0.130000,-3.760000,6.000000,-16.900000,-62.700001,1.200000
2026-05-19-15-36-47,5.240000,0.020000,-3.670000,6.100000,-18.299999,-65.699997,1.200000
2026-05-19-15-36-47,5.210000,-0.120000,-3.620000,11.600000,-15.800000,-69.099998,1.200000
2026-05-19-15-36-48,5.190000,-0.260000,-3.570000,9.900000,-13.500000,-62.700001,1.200000
2026-05-19-15-36-48,5.150000,-0.410000,-3.540000,-1.700000,-12.400000,-37.799999,1.200000
2026-05-19-15-36-49,5.150000,-0.560000,-3.530000,-9.800000,-6.500000,-17.299999,1.200000
2026-05-19-15-36-49,5.230000,-0.690000,-3.510000,-8.900000,-1.800000,-10.300000,1.200000
2026-05-19-15-36-49,5.330000,-0.810000,-3.500000,-6.900000,-2.000000,-4.900000,1.200000
2026-05-19-15-36-50,5.450000,-0.920000,-3.480000,-10.600000,-0.900000,17.700001,1.200000
2026-05-19-15-36-50,5.590000,-0.990000,-3.460000,-15.200000,5.000000,45.900002,1.200000
2026-05-19-15-36-51,5.750000,-0.980000,-3.440000,-11.000000,9.100000,58.700001,1.200000
2026-05-19-15-36-51,5.900000,-0.920000,-3.440000,-6.400000,8.500000,63.400002,1.200000
2026-05-19-15-36-51,6.050000,-0.840000,-3.450000,-4.300000,4.800000,77.099998,1.200000
2026-05-19-15-36-52,6.190000,-0.740000,-3.450000,-8.800000,4.900000,106.400002,1.200000
2026-05-19-15-36-52,6.290000,-0.610000,-3.450000,-12.700000,10.700000,140.899994,1.200000
2026-05-19-15-36-52,6.310000,-0.470000,-3.450000,-10.500000,12.900000,151.800003,1.200000
2026-05-19-15-36-53,6.270000,-0.280000,-3.440000,-3.900000,14.200000,161.399994,1.200000
2026-05-19-15-36-53,6.220000,-0.260000,-3.470000,-2.800000,11.700000,158.199997,1.200000
2026-05-19-15-36-53,6.130000,-0.140000,-3.500000,-1.600000,6.300000,140.000000,1.200000
2026-05-19-15-36-54,6.060000,-0.030000,-3.530000,3.300000,2.700000,115.800003,1.200000
2026-05-19-15-36-54,6.030000,0.120000,-3.550000,9.400000,1.100000,103.599998,1.200000
2026-05-19-15-36-55,6.050000,0.310000,-3.580000,11.900000,-0.100000,95.400002,1.200000
2026-05-19-15-36-55,6.070000,0.460000,-3.620000,7.500000,-5.700000,87.800003,1.200000
2026-05-19-15-36-55,6.050000,0.540000,-3.680000,3.100000,-12.000000,69.400002,1.200000
2026-05-19-15-36-56,6.060000,0.620000,-3.700000,8.900000,-15.100000,47.400002,1.200000
2026-05-19-15-36-56,6.070000,0.660000,-3.680000,20.900000,-23.799999,37.500000,1.200000
2026-05-19-15-36-56,6.050000,0.630000,-3.660000,18.299999,-30.400000,34.700001,1.200000
2026-05-19-15-36-57,6.050000,0.600000,-3.660000,8.900000,-29.500000,35.299999,1.200000
2026-05-19-15-36-57,6.040000,0.580000,-3.660000,-0.500000,-22.100000,34.799999,1.200000
2026-05-19-15-36-58,6.010000,0.550000,-3.660000,-3.700000,-11.500000,32.599998,1.200000
2026-05-19-15-36-58,6.020000,0.560000,-3.650000,-2.000000,32.500000,31.799999,1.200000
2026-05-19-15-36-58,6.110000,0.610000,-3.680000,11.400000,74.000000,42.000000,1.200000
2026-05-19-15-36-59,6.160000,0.690000,-3.660000,90.599998,84.400002,119.300003,1.200000
2026-05-19-15-36-59,6.120000,0.700000,-3.640000,68.099998,83.000000,98.000000,1.200000
2026-05-19-15-36-59,6.070000,0.710000,-3.620000,24.400000,75.800003,55.500000,1.200000
2026-05-19-15-37-00,5.970000,0.730000,-3.600000,5.800000,56.700001,40.000000,1.200000
2026-05-19-15-37-00,5.870000,0.740000,-3.600000,0.600000,41.200001,37.400002,1.200000
2026-05-19-15-37-00,6.050000,0.710000,-3.690000,-3.600000,19.299999,36.299999,1.200000
2026-05-19-15-37-01,6.040000,0.710000,-3.720000,-3.900000,0.200000,36.299999,1.200000
2026-05-19-15-37-01,6.010000,0.740000,-3.800000,-0.200000,-9.700000,20.400000,1.200000
2026-05-19-15-37-01,6.020000,0.810000,-3.830000,6.900000,-3.800000,-15.200000,1.200000
2026-05-19-15-37-02,6.080000,0.870000,-3.800000,4.100000,0.100000,-36.900002,1.200000
2026-05-19-15-37-02,6.080000,0.880000,-3.800000,2.400000,-1.000000,-46.900002,1.200000
2026-05-19-15-37-02,6.100000,0.910000,-3.840000,3.800000,1.500000,-63.400002,1.200000
2026-05-19-15-37-03,6.150000,0.930000,-3.870000,1.400000,5.700000,-89.500000,1.200000
2026-05-19-15-37-03,6.160000,0.960000,-3.910000,-1.100000,0.300000,-103.000000,1.200000
2026-05-19-15-37-03,6.280000,0.940000,-3.850000,2.000000,-3.200000,-111.099998,1.200000
2026-05-19-15-37-04,6.290000,0.950000,-3.850000,4.000000,-4.900000,-118.300003,1.200000
2026-05-19-15-37-04,6.300000,0.980000,-3.880000,4.000000,-3.700000,-122.199997,1.200000
2026-05-19-15-37-05,6.300000,0.970000,-3.870000,4.900000,-1.300000,-125.300003,1.200000
2026-05-19-15-37-05,6.210000,0.890000,-3.850000,7.500000,3.700000,-125.900002,1.200000
2026-05-19-15-37-05,6.100000,0.800000,-3.840000,9.700000,0.500000,-124.099998,1.200000
2026-05-19-15-37-06,5.960000,0.690000,-3.850000,10.600000,-5.300000,-121.599998,1.200000
2026-05-19-15-37-06,5.890000,0.600000,-3.870000,6.300000,-11.800000,-121.300003,1.200000
2026-05-19-15-37-06,5.870000,0.550000,-3.910000,0.200000,-40.200001,-121.900002,1.200000
2026-05-19-15-37-07,5.800000,0.530000,-3.890000,-0.500000,-64.099998,-118.900002,1.200000
2026-05-19-15-37-07,5.750000,0.530000,-3.840000,-0.200000,-68.800003,-113.599998,1.200000
2026-05-19-15-37-08,5.750000,0.550000,-3.820000,2.300000,-56.200001,-111.699997,1.200000
2026-05-19-15-37-08,5.780000,0.560000,-3.760000,3.000000,-34.200001,-108.300003,1.200000
2026-05-19-15-37-08,5.720000,0.450000,-3.670000,4.500000,-16.700001,-104.500000,1.200000
2026-05-19-15-37-09,5.630000,0.290000,-3.630000,6.800000,-11.400000,-100.800003,1.200000
2026-05-19-15-37-09,5.580000,0.100000,-3.620000,5.300000,-14.500000,-97.400002,1.200000
2026-05-19-15-37-09,5.540000,-0.080000,-3.600000,4.400000,-19.600000,-103.199997,1.200000
2026-05-19-15-37-10,5.530000,-0.240000,-3.560000,15.500000,-18.799999,-126.800003,1.200000
2026-05-19-15-37-10,5.500000,-0.340000,-3.520000,26.100000,-8.700000,-159.600006,1.200000
2026-05-19-15-37-11,5.480000,-0.460000,-3.490000,22.299999,7.300000,156.899994,1.200000
2026-05-19-15-37-11,5.450000,-0.500000,-3.490000,17.200001,9.100000,145.399994,1.200000
2026-05-19-15-37-11,5.400000,-0.540000,-3.520000,6.600000,7.700000,130.699997,1.200000
2026-05-19-15-37-12,5.370000,-0.550000,-3.550000,-0.600000,4.900000,123.000000,1.200000
2026-05-19-15-37-12,5.360000,-0.560000,-3.580000,-2.300000,1.300000,118.400002,1.200000
2026-05-19-15-37-12,5.340000,-0.580000,-3.630000,-1.500000,-0.300000,115.800003,1.200000
2026-05-19-15-37-13,5.340000,-0.590000,-3.660000,-0.900000,-0.700000,114.800003,1.200000
2026-05-19-15-37-13,5.350000,-0.600000,-3.680000,0.700000,-0.600000,113.699997,1.200000
2026-05-19-15-37-13,5.320000,-0.600000,-3.720000,2.300000,-0.100000,112.900002,1.200000
2026-05-19-15-37-14,5.300000,-0.620000,-3.770000,3.300000,-0.600000,114.000000,1.200000
2026-05-19-15-37-14,5.290000,-0.630000,-3.810000,4.000000,3.000000,114.900002,1.200000
2026-05-19-15-37-14,5.290000,-0.620000,-3.800000,6.400000,6.800000,116.199997,1.200000
2026-05-19-15-37-15,5.250000,-0.650000,-3.780000,3.500000,5.600000,117.800003,1.200000
2026-05-19-15-37-15,5.240000,-0.660000,-3.780000,3.000000,4.200000,118.199997,1.200000
2026-05-19-15-37-15,5.240000,-0.640000,-3.780000,4.800000,3.300000,120.800003,1.200000
2026-05-19-15-37-16,5.220000,-0.660000,-3.770000,5.800000,3.200000,121.699997,1.200000
2026-05-19-15-37-16,5.220000,-0.670000,-3.790000,8.000000,4.500000,123.400002,1.200000
2026-05-19-15-37-17,5.200000,-0.670000,-3.770000,6.200000,5.200000,125.199997,1.200000
2026-05-19-15-37-17,5.160000,-0.710000,-3.780000,5.800000,4.600000,126.500000,1.200000
2026-05-19-15-37-17,5.180000,-0.690000,-3.770000,5.700000,3.900000,128.800003,1.200000
2026-05-19-15-37-18,5.150000,-0.700000,-3.770000,5.700000,4.200000,129.899994,1.200000
2026-05-19-15-37-18,5.140000,-0.690000,-3.770000,5.600000,4.700000,132.899994,1.200000
2026-05-19-15-37-19,5.130000,-0.700000,-3.780000,6.100000,5.000000,134.199997,1.200000
2026-05-19-15-37-19,5.140000,-0.720000,-3.780000,6.200000,4.100000,135.600006,1.200000
2026-05-19-15-37-19,5.110000,-0.730000,-3.770000,7.100000,4.700000,137.800003,1.200000
2026-05-19-15-37-20,5.110000,-0.730000,-3.770000,7.000000,3.900000,139.100006,1.200000
2026-05-19-15-37-20,5.100000,-0.730000,-3.770000,6.600000,3.800000,140.300003,1.200000
2026-05-19-15-37-20,5.090000,-0.730000,-3.780000,7.600000,4.200000,141.300003,1.200000
2026-05-19-15-37-21,5.090000,-0.720000,-3.770000,5.300000,4.100000,143.899994,1.200000
2026-05-19-15-37-21,5.070000,-0.740000,-3.780000,5.500000,4.300000,144.000000,1.200000
2026-05-19-15-37-21,5.070000,-0.730000,-3.770000,5.200000,4.800000,147.100006,1.200000
2026-05-19-15-37-22,5.070000,-0.740000,-3.770000,6.700000,3.500000,147.500000,1.200000
2026-05-19-15-37-22,5.050000,-0.730000,-3.770000,7.400000,5.100000,150.100006,1.200000
2026-05-19-15-37-22,5.030000,-0.740000,-3.770000,7.800000,5.400000,150.699997,1.200000
2026-05-19-15-37-23,5.050000,-0.790000,-3.790000,8.300000,3.900000,150.000000,1.200000
2026-05-19-15-37-23,5.030000,-0.720000,-3.780000,7.000000,4.900000,154.500000,1.200000
2026-05-19-15-37-24,5.020000,-0.720000,-3.770000,7.200000,3.900000,154.000000,1.200000
2026-05-19-15-37-24,5.040000,-0.710000,-3.780000,6.900000,3.500000,156.000000,1.200000
2026-05-19-15-37-24,5.010000,-0.720000,-3.770000,7.300000,4.300000,158.800003,1.200000
2026-05-19-15-37-25,5.010000,-0.720000,-3.790000,8.200000,2.400000,159.100006,1.200000
2026-05-19-15-37-25,4.990000,-0.730000,-3.780000,6.600000,4.600000,162.199997,1.200000
2026-05-19-15-37-25,4.970000,-0.730000,-3.790000,8.200000,3.800000,162.500000,1.200000
2026-05-19-15-37-26,5.010000,-0.710000,-3.790000,8.700000,2.000000,162.600006,1.200000
2026-05-19-15-37-26,4.950000,-0.730000,-3.780000,6.700000,10.000000,135.699997,1.200000
2026-05-19-15-37-27,4.890000,-0.750000,-3.770000,1.200000,10.100000,103.800003,1.200000
2026-05-19-15-37-27,4.860000,-0.730000,-3.780000,0.300000,6.300000,91.300003,1.200000
2026-05-19-15-37-27,4.820000,-0.730000,-3.820000,-0.600000,3.600000,84.300003,1.200000
2026-05-19-15-37-28,4.820000,-0.730000,-3.800000,-0.200000,3.700000,80.599998,1.200000
2026-05-19-15-37-28,4.810000,-0.720000,-3.730000,1.700000,2.600000,79.000000,1.200000
2026-05-19-15-37-29,4.820000,-0.700000,-3.700000,1.100000,2.500000,80.300003,1.200000
2026-05-19-15-37-29,4.800000,-0.700000,-3.680000,-2.300000,-1.500000,80.900002,1.200000
2026-05-19-15-37-29,4.810000,-0.720000,-3.590000,-1.200000,-3.800000,81.900002,1.200000
2026-05-19-15-37-30,4.800000,-0.000000,-3.470000,1.600000,-6.200000,0.000000,1.200000
2026-05-19-15-37-30,4.810000,-0.750000,-3.330000,2.300000,-7.800000,88.199997,1.200000
2026-05-19-15-37-30,4.860000,-0.750000,-3.220000,5.000000,-11.100000,95.300003,1.200000
2026-05-19-15-37-31,4.890000,-0.760000,-3.150000,6.100000,-11.300000,96.800003,1.200000
2026-05-19-15-37-31,4.920000,-0.780000,-3.110000,5.300000,-9.200000,98.599998,1.200000
2026-05-19-15-37-32,4.940000,-0.800000,-3.010000,5.600000,-6.100000,99.900002,1.200000
2026-05-19-15-37-32,4.970000,-0.810000,-2.880000,7.300000,-5.800000,99.699997,1.200000
2026-05-19-15-37-32,5.000000,-0.820000,-2.760000,8.300000,-7.300000,99.300003,1.200000
2026-05-19-15-37-33,5.020000,-0.830000,-2.700000,7.700000,-7.700000,99.500000,1.200000
2026-05-19-15-37-33,5.040000,-0.850000,-2.670000,6.400000,-7.400000,100.099998,1.200000
2026-05-19-15-37-33,5.070000,-0.860000,-2.600000,8.500000,-6.000000,100.800003,1.200000
2026-05-19-15-37-34,5.120000,-0.880000,-2.510000,9.300000,-6.500000,101.099998,1.200000
2026-05-19-15-37-34,5.150000,-0.890000,-2.460000,4.100000,-7.700000,102.099998,1.200000
2026-05-19-15-37-35,5.180000,-0.910000,-2.370000,2.900000,-11.000000,102.800003,1.200000
2026-05-19-15-37-35,5.230000,-0.930000,-2.240000,7.700000,-13.900000,103.199997,1.200000
2026-05-19-15-37-35,5.270000,-0.970000,-2.110000,11.700000,-15.900000,103.599998,1.200000
2026-05-19-15-37-36,5.300000,-0.980000,-2.040000,11.800000,-15.400000,104.800003,1.200000
2026-05-19-15-37-36,5.320000,-0.990000,-2.010000,10.900000,-14.300000,106.199997,1.200000
2026-05-19-15-37-36,5.340000,-1.000000,-1.990000,10.000000,-12.900000,107.699997,1.200000
2026-05-19-15-37-36,5.360000,-1.010000,-1.970000,9.400000,-11.300000,109.599998,1.200000
2026-05-19-15-37-36,5.380000,-1.020000,-1.960000,9.400000,-10.000000,111.300003,1.200000
2026-05-19-15-37-37,5.410000,-1.030000,-1.950000,9.700000,-8.700000,113.300003,1.200000
2026-05-19-15-37-37,5.430000,-1.040000,-1.940000,10.500000,-7.800000,115.599998,1.200000
2026-05-19-15-37-37,5.450000,-1.050000,-1.940000,11.100000,-7.500000,117.699997,1.200000
2026-05-19-15-37-37,5.470000,-1.060000,-1.940000,11.000000,-7.600000,119.900002,1.200000
2026-05-19-15-37-38,5.490000,-1.070000,-1.950000,10.700000,-7.800000,121.699997,1.200000
2026-05-19-15-37-38,5.510000,-1.080000,-1.960000,9.900000,-8.200000,124.000000,1.200000
2026-05-19-15-37-38,5.540000,-1.080000,-1.970000,11.400000,-8.100000,125.300003,1.200000
2026-05-19-15-37-38,5.550000,-1.040000,-1.960000,13.600000,-5.100000,127.500000,1.200000
2026-05-19-15-37-38,5.540000,-0.970000,-1.950000,14.200000,-2.000000,129.699997,1.200000
2026-05-19-15-37-39,5.520000,-0.890000,-1.940000,14.000000,0.100000,131.600006,1.200000
2026-05-19-15-37-39,5.480000,-0.810000,-1.940000,14.300000,0.500000,134.100006,1.200000
2026-05-19-15-37-39,5.440000,-0.720000,-1.930000,14.400000,0.900000,138.399994,1.200000
2026-05-19-15-37-39,5.400000,-0.620000,-1.920000,14.000000,14.400000,147.000000,1.200000
2026-05-19-15-37-39,5.340000,-0.530000,-1.920000,18.000000,33.099998,157.899994,1.200000
2026-05-19-15-37-40,5.200000,-0.440000,-2.140000,103.500000,63.599998,-95.300003,1.200000
2026-05-19-15-37-40,5.160000,-0.530000,-2.240000,128.300003,43.700001,-55.200001,1.200000
2026-05-19-15-37-41,5.280000,-0.410000,-2.630000,130.199997,29.600000,-40.500000,1.200000
2026-05-19-15-37-41,5.380000,-0.460000,-2.900000,124.599998,10.300000,-20.600000,1.200000
2026-05-19-15-37-41,5.430000,-0.520000,-2.880000,108.800003,-6.400000,5.700000,1.200000
2026-05-19-15-37-42,5.550000,-0.560000,-2.790000,75.599998,-11.000000,53.500000,1.200000
2026-05-19-15-37-42,5.740000,-0.510000,-2.750000,52.599998,11.900000,100.900002,1.200000
2026-05-19-15-37-42,5.780000,-0.340000,-2.780000,50.700001,38.000000,135.000000,1.200000
2026-05-19-15-37-43,5.700000,-0.240000,-2.890000,38.500000,44.099998,137.600006,1.200000
2026-05-19-15-37-43,5.670000,-0.190000,-2.990000,32.900002,42.900002,135.000000,1.200000
2026-05-19-15-37-43,5.660000,-0.130000,-3.120000,22.299999,36.599998,128.800003,1.200000
2026-05-19-15-37-44,5.540000,-0.000000,-3.200000,12.500000,24.400000,124.000000,1.200000
2026-05-19-15-37-44,5.510000,0.180000,-3.320000,5.400000,13.300000,123.199997,1.200000
2026-05-19-15-37-44,5.460000,0.360000,-3.390000,1.500000,5.200000,123.400002,1.200000
2026-05-19-15-37-45,5.420000,0.550000,-3.410000,0.700000,-0.700000,124.000000,1.200000
2026-05-19-15-37-45,5.350000,0.750000,-3.410000,2.300000,-4.500000,123.500000,1.200000
2026-05-19-15-37-45,5.280000,0.890000,-3.390000,7.900000,-3.500000,104.900002,1.200000
2026-05-19-15-37-46,5.220000,1.030000,-3.390000,13.900000,5.400000,82.500000,1.200000
2026-05-19-15-37-46,5.210000,1.170000,-3.390000,13.000000,17.400000,54.400002,1.200000
2026-05-19-15-37-47,5.240000,1.310000,-3.410000,5.800000,25.700001,22.500000,1.200000
2026-05-19-15-37-47,5.300000,1.390000,-3.460000,-3.100000,26.700001,-13.000000,1.200000
2026-05-19-15-37-47,5.380000,1.440000,-3.530000,-5.900000,20.799999,-48.099998,1.200000
2026-05-19-15-37-48,5.480000,1.430000,-3.580000,-0.800000,14.400000,-77.199997,1.200000
2026-05-19-15-37-48,5.520000,1.320000,-3.640000,7.000000,8.000000,-91.699997,1.200000
2026-05-19-15-37-49,5.510000,1.200000,-3.670000,10.000000,4.200000,-112.400002,1.200000
2026-05-19-15-37-49,5.490000,1.100000,-3.700000,11.400000,3.500000,-142.100006,1.200000
2026-05-19-15-37-49,5.430000,0.990000,-3.720000,14.300000,3.900000,-173.699997,1.200000
2026-05-19-15-37-50,5.320000,0.990000,-3.750000,15.900000,-1.900000,-179.300003,1.200000
2026-05-19-15-37-50,5.190000,1.040000,-3.780000,7.900000,-9.000000,-159.899994,1.200000
2026-05-19-15-37-50,5.050000,1.080000,-3.790000,-5.300000,-9.400000,-130.899994,1.200000
2026-05-19-15-37-51,4.930000,1.060000,-3.770000,-13.200000,-3.200000,-101.500000,1.200000
2026-05-19-15-37-51,4.830000,0.970000,-3.740000,-8.600000,3.400000,-80.500000,1.200000
2026-05-19-15-37-52,4.770000,0.830000,-3.740000,-4.300000,6.800000,-73.000000,1.200000
2026-05-19-15-37-52,4.760000,0.660000,-3.740000,-3.700000,37.200001,-69.900002,1.200000
2026-05-19-15-37-52,4.750000,0.510000,-3.820000,-2.600000,62.200001,-67.699997,1.200000
2026-05-19-15-37-53,4.700000,0.450000,-3.890000,11.900000,45.599998,-57.799999,1.200000
2026-05-19-15-37-53,4.600000,0.380000,-4.020000,11.600000,16.500000,-60.400002,1.200000
2026-05-19-15-37-53,4.620000,0.280000,-4.160000,14.800000,-19.799999,-64.500000,1.200000
2026-05-19-15-37-54,4.560000,0.070000,-4.140000,-7.000000,-61.599998,-54.799999,1.200000
2026-05-19-15-37-54,4.530000,0.030000,-4.060000,-15.400000,-63.900002,-44.700001,1.200000
2026-05-19-15-37-55,4.500000,-0.080000,-3.760000,6.800000,-4.400000,-53.299999,1.200000
2026-05-19-15-37-55,4.520000,-0.240000,-3.730000,9.100000,11.500000,-53.599998,1.200000
2026-05-19-15-37-56,4.570000,-0.400000,-3.770000,9.900000,4.800000,-51.900002,1.200000
2026-05-19-15-37-56,4.600000,-0.530000,-3.850000,8.900000,-30.400000,-54.400002,1.200000
2026-05-19-15-37-57,4.610000,-0.630000,-3.910000,9.800000,-67.599998,-57.200001,1.200000
2026-05-19-15-37-57,4.620000,-0.710000,-3.750000,4.100000,-68.300003,-55.200001,1.200000
2026-05-19-15-37-57,4.520000,-0.800000,-3.650000,2.600000,-52.700001,-55.500000,1.200000
2026-05-19-15-37-58,4.520000,-0.850000,-3.570000,2.500000,-47.200001,-55.500000,1.200000
2026-05-19-15-37-58,4.610000,-0.940000,-3.470000,3.200000,-36.500000,-55.299999,1.200000
2026-05-19-15-37-58,4.490000,-1.070000,-3.390000,3.000000,-25.700001,-53.599998,1.200000
2026-05-19-15-37-59,4.520000,-1.250000,-3.300000,0.300000,-19.400000,-50.700001,1.200000
2026-05-19-15-37-59,4.570000,-1.430000,-3.240000,-1.700000,-16.000000,-48.500000,1.200000
2026-05-19-15-37-59,4.590000,-1.620000,-3.190000,-8.900000,-13.200000,-33.500000,1.200000
2026-05-19-15-38-00,4.630000,-1.770000,-3.140000,-16.799999,-4.900000,-7.400000,1.200000
2026-05-19-15-38-00,4.710000,-1.890000,-3.100000,-18.500000,7.600000,25.100000,1.200000
2026-05-19-15-38-01,4.850000,-1.940000,-3.080000,-13.500000,17.799999,60.000000,1.200000
2026-05-19-15-38-01,4.980000,-1.930000,-3.080000,-5.200000,22.500000,97.000000,1.200000
2026-05-19-15-38-01,5.070000,-1.830000,-3.110000,0.900000,21.500000,120.699997,1.200000
2026-05-19-15-38-02,5.080000,-1.690000,-3.170000,1.100000,17.700001,129.600006,1.200000
2026-05-19-15-38-02,5.030000,-1.530000,-3.230000,0.500000,13.900000,133.600006,1.200000
2026-05-19-15-38-02,4.980000,-1.360000,-3.290000,-0.800000,11.000000,137.100006,1.200000
2026-05-19-15-38-03,4.930000,-1.160000,-3.330000,-1.700000,8.900000,140.199997,1.200000
2026-05-19-15-38-03,4.880000,-1.000000,-3.370000,-1.900000,6.900000,138.699997,1.200000
2026-05-19-15-38-03,4.830000,-0.910000,-3.410000,-0.100000,1.800000,124.800003,1.200000
2026-05-19-15-38-04,4.830000,-0.790000,-3.420000,5.200000,-2.500000,103.500000,1.200000
2026-05-19-15-38-04,4.780000,-0.660000,-3.420000,13.100000,-2.800000,73.300003,1.200000
2026-05-19-15-38-05,4.790000,-0.510000,-3.430000,17.500000,0.400000,54.299999,1.200000
2026-05-19-15-38-05,4.910000,-0.410000,-3.460000,17.700001,8.600000,45.099998,1.200000
2026-05-19-15-38-05,5.070000,-0.310000,-3.460000,19.299999,38.200001,50.900002,1.200000
2026-05-19-15-38-06,5.190000,-0.210000,-3.560000,47.200001,73.400002,86.400002,1.200000
2026-05-19-15-38-06,5.260000,-0.160000,-3.760000,113.599998,76.800003,158.899994,1.300000
2026-05-19-15-38-07,5.240000,-0.200000,-3.940000,47.000000,63.599998,85.400002,1.300000
2026-05-19-15-38-07,5.280000,-0.280000,-4.010000,30.000000,45.500000,66.699997,1.300000
2026-05-19-15-38-07,5.250000,-0.220000,-4.110000,14.900000,-7.300000,51.200001,1.300000
2026-05-19-15-38-07,5.330000,-0.150000,-4.120000,0.700000,-30.600000,52.599998,1.300000
2026-05-19-15-38-09,5.920000,-0.020000,-3.970000,-130.899994,-61.700001,-156.699997,1.300000
2026-05-19-15-38-09,6.140000,0.010000,-3.840000,-141.500000,-43.900002,-137.100006,1.300000
2026-05-19-15-38-09,6.350000,0.080000,-3.660000,-139.800003,-7.000000,-115.900002,1.300000
2026-05-19-15-38-10,6.020000,0.100000,-4.090000,-114.699997,36.000000,-76.099998,1.300000
2026-05-19-15-38-10,5.980000,0.050000,-4.050000,-55.500000,42.400002,-6.200000,1.300000
2026-05-19-15-38-10,5.970000,0.030000,-4.090000,-21.600000,24.500000,19.200001,1.300000
2026-05-19-15-38-11,6.000000,0.020000,-4.150000,3.300000,4.700000,29.700001,1.300000
2026-05-19-15-38-11,6.030000,0.030000,-4.210000,9.600000,-9.700000,34.900002,1.300000
2026-05-19-15-38-12,6.060000,0.050000,-4.270000,3.200000,-17.400000,40.400002,1.300000
2026-05-19-15-38-12,6.130000,0.070000,-4.340000,-4.700000,-18.799999,45.400002,1.300000
2026-05-19-15-38-12,6.250000,0.120000,-4.330000,-15.200000,-12.700000,64.400002,1.300000
2026-05-19-15-38-13,6.350000,0.140000,-4.340000,-21.799999,-5.300000,104.300003,1.300000
2026-05-19-15-38-13,6.440000,0.200000,-4.330000,-18.600000,2.900000,142.800003,1.300000
2026-05-19-15-38-13,6.470000,0.280000,-4.330000,-14.100000,6.200000,164.899994,1.300000
2026-05-19-15-38-14,6.510000,0.330000,-4.270000,-6.200000,9.800000,177.699997,1.300000
2026-05-19-15-38-14,6.430000,0.400000,-4.260000,-0.700000,12.200000,-175.199997,1.300000
2026-05-19-15-38-14,6.330000,0.440000,-4.240000,0.500000,10.500000,-170.600006,1.300000
2026-05-19-15-38-14,6.220000,0.440000,-4.230000,0.900000,6.400000,-166.199997,1.300000
2026-05-19-15-38-14,6.110000,0.410000,-4.220000,-0.500000,-0.800000,-161.300003,1.300000
2026-05-19-15-38-15,5.980000,0.400000,-4.210000,-2.000000,-6.800000,-158.300003,1.300000
2026-05-19-15-38-15,5.840000,0.400000,-4.170000,-3.000000,-9.400000,-157.600006,1.300000
2026-05-19-15-38-15,5.750000,0.390000,-4.140000,-3.700000,-11.100000,-156.199997,1.300000
2026-05-19-15-38-15,5.680000,0.370000,-4.110000,-2.500000,-15.100000,-163.000000,1.300000
2026-05-19-15-38-16,5.630000,0.300000,-4.060000,3.100000,-14.600000,177.199997,1.300000
2026-05-19-15-38-16,5.550000,0.230000,-4.000000,8.100000,-8.000000,157.800003,1.300000
2026-05-19-15-38-16,5.520000,0.210000,-3.970000,10.400000,-4.200000,147.500000,1.300000
2026-05-19-15-38-16,5.510000,0.180000,-3.950000,10.700000,-3.400000,142.100006,1.300000
2026-05-19-15-38-17,5.480000,0.180000,-3.900000,8.500000,11.400000,142.899994,1.300000
2026-05-19-15-38-17,5.440000,0.180000,-3.870000,8.100000,21.900000,144.600006,1.300000
2026-05-19-15-38-17,5.430000,0.170000,-3.840000,6.800000,17.700001,145.100006,1.300000
2026-05-19-15-38-17,5.420000,0.160000,-3.820000,5.300000,9.000000,146.199997,1.300000
2026-05-19-15-38-18,5.390000,0.170000,-3.810000,3.800000,11.200000,147.899994,1.300000
2026-05-19-15-38-18,5.380000,0.210000,-3.780000,5.600000,30.200001,152.600006,1.300000
2026-05-19-15-38-18,5.370000,0.230000,-3.730000,11.500000,40.200001,160.000000,1.300000
2026-05-19-15-38-18,5.370000,0.260000,-3.700000,14.100000,40.299999,165.000000,1.300000
2026-05-19-15-38-19,5.360000,0.290000,-3.690000,12.200000,36.700001,160.500000,1.300000
2026-05-19-15-38-19,5.330000,0.320000,-3.730000,10.400000,32.799999,157.300003,1.300000
2026-05-19-15-38-19,5.260000,0.360000,-3.760000,8.900000,26.799999,156.500000,1.300000
2026-05-19-15-38-19,5.130000,0.440000,-3.810000,9.200000,22.400000,157.199997,1.300000
2026-05-19-15-38-20,5.040000,0.490000,-3.840000,10.000000,11.800000,163.399994,1.300000
2026-05-19-15-38-20,4.950000,0.550000,-3.830000,7.600000,-0.900000,175.699997,1.300000
2026-05-19-15-38-20,4.850000,0.620000,-3.820000,4.000000,-7.000000,-168.100006,1.300000
2026-05-19-15-38-20,4.760000,0.670000,-3.800000,-2.900000,-10.300000,-149.600006,1.300000
2026-05-19-15-38-20,4.680000,0.710000,-3.760000,-7.700000,-9.100000,-130.699997,1.300000
2026-05-19-15-38-21,4.570000,0.730000,-3.730000,-10.300000,-6.700000,-109.800003,1.300000
2026-05-19-15-38-21,4.460000,0.710000,-3.710000,-11.500000,-3.900000,-88.500000,1.300000
2026-05-19-15-38-21,4.440000,0.680000,-3.720000,-4.700000,-1.000000,-74.099998,1.300000
2026-05-19-15-38-22,4.390000,0.680000,-3.740000,1.800000,-4.400000,-65.699997,1.300000
2026-05-19-15-38-22,4.350000,0.700000,-3.750000,4.600000,-6.800000,-57.700001,1.300000
2026-05-19-15-38-23,4.330000,0.690000,-3.770000,5.200000,-6.500000,-54.099998,1.300000
2026-05-19-15-38-23,4.340000,0.690000,-3.750000,3.400000,-3.700000,-61.200001,1.300000
2026-05-19-15-38-23,4.330000,0.710000,-3.710000,3.300000,-2.700000,-85.599998,1.300000
2026-05-19-15-38-23,4.330000,0.730000,-3.720000,2.800000,-3.500000,-91.599998,1.300000
2026-05-19-15-38-24,4.340000,0.750000,-3.730000,1.600000,-4.300000,-97.699997,1.300000
2026-05-19-15-38-24,4.330000,0.720000,-3.760000,0.600000,-4.300000,-105.300003,1.300000
2026-05-19-15-38-25,4.310000,0.720000,-3.750000,2.700000,-1.800000,-111.300003,1.300000
2026-05-19-15-38-25,4.310000,0.720000,-3.750000,4.400000,-0.600000,-115.000000,1.300000
2026-05-19-15-38-25,4.310000,0.720000,-3.750000,4.300000,-0.800000,-118.300003,1.300000
2026-05-19-15-38-26,4.280000,0.750000,-3.740000,5.100000,-2.000000,-122.099998,1.300000
2026-05-19-15-38-26,4.250000,0.760000,-3.750000,6.000000,-1.500000,-124.099998,1.300000
2026-05-19-15-38-26,4.270000,0.740000,-3.750000,5.100000,-1.000000,-126.900002,1.300000
2026-05-19-15-38-27,4.250000,0.750000,-3.740000,6.100000,-0.200000,-129.699997,1.300000
2026-05-19-15-38-27,4.240000,0.770000,-3.730000,7.900000,0.000000,-132.000000,1.300000
2026-05-19-15-38-28,4.250000,0.780000,-3.650000,7.000000,-2.200000,-133.500000,1.300000
2026-05-19-15-38-28,4.240000,0.810000,-3.520000,6.000000,-4.600000,-134.899994,1.300000
2026-05-19-15-38-28,4.230000,0.850000,-3.400000,7.600000,-7.000000,-136.000000,1.300000
2026-05-19-15-38-29,4.240000,0.880000,-3.270000,7.700000,-10.500000,-137.600006,1.300000
2026-05-19-15-38-29,4.270000,0.910000,-3.130000,7.400000,-12.900000,-138.800003,1.300000
2026-05-19-15-38-29,4.290000,0.940000,-3.050000,6.600000,-14.200000,-140.000000,1.300000
2026-05-19-15-38-30,4.320000,0.960000,-3.010000,5.100000,-13.100000,-141.300003,1.300000
2026-05-19-15-38-30,4.350000,0.990000,-2.920000,5.400000,-12.900000,-142.899994,1.300000
2026-05-19-15-38-31,4.380000,1.030000,-2.790000,6.500000,-15.000000,-144.100006,1.300000
2026-05-19-15-38-31,4.400000,1.050000,-2.720000,7.100000,-16.000000,-144.699997,1.300000
2026-05-19-15-38-31,4.440000,1.090000,-2.580000,8.200000,-17.700001,-145.800003,1.300000
2026-05-19-15-38-31,4.470000,1.110000,-2.500000,8.400000,-18.200001,-146.399994,1.300000
2026-05-19-15-38-32,4.510000,1.150000,-2.350000,8.600000,-18.299999,-147.300003,1.300000
2026-05-19-15-38-32,4.540000,1.170000,-2.280000,9.000000,-18.299999,-148.000000,1.300000
2026-05-19-15-38-32,4.580000,1.220000,-2.130000,10.100000,-18.200001,-149.100006,1.300000
2026-05-19-15-38-33,4.630000,1.270000,-1.980000,11.000000,-17.700001,-150.100006,1.300000
2026-05-19-15-38-33,4.670000,1.330000,-1.820000,11.400000,-17.100000,-151.000000,1.300000
2026-05-19-15-38-33,4.720000,1.370000,-1.700000,11.500000,-17.200001,-151.699997,1.300000
2026-05-19-15-38-34,4.740000,1.410000,-1.600000,11.300000,-16.700001,-152.600006,1.300000
2026-05-19-15-38-34,4.760000,1.440000,-1.520000,5.000000,-16.299999,-153.000000,1.300000
2026-05-19-15-38-34,4.780000,1.450000,-1.470000,-20.500000,-15.700000,-152.199997,1.300000
2026-05-19-15-38-34,4.800000,1.460000,-1.440000,-49.200001,-14.900000,-152.699997,1.300000
2026-05-19-15-38-35,4.820000,1.470000,-1.410000,-76.699997,-14.000000,-154.899994,1.300000
2026-05-19-15-38-35,4.860000,1.480000,-1.350000,-109.900002,-14.300000,-160.100006,1.300000
2026-05-19-15-38-35,4.950000,1.480000,-1.240000,-153.399994,-20.100000,-168.000000,1.300000
2026-05-19-15-38-35,5.070000,1.430000,-1.070000,151.500000,-32.599998,-173.199997,1.300000
2026-05-19-15-38-36,4.690000,1.840000,-1.300000,65.099998,-44.200001,-164.199997,1.300000
2026-05-19-15-38-36,4.780000,1.740000,-1.240000,0.500000,-44.200001,-156.399994,1.300000
2026-05-19-15-38-36,4.880000,1.590000,-1.190000,-53.200001,-41.799999,-156.699997,1.300000
2026-05-19-15-38-37,4.750000,1.720000,-1.380000,-89.599998,-40.900002,-164.699997,1.300000
2026-05-19-15-38-37,4.810000,1.720000,-1.410000,-133.100006,-45.500000,172.300003,1.300000
2026-05-19-15-38-37,5.060000,1.700000,-1.310000,-176.800003,-60.500000,144.100006,1.300000
2026-05-19-15-38-38,4.820000,1.890000,-1.510000,163.699997,-67.699997,136.300003,1.300000
2026-05-19-15-38-38,4.830000,1.890000,-1.510000,112.099998,-78.699997,137.800003,1.300000
2026-05-19-15-38-38,4.900000,1.890000,-1.480000,20.200001,-81.599998,-179.899994,1.300000
2026-05-19-15-38-38,4.960000,1.880000,-1.430000,-21.700001,-76.699997,-172.199997,1.300000
2026-05-19-15-38-39,4.940000,1.890000,-1.460000,-15.700000,-61.900002,164.399994,1.300000
2026-05-19-15-38-39,4.980000,1.890000,-1.430000,-7.200000,-45.000000,152.399994,1.300000
2026-05-19-15-38-39,5.060000,1.900000,-1.390000,-1.800000,-26.700001,146.300003,1.300000
2026-05-19-15-38-40,5.200000,1.910000,-1.320000,2.600000,1.200000,140.800003,1.300000
2026-05-19-15-38-40,5.450000,1.900000,-1.250000,3.000000,17.200001,136.399994,1.300000
2026-05-19-15-38-40,5.730000,1.850000,-1.210000,2.800000,18.900000,135.600006,1.400000
2026-05-19-15-38-40,5.030000,2.120000,-1.310000,2.100000,21.700001,132.800003,1.300000
2026-05-19-15-38-41,5.040000,2.130000,-1.320000,1.600000,21.500000,130.600006,1.300000
2026-05-19-15-38-41,5.040000,2.130000,-1.340000,1.300000,19.400000,128.300003,1.300000
2026-05-19-15-38-41,5.050000,2.130000,-1.360000,1.200000,16.600000,126.300003,1.300000
2026-05-19-15-38-41,5.050000,2.130000,-1.380000,1.200000,13.100000,124.099998,1.300000
2026-05-19-15-38-41,5.060000,2.130000,-1.400000,1.500000,9.500000,122.000000,1.300000
2026-05-19-15-38-42,5.060000,2.130000,-1.420000,1.900000,6.600000,120.099998,1.300000
2026-05-19-15-38-42,5.070000,2.130000,-1.440000,2.100000,4.000000,118.199997,1.300000
2026-05-19-15-38-42,5.070000,2.130000,-1.470000,2.200000,2.000000,116.400002,1.300000
2026-05-19-15-38-42,5.070000,2.130000,-1.490000,2.200000,0.800000,114.900002,1.300000
2026-05-19-15-38-43,5.080000,2.120000,-1.510000,2.200000,-0.100000,113.199997,1.300000
2026-05-19-15-38-43,5.080000,2.120000,-1.530000,2.200000,-0.300000,112.099998,1.300000
2026-05-19-15-38-43,5.090000,2.120000,-1.560000,2.200000,-0.200000,110.800003,1.300000
2026-05-19-15-38-43,5.090000,2.110000,-1.580000,2.400000,0.200000,109.800003,1.300000
2026-05-19-15-38-43,5.090000,2.110000,-1.600000,2.600000,0.900000,108.699997,1.300000
2026-05-19-15-38-44,5.070000,2.120000,-1.600000,2.700000,1.500000,108.099998,1.300000
2026-05-19-15-38-44,5.060000,2.160000,-1.590000,2.800000,2.400000,107.400002,1.300000
2026-05-19-15-38-44,5.060000,2.210000,-1.580000,2.800000,3.000000,106.900002,1.300000
2026-05-19-15-38-44,5.060000,2.230000,-1.590000,2.800000,3.700000,106.300003,1.300000
2026-05-19-15-38-45,5.090000,2.250000,-1.600000,2.800000,4.100000,105.800003,1.300000
2026-05-19-15-38-45,5.090000,2.240000,-1.630000,2.700000,4.400000,105.599998,1.300000
2026-05-19-15-38-45,5.090000,2.230000,-1.660000,2.700000,4.600000,105.500000,1.300000
2026-05-19-15-38-45,5.100000,2.220000,-1.690000,2.700000,4.700000,105.500000,1.300000
2026-05-19-15-38-46,5.100000,2.210000,-1.720000,2.700000,4.800000,105.400002,1.300000
2026-05-19-15-38-46,5.110000,2.200000,-1.750000,2.800000,4.900000,105.500000,1.300000
2026-05-19-15-38-46,5.110000,2.200000,-1.780000,2.800000,4.900000,105.599998,1.300000
2026-05-19-15-38-46,5.110000,2.190000,-1.810000,2.800000,4.900000,105.699997,1.300000
2026-05-19-15-38-46,5.110000,2.180000,-1.840000,2.800000,5.000000,105.800003,1.300000
2026-05-19-15-38-47,5.110000,2.170000,-1.880000,2.900000,5.100000,105.900002,1.300000
2026-05-19-15-38-47,5.110000,2.170000,-1.910000,2.900000,5.100000,106.000000,1.300000
2026-05-19-15-38-47,5.110000,2.160000,-1.950000,3.000000,5.200000,106.199997,1.300000
2026-05-19-15-38-48,5.120000,2.140000,-2.020000,3.200000,5.100000,106.400002,1.300000
2026-05-19-15-38-48,5.120000,2.110000,-2.090000,3.300000,5.100000,106.699997,1.300000
2026-05-19-15-38-48,5.130000,2.100000,-2.150000,3.400000,5.300000,107.000000,1.300000
2026-05-19-15-38-49,5.130000,2.080000,-2.210000,3.400000,5.500000,107.400002,1.300000
2026-05-19-15-38-49,5.130000,2.060000,-2.270000,3.300000,5.600000,107.699997,1.300000
2026-05-19-15-38-49,5.130000,2.050000,-2.340000,3.400000,5.600000,107.900002,1.300000
2026-05-19-15-38-50,5.140000,2.030000,-2.410000,3.400000,5.700000,108.199997,1.300000
2026-05-19-15-38-50,5.140000,2.010000,-2.480000,3.400000,5.800000,108.500000,1.300000
2026-05-19-15-38-51,5.150000,1.990000,-2.550000,3.300000,5.800000,108.900002,1.300000
2026-05-19-15-38-51,5.150000,1.960000,-2.630000,3.500000,5.600000,109.099998,1.300000
2026-05-19-15-38-51,5.160000,1.940000,-2.690000,3.600000,5.800000,109.400002,1.300000
2026-05-19-15-38-52,5.150000,1.930000,-2.760000,3.500000,6.300000,109.699997,1.300000
2026-05-19-15-38-52,5.150000,1.920000,-2.840000,3.500000,6.000000,109.699997,1.300000
2026-05-19-15-38-53,5.160000,1.890000,-2.920000,3.600000,5.400000,109.699997,1.300000
2026-05-19-15-38-53,5.160000,1.870000,-2.990000,3.600000,5.600000,109.699997,1.300000
2026-05-19-15-38-53,5.170000,1.850000,-3.070000,3.800000,5.700000,109.699997,1.300000
2026-05-19-15-38-54,5.180000,1.840000,-3.140000,3.900000,5.800000,109.699997,1.300000
2026-05-19-15-38-54,5.170000,1.800000,-3.200000,3.800000,5.700000,109.500000,1.300000
2026-05-19-15-38-54,5.180000,1.820000,-3.270000,3.400000,5.700000,109.300003,1.300000
2026-05-19-15-38-55,5.180000,1.800000,-3.340000,3.500000,5.500000,109.099998,1.300000
2026-05-19-15-38-55,5.200000,1.780000,-3.420000,3.800000,5.200000,108.699997,1.300000
2026-05-19-15-38-55,5.210000,1.770000,-3.500000,3.400000,6.200000,108.699997,1.300000
2026-05-19-15-38-56,5.210000,1.760000,-3.600000,3.800000,5.900000,107.500000,1.300000
2026-05-19-15-38-56,5.220000,1.750000,-3.640000,3.200000,6.500000,108.599998,1.300000
2026-05-19-15-38-57,5.230000,1.750000,-3.610000,3.400000,6.700000,108.099998,1.300000
2026-05-19-15-38-57,5.260000,1.750000,-3.580000,3.900000,6.000000,107.900002,1.300000
2026-05-19-15-38-57,5.260000,1.760000,-3.580000,3.800000,6.100000,108.300003,1.300000
2026-05-19-15-38-58,5.260000,1.780000,-3.600000,3.200000,6.500000,107.900002,1.300000
2026-05-19-15-38-58,5.320000,1.770000,-3.600000,5.500000,4.400000,126.500000,1.300000
2026-05-19-15-38-59,5.370000,1.840000,-3.610000,8.500000,0.400000,165.300003,1.300000
2026-05-19-15-38-59,5.330000,1.930000,-3.610000,6.500000,-5.100000,-152.800003,1.300000
2026-05-19-15-38-59,5.250000,1.980000,-3.640000,2.400000,-9.200000,-112.599998,1.300000
2026-05-19-15-39-00,5.210000,1.940000,-3.650000,-1.500000,-8.800000,-87.300003,1.300000
2026-05-19-15-39-00,5.220000,1.800000,-3.610000,-2.700000,-6.600000,-75.400002,1.300000
2026-05-19-15-39-00,5.250000,1.650000,-3.590000,0.500000,-9.800000,-81.599998,1.300000
2026-05-19-15-39-01,5.310000,1.510000,-3.610000,8.500000,-9.800000,-103.599998,1.300000
2026-05-19-15-39-01,5.340000,1.350000,-3.570000,12.400000,-8.200000,-118.099998,1.300000
2026-05-19-15-39-02,5.300000,1.230000,-3.540000,11.200000,-12.100000,-122.599998,1.300000
2026-05-19-15-39-02,5.270000,1.150000,-3.560000,5.900000,-13.900000,-126.400002,1.300000
2026-05-19-15-39-02,5.260000,1.080000,-3.570000,1.000000,-14.500000,-128.000000,1.300000
2026-05-19-15-39-03,5.230000,1.030000,-3.570000,0.600000,-9.000000,-130.600006,1.300000
2026-05-19-15-39-03,5.230000,0.960000,-3.550000,3.600000,-3.400000,-134.300003,1.300000
2026-05-19-15-39-04,5.220000,0.930000,-3.540000,7.600000,-1.000000,-136.399994,1.300000
2026-05-19-15-39-04,5.220000,0.910000,-3.550000,9.600000,-1.900000,-139.000000,1.300000
2026-05-19-15-39-04,5.240000,0.900000,-3.520000,10.000000,-4.600000,-141.800003,1.300000
2026-05-19-15-39-04,5.230000,0.860000,-3.460000,11.200000,-6.800000,-143.800003,1.300000
2026-05-19-15-39-05,5.250000,0.870000,-3.410000,12.900000,-9.200000,-145.399994,1.300000
2026-05-19-15-39-05,5.310000,0.890000,-3.370000,14.200000,-13.900000,-147.500000,1.300000
2026-05-19-15-39-05,5.310000,0.940000,-3.280000,13.300000,-18.100000,-149.800003,1.300000
2026-05-19-15-39-06,5.330000,1.000000,-3.220000,9.400000,-17.600000,-153.199997,1.300000
2026-05-19-15-39-06,5.340000,1.050000,-3.170000,9.300000,-15.200000,-154.699997,1.300000
2026-05-19-15-39-07,5.360000,1.090000,-3.140000,9.300000,-11.900000,-156.600006,1.300000
2026-05-19-15-39-07,5.380000,1.120000,-3.130000,9.500000,-8.800000,-158.399994,1.300000
2026-05-19-15-39-08,5.420000,1.130000,-3.120000,9.800000,-6.800000,-160.399994,1.300000
2026-05-19-15-39-08,5.430000,1.170000,-3.130000,9.200000,-5.000000,-162.699997,1.300000
2026-05-19-15-39-08,5.450000,1.190000,-3.170000,8.600000,-4.100000,-164.300003,1.300000
2026-05-19-15-39-09,5.480000,1.190000,-3.220000,7.700000,-3.200000,-166.699997,1.300000
2026-05-19-15-39-09,5.500000,1.190000,-3.260000,7.600000,-2.200000,-168.500000,1.300000
2026-05-19-15-39-09,5.530000,1.190000,-3.300000,7.700000,-2.500000,-170.100006,1.300000
2026-05-19-15-39-10,5.550000,1.190000,-3.340000,8.000000,-1.700000,-171.600006,1.300000
2026-05-19-15-39-10,5.560000,1.200000,-3.410000,8.600000,-1.000000,-172.800003,1.300000
2026-05-19-15-39-11,5.580000,1.200000,-3.490000,8.400000,-0.800000,-173.800003,1.300000
2026-05-19-15-39-11,5.620000,1.180000,-3.560000,7.900000,-1.500000,-175.100006,1.300000
2026-05-19-15-39-11,5.630000,1.160000,-3.600000,-4.200000,1.300000,-175.000000,1.300000
2026-05-19-15-39-12,5.630000,1.120000,-3.620000,-39.799999,7.700000,-174.600006,1.300000
2026-05-19-15-39-12,5.660000,1.100000,-3.590000,-57.000000,6.100000,-174.500000,1.300000
2026-05-19-15-39-13,5.670000,1.080000,-3.570000,-59.799999,5.400000,-173.800003,1.300000
2026-05-19-15-39-13,5.670000,1.020000,-3.560000,-57.900002,1.200000,-171.600006,1.300000
2026-05-19-15-39-13,5.690000,0.940000,-3.510000,-56.599998,-0.400000,-171.500000,1.300000
2026-05-19-15-39-14,5.730000,0.870000,-3.480000,-39.700001,-2.200000,-171.500000,1.300000
2026-05-19-15-39-14,5.750000,0.850000,-3.480000,-20.400000,-3.400000,-171.000000,1.300000
2026-05-19-15-39-14,5.740000,0.820000,-3.480000,0.300000,-3.000000,-171.399994,1.300000
2026-05-19-15-39-14,5.720000,0.770000,-3.500000,18.000000,-1.900000,-171.500000,1.300000
2026-05-19-15-39-15,5.730000,0.700000,-3.500000,25.900000,-2.700000,-170.899994,1.300000
2026-05-19-15-39-15,5.750000,0.690000,-3.490000,22.600000,-0.800000,-169.899994,1.300000
2026-05-19-15-39-16,5.780000,0.620000,-3.470000,13.300000,1.100000,-168.100006,1.300000
2026-05-19-15-39-16,5.790000,0.560000,-3.460000,4.700000,2.300000,-167.800003,1.300000
2026-05-19-15-39-16,5.800000,0.500000,-3.460000,1.100000,1.000000,-167.199997,1.300000
2026-05-19-15-39-17,5.800000,0.480000,-3.460000,2.400000,-0.300000,-166.000000,1.300000
2026-05-19-15-39-17,5.810000,0.470000,-3.470000,4.500000,-1.100000,-165.800003,1.300000
2026-05-19-15-39-17,5.830000,0.420000,-3.460000,8.500000,-1.000000,-165.899994,1.300000
2026-05-19-15-39-18,5.830000,0.360000,-3.440000,9.500000,0.600000,-163.100006,1.300000
2026-05-19-15-39-18,5.840000,0.330000,-3.430000,9.000000,1.600000,-161.300003,1.300000
2026-05-19-15-39-18,5.850000,0.320000,-3.380000,9.500000,-1.600000,-162.600006,1.300000
2026-05-19-15-39-19,5.850000,0.310000,-3.280000,10.600000,-2.600000,-163.100006,1.300000
2026-05-19-15-39-19,5.850000,0.330000,-3.160000,12.600000,-4.200000,-163.899994,1.300000
2026-05-19-15-39-20,5.860000,0.360000,-3.010000,14.700000,-8.200000,-165.300003,1.300000
2026-05-19-15-39-20,5.880000,0.420000,-2.890000,16.000000,-11.500000,-166.699997,1.300000
2026-05-19-15-39-20,5.890000,0.490000,-2.760000,16.200001,-13.500000,-168.699997,1.300000
2026-05-19-15-39-21,5.900000,0.550000,-2.630000,16.100000,-14.500000,-170.500000,1.300000
2026-05-19-15-39-21,5.940000,0.630000,-2.490000,16.400000,-15.100000,-172.000000,1.300000
2026-05-19-15-39-22,5.980000,0.710000,-2.370000,16.200001,-16.000000,-173.300003,1.300000
2026-05-19-15-39-22,6.010000,0.770000,-2.320000,12.100000,-16.000000,-173.899994,1.300000
2026-05-19-15-39-22,6.040000,0.820000,-2.250000,7.700000,-18.500000,-175.000000,1.300000
2026-05-19-15-39-23,6.100000,0.880000,-2.130000,10.200000,-20.700001,-175.800003,1.300000
2026-05-19-15-39-23,6.170000,0.930000,-2.000000,12.600000,-22.400000,-176.600006,1.300000
2026-05-19-15-39-23,6.240000,1.000000,-1.900000,13.000000,-22.299999,-176.899994,1.300000
2026-05-19-15-39-24,6.290000,1.050000,-1.840000,11.200000,-19.500000,-176.699997,1.300000
2026-05-19-15-39-24,6.330000,1.080000,-1.820000,10.600000,-17.200001,-176.699997,1.300000
2026-05-19-15-39-24,6.360000,1.120000,-1.800000,10.900000,-12.900000,-177.100006,1.300000
2026-05-19-15-39-25,6.400000,1.150000,-1.800000,10.900000,-8.400000,-177.500000,1.300000
2026-05-19-15-39-25,6.440000,1.180000,-1.800000,9.900000,-4.500000,-177.800003,1.300000
2026-05-19-15-39-25,6.470000,1.210000,-1.810000,8.800000,-3.300000,-177.800003,1.300000
2026-05-19-15-39-26,6.500000,1.220000,-1.830000,8.100000,-3.000000,-177.800003,1.300000
2026-05-19-15-39-26,6.520000,1.240000,-1.840000,7.500000,-3.200000,-177.699997,1.300000
2026-05-19-15-39-26,6.550000,1.250000,-1.880000,7.100000,-4.100000,-177.600006,1.300000
2026-05-19-15-39-27,6.590000,1.260000,-1.920000,7.400000,-5.100000,-177.600006,1.300000
2026-05-19-15-39-27,6.610000,1.260000,-1.960000,8.100000,-5.800000,-177.899994,1.300000
2026-05-19-15-39-27,6.640000,1.260000,-2.020000,8.600000,-6.000000,-178.300003,1.300000
2026-05-19-15-39-28,6.660000,1.260000,-2.070000,9.000000,-5.700000,-178.699997,1.300000
2026-05-19-15-39-28,6.680000,1.260000,-2.120000,8.800000,-5.000000,-178.899994,1.300000
2026-05-19-15-39-29,6.700000,1.250000,-2.170000,8.600000,-4.200000,-179.000000,1.300000
2026-05-19-15-39-29,6.730000,1.230000,-2.230000,8.400000,-3.400000,-179.100006,1.300000
2026-05-19-15-39-30,6.770000,1.170000,-2.370000,-75.900002,1.800000,-178.899994,1.300000
2026-05-19-15-39-30,6.810000,1.180000,-2.460000,-131.600006,3.500000,178.399994,1.300000
2026-05-19-15-39-30,6.790000,1.140000,-2.520000,178.600006,1.100000,176.199997,1.300000
2026-05-19-15-39-31,6.760000,0.990000,-2.510000,138.500000,-3.400000,177.500000,1.300000
2026-05-19-15-39-31,6.700000,0.650000,-2.470000,83.599998,-7.100000,-176.600006,1.400000
2026-05-19-15-39-31,6.650000,0.280000,-2.420000,34.599998,-5.500000,-170.600006,1.400000
2026-05-19-15-39-31,6.660000,0.710000,-2.470000,-38.400002,4.400000,-169.199997,1.400000
2026-05-19-15-39-32,6.650000,0.690000,-2.550000,-89.599998,8.100000,-176.100006,1.400000
2026-05-19-15-39-32,6.650000,0.620000,-2.540000,-137.300003,3.800000,174.000000,1.400000
2026-05-19-15-39-33,6.720000,0.650000,-2.720000,180.000000,-6.500000,168.100006,1.400000
2026-05-19-15-39-33,6.770000,0.580000,-2.730000,148.199997,-14.400000,168.300003,1.400000
2026-05-19-15-39-33,6.840000,0.500000,-2.730000,98.400002,-23.299999,174.600006,1.400000
2026-05-19-15-39-33,6.900000,0.680000,-2.800000,37.799999,-25.000000,-174.699997,1.400000
2026-05-19-15-39-33,7.010000,0.700000,-2.800000,-14.300000,-19.600000,-169.000000,1.400000
2026-05-19-15-39-34,7.150000,0.780000,-2.820000,-62.099998,-13.200000,-171.800003,1.400000
2026-05-19-15-39-34,7.140000,0.820000,-2.850000,-111.500000,-11.200000,175.699997,1.400000
2026-05-19-15-39-34,7.130000,0.820000,-2.850000,-126.900002,-13.400000,170.300003,1.400000
2026-05-19-15-39-35,7.130000,0.830000,-2.860000,-154.100006,-21.600000,161.899994,1.400000
2026-05-19-15-39-35,7.120000,0.840000,-2.830000,161.800003,-39.500000,157.000000,1.400000
2026-05-19-15-39-36,7.200000,0.590000,-2.490000,-8.700000,-45.900002,-148.899994,1.400000
2026-05-19-15-39-36,7.270000,0.850000,-2.840000,-55.799999,-30.000000,-148.800003,1.400000
2026-05-19-15-39-36,7.290000,0.800000,-2.910000,-97.599998,-21.200001,-162.000000,1.400000
2026-05-19-15-39-37,7.330000,0.750000,-3.000000,-141.300003,-26.299999,-177.000000,1.400000
2026-05-19-15-39-37,7.330000,0.740000,-3.100000,177.000000,-40.400002,173.399994,1.400000
2026-05-19-15-39-37,7.340000,0.770000,-3.180000,110.900002,-57.599998,-177.800003,1.400000
2026-05-19-15-39-38,7.310000,0.970000,-3.200000,-3.100000,-48.500000,-129.899994,1.400000
2026-05-19-15-39-38,7.310000,0.980000,-3.180000,-22.799999,-38.700001,-125.900002,1.400000
2026-05-19-15-39-38,7.300000,0.990000,-3.140000,-32.099998,-26.299999,-125.599998,1.400000
2026-05-19-15-39-38,7.280000,0.970000,-3.100000,-28.500000,-15.200000,-128.199997,1.400000
2026-05-19-15-39-39,7.240000,0.980000,-3.070000,-17.799999,-6.800000,-131.699997,1.400000
2026-05-19-15-39-39,7.200000,0.960000,-3.050000,-7.500000,-2.900000,-134.399994,1.400000
2026-05-19-15-39-39,7.140000,0.950000,-3.030000,2.000000,-0.400000,-137.300003,1.400000
2026-05-19-15-39-39,7.120000,0.930000,-3.010000,8.500000,1.400000,-140.399994,1.400000
2026-05-19-15-39-40,7.090000,0.910000,-2.980000,12.300000,1.400000,-142.399994,1.400000
2026-05-19-15-39-40,7.080000,0.890000,-2.960000,13.600000,-0.800000,-144.800003,1.400000
2026-05-19-15-39-40,7.060000,0.860000,-2.960000,10.900000,-1.900000,-148.500000,1.400000
2026-05-19-15-39-41,7.060000,0.820000,-2.950000,4.900000,-2.300000,-149.800003,1.400000
2026-05-19-15-39-41,7.040000,0.830000,-2.930000,1.300000,-1.800000,-149.600006,1.400000
2026-05-19-15-39-41,7.050000,0.810000,-2.930000,0.600000,-1.800000,-149.100006,1.400000
2026-05-19-15-39-42,7.030000,0.790000,-2.930000,2.300000,-0.700000,-148.600006,1.400000
2026-05-19-15-39-42,7.010000,0.790000,-2.930000,4.200000,-0.900000,-146.800003,1.400000
2026-05-19-15-39-43,7.020000,0.780000,-2.920000,4.200000,-1.700000,-145.000000,1.400000
2026-05-19-15-39-43,7.020000,0.760000,-2.910000,4.200000,-2.200000,-142.399994,1.400000
2026-05-19-15-39-43,7.000000,0.780000,-2.930000,4.000000,-2.300000,-140.800003,1.400000
2026-05-19-15-39-44,7.010000,0.740000,-2.940000,4.100000,-1.000000,-139.000000,1.400000
2026-05-19-15-39-44,6.910000,0.650000,-2.890000,7.700000,3.400000,-135.199997,1.400000
2026-05-19-15-39-44,6.800000,0.600000,-2.900000,9.500000,4.600000,-134.300003,1.400000
2026-05-19-15-39-45,6.790000,0.600000,-2.880000,8.100000,2.200000,-134.199997,1.400000
2026-05-19-15-39-45,6.830000,0.600000,-2.870000,6.400000,-1.800000,-136.000000,1.400000
2026-05-19-15-39-45,6.800000,0.520000,-2.870000,7.800000,-4.200000,-159.800003,1.400000
2026-05-19-15-39-46,6.770000,0.480000,-2.870000,9.300000,-3.300000,-173.199997,1.400000
2026-05-19-15-39-46,6.750000,0.420000,-2.870000,5.700000,-1.800000,-179.800003,1.400000
2026-05-19-15-39-46,6.700000,0.420000,-2.860000,3.300000,-2.200000,-156.800003,1.400000
2026-05-19-15-39-47,6.520000,0.410000,-2.860000,-5.100000,-4.800000,-79.900002,1.400000
2026-05-19-15-39-48,6.440000,0.340000,-2.840000,-10.300000,-4.500000,-38.099998,1.400000
2026-05-19-15-39-48,6.410000,0.270000,-2.890000,-12.400000,-5.700000,-16.299999,1.400000
2026-05-19-15-39-48,6.400000,0.200000,-2.890000,-10.300000,-6.900000,-2.400000,1.400000
2026-05-19-15-39-49,6.390000,0.170000,-2.860000,-9.700000,-8.000000,5.300000,1.400000
2026-05-19-15-39-49,6.390000,0.130000,-2.860000,-13.500000,6.800000,6.000000,1.400000
2026-05-19-15-39-49,6.410000,0.090000,-2.820000,-17.500000,24.700001,-0.400000,1.400000
2026-05-19-15-39-50,6.370000,0.060000,-2.790000,-18.000000,10.300000,2.200000,1.400000
2026-05-19-15-39-50,6.340000,-0.020000,-2.860000,-4.200000,-29.900000,11.900000,1.400000
2026-05-19-15-39-51,6.330000,-0.010000,-2.900000,2.900000,-59.099998,15.500000,1.400000
2026-05-19-15-39-51,6.320000,-0.050000,-2.880000,-8.500000,-77.599998,30.200001,1.400000
2026-05-19-15-39-51,6.260000,-0.020000,-2.860000,-123.199997,-85.800003,151.300003,1.400000
2026-05-19-15-39-52,6.220000,-0.060000,-2.840000,-37.099998,-77.300003,67.300003,1.400000
2026-05-19-15-39-52,6.210000,-0.020000,-2.790000,-15.100000,-64.199997,55.400002,1.400000
2026-05-19-15-39-52,6.150000,-0.120000,-2.860000,-0.500000,-69.099998,54.700001,1.400000
2026-05-19-15-39-53,6.180000,-0.150000,-2.860000,-8.300000,-74.500000,65.800003,1.400000
2026-05-19-15-39-53,6.290000,0.010000,-2.770000,0.100000,-67.800003,59.099998,1.400000
2026-05-19-15-39-53,6.370000,0.150000,-2.700000,2.800000,-59.599998,55.799999,1.400000
2026-05-19-15-39-54,6.490000,0.320000,-2.630000,1.300000,-44.099998,55.000000,1.400000
2026-05-19-15-39-54,6.090000,-0.170000,-2.780000,-1.000000,-18.400000,54.599998,1.400000
2026-05-19-15-39-54,6.050000,-0.210000,-2.780000,-3.300000,-2.200000,53.200001,1.400000
2026-05-19-15-39-55,6.030000,-0.210000,-2.780000,-4.200000,3.400000,52.200001,1.400000
2026-05-19-15-39-55,6.000000,-0.200000,-2.780000,-4.600000,9.000000,50.000000,1.400000
2026-05-19-15-39-55,5.990000,-0.270000,-2.790000,-3.500000,9.100000,45.599998,1.400000
2026-05-19-15-39-56,5.970000,-0.330000,-2.810000,-2.300000,3.700000,41.299999,1.400000
2026-05-19-15-39-56,5.930000,-0.330000,-2.810000,-2.500000,0.000000,38.000000,1.400000
2026-05-19-15-39-56,5.890000,-0.370000,-2.810000,-1.900000,-1.800000,31.100000,1.400000
2026-05-19-15-39-57,5.860000,-0.390000,-2.820000,-1.100000,0.800000,23.600000,1.400000
2026-05-19-15-39-57,5.840000,-0.420000,-2.790000,-1.100000,2.300000,17.200001,1.400000
2026-05-19-15-39-57,5.810000,-0.430000,-2.790000,-2.800000,2.300000,8.500000,1.400000
2026-05-19-15-39-58,5.780000,-0.480000,-2.810000,-2.100000,1.100000,2.000000,1.400000
2026-05-19-15-39-58,5.760000,-0.520000,-2.800000,-2.500000,-0.900000,-4.800000,1.400000
2026-05-19-15-39-59,5.740000,-0.520000,-2.800000,-2.000000,-1.600000,-10.700000,1.400000
2026-05-19-15-39-59,5.710000,-0.540000,-2.780000,-1.100000,-1.600000,-16.299999,1.400000
2026-05-19-15-39-59,5.700000,-0.580000,-2.780000,-0.200000,-1.300000,-21.000000,1.400000
2026-05-19-15-40-00,5.690000,-0.600000,-2.790000,-0.100000,-1.800000,-25.600000,1.400000
2026-05-19-15-40-00,5.660000,-0.610000,-2.790000,0.200000,-2.700000,-30.000000,1.400000
2026-05-19-15-40-01,5.640000,-0.650000,-2.800000,0.700000,-2.900000,-33.200001,1.400000
2026-05-19-15-40-01,5.640000,-0.690000,-2.800000,-0.100000,-2.000000,-36.200001,1.400000
2026-05-19-15-40-01,5.620000,-0.700000,-2.780000,0.900000,-3.100000,-39.599998,1.400000
2026-05-19-15-40-02,5.590000,-0.730000,-2.780000,1.000000,-2.900000,-41.900002,1.400000
2026-05-19-15-40-02,5.580000,-0.750000,-2.780000,1.400000,-3.400000,-44.500000,1.400000
2026-05-19-15-40-02,5.550000,-0.760000,-2.790000,1.600000,-4.400000,-46.700001,1.400000
2026-05-19-15-40-03,5.550000,-0.780000,-2.790000,2.900000,-2.900000,-47.799999,1.400000
2026-05-19-15-40-03,5.520000,-0.830000,-2.790000,39.900002,-3.200000,-51.299999,1.400000
2026-05-19-15-40-04,5.500000,-0.870000,-2.810000,66.699997,-2.700000,-54.299999,1.400000
2026-05-19-15-40-04,5.450000,-0.930000,-2.810000,73.199997,-3.700000,-57.799999,1.400000
2026-05-19-15-40-04,5.410000,-0.940000,-2.870000,69.699997,-7.200000,-60.299999,1.400000
2026-05-19-15-40-05,5.360000,-1.070000,-2.890000,69.300003,-7.200000,-60.299999,1.400000
2026-05-19-15-40-05,5.330000,-1.060000,-2.900000,66.800003,-7.300000,-59.500000,1.400000
2026-05-19-15-40-05,5.260000,-1.180000,-2.920000,57.799999,-6.700000,-57.799999,1.400000
2026-05-19-15-40-06,5.220000,-1.230000,-2.930000,25.500000,-3.700000,-56.000000,1.400000
2026-05-19-15-40-06,5.170000,-1.300000,-2.930000,1.300000,-1.100000,-54.900002,1.400000
2026-05-19-15-40-07,5.120000,-1.330000,-2.930000,-13.100000,-2.200000,-54.400002,1.400000
2026-05-19-15-40-07,5.060000,-1.340000,-2.970000,-14.500000,-4.800000,-53.700001,1.400000
2026-05-19-15-40-07,5.020000,-1.410000,-2.980000,-6.000000,-2.300000,-51.599998,1.400000
2026-05-19-15-40-08,4.980000,-1.440000,-2.950000,2.500000,-1.400000,-52.500000,1.400000
2026-05-19-15-40-08,4.940000,-1.430000,-2.970000,6.900000,-3.400000,-50.500000,1.400000
2026-05-19-15-40-08,4.890000,-1.490000,-2.990000,6.900000,-2.200000,-48.700001,1.400000
2026-05-19-15-40-09,4.870000,-1.520000,-2.970000,6.000000,-1.200000,-48.700001,1.400000
2026-05-19-15-40-09,4.830000,-1.540000,-2.950000,3.300000,-2.700000,-47.700001,1.400000
2026-05-19-15-40-09,4.820000,-1.550000,-2.970000,1.400000,-3.300000,-47.400002,1.400000
2026-05-19-15-40-10,4.780000,-1.580000,-2.980000,2.000000,-4.200000,-45.400002,1.400000
2026-05-19-15-40-10,4.730000,-1.600000,-2.990000,3.000000,-5.000000,-45.599998,1.400000
2026-05-19-15-40-11,4.710000,-1.610000,-2.980000,4.000000,-3.700000,-44.200001,1.400000
2026-05-19-15-40-11,4.690000,-1.640000,-2.980000,4.800000,-1.600000,-43.599998,1.400000
2026-05-19-15-40-11,4.650000,-1.680000,-2.960000,4.200000,-1.200000,-42.799999,1.400000
2026-05-19-15-40-12,4.620000,-1.660000,-2.970000,2.500000,-3.300000,-42.599998,1.400000
2026-05-19-15-40-12,4.610000,-1.690000,-2.990000,1.900000,-2.300000,-40.599998,1.400000
2026-05-19-15-40-13,4.570000,-1.720000,-2.990000,2.300000,-4.500000,-41.099998,1.400000
2026-05-19-15-40-13,4.550000,-1.720000,-2.970000,3.100000,-3.700000,-40.299999,1.400000
2026-05-19-15-40-13,4.540000,-1.730000,-2.980000,4.500000,-2.900000,-39.099998,1.400000
2026-05-19-15-40-14,4.510000,-1.770000,-3.000000,5.300000,-3.100000,-39.500000,1.400000
2026-05-19-15-40-14,4.400000,-1.710000,-2.990000,5.100000,-9.000000,-40.900002,1.400000
2026-05-19-15-40-14,4.280000,-1.630000,-2.970000,5.600000,-7.200000,-42.500000,1.400000
2026-05-19-15-40-15,4.190000,-1.600000,-2.950000,4.500000,-3.000000,-34.000000,1.400000
2026-05-19-15-40-15,4.170000,-1.620000,-2.890000,3.400000,2.200000,-5.300000,1.400000
2026-05-19-15-40-15,4.050000,-1.710000,-2.870000,7.500000,2.400000,32.000000,1.400000
2026-05-19-15-40-16,4.110000,-1.690000,-2.880000,15.100000,-0.300000,46.900002,1.400000
2026-05-19-15-40-16,4.230000,-1.640000,-2.870000,16.900000,-1.800000,52.000000,1.400000
2026-05-19-15-40-17,4.350000,-1.530000,-2.870000,15.700000,-2.700000,52.500000,1.400000
2026-05-19-15-40-17,4.500000,-1.470000,-2.880000,13.100000,-6.100000,54.000000,1.400000
2026-05-19-15-40-17,4.640000,-1.390000,-2.850000,8.000000,-6.700000,54.700001,1.400000
2026-05-19-15-40-18,4.810000,-1.290000,-2.840000,3.400000,-5.300000,54.400002,1.400000
2026-05-19-15-40-18,4.970000,-1.230000,-2.830000,1.700000,-7.900000,53.700001,1.400000
2026-05-19-15-40-18,5.140000,-1.150000,-2.780000,1.000000,-7.300000,52.500000,1.400000
2026-05-19-15-40-19,5.320000,-1.070000,-2.770000,2.600000,-8.500000,51.000000,1.400000
2026-05-19-15-40-19,5.530000,-1.020000,-2.750000,5.300000,-8.700000,49.799999,1.400000
2026-05-19-15-40-20,5.720000,-0.970000,-2.710000,6.700000,-8.900000,48.200001,1.400000
2026-05-19-15-40-20,5.920000,-0.920000,-2.700000,7.100000,-9.300000,46.500000,1.400000
2026-05-19-15-40-20,6.130000,-0.880000,-2.700000,6.000000,-9.800000,46.299999,1.400000
2026-05-19-15-40-21,6.360000,-0.850000,-2.670000,5.200000,-9.100000,46.000000,1.400000
2026-05-19-15-40-21,6.540000,-0.840000,-2.660000,3.000000,-10.000000,44.400002,1.400000
2026-05-19-15-40-22,6.670000,-0.840000,-2.630000,-3.300000,7.100000,45.299999,1.400000
2026-05-19-15-40-22,6.800000,-0.780000,-2.580000,-15.500000,53.599998,38.000000,1.400000
2026-05-19-15-40-22,6.910000,-0.720000,-2.590000,-136.100006,77.300003,-87.500000,1.400000
2026-05-19-15-40-23,7.080000,-0.830000,-2.560000,-151.600006,48.299999,-123.300003,1.400000
2026-05-19-15-40-23,7.190000,-1.000000,-2.450000,-128.399994,42.599998,-118.699997,1.400000
2026-05-19-15-40-23,7.290000,-1.160000,-2.250000,-90.800003,40.799999,-121.699997,1.500000
2026-05-19-15-40-24,7.230000,-1.380000,-1.950000,-56.900002,45.299999,-129.000000,1.500000
2026-05-19-15-40-24,7.080000,-1.490000,-1.700000,-25.400000,45.599998,-123.599998,1.600000
2026-05-19-15-40-24,7.690000,-1.770000,-2.690000,-0.400000,30.400000,-118.000000,1.500000
2026-05-19-15-40-25,7.670000,-1.790000,-2.700000,9.300000,15.600000,-119.300003,1.500000
2026-05-19-15-40-25,7.670000,-1.830000,-2.710000,11.300000,6.700000,-121.300003,1.500000
2026-05-19-15-40-25,7.680000,-1.850000,-2.720000,9.400000,-5.000000,-127.900002,1.500000
2026-05-19-15-40-25,7.710000,-1.870000,-2.720000,10.800000,-8.100000,-137.800003,1.500000
2026-05-19-15-40-26,7.730000,-1.900000,-2.720000,15.700000,-10.500000,-163.199997,1.500000
2026-05-19-15-40-26,7.820000,-2.040000,-2.740000,19.600000,-5.300000,156.199997,1.500000
2026-05-19-15-40-26,7.800000,-2.090000,-2.740000,15.600000,1.200000,134.300003,1.500000
2026-05-19-15-40-27,7.770000,-2.080000,-2.740000,9.700000,6.600000,124.599998,1.500000
2026-05-19-15-40-27,7.750000,-1.960000,-2.750000,9.600000,7.000000,120.400002,1.500000
2026-05-19-15-40-27,7.730000,-1.780000,-2.750000,10.900000,2.500000,121.300003,1.500000
2026-05-19-15-40-28,7.740000,-1.630000,-2.750000,5.400000,0.300000,142.300003,1.500000
2026-05-19-15-40-28,7.740000,-1.490000,-2.740000,0.200000,6.000000,172.199997,1.500000
2026-05-19-15-40-29,7.700000,-1.360000,-2.750000,-1.700000,8.200000,-157.300003,1.500000
2026-05-19-15-40-29,7.660000,-1.320000,-2.740000,-4.300000,6.700000,-138.699997,1.500000
2026-05-19-15-40-29,7.630000,-1.280000,-2.740000,-2.500000,0.900000,-124.500000,1.500000
2026-05-19-15-40-30,7.580000,-1.310000,-2.760000,2.300000,-4.900000,-125.800003,1.500000
2026-05-19-15-40-30,7.550000,-1.430000,-2.770000,7.300000,-4.300000,-142.100006,1.500000
2026-05-19-15-40-30,7.440000,-1.470000,-2.740000,11.700000,-3.000000,-146.600006,1.500000
2026-05-19-15-40-31,7.340000,-1.480000,-2.760000,13.800000,-5.000000,-149.800003,1.500000
2026-05-19-15-40-31,7.160000,-1.490000,-2.770000,11.500000,-3.800000,-150.699997,1.500000
2026-05-19-15-40-32,7.050000,-1.550000,-2.740000,3.700000,-5.100000,-149.699997,1.500000
2026-05-19-15-40-32,6.970000,-1.530000,-2.740000,-1.200000,-8.000000,-148.600006,1.500000
2026-05-19-15-40-32,6.920000,-1.530000,-2.770000,-1.100000,-7.500000,-148.100006,1.500000
2026-05-19-15-40-33,6.890000,-1.590000,-2.780000,1.900000,-6.000000,-175.899994,1.500000
2026-05-19-15-40-33,6.850000,-1.650000,-2.760000,4.800000,-4.700000,160.100006,1.500000
2026-05-19-15-40-34,6.820000,-1.640000,-2.770000,6.500000,0.100000,149.000000,1.500000
2026-05-19-15-40-34,6.790000,-1.670000,-2.770000,5.600000,3.400000,142.199997,1.500000
2026-05-19-15-40-34,6.770000,-1.710000,-2.770000,3.600000,5.100000,137.000000,1.500000
2026-05-19-15-40-35,6.750000,-1.710000,-2.760000,3.200000,4.800000,132.800003,1.500000
2026-05-19-15-40-35,6.730000,-1.700000,-2.770000,4.200000,4.700000,130.899994,1.500000
2026-05-19-15-40-35,6.700000,-1.720000,-2.780000,3.900000,3.700000,130.699997,1.500000
2026-05-19-15-40-36,6.700000,-1.760000,-2.740000,3.600000,2.700000,128.300003,1.500000
2026-05-19-15-40-36,6.690000,-1.700000,-2.750000,4.700000,5.200000,126.800003,1.500000
2026-05-19-15-40-36,6.680000,-1.730000,-2.780000,4.300000,5.300000,126.099998,1.500000
2026-05-19-15-40-37,6.630000,-1.770000,-2.770000,0.600000,5.200000,122.900002,1.500000
2026-05-19-15-40-37,6.610000,-1.770000,-2.760000,1.000000,5.800000,121.400002,1.500000
2026-05-19-15-40-38,6.620000,-1.780000,-2.770000,3.100000,5.100000,120.800003,1.500000
2026-05-19-15-40-38,6.600000,-1.810000,-2.760000,3.200000,4.400000,117.300003,1.500000
2026-05-19-15-40-38,6.570000,-1.820000,-2.750000,4.700000,5.700000,115.000000,1.500000
2026-05-19-15-40-39,6.560000,-1.820000,-2.750000,5.100000,7.000000,112.800003,1.500000
2026-05-19-15-40-39,6.560000,-1.830000,-2.750000,5.300000,7.000000,112.300003,1.500000
2026-05-19-15-40-39,6.550000,-1.860000,-2.750000,4.700000,6.200000,110.500000,1.500000
2026-05-19-15-40-40,6.530000,-1.880000,-2.760000,3.900000,5.600000,109.500000,1.500000
2026-05-19-15-40-40,6.500000,-1.890000,-2.750000,3.600000,6.000000,108.699997,1.500000
2026-05-19-15-40-41,6.490000,-1.910000,-2.730000,3.200000,4.900000,107.199997,1.500000
2026-05-19-15-40-41,6.490000,-1.920000,-2.740000,3.200000,5.200000,106.199997,1.500000
2026-05-19-15-40-41,6.480000,-1.910000,-2.730000,3.700000,6.000000,105.099998,1.500000
2026-05-19-15-40-42,6.470000,-1.920000,-2.740000,4.000000,7.000000,103.900002,1.500000
2026-05-19-15-40-42,6.450000,-1.970000,-2.750000,4.000000,5.100000,104.099998,1.500000
2026-05-19-15-40-42,6.440000,-1.970000,-2.740000,4.100000,6.300000,101.699997,1.500000
2026-05-19-15-40-43,6.430000,-1.970000,-2.740000,3.700000,5.500000,101.900002,1.500000
2026-05-19-15-40-43,6.410000,-2.000000,-2.730000,2.700000,4.800000,100.599998,1.500000
2026-05-19-15-40-44,6.420000,-2.000000,-2.720000,2.500000,6.300000,99.699997,1.500000
2026-05-19-15-40-44,6.420000,-2.000000,-2.740000,2.200000,6.200000,99.599998,1.500000
2026-05-19-15-40-44,6.400000,-2.020000,-2.740000,3.300000,6.400000,99.199997,1.500000
2026-05-19-15-40-45,6.390000,-2.020000,-2.730000,3.000000,6.600000,98.699997,1.500000
2026-05-19-15-40-45,6.370000,-2.060000,-2.740000,3.200000,5.200000,98.800003,1.500000
2026-05-19-15-40-45,6.380000,-2.070000,-2.740000,2.900000,5.200000,98.300003,1.500000
2026-05-19-15-40-46,6.360000,-2.090000,-2.720000,2.400000,6.500000,98.699997,1.500000
2026-05-19-15-40-46,6.360000,-2.060000,-2.710000,2.600000,6.000000,99.099998,1.500000
2026-05-19-15-40-46,6.360000,-2.080000,-2.720000,3.500000,5.800000,99.000000,1.500000
2026-05-19-15-40-47,6.370000,-2.070000,-2.730000,4.100000,6.800000,99.400002,1.500000
2026-05-19-15-40-47,6.360000,-2.080000,-2.740000,2.300000,5.900000,100.199997,1.500000
2026-05-19-15-40-48,6.320000,-2.120000,-2.740000,2.900000,5.200000,100.000000,1.500000
2026-05-19-15-40-48,6.350000,-2.110000,-2.730000,2.600000,5.600000,101.099998,1.500000
2026-05-19-15-40-48,6.350000,-2.110000,-2.710000,2.900000,5.500000,101.000000,1.500000
2026-05-19-15-40-49,6.340000,-2.100000,-2.720000,3.700000,6.400000,101.400002,1.500000
2026-05-19-15-40-49,6.330000,-2.120000,-2.730000,3.600000,5.200000,102.400002,1.500000
2026-05-19-15-40-50,6.320000,-2.130000,-2.730000,4.100000,5.800000,101.500000,1.500000
2026-05-19-15-40-50,6.340000,-2.130000,-2.730000,3.100000,5.300000,103.199997,1.500000
2026-05-19-15-40-50,6.310000,-2.150000,-2.730000,3.100000,5.100000,102.300003,1.500000
2026-05-19-15-40-51,6.310000,-2.140000,-2.720000,3.600000,6.300000,102.699997,1.500000
2026-05-19-15-40-51,6.310000,-2.140000,-2.710000,2.700000,6.500000,103.599998,1.500000
2026-05-19-15-40-51,6.300000,-2.170000,-2.720000,3.200000,5.600000,103.000000,1.500000
2026-05-19-15-40-52,6.300000,-2.170000,-2.730000,2.900000,5.800000,102.900002,1.500000
2026-05-19-15-40-52,6.310000,-2.160000,-2.740000,3.800000,5.400000,104.099998,1.500000
2026-05-19-15-40-53,6.300000,-2.180000,-2.720000,2.400000,5.100000,103.000000,1.500000
2026-05-19-15-40-53,6.270000,-2.180000,-2.720000,4.200000,6.400000,103.000000,1.500000
2026-05-19-15-40-53,6.300000,-2.170000,-2.720000,3.200000,5.200000,103.699997,1.500000
2026-05-19-15-40-54,6.280000,-2.200000,-2.730000,3.500000,5.200000,103.199997,1.500000
2026-05-19-15-40-54,6.270000,-2.190000,-2.720000,3.700000,6.000000,102.599998,1.500000
2026-05-19-15-40-55,6.280000,-2.180000,-2.720000,3.900000,5.700000,103.699997,1.500000
2026-05-19-15-40-55,6.270000,-2.200000,-2.720000,2.700000,5.800000,103.300003,1.500000
2026-05-19-15-40-55,6.270000,-2.200000,-2.720000,4.500000,6.600000,102.900002,1.500000
2026-05-19-15-40-55,6.270000,-2.200000,-2.730000,3.800000,5.800000,103.500000,1.500000
2026-05-19-15-40-56,6.250000,-2.230000,-2.730000,2.900000,4.700000,103.800003,1.500000
2026-05-19-15-40-56,6.230000,-2.200000,-2.730000,4.600000,6.400000,102.699997,1.500000
2026-05-19-15-40-57,6.240000,-2.200000,-2.730000,4.200000,6.000000,103.300003,1.500000
2026-05-19-15-40-57,6.240000,-2.220000,-2.700000,3.400000,5.700000,102.500000,1.500000
2026-05-19-15-40-57,6.240000,-2.220000,-2.710000,3.000000,5.700000,102.599998,1.500000
2026-05-19-15-40-58,6.220000,-2.210000,-2.730000,2.300000,5.300000,102.199997,1.500000
2026-05-19-15-40-58,6.210000,-2.240000,-2.740000,2.800000,3.600000,102.099998,1.500000
2026-05-19-15-40-58,6.210000,-2.220000,-2.730000,3.500000,6.500000,101.699997,1.500000
2026-05-19-15-40-59,6.200000,-2.220000,-2.730000,2.400000,7.000000,102.300003,1.500000
2026-05-19-15-40-59,6.190000,-2.250000,-2.720000,3.500000,6.400000,101.300003,1.500000
2026-05-19-15-41-00,6.210000,-2.230000,-2.710000,2.500000,6.700000,103.199997,1.500000
2026-05-19-15-41-00,6.200000,-2.240000,-2.710000,2.500000,4.700000,102.000000,1.500000
2026-05-19-15-41-00,6.200000,-2.240000,-2.730000,2.700000,5.000000,102.800003,1.500000
2026-05-19-15-41-01,6.190000,-2.230000,-2.750000,3.400000,5.800000,103.900002,1.500000
2026-05-19-15-41-01,6.180000,-2.240000,-2.720000,2.700000,5.600000,103.500000,1.500000
2026-05-19-15-41-02,6.170000,-2.270000,-2.730000,3.400000,5.500000,103.599998,1.500000
2026-05-19-15-41-02,6.190000,-2.230000,-2.710000,3.800000,8.900000,103.500000,1.500000
2026-05-19-15-41-02,6.130000,-2.230000,-2.720000,0.100000,8.400000,76.599998,1.500000
2026-05-19-15-41-03,6.060000,-2.200000,-2.690000,-3.200000,6.100000,39.099998,1.500000
2026-05-19-15-41-03,6.060000,-2.130000,-2.700000,-5.800000,4.000000,11.900000,1.500000
2026-05-19-15-41-03,6.050000,-2.130000,-2.760000,-6.400000,-0.000000,0.500000,1.500000
2026-05-19-15-41-04,6.050000,-2.160000,-2.760000,-6.600000,-2.000000,-6.300000,1.500000
2026-05-19-15-41-04,6.080000,-2.100000,-2.740000,-9.000000,-0.900000,-12.200000,1.500000
2026-05-19-15-41-05,6.080000,-2.130000,-2.750000,-5.700000,-1.900000,-16.500000,1.500000
2026-05-19-15-41-05,6.080000,-2.160000,-2.750000,-1.800000,-2.400000,-19.500000,1.500000
2026-05-19-15-41-05,6.110000,-2.150000,-2.740000,-1.200000,-1.100000,-22.500000,1.500000
2026-05-19-15-41-06,6.110000,-2.150000,-2.740000,-0.600000,-1.100000,-22.900000,1.500000
2026-05-19-15-41-06,6.100000,-2.200000,-2.740000,-0.600000,-1.500000,-24.400000,1.500000
2026-05-19-15-41-06,6.120000,-2.170000,-2.740000,-1.600000,-1.700000,-25.200001,1.500000
2026-05-19-15-41-07,6.130000,-2.190000,-2.750000,-1.000000,-0.400000,-22.400000,1.500000
2026-05-19-15-41-07,6.120000,-2.200000,-2.750000,-0.700000,-1.100000,-21.299999,1.500000
2026-05-19-15-41-07,6.130000,-2.210000,-2.730000,0.600000,-1.600000,-20.200001,1.500000
2026-05-19-15-41-08,6.140000,-2.220000,-2.750000,0.700000,-1.000000,-19.600000,1.500000
2026-05-19-15-41-08,6.140000,-2.210000,-2.750000,0.200000,-1.800000,-19.000000,1.500000
2026-05-19-15-41-09,6.140000,-2.230000,-2.730000,-0.300000,-1.200000,-15.300000,1.500000
2026-05-19-15-41-09,6.170000,-2.300000,-2.740000,-0.700000,4.100000,16.700001,1.500000
2026-05-19-15-41-09,6.210000,-2.350000,-2.710000,1.300000,3.600000,52.099998,1.500000
2026-05-19-15-41-10,6.260000,-2.340000,-2.710000,-0.100000,0.800000,65.000000,1.500000
2026-05-19-15-41-10,6.260000,-2.320000,-2.740000,4.000000,-1.300000,48.500000,1.500000
2026-05-19-15-41-11,6.250000,-2.260000,-2.740000,4.300000,1.300000,11.900000,1.500000
2026-05-19-15-41-11,6.290000,-2.220000,-2.730000,4.400000,-0.500000,-3.500000,1.500000
2026-05-19-15-41-12,6.400000,-2.220000,-2.750000,1.900000,0.200000,-14.400000,1.500000
2026-05-19-15-41-12,6.500000,-2.280000,-2.720000,2.000000,1.200000,6.600000,1.500000
2026-05-19-15-41-12,6.590000,-2.310000,-2.730000,1.400000,0.400000,21.400000,1.500000
2026-05-19-15-41-13,6.630000,-2.350000,-2.780000,-0.600000,-5.800000,28.100000,1.500000
2026-05-19-15-41-13,6.670000,-2.330000,-2.760000,1.900000,-6.600000,2.800000,1.500000
2026-05-19-15-41-14,6.740000,-2.270000,-2.750000,3.500000,-6.700000,-23.400000,1.500000
2026-05-19-15-41-14,6.760000,-2.270000,-2.750000,5.500000,-8.500000,-31.000000,1.500000
2026-05-19-15-41-14,6.760000,-2.240000,-2.770000,2.000000,-8.100000,-33.500000,1.500000
2026-05-19-15-41-15,6.710000,-2.160000,-2.790000,-0.900000,-5.200000,-35.000000,1.500000
2026-05-19-15-41-15,6.640000,-2.130000,-2.780000,2.700000,0.500000,-35.000000,1.500000
2026-05-19-15-41-16,6.630000,-2.080000,-2.760000,3.400000,2.600000,-34.000000,1.500000
2026-05-19-15-41-16,6.620000,-2.060000,-2.750000,3.000000,2.700000,-33.200001,1.500000
2026-05-19-15-41-16,6.590000,-2.040000,-2.750000,3.000000,0.400000,-33.299999,1.500000
2026-05-19-15-41-17,6.570000,-2.020000,-2.750000,1.200000,-1.900000,-30.100000,1.500000
2026-05-19-15-41-17,6.580000,-1.990000,-2.760000,0.800000,-2.100000,-29.500000,1.500000
2026-05-19-15-41-17,6.550000,-2.010000,-2.760000,2.900000,-2.000000,-25.500000,1.500000
2026-05-19-15-41-18,6.560000,-1.990000,-2.740000,1.100000,0.100000,-6.000000,1.500000
2026-05-19-15-41-18,6.560000,-2.000000,-2.770000,0.600000,-1.100000,5.800000,1.500000
2026-05-19-15-41-18,6.600000,-2.070000,-2.740000,3.600000,-0.000000,20.000000,1.500000
2026-05-19-15-41-19,6.730000,-2.010000,-2.710000,9.200000,2.600000,25.100000,1.500000
2026-05-19-15-41-20,7.080000,-1.930000,-2.740000,11.000000,-4.500000,28.000000,1.500000
2026-05-19-15-41-20,7.270000,-1.880000,-2.730000,6.000000,-6.300000,30.500000,1.500000
2026-05-19-15-41-20,7.450000,-1.850000,-2.700000,-2.500000,-6.000000,43.900002,1.500000
2026-05-19-15-41-21,7.620000,-1.820000,-2.660000,-7.500000,-4.900000,55.099998,1.500000
2026-05-19-15-41-21,7.810000,-1.730000,-2.620000,-8.600000,0.400000,67.000000,1.500000
2026-05-19-15-41-21,7.970000,-1.640000,-2.600000,-9.000000,2.900000,85.099998,1.500000
2026-05-19-15-41-22,8.100000,-1.510000,-2.570000,-8.700000,7.600000,110.000000,1.500000
2026-05-19-15-41-22,8.170000,-1.390000,-2.570000,-5.600000,8.700000,132.800003,1.500000
2026-05-19-15-41-23,8.190000,-1.230000,-2.600000,0.900000,9.200000,140.399994,1.500000
2026-05-19-15-41-23,8.150000,-1.070000,-2.630000,4.100000,9.200000,142.300003,1.500000
2026-05-19-15-41-23,8.110000,-0.900000,-2.650000,5.800000,5.300000,142.600006,1.500000
2026-05-19-15-41-24,8.100000,-0.800000,-2.700000,1.400000,-3.200000,142.300003,1.500000
2026-05-19-15-41-24,8.070000,-0.750000,-2.720000,-4.300000,-9.500000,143.399994,1.500000
2026-05-19-15-41-25,8.070000,-0.740000,-2.650000,-8.100000,-15.600000,146.500000,1.500000
2026-05-19-15-41-25,8.100000,-0.750000,-2.560000,-5.900000,-21.600000,149.300003,1.500000
2026-05-19-15-41-25,8.120000,-0.790000,-2.510000,-3.400000,-24.700001,149.500000,1.500000
2026-05-19-15-41-26,8.120000,-0.850000,-2.470000,-0.900000,-21.500000,150.199997,1.500000
2026-05-19-15-41-26,8.130000,-0.870000,-2.440000,0.600000,-17.600000,151.600006,1.500000
2026-05-19-15-41-26,8.120000,-0.880000,-2.430000,1.500000,-13.400000,152.800003,1.500000
2026-05-19-15-41-27,8.140000,-0.930000,-2.440000,3.500000,-5.800000,154.399994,1.500000
2026-05-19-15-41-27,8.140000,-0.950000,-2.410000,5.200000,-3.400000,155.199997,1.500000
2026-05-19-15-41-27,8.150000,-0.970000,-2.310000,6.800000,-1.600000,155.699997,1.500000
2026-05-19-15-41-28,8.160000,-1.000000,-2.250000,5.900000,-2.000000,155.800003,1.500000
2026-05-19-15-41-28,8.180000,-1.020000,-2.200000,7.000000,-1.600000,155.500000,1.500000
2026-05-19-15-41-28,8.190000,-1.030000,-2.080000,7.800000,-2.400000,154.800003,1.500000
2026-05-19-15-41-29,8.200000,-1.020000,-1.940000,8.100000,-3.800000,153.699997,1.500000
2026-05-19-15-41-29,8.220000,-1.030000,-1.830000,8.300000,-5.200000,152.500000,1.500000
2026-05-19-15-41-30,8.220000,-1.040000,-1.770000,7.700000,-6.000000,150.300003,1.500000
2026-05-19-15-41-30,8.210000,-1.050000,-1.720000,7.800000,-5.200000,148.000000,1.500000
2026-05-19-15-41-30,8.140000,-0.990000,-1.670000,11.400000,1.500000,147.300003,1.500000
2026-05-19-15-41-31,8.030000,-0.890000,-1.650000,14.900000,9.400000,147.600006,1.500000
2026-05-19-15-41-31,7.930000,-0.770000,-1.670000,15.700000,10.400000,147.899994,1.500000
2026-05-19-15-41-32,7.870000,-0.700000,-1.710000,9.800000,5.900000,147.100006,1.500000
2026-05-19-15-41-32,7.840000,-0.660000,-1.760000,5.800000,1.200000,146.500000,1.500000
2026-05-19-15-41-32,7.810000,-0.640000,-1.820000,4.400000,-2.600000,145.899994,1.500000
2026-05-19-15-41-33,7.780000,-0.610000,-1.860000,4.500000,7.500000,147.899994,1.500000
2026-05-19-15-41-33,7.710000,-0.570000,-1.870000,6.900000,44.000000,155.500000,1.500000
2026-05-19-15-41-33,7.670000,-0.550000,-1.920000,9.100000,49.700001,158.500000,1.500000
2026-05-19-15-41-34,7.680000,-0.550000,-2.010000,9.100000,27.600000,158.300003,1.500000
2026-05-19-15-41-34,7.720000,-0.580000,-2.140000,9.700000,-22.600000,156.100006,1.500000
2026-05-19-15-41-35,7.720000,-0.580000,-2.250000,10.100000,-44.400002,151.600006,1.500000
2026-05-19-15-41-35,7.740000,-0.600000,-2.310000,9.200000,-42.799999,147.000000,1.500000
2026-05-19-15-41-35,7.770000,-0.630000,-2.370000,7.500000,-31.100000,145.899994,1.500000
2026-05-19-15-41-36,7.800000,-0.650000,-2.430000,6.900000,-17.299999,145.800003,1.500000
2026-05-19-15-41-36,7.800000,-0.670000,-2.470000,6.400000,-9.400000,145.699997,1.500000
2026-05-19-15-41-36,7.800000,-0.720000,-2.480000,5.400000,0.700000,145.399994,1.500000
2026-05-19-15-41-37,7.790000,-0.730000,-2.500000,6.200000,6.700000,144.699997,1.500000
2026-05-19-15-41-37,7.810000,-0.730000,-2.520000,8.000000,9.800000,143.500000,1.500000
2026-05-19-15-41-37,7.800000,-0.750000,-2.460000,7.700000,9.200000,140.800003,1.500000
2026-05-19-15-41-38,7.790000,-0.730000,-2.370000,7.500000,5.700000,137.800003,1.500000
2026-05-19-15-41-38,7.790000,-0.710000,-2.280000,7.000000,2.000000,136.000000,1.500000
2026-05-19-15-41-39,7.790000,-0.690000,-2.170000,7.100000,-1.500000,135.300003,1.500000
2026-05-19-15-41-39,7.800000,-0.680000,-2.080000,7.100000,-5.700000,134.300003,1.500000
2026-05-19-15-41-39,7.810000,-0.680000,-2.020000,6.100000,-8.000000,133.300003,1.500000
2026-05-19-15-41-40,7.830000,-0.680000,-1.930000,3.300000,-11.100000,131.800003,1.500000
2026-05-19-15-41-40,7.870000,-0.680000,-1.810000,5.300000,-13.600000,130.399994,1.500000
2026-05-19-15-41-41,7.910000,-0.700000,-1.740000,7.600000,-14.100000,128.800003,1.500000
2026-05-19-15-41-41,7.930000,-0.720000,-1.710000,9.100000,-12.700000,127.099998,1.500000
2026-05-19-15-41-41,7.950000,-0.740000,-1.690000,10.000000,-10.300000,124.199997,1.500000
2026-05-19-15-41-42,7.950000,-0.770000,-1.680000,10.000000,-7.700000,120.199997,1.500000
2026-05-19-15-41-42,7.950000,-0.800000,-1.670000,9.000000,-5.200000,115.300003,1.500000
2026-05-19-15-41-42,7.960000,-0.840000,-1.670000,7.900000,-3.100000,109.500000,1.500000
2026-05-19-15-41-43,7.950000,-0.880000,-1.690000,6.100000,-1.400000,103.300003,1.500000
2026-05-19-15-41-43,7.940000,-0.920000,-1.720000,4.200000,-0.200000,98.500000,1.500000
2026-05-19-15-41-44,7.930000,-0.960000,-1.740000,2.400000,0.900000,94.099998,1.500000
2026-05-19-15-41-44,7.930000,-0.990000,-1.770000,1.900000,1.900000,90.699997,1.500000
2026-05-19-15-41-44,7.920000,-1.010000,-1.810000,1.900000,2.600000,87.699997,1.500000
2026-05-19-15-41-45,7.910000,-1.040000,-1.850000,2.300000,3.200000,85.000000,1.500000
2026-05-19-15-41-45,7.920000,-1.070000,-1.890000,2.800000,3.800000,100.599998,1.500000
2026-05-19-15-41-46,7.970000,-1.040000,-1.910000,7.000000,2.000000,135.199997,1.500000
2026-05-19-15-41-46,7.970000,-1.030000,-1.950000,8.700000,-0.600000,148.699997,1.500000
2026-05-19-15-41-46,7.950000,-1.020000,-1.980000,10.000000,-1.600000,153.100006,1.500000
2026-05-19-15-41-46,7.870000,-1.010000,-2.010000,11.200000,3.300000,142.699997,1.500000
2026-05-19-15-41-47,7.930000,-1.030000,-2.030000,11.700000,4.100000,129.899994,1.500000
2026-05-19-15-41-47,7.910000,-1.050000,-2.060000,18.200001,-3.300000,121.500000,1.500000
2026-05-19-15-41-48,7.930000,-1.070000,-2.040000,17.500000,-8.600000,117.400002,1.500000
2026-05-19-15-41-48,7.970000,-1.080000,-1.980000,13.300000,-11.600000,113.599998,1.500000
2026-05-19-15-41-48,8.020000,-1.110000,-1.890000,9.000000,-13.500000,108.599998,1.500000
2026-05-19-15-41-49,8.050000,-1.140000,-1.790000,5.600000,-14.800000,104.000000,1.500000
2026-05-19-15-41-49,8.070000,-1.180000,-1.720000,4.200000,-14.700000,100.000000,1.500000
2026-05-19-15-41-50,8.080000,-1.210000,-1.670000,5.300000,-12.600000,95.199997,1.500000
2026-05-19-15-41-50,8.090000,-1.250000,-1.640000,7.300000,-8.700000,88.699997,1.500000
2026-05-19-15-41-50,8.090000,-1.300000,-1.600000,7.800000,-5.100000,82.800003,1.500000
2026-05-19-15-41-51,8.090000,-1.350000,-1.580000,5.800000,-2.400000,76.699997,1.500000
2026-05-19-15-41-51,8.070000,-1.390000,-1.590000,2.500000,-0.700000,69.900002,1.500000
2026-05-19-15-41-51,8.050000,-1.430000,-1.600000,0.700000,0.000000,63.299999,1.500000
2026-05-19-15-41-52,8.030000,-1.470000,-1.620000,-0.400000,0.300000,57.000000,1.500000
2026-05-19-15-41-52,8.010000,-1.510000,-1.650000,-1.100000,0.700000,51.400002,1.500000
2026-05-19-15-41-52,8.000000,-1.530000,-1.670000,-0.700000,0.900000,50.799999,1.500000
2026-05-19-15-41-53,8.020000,-1.560000,-1.680000,-0.700000,2.000000,61.200001,1.500000
2026-05-19-15-41-53,8.080000,-1.590000,-1.690000,2.700000,2.900000,99.699997,1.500000
2026-05-19-15-41-53,8.100000,-1.600000,-1.710000,4.700000,0.700000,116.099998,1.500000
2026-05-19-15-41-54,8.090000,-1.610000,-1.740000,6.700000,-2.100000,123.400002,1.500000
2026-05-19-15-41-54,8.070000,-1.590000,-1.760000,9.800000,-1.700000,128.199997,1.500000
2026-05-19-15-41-55,7.990000,-1.470000,-1.770000,11.100000,-0.200000,131.500000,1.500000
2026-05-19-15-41-55,7.880000,-1.330000,-1.780000,11.500000,-3.200000,132.899994,1.500000
2026-05-19-15-41-55,7.760000,-1.220000,-1.790000,13.900000,-5.600000,117.800003,1.500000
2026-05-19-15-41-56,7.660000,-1.110000,-1.790000,19.799999,-2.300000,91.699997,1.500000
2026-05-19-15-41-56,7.640000,-0.970000,-1.780000,20.500000,1.100000,79.500000,1.500000
2026-05-19-15-41-56,7.670000,-0.840000,-1.790000,16.799999,1.400000,75.400002,1.500000
2026-05-19-15-41-57,7.710000,-0.760000,-1.800000,13.300000,-0.100000,72.500000,1.500000
2026-05-19-15-41-57,7.820000,-0.600000,-1.820000,10.300000,-2.600000,70.599998,1.500000
2026-05-19-15-41-57,7.920000,-0.440000,-1.810000,4.900000,-0.800000,70.699997,1.500000
2026-05-19-15-41-58,8.030000,-0.290000,-1.780000,0.500000,30.700001,73.699997,1.500000
2026-05-19-15-41-59,8.130000,-0.160000,-2.190000,173.699997,46.099998,-115.900002,1.500000
2026-05-19-15-41-59,8.420000,-0.090000,-2.280000,174.500000,27.600000,-115.500000,1.500000
2026-05-19-15-42-00,8.470000,-0.250000,-2.340000,174.500000,-9.100000,-114.500000,1.500000
2026-05-19-15-42-00,8.500000,-0.430000,-2.330000,173.500000,-35.500000,-112.599998,1.500000
2026-05-19-15-42-00,8.490000,-0.640000,-2.230000,166.600006,-65.000000,-105.400002,1.500000
2026-05-19-15-42-01,8.810000,-1.020000,-2.210000,6.600000,13.700000,65.300003,1.500000
2026-05-19-15-42-01,8.920000,-0.920000,-2.230000,12.200000,41.200001,75.300003,1.500000
2026-05-19-15-42-02,8.970000,-0.880000,-2.330000,10.200000,41.400002,77.300003,1.500000
2026-05-19-15-42-02,8.980000,-0.820000,-2.460000,1.000000,35.099998,59.799999,1.500000
2026-05-19-15-42-02,9.020000,-0.740000,-2.580000,-3.600000,26.100000,33.000000,1.500000
2026-05-19-15-42-03,9.030000,-0.650000,-2.670000,-5.800000,10.300000,-10.300000,1.500000
2026-05-19-15-42-03,9.090000,-0.560000,-2.730000,0.700000,1.200000,-48.900002,1.500000
2026-05-19-15-42-04,9.190000,-0.520000,-2.780000,9.500000,4.200000,-87.699997,1.500000
2026-05-19-15-42-04,9.200000,-0.590000,-2.820000,14.500000,8.700000,-102.000000,1.500000
2026-05-19-15-42-04,9.170000,-0.630000,-2.850000,9.800000,4.400000,-110.599998,1.500000
2026-05-19-15-42-05,9.170000,-0.650000,-2.800000,4.000000,-3.200000,-114.500000,1.500000
2026-05-19-15-42-05,9.170000,-0.650000,-2.750000,-0.500000,-9.400000,-113.300003,1.500000
2026-05-19-15-42-05,9.150000,-0.620000,-2.680000,-0.100000,-13.000000,-111.800003,1.500000
2026-05-19-15-42-06,9.160000,-0.590000,-2.580000,0.900000,-17.799999,-111.199997,1.500000
2026-05-19-15-42-06,9.160000,-0.560000,-2.480000,2.400000,-20.000000,-110.099998,1.500000
2026-05-19-15-42-07,9.140000,-0.550000,-2.450000,5.200000,-18.400000,-109.099998,1.500000
2026-05-19-15-42-07,9.060000,-0.540000,-2.400000,14.100000,-12.400000,-107.699997,1.500000
2026-05-19-15-42-07,9.090000,-0.490000,-2.270000,14.900000,-11.200000,-105.699997,1.500000
2026-05-19-15-42-08,9.060000,-0.470000,-2.200000,9.400000,-9.700000,-102.199997,1.500000
2026-05-19-15-42-08,9.020000,-0.470000,-2.140000,4.900000,-3.000000,-90.000000,1.500000
2026-05-19-15-42-08,8.990000,-0.480000,-2.020000,6.200000,-3.400000,-87.800003,1.500000
2026-05-19-15-42-09,8.940000,-0.480000,-1.880000,7.800000,-5.300000,-87.300003,1.500000
2026-05-19-15-42-09,8.900000,-0.490000,-1.780000,8.100000,-6.000000,-87.199997,1.500000
2026-05-19-15-42-10,8.870000,-0.500000,-1.710000,8.500000,-7.700000,-86.599998,1.500000
2026-05-19-15-42-10,8.820000,-0.500000,-1.590000,11.000000,-9.000000,-86.599998,1.500000
2026-05-19-15-42-10,8.760000,-0.500000,-1.470000,11.700000,-10.300000,-87.000000,1.500000
2026-05-19-15-42-11,8.690000,-0.490000,-1.360000,11.000000,-11.500000,-87.800003,1.500000
2026-05-19-15-42-11,8.630000,-0.490000,-1.290000,16.000000,-13.800000,-89.300003,1.500000
2026-05-19-15-42-11,8.560000,-0.480000,-1.190000,16.600000,-15.500000,-90.300003,1.500000
2026-05-19-15-42-12,8.500000,-0.460000,-1.090000,13.600000,-15.300000,-90.599998,1.500000
2026-05-19-15-42-12,8.460000,-0.450000,-1.050000,11.300000,-14.000000,-90.800003,1.500000
2026-05-19-15-42-12,8.430000,-0.450000,-1.030000,9.400000,-12.000000,-91.099998,1.500000
2026-05-19-15-42-12,8.410000,-0.440000,-1.020000,8.400000,-10.600000,-91.500000,1.500000
2026-05-19-15-42-13,8.380000,-0.440000,-0.990000,7.100000,-9.700000,-92.300003,1.500000
2026-05-19-15-42-13,8.360000,-0.430000,-0.940000,6.900000,-9.900000,-93.000000,1.500000
2026-05-19-15-42-13,8.330000,-0.420000,-0.910000,7.200000,-9.900000,-93.699997,1.500000
2026-05-19-15-42-13,8.320000,-0.430000,-0.890000,7.500000,-7.900000,-97.699997,1.500000
2026-05-19-15-42-14,8.300000,-0.480000,-0.850000,8.500000,-3.900000,-99.400002,1.500000
2026-05-19-15-42-14,8.260000,-0.550000,-0.830000,9.400000,-0.100000,-99.199997,1.500000
2026-05-19-15-42-14,8.220000,-0.640000,-0.810000,10.800000,3.900000,-97.199997,1.500000
2026-05-19-15-42-14,8.180000,-0.740000,-0.810000,12.300000,5.800000,-94.199997,1.500000
2026-05-19-15-42-14,8.140000,-0.850000,-0.820000,12.800000,5.900000,-91.500000,1.500000
2026-05-19-15-42-15,8.100000,-0.960000,-0.840000,11.700000,4.400000,-88.900002,1.500000
2026-05-19-15-42-15,8.080000,-1.090000,-0.850000,9.400000,5.100000,-86.099998,1.500000
2026-05-19-15-42-15,8.050000,-1.190000,-0.840000,7.500000,17.900000,-80.800003,1.500000
2026-05-19-15-42-15,8.030000,-1.300000,-0.850000,7.000000,33.700001,-76.199997,1.500000
2026-05-19-15-42-16,8.020000,-1.400000,1.500000,5.000000,-71.000000,0.000000,7.900000
2026-05-19-15-42-16,8.040000,-1.540000,-0.980000,12.900000,69.300003,-63.099998,1.500000
2026-05-19-15-42-16,8.180000,-1.700000,-1.270000,126.500000,79.900002,57.099998,1.600000
2026-05-19-15-42-17,8.330000,-1.690000,-1.470000,146.800003,72.300003,80.900002,1.600000
2026-05-19-15-42-17,8.420000,-1.650000,-1.660000,128.100006,74.400002,67.599998,1.600000
2026-05-19-15-42-17,8.580000,-1.600000,-1.900000,127.500000,68.900002,73.300003,1.700000
2026-05-19-15-42-18,7.120000,-1.930000,-2.780000,148.699997,37.900002,114.300003,1.600000
2026-05-19-15-42-18,7.120000,-1.770000,-2.830000,148.500000,17.600000,128.699997,1.600000
2026-05-19-15-42-19,6.840000,-1.460000,-2.890000,92.699997,-33.000000,-161.199997,1.600000
2026-05-19-15-42-19,6.660000,-1.440000,-2.800000,49.000000,-21.299999,-112.599998,1.600000
2026-05-19-15-42-20,6.570000,-1.550000,-2.760000,24.200001,-7.800000,-100.599998,1.600000
2026-05-19-15-42-20,6.500000,-1.730000,-2.770000,8.800000,-4.100000,-101.099998,1.600000
2026-05-19-15-42-20,6.420000,-1.860000,-2.800000,-0.000000,-8.800000,-104.800003,1.600000
2026-05-19-15-42-21,6.380000,-1.950000,-2.800000,2.100000,-7.100000,-127.099998,1.600000
2026-05-19-15-42-21,6.380000,-2.050000,-2.790000,5.300000,1.100000,-162.199997,1.600000
2026-05-19-15-42-22,6.340000,-2.100000,-2.810000,7.600000,9.100000,167.199997,1.600000
2026-05-19-15-42-22,6.220000,-2.090000,-2.840000,12.500000,9.600000,155.699997,1.600000
2026-05-19-15-42-22,6.090000,-2.010000,-2.880000,14.000000,4.900000,159.500000,1.600000
2026-05-19-15-42-23,5.980000,-1.910000,-2.910000,8.800000,-0.800000,176.600006,1.600000
2026-05-19-15-42-23,5.840000,-1.800000,-2.930000,3.200000,-1.400000,-176.199997,1.600000
2026-05-19-15-42-23,5.660000,-1.730000,-2.930000,-0.600000,-1.500000,-170.500000,1.600000
2026-05-19-15-42-24,5.480000,-1.640000,-2.930000,-3.800000,-0.100000,-153.100006,1.600000
2026-05-19-15-42-24,5.280000,-1.610000,-2.910000,-1.800000,1.600000,-146.500000,1.600000
2026-05-19-15-42-25,5.090000,-1.640000,-2.910000,0.600000,-0.300000,-144.600006,1.600000
2026-05-19-15-42-25,4.970000,-1.670000,-2.910000,2.500000,-5.800000,-160.800003,1.600000
2026-05-19-15-42-25,4.890000,-1.680000,-2.920000,6.000000,-11.800000,-168.600006,1.600000
2026-05-19-15-42-26,4.830000,-1.690000,-2.950000,8.200000,-15.900000,-173.300003,1.600000
2026-05-19-15-42-26,4.780000,-1.700000,-2.990000,8.300000,-15.600000,-175.199997,1.600000
2026-05-19-15-42-27,4.730000,-1.690000,-3.020000,6.900000,-11.400000,-175.699997,1.600000
2026-05-19-15-42-27,4.720000,-1.680000,-2.990000,6.600000,-10.600000,-175.699997,1.600000
2026-05-19-15-42-27,4.750000,-1.650000,-2.940000,6.300000,-10.100000,-175.199997,1.600000
2026-05-19-15-42-27,4.750000,-1.620000,-2.890000,6.600000,-11.900000,-173.800003,1.600000
2026-05-19-15-42-28,4.760000,-1.590000,-2.780000,8.300000,-14.700000,-172.600006,1.600000
2026-05-19-15-42-28,4.790000,-1.550000,-2.650000,9.700000,-16.400000,-171.699997,1.600000
2026-05-19-15-42-28,4.820000,-1.520000,-2.520000,10.900000,8.600000,-164.800003,1.600000
2026-05-19-15-42-29,4.760000,-1.540000,-2.440000,15.600000,48.900002,-150.699997,1.600000
2026-05-19-15-42-29,4.740000,-1.550000,-2.430000,18.500000,58.200001,-141.800003,1.600000
2026-05-19-15-42-30,4.760000,-1.550000,-2.440000,11.500000,47.500000,-144.000000,1.600000
2026-05-19-15-42-30,4.790000,-1.550000,-2.470000,6.700000,30.600000,-145.600006,1.600000
2026-05-19-15-42-30,4.820000,-1.550000,-2.500000,4.700000,10.900000,-146.699997,1.600000
2026-05-19-15-42-31,4.840000,-1.550000,-2.510000,4.600000,-4.500000,-147.300003,1.600000
2026-05-19-15-42-31,4.850000,-1.550000,-2.470000,6.100000,-12.800000,-147.600006,1.600000
2026-05-19-15-42-32,4.850000,-1.550000,-2.440000,8.700000,12.700000,-143.300003,1.600000
2026-05-19-15-42-32,4.820000,-1.580000,-2.420000,8.500000,33.700001,-138.899994,1.600000
2026-05-19-15-42-32,4.810000,-1.600000,-2.450000,6.600000,33.099998,-137.399994,1.600000
2026-05-19-15-42-33,4.820000,-1.600000,-2.500000,5.100000,22.200001,-137.300003,1.600000
2026-05-19-15-42-33,4.840000,-1.610000,-2.550000,3.800000,10.300000,-147.199997,1.600000
2026-05-19-15-42-33,4.860000,-1.660000,-2.600000,5.500000,2.700000,-170.699997,1.600000
2026-05-19-15-42-34,4.860000,-1.690000,-2.650000,8.600000,-2.800000,179.000000,1.600000
2026-05-19-15-42-34,4.870000,-1.710000,-2.710000,10.600000,-5.100000,172.600006,1.600000
2026-05-19-15-42-35,4.860000,-1.750000,-2.740000,10.800000,4.900000,149.100006,1.600000
2026-05-19-15-42-35,4.810000,-1.780000,-2.750000,2.300000,16.900000,114.000000,1.600000
2026-05-19-15-42-35,4.780000,-1.780000,-2.770000,-6.500000,20.299999,84.000000,1.600000
2026-05-19-15-42-36,4.790000,-1.790000,-2.820000,-6.700000,14.200000,73.599998,1.600000
2026-05-19-15-42-36,4.800000,-1.800000,-2.860000,-5.600000,6.500000,68.300003,1.600000
2026-05-19-15-42-37,4.820000,-1.810000,-2.820000,-3.000000,1.000000,68.800003,1.600000
2026-05-19-15-42-37,4.820000,-1.810000,-2.770000,-2.400000,-1.400000,70.599998,1.600000
2026-05-19-15-42-37,4.820000,-1.810000,-2.710000,-2.200000,-5.500000,73.900002,1.600000
2026-05-19-15-42-37,4.820000,-1.830000,-2.610000,-2.000000,-9.600000,76.599998,1.600000
2026-05-19-15-42-38,4.820000,-1.850000,-2.490000,-0.600000,-12.200000,75.000000,1.600000
2026-05-19-15-42-38,4.820000,-1.880000,-2.400000,0.700000,-12.900000,75.599998,1.600000
2026-05-19-15-42-39,4.860000,-1.870000,-2.340000,4.800000,-7.800000,81.500000,1.600000
2026-05-19-15-42-39,4.910000,-1.810000,-2.280000,11.400000,1.500000,72.900002,1.600000
2026-05-19-15-42-39,5.010000,-1.710000,-2.270000,13.200000,9.200000,70.400002,1.600000
2026-05-19-15-42-40,5.130000,-1.590000,-2.300000,12.200000,13.300000,70.199997,1.600000
2026-05-19-15-42-40,5.200000,-1.540000,-2.310000,9.400000,13.300000,69.599998,1.600000
2026-05-19-15-42-40,5.350000,-1.460000,-2.280000,6.300000,11.000000,68.500000,1.600000
2026-05-19-15-42-41,5.430000,-1.380000,-2.210000,-3.900000,13.300000,51.299999,1.600000
2026-05-19-15-42-41,5.460000,-1.310000,-2.120000,-15.200000,12.300000,28.900000,1.600000
2026-05-19-15-42-41,5.540000,-1.280000,-2.080000,-12.300000,12.100000,20.900000,1.600000
2026-05-19-15-42-42,5.620000,-1.280000,-2.070000,-7.100000,13.900000,19.600000,1.600000
2026-05-19-15-42-42,5.710000,-1.300000,-2.070000,-1.100000,16.200001,27.799999,1.600000
2026-05-19-15-42-42,5.870000,-1.320000,-2.080000,9.400000,16.100000,48.900002,1.600000
2026-05-19-15-42-43,6.040000,-1.300000,-2.140000,12.200000,14.100000,56.599998,1.600000
2026-05-19-15-42-43,6.210000,-1.250000,-2.200000,7.200000,10.400000,57.500000,1.600000
2026-05-19-15-42-43,6.370000,-1.190000,-2.250000,3.100000,5.700000,54.000000,1.600000
2026-05-19-15-42-44,6.540000,-1.130000,-2.270000,2.300000,1.700000,51.700001,1.600000
2026-05-19-15-42-44,6.700000,-1.080000,-2.290000,0.900000,-2.600000,49.000000,1.600000
2026-05-19-15-42-45,6.790000,-1.060000,-2.310000,-0.500000,-7.500000,44.400002,1.600000
2026-05-19-15-42-45,6.900000,-1.040000,-2.310000,1.900000,-8.100000,35.400002,1.600000
2026-05-19-15-42-45,7.070000,-1.000000,-2.280000,1.500000,-6.000000,31.700001,1.600000
2026-05-19-15-42-46,7.250000,-0.990000,-2.260000,1.800000,-5.600000,29.799999,1.600000
2026-05-19-15-42-46,7.420000,-0.960000,-2.240000,0.400000,-6.100000,29.799999,1.600000
2026-05-19-15-42-46,7.570000,-0.960000,-2.220000,-1.900000,-8.800000,20.799999,1.600000
2026-05-19-15-42-47,7.640000,-0.920000,-2.210000,0.600000,-12.500000,-7.800000,1.600000
2026-05-19-15-42-47,7.670000,-0.930000,-2.220000,0.800000,-13.500000,-13.600000,1.600000
2026-05-19-15-42-47,7.710000,-0.920000,-2.220000,-0.000000,-14.300000,-19.500000,1.600000
2026-05-19-15-42-48,7.750000,-0.920000,-2.240000,-2.700000,-13.800000,-26.299999,1.600000
2026-05-19-15-42-48,7.780000,-0.930000,-2.260000,-3.800000,-11.400000,-30.299999,1.600000
2026-05-19-15-42-48,7.810000,-0.950000,-2.280000,-3.100000,-7.900000,-32.900002,1.600000
2026-05-19-15-42-49,7.820000,-0.960000,-2.300000,-2.400000,-6.200000,-33.799999,1.600000
2026-05-19-15-42-49,7.840000,-0.970000,-2.330000,-1.200000,-3.700000,-34.700001,1.600000
2026-05-19-15-42-49,7.850000,-0.990000,-2.380000,-0.500000,-2.200000,-34.799999,1.600000
2026-05-19-15-42-50,7.860000,-1.010000,-2.430000,-0.400000,-1.400000,-34.299999,1.600000
2026-05-19-15-42-50,7.860000,-1.030000,-2.490000,-0.000000,-1.300000,-31.299999,1.600000
2026-05-19-15-42-51,7.850000,-1.100000,-2.520000,-0.700000,0.100000,4.000000,1.600000
2026-05-19-15-42-51,7.870000,-1.150000,-2.540000,-0.000000,-0.000000,23.900000,1.600000
2026-05-19-15-42-51,7.930000,-1.200000,-2.570000,-0.300000,-0.800000,59.099998,1.600000
2026-05-19-15-42-51,7.970000,-1.210000,-2.600000,-1.100000,-2.600000,73.400002,1.600000
2026-05-19-15-42-52,7.990000,-1.220000,-2.650000,-0.700000,-4.300000,81.599998,1.600000
2026-05-19-15-42-52,8.000000,-1.220000,-2.700000,0.200000,-4.500000,92.699997,1.600000
2026-05-19-15-42-53,8.050000,-1.180000,-2.720000,-1.500000,-3.100000,133.699997,1.600000
2026-05-19-15-42-53,8.060000,-1.100000,-2.750000,-1.100000,-3.900000,170.899994,1.600000
2026-05-19-15-42-53,7.950000,-1.060000,-2.780000,3.000000,-3.600000,-175.199997,1.600000
2026-05-19-15-42-54,7.800000,-1.030000,-2.800000,5.800000,-5.800000,-172.199997,1.600000
2026-05-19-15-42-54,7.650000,-1.010000,-2.820000,10.900000,-7.600000,175.800003,1.600000
2026-05-19-15-42-55,7.470000,-0.960000,-2.830000,10.600000,-9.600000,172.000000,1.600000
2026-05-19-15-42-55,7.310000,-0.910000,-2.800000,11.600000,-10.000000,155.300003,1.600000
2026-05-19-15-42-55,7.190000,-0.890000,-2.790000,12.100000,-9.500000,143.100006,1.600000
2026-05-19-15-42-56,7.110000,-0.860000,-2.780000,9.400000,-7.100000,134.500000,1.600000
2026-05-19-15-42-56,7.010000,-0.840000,-2.770000,9.300000,-1.000000,105.900002,1.600000
2026-05-19-15-42-56,6.900000,-0.810000,-2.770000,5.900000,2.800000,66.599998,1.600000
2026-05-19-15-42-57,6.830000,-0.770000,-2.760000,1.300000,2.400000,51.299999,1.600000
2026-05-19-15-42-57,6.810000,-0.760000,-2.730000,0.600000,1.800000,49.799999,1.600000
2026-05-19-15-42-57,6.780000,-0.720000,-2.680000,0.500000,0.100000,49.700001,1.600000
2026-05-19-15-42-58,6.770000,-0.730000,-2.580000,1.400000,-3.500000,51.000000,1.600000
2026-05-19-15-42-58,6.760000,-0.740000,-2.460000,2.700000,-7.300000,51.500000,1.600000
2026-05-19-15-42-58,6.750000,-0.770000,-2.330000,4.000000,-11.400000,51.400002,1.600000
2026-05-19-15-42-59,6.750000,-0.800000,-2.270000,3.000000,-13.400000,51.200001,1.600000
2026-05-19-15-42-59,6.750000,-0.820000,-2.220000,-4.200000,-13.200000,51.400002,1.600000
2026-05-19-15-43-00,6.730000,-0.870000,-2.120000,-5.000000,-13.100000,51.400002,1.600000
2026-05-19-15-43-00,6.720000,-0.900000,-2.050000,-2.300000,-12.500000,51.000000,1.600000
2026-05-19-15-43-00,6.720000,-0.920000,-2.020000,0.500000,-10.900000,50.500000,1.600000
2026-05-19-15-43-01,6.710000,-0.950000,-2.000000,2.500000,-8.700000,50.200001,1.600000
2026-05-19-15-43-01,6.700000,-0.980000,-1.990000,2.900000,-7.400000,49.900002,1.600000
2026-05-19-15-43-01,6.700000,-0.990000,-1.990000,3.000000,-6.500000,48.799999,1.600000
2026-05-19-15-43-01,6.690000,-0.990000,-1.980000,6.100000,-3.500000,35.500000,1.600000
2026-05-19-15-43-01,6.690000,-0.970000,-1.970000,6.600000,0.600000,16.200001,1.600000
2026-05-19-15-43-02,6.700000,-0.970000,-1.960000,4.800000,2.200000,6.000000,1.600000
2026-05-19-15-43-02,6.730000,-0.970000,-1.960000,2.900000,3.900000,-1.100000,1.600000
2026-05-19-15-43-02,6.800000,-1.000000,-1.950000,1.200000,5.800000,-5.900000,1.600000
2026-05-19-15-43-02,6.890000,-1.040000,-1.950000,0.500000,6.800000,-8.700000,1.600000
2026-05-19-15-43-03,6.950000,-1.080000,-1.960000,-0.800000,6.000000,-9.900000,1.600000
2026-05-19-15-43-03,7.000000,-1.110000,-1.970000,-2.600000,3.700000,-10.300000,1.600000
2026-05-19-15-43-03,7.040000,-1.140000,-1.990000,-4.000000,0.200000,-10.200000,1.600000
2026-05-19-15-43-03,7.060000,-1.180000,-2.010000,-4.300000,-2.800000,-10.100000,1.600000
2026-05-19-15-43-03,7.090000,-1.200000,-2.040000,-4.000000,-6.000000,-9.900000,1.600000
2026-05-19-15-43-04,7.110000,-1.230000,-2.060000,-3.300000,-8.100000,-9.900000,1.600000
2026-05-19-15-43-04,7.130000,-1.250000,-2.080000,-2.300000,-9.200000,-9.300000,1.600000
2026-05-19-15-43-04,7.200000,-1.290000,-2.080000,-2.100000,-8.300000,-6.200000,1.600000
2026-05-19-15-43-04,7.270000,-1.350000,-2.090000,-7.600000,-5.500000,29.799999,1.600000
2026-05-19-15-43-05,7.340000,-1.420000,-2.100000,-10.000000,-1.800000,53.200001,1.600000
2026-05-19-15-43-05,7.390000,-1.420000,-2.100000,-7.000000,0.300000,61.299999,1.600000
2026-05-19-15-43-05,7.480000,-1.360000,-2.090000,-3.100000,3.800000,69.900002,1.600000
2026-05-19-15-43-06,7.540000,-1.270000,-2.100000,-2.000000,4.100000,73.699997,1.600000
2026-05-19-15-43-06,7.580000,-1.210000,-2.120000,-0.900000,-0.600000,78.300003,1.600000
2026-05-19-15-43-06,7.620000,-1.160000,-2.160000,0.500000,-7.100000,81.599998,1.600000
2026-05-19-15-43-07,7.650000,-1.120000,-2.230000,1.700000,-10.400000,84.699997,1.600000
2026-05-19-15-43-07,7.650000,-1.090000,-2.340000,2.300000,-10.000000,86.900002,1.600000
2026-05-19-15-43-07,7.630000,-1.070000,-2.480000,4.600000,-7.800000,89.099998,1.600000
2026-05-19-15-43-08,7.600000,-1.050000,-2.640000,7.300000,-4.400000,91.500000,1.600000
2026-05-19-15-43-08,7.560000,-1.040000,-2.830000,9.400000,-1.000000,93.900002,1.600000
2026-05-19-15-43-08,7.490000,-1.050000,-3.020000,10.700000,3.300000,96.599998,1.600000
2026-05-19-15-43-09,7.440000,-1.060000,-3.180000,11.200000,7.300000,99.000000,1.600000
2026-05-19-15-43-09,7.380000,-1.080000,-3.330000,11.300000,11.300000,101.300003,1.600000
2026-05-19-15-43-10,7.320000,-1.130000,-3.480000,10.700000,13.600000,104.500000,1.600000
2026-05-19-15-43-10,7.280000,-1.170000,-3.630000,9.500000,16.299999,106.099998,1.600000
2026-05-19-15-43-10,7.240000,-1.180000,-3.710000,8.100000,15.000000,101.000000,1.600000
2026-05-19-15-43-11,7.160000,-1.190000,-3.720000,4.100000,14.300000,73.099998,1.600000
2026-05-19-15-43-11,7.080000,-1.180000,-3.710000,-3.500000,10.700000,38.900002,1.600000
2026-05-19-15-43-12,7.060000,-1.180000,-3.690000,-5.400000,3.200000,25.200001,1.600000
2026-05-19-15-43-12,7.060000,-1.200000,-3.700000,-4.900000,0.800000,18.900000,1.600000
2026-05-19-15-43-12,7.080000,-1.210000,-3.700000,-7.800000,6.100000,41.299999,1.600000
2026-05-19-15-43-13,7.140000,-1.230000,-3.680000,-2.900000,7.600000,55.200001,1.600000
2026-05-19-15-43-13,7.130000,-1.240000,-3.690000,0.400000,2.500000,61.000000,1.600000
2026-05-19-15-43-13,7.130000,-1.240000,-3.690000,3.200000,1.500000,65.199997,1.600000
2026-05-19-15-43-14,7.130000,-1.250000,-3.700000,5.200000,2.100000,66.500000,1.600000
2026-05-19-15-43-14,7.130000,-1.240000,-3.690000,5.200000,3.700000,69.500000,1.600000
2026-05-19-15-43-15,7.140000,-1.230000,-3.690000,4.500000,5.500000,70.000000,1.600000
2026-05-19-15-43-15,7.100000,-1.240000,-3.690000,2.900000,4.300000,71.400002,1.600000
2026-05-19-15-43-15,7.100000,-1.240000,-3.680000,1.900000,4.500000,72.000000,1.600000
2026-05-19-15-43-16,7.110000,-1.240000,-3.660000,2.800000,4.200000,72.400002,1.600000
2026-05-19-15-43-16,7.090000,-1.240000,-3.690000,3.200000,4.800000,71.500000,1.600000
2026-05-19-15-43-16,7.080000,-1.230000,-3.690000,3.500000,5.100000,72.500000,1.600000
2026-05-19-15-43-17,7.080000,-1.240000,-3.690000,3.100000,4.700000,73.099998,1.600000
2026-05-19-15-43-17,7.050000,-1.230000,-3.700000,2.700000,5.200000,72.199997,1.600000
2026-05-19-15-43-17,7.010000,-1.230000,-3.690000,2.300000,6.200000,71.800003,1.600000
2026-05-19-15-43-18,7.060000,-1.210000,-3.660000,2.600000,5.300000,73.500000,1.600000
2026-05-19-15-43-18,7.070000,-1.230000,-3.680000,3.600000,4.800000,73.199997,1.600000
2026-05-19-15-43-18,7.040000,-1.210000,-3.700000,3.800000,4.700000,72.699997,1.600000
2026-05-19-15-43-19,7.040000,-1.210000,-3.670000,4.600000,5.100000,74.199997,1.600000
2026-05-19-15-43-19,7.020000,-1.200000,-3.690000,3.200000,5.900000,72.900002,1.600000
2026-05-19-15-43-20,6.980000,-1.200000,-3.690000,3.200000,6.000000,73.500000,1.600000
2026-05-19-15-43-20,6.990000,-1.200000,-3.680000,1.900000,5.500000,73.599998,1.600000
2026-05-19-15-43-20,6.980000,-1.170000,-3.680000,2.200000,6.100000,72.900002,1.600000
2026-05-19-15-43-21,6.970000,-1.180000,-3.680000,2.600000,4.500000,72.900002,1.600000
2026-05-19-15-43-21,6.950000,-1.190000,-3.690000,3.200000,4.900000,72.400002,1.600000
2026-05-19-15-43-22,6.930000,-1.150000,-3.700000,3.500000,6.600000,72.099998,1.600000
2026-05-19-15-43-22,6.920000,-1.140000,-3.650000,3.400000,5.900000,71.599998,1.600000
2026-05-19-15-43-22,6.920000,-1.140000,-3.550000,4.000000,2.800000,71.699997,1.600000
2026-05-19-15-43-23,6.930000,-1.140000,-3.420000,4.400000,1.000000,72.199997,1.600000
2026-05-19-15-43-23,6.950000,-1.160000,-3.250000,5.300000,-3.000000,71.900002,1.600000
2026-05-19-15-43-24,6.950000,-1.170000,-3.150000,7.500000,-5.500000,70.800003,1.600000
2026-05-19-15-43-25,7.000000,-1.230000,-2.870000,9.100000,-8.600000,69.500000,1.600000
2026-05-19-15-43-25,7.020000,-1.280000,-2.730000,8.800000,-10.200000,68.699997,1.600000
2026-05-19-15-43-26,7.010000,-1.320000,-2.590000,14.200000,1.000000,42.200001,1.600000
2026-05-19-15-43-26,7.030000,-1.320000,-2.550000,8.300000,15.000000,7.900000,1.600000
2026-05-19-15-43-27,7.070000,-1.320000,-2.540000,-1.500000,17.900000,-9.800000,1.600000
2026-05-19-15-43-27,7.180000,-1.390000,-2.550000,-3.800000,19.299999,-10.500000,1.600000
2026-05-19-15-43-27,7.270000,-1.440000,-2.570000,-3.200000,19.299999,-9.100000,1.600000
2026-05-19-15-43-27,7.350000,-1.510000,-2.620000,-2.100000,18.500000,-5.800000,1.600000
2026-05-19-15-43-28,7.550000,-1.540000,-2.660000,-1.700000,13.000000,5.700000,1.600000
2026-05-19-15-43-28,7.690000,-1.600000,-2.700000,-4.700000,8.500000,32.799999,1.600000
2026-05-19-15-43-28,7.840000,-1.570000,-2.730000,-9.000000,8.200000,50.000000,1.600000
2026-05-19-15-43-29,7.980000,-1.480000,-2.750000,-11.000000,7.400000,59.000000,1.600000
2026-05-19-15-43-29,8.120000,-1.330000,-2.780000,-8.800000,4.200000,64.699997,1.600000
2026-05-19-15-43-30,8.230000,-1.170000,-2.800000,-5.000000,-0.800000,69.500000,1.600000
2026-05-19-15-43-30,8.280000,-1.060000,-2.830000,-0.600000,-8.400000,71.900002,1.600000
2026-05-19-15-43-30,8.310000,-0.990000,-2.850000,4.900000,-12.500000,72.400002,1.600000
2026-05-19-15-43-31,8.300000,-0.920000,-2.860000,10.100000,-8.500000,60.599998,1.600000
2026-05-19-15-43-31,8.270000,-0.840000,-2.850000,10.500000,2.100000,26.700001,1.600000
2026-05-19-15-43-32,8.270000,-0.750000,-2.850000,2.300000,8.500000,-15.600000,1.600000
2026-05-19-15-43-32,8.340000,-0.670000,-2.870000,-2.600000,7.700000,-52.000000,1.600000
2026-05-19-15-43-32,8.400000,-0.720000,-2.900000,3.000000,4.100000,-71.099998,1.600000
2026-05-19-15-43-33,8.410000,-0.850000,-2.930000,9.000000,0.500000,-79.699997,1.600000
2026-05-19-15-43-33,8.380000,-1.010000,-2.950000,11.400000,-2.900000,-83.500000,1.600000
2026-05-19-15-43-33,8.320000,-1.190000,-2.970000,10.100000,-6.500000,-85.099998,1.600000
2026-05-19-15-43-34,8.280000,-1.350000,-2.970000,7.500000,-7.600000,-99.300003,1.600000
2026-05-19-15-43-34,8.220000,-1.500000,-2.970000,6.800000,-8.800000,-112.500000,1.600000
2026-05-19-15-43-35,8.090000,-1.630000,-2.960000,7.100000,-9.900000,-120.699997,1.600000
2026-05-19-15-43-35,7.940000,-1.740000,-2.940000,8.500000,-10.300000,-128.100006,1.600000
2026-05-19-15-43-35,7.760000,-1.820000,-2.900000,3.100000,-12.300000,-119.699997,1.600000
2026-05-19-15-43-36,7.600000,-1.840000,-2.890000,-12.900000,-9.500000,-82.000000,1.600000
2026-05-19-15-43-36,7.480000,-1.890000,-2.880000,-17.299999,2.700000,-46.599998,1.600000
2026-05-19-15-43-37,7.410000,-1.960000,-2.860000,-9.300000,11.700000,-7.600000,1.600000
2026-05-19-15-43-37,7.420000,-2.020000,-2.870000,0.000000,13.000000,31.799999,1.600000
2026-05-19-15-43-37,7.420000,-2.030000,-2.900000,1.000000,9.900000,44.700001,1.600000
2026-05-19-15-43-37,7.430000,-2.040000,-2.920000,0.600000,7.000000,50.200001,1.600000
2026-05-19-15-43-38,7.460000,-2.040000,-2.940000,-0.400000,1.200000,57.000000,1.600000
2026-05-19-15-43-38,7.390000,-2.040000,-3.000000,-0.400000,-4.400000,60.200001,1.600000
2026-05-19-15-43-38,7.360000,-2.020000,-3.070000,1.100000,-8.900000,60.299999,1.600000
2026-05-19-15-43-39,7.380000,-1.930000,-3.110000,3.000000,-7.500000,61.099998,1.600000
2026-05-19-15-43-39,7.450000,-1.790000,-3.100000,5.300000,-6.100000,61.799999,1.600000
2026-05-19-15-43-40,7.540000,-1.640000,-3.080000,5.700000,-9.200000,62.799999,1.600000
2026-05-19-15-43-40,7.630000,-1.480000,-3.080000,4.300000,-13.900000,64.000000,1.600000
2026-05-19-15-43-40,7.680000,-1.390000,-3.100000,2.200000,-17.299999,63.299999,1.600000
2026-05-19-15-43-41,7.710000,-1.320000,-3.120000,1.600000,-15.800000,61.700001,1.600000
2026-05-19-15-43-41,7.720000,-1.250000,-3.130000,2.000000,-10.400000,59.599998,1.600000
2026-05-19-15-43-42,7.730000,-1.200000,-3.150000,2.800000,-4.600000,57.099998,1.600000
2026-05-19-15-43-42,7.750000,-1.150000,-3.190000,3.000000,0.100000,55.099998,1.600000
2026-05-19-15-43-43,7.750000,-1.060000,-3.280000,1.700000,5.000000,50.500000,1.600000
2026-05-19-15-43-43,7.760000,-1.000000,-3.190000,3.600000,2.700000,46.400002,1.600000
2026-05-19-15-43-44,7.760000,-0.970000,-3.100000,5.500000,-0.700000,44.500000,1.600000
2026-05-19-15-43-44,7.750000,-0.960000,-2.990000,7.400000,-4.500000,43.000000,1.600000
2026-05-19-15-43-45,7.760000,-0.970000,-2.900000,7.400000,-6.600000,41.599998,1.600000
2026-05-19-15-43-45,7.750000,-0.980000,-2.860000,4.500000,-7.700000,40.400002,1.600000
2026-05-19-15-43-45,7.740000,-0.990000,-2.850000,2.200000,-7.500000,39.599998,1.600000
2026-05-19-15-43-46,7.730000,-0.990000,-2.840000,2.200000,-5.700000,38.299999,1.600000
2026-05-19-15-43-46,7.730000,-1.000000,-2.840000,3.200000,-3.700000,37.000000,1.600000
2026-05-19-15-43-47,7.720000,-1.010000,-2.850000,4.000000,-1.500000,35.599998,1.600000
2026-05-19-15-43-47,7.710000,-1.020000,-2.870000,4.000000,-0.000000,33.900002,1.600000
2026-05-19-15-43-47,7.700000,-1.060000,-2.860000,4.300000,0.400000,32.200001,1.600000
2026-05-19-15-43-47,7.690000,-1.070000,-2.850000,4.200000,0.300000,31.799999,1.600000
2026-05-19-15-43-48,7.660000,-1.070000,-2.860000,3.400000,0.100000,31.299999,1.600000
2026-05-19-15-43-48,7.680000,-1.090000,-2.880000,1.300000,-1.000000,30.100000,1.600000
2026-05-19-15-43-48,7.660000,-1.100000,-2.910000,0.100000,-2.000000,28.600000,1.600000
2026-05-19-15-43-49,7.650000,-1.110000,-2.940000,-0.100000,-2.500000,26.900000,1.600000
2026-05-19-15-43-49,7.630000,-1.120000,-3.000000,1.000000,-2.700000,24.100000,1.600000
2026-05-19-15-43-50,7.610000,-1.130000,-3.070000,2.200000,-2.500000,21.100000,1.600000
2026-05-19-15-43-50,7.580000,-1.120000,-3.140000,3.200000,-1.900000,17.200001,1.600000
2026-05-19-15-43-50,7.550000,-1.100000,-3.200000,5.000000,-1.200000,10.500000,1.600000
2026-05-19-15-43-51,7.510000,-1.070000,-3.280000,5.200000,-0.300000,4.300000,1.600000
2026-05-19-15-43-51,7.480000,-1.050000,-3.360000,3.400000,0.700000,-0.600000,1.600000
2026-05-19-15-43-52,7.450000,-1.030000,-3.370000,2.100000,1.700000,-5.800000,1.600000
2026-05-19-15-43-52,7.430000,-1.020000,-3.330000,3.300000,2.400000,-8.800000,1.600000
2026-05-19-15-43-52,7.410000,-1.020000,-3.260000,4.900000,1.200000,-12.200000,1.600000
2026-05-19-15-43-53,7.390000,-1.020000,-3.170000,6.200000,-1.700000,-15.100000,1.600000
2026-05-19-15-43-53,7.350000,-1.020000,-3.060000,7.100000,-5.600000,-18.200001,1.600000
2026-05-19-15-43-53,7.320000,-1.020000,-2.940000,8.300000,-9.500000,-21.700001,1.600000
2026-05-19-15-43-54,7.270000,-1.020000,-2.820000,8.900000,-13.400000,-25.299999,1.600000
2026-05-19-15-43-54,7.220000,-1.030000,-2.770000,6.400000,-14.600000,-28.500000,1.600000
2026-05-19-15-43-55,7.200000,-0.990000,-2.740000,-6.100000,-13.800000,-27.799999,1.600000
2026-05-19-15-43-55,7.210000,-0.940000,-2.730000,-8.200000,-11.200000,-24.000000,1.600000
2026-05-19-15-43-55,7.200000,-0.930000,-2.720000,-6.800000,-7.300000,-5.300000,1.600000
2026-05-19-15-43-56,7.210000,-0.960000,-2.690000,-4.500000,-1.400000,29.299999,1.600000
2026-05-19-15-43-56,7.210000,-0.940000,-2.680000,-1.400000,0.300000,41.400002,1.600000
2026-05-19-15-43-57,7.210000,-0.910000,-2.690000,1.800000,0.700000,47.900002,1.600000
2026-05-19-15-43-57,7.220000,-0.860000,-2.710000,4.200000,1.900000,50.599998,1.600000
2026-05-19-15-43-57,7.300000,-0.710000,-2.710000,6.200000,5.200000,52.200001,1.600000
2026-05-19-15-43-58,7.380000,-0.590000,-2.730000,7.700000,4.700000,52.500000,1.600000
2026-05-19-15-43-58,7.420000,-0.480000,-2.750000,7.700000,-1.000000,50.400002,1.600000
2026-05-19-15-43-58,7.440000,-0.450000,-2.800000,7.000000,-8.200000,41.799999,1.600000
2026-05-19-15-43-59,7.440000,-0.360000,-2.820000,10.800000,-6.700000,15.300000,1.600000
2026-05-19-15-43-59,7.450000,-0.290000,-2.840000,9.100000,-7.100000,1.400000,1.600000
2026-05-19-15-43-59,7.460000,-0.230000,-2.870000,5.300000,-5.600000,-13.500000,1.600000
2026-05-19-15-44-00,7.500000,-0.140000,-2.890000,6.800000,1.100000,-49.400002,1.600000
2026-05-19-15-44-00,7.520000,-0.140000,-2.920000,5.500000,3.700000,-60.000000,1.600000
2026-05-19-15-44-01,7.560000,-0.230000,-2.940000,3.600000,4.500000,-58.700001,1.600000
2026-05-19-15-44-01,7.590000,-0.350000,-2.980000,3.300000,0.200000,-46.299999,1.600000
2026-05-19-15-44-01,7.640000,-0.500000,-3.010000,2.700000,-3.200000,-37.799999,1.600000
2026-05-19-15-44-02,7.720000,-0.640000,-3.030000,-1.600000,-6.500000,-35.299999,1.600000
2026-05-19-15-44-02,7.780000,-0.750000,-2.950000,-4.000000,-8.700000,-33.799999,1.600000
2026-05-19-15-44-02,7.860000,-0.860000,-2.900000,-0.900000,-7.700000,-33.700001,1.600000
2026-05-19-15-44-03,7.950000,-0.980000,-2.860000,2.300000,-5.500000,-33.599998,1.600000
2026-05-19-15-44-03,8.030000,-1.130000,-2.840000,2.000000,-4.100000,-30.299999,1.600000
2026-05-19-15-44-04,8.120000,-1.290000,-2.830000,-1.800000,-3.500000,-17.799999,1.600000
2026-05-19-15-44-04,8.230000,-1.420000,-2.810000,-3.700000,-2.100000,-12.700000,1.600000
2026-05-19-15-44-04,8.360000,-1.520000,-2.800000,-4.800000,-2.100000,-4.800000,1.600000
2026-05-19-15-44-05,8.510000,-1.650000,-2.780000,-4.300000,-1.100000,8.300000,1.600000
2026-05-19-15-44-05,8.670000,-1.730000,-2.760000,-5.100000,-0.300000,12.400000,1.600000
2026-05-19-15-44-06,8.840000,-1.750000,-2.740000,-5.400000,-2.800000,13.900000,1.600000
2026-05-19-15-44-06,8.980000,-1.760000,-2.690000,-4.000000,-4.300000,14.600000,1.600000
2026-05-19-15-44-06,9.140000,-1.770000,-2.650000,-1.000000,-4.000000,14.900000,1.600000
2026-05-19-15-44-07,9.230000,-1.780000,-2.630000,0.200000,-3.600000,15.000000,1.600000
2026-05-19-15-44-07,9.420000,-1.820000,-2.610000,3.200000,-3.500000,14.500000,1.600000
2026-05-19-15-44-07,9.590000,-1.850000,-2.600000,0.600000,-5.600000,26.200001,1.600000
2026-05-19-15-44-08,9.700000,-1.890000,-2.590000,-10.600000,-4.200000,63.299999,1.600000
2026-05-19-15-44-08,9.750000,-1.880000,-2.580000,-13.200000,-1.100000,76.900002,1.600000
2026-05-19-15-44-08,9.780000,-1.800000,-2.540000,-12.600000,4.700000,100.199997,1.600000
2026-05-19-15-44-08,9.850000,-1.850000,-2.560000,-5.900000,10.200000,134.199997,1.600000
2026-05-19-15-44-09,9.870000,-1.790000,-2.580000,1.600000,9.000000,149.199997,1.600000
2026-05-19-15-44-09,9.820000,-1.680000,-2.610000,8.900000,8.400000,159.300003,1.600000
2026-05-19-15-44-10,9.720000,-1.550000,-2.660000,8.300000,6.100000,163.500000,1.600000
2026-05-19-15-44-10,9.590000,-1.430000,-2.700000,6.200000,3.000000,156.800003,1.600000
2026-05-19-15-44-10,9.460000,-1.340000,-2.720000,6.000000,3.100000,141.500000,1.600000
2026-05-19-15-44-11,9.370000,-1.160000,-2.750000,4.000000,0.500000,136.800003,1.600000
2026-05-19-15-44-11,9.260000,-1.000000,-2.750000,3.000000,-2.000000,134.500000,1.600000
2026-05-19-15-44-12,9.170000,-0.810000,-2.750000,2.700000,-5.000000,133.699997,1.600000
2026-05-19-15-44-12,9.120000,-0.580000,-2.750000,2.200000,-7.100000,134.199997,1.600000
2026-05-19-15-44-12,9.040000,-0.390000,-2.720000,2.700000,-7.600000,131.600006,1.600000
2026-05-19-15-44-13,8.960000,-0.210000,-2.690000,5.600000,-8.100000,115.099998,1.600000
2026-05-19-15-44-13,8.880000,-0.070000,-2.680000,9.900000,-7.100000,90.199997,1.600000
2026-05-19-15-44-13,8.830000,0.090000,-2.670000,14.200000,-2.000000,58.700001,1.600000
2026-05-19-15-44-14,8.840000,0.250000,-2.660000,13.200000,4.800000,24.400000,1.600000
2026-05-19-15-44-14,8.890000,0.370000,-2.670000,8.800000,9.200000,-14.500000,1.600000
2026-05-19-15-44-15,8.970000,0.430000,-2.690000,4.100000,7.500000,-49.299999,1.600000
2026-05-19-15-44-15,9.060000,0.420000,-2.710000,3.600000,2.500000,-86.800003,1.600000
2026-05-19-15-44-15,9.090000,0.360000,-2.730000,7.600000,-0.700000,-116.300003,1.600000
2026-05-19-15-44-16,9.010000,0.270000,-2.740000,12.100000,0.200000,-134.699997,1.600000
2026-05-19-15-44-16,8.870000,0.210000,-2.770000,12.300000,1.200000,-144.000000,1.600000
2026-05-19-15-44-16,8.700000,0.190000,-2.800000,13.300000,0.200000,-150.100006,1.600000
2026-05-19-15-44-17,8.500000,0.190000,-2.830000,10.500000,-4.300000,-148.000000,1.600000
2026-05-19-15-44-17,8.290000,0.220000,-2.840000,1.300000,-6.200000,-131.399994,1.600000
2026-05-19-15-44-18,8.090000,0.220000,-2.820000,-3.400000,-5.500000,-124.699997,1.600000
2026-05-19-15-44-18,7.940000,0.180000,-2.800000,-3.900000,-5.100000,-122.699997,1.600000
2026-05-19-15-44-18,7.780000,0.010000,-2.760000,-6.700000,-1.900000,-109.599998,1.600000
2026-05-19-15-44-19,7.640000,-0.040000,-2.730000,-12.400000,5.300000,-80.800003,1.600000
2026-05-19-15-44-19,7.550000,-0.040000,-2.750000,-11.900000,5.300000,-69.300003,1.600000
2026-05-19-15-44-19,7.470000,-0.040000,-2.770000,-6.700000,3.900000,-61.400002,1.600000
2026-05-19-15-44-20,7.440000,-0.040000,-2.790000,-3.900000,3.100000,-82.199997,1.600000
2026-05-19-15-44-20,7.420000,-0.040000,-2.820000,-0.900000,-1.800000,-95.800003,1.600000
2026-05-19-15-44-20,7.400000,-0.020000,-2.840000,-1.800000,-6.400000,-96.400002,1.600000
2026-05-19-15-44-21,7.400000,0.030000,-2.870000,-2.800000,-10.600000,-97.000000,1.600000
2026-05-19-15-44-21,7.410000,0.150000,-2.940000,-4.600000,-15.300000,-97.199997,1.600000
2026-05-19-15-44-21,7.440000,0.290000,-3.010000,-4.900000,-13.400000,-96.400002,1.600000
2026-05-19-15-44-22,7.470000,0.450000,-3.070000,-2.000000,-7.000000,-95.699997,1.600000
2026-05-19-15-44-22,7.420000,0.550000,-3.100000,6.500000,0.700000,-71.099998,1.600000
2026-05-19-15-44-22,7.400000,0.530000,-3.130000,14.100000,1.500000,-41.099998,1.600000
2026-05-19-15-44-23,7.470000,0.480000,-3.170000,20.200001,1.100000,-36.000000,1.600000
2026-05-19-15-44-23,7.550000,0.440000,-3.210000,21.299999,-0.200000,-52.500000,1.600000
2026-05-19-15-44-24,7.600000,0.350000,-3.250000,19.900000,-3.800000,-62.700001,1.600000
2026-05-19-15-44-24,7.640000,0.200000,-3.290000,17.000000,-8.800000,-69.699997,1.600000
2026-05-19-15-44-24,7.620000,0.030000,-3.300000,12.500000,-13.900000,-74.900002,1.600000
2026-05-19-15-44-25,7.580000,-0.130000,-3.280000,8.400000,-16.200001,-77.599998,1.600000
2026-05-19-15-44-25,7.530000,-0.290000,-3.240000,2.000000,-12.500000,-79.099998,1.600000
2026-05-19-15-44-26,7.410000,-0.580000,-3.160000,4.500000,49.799999,-81.099998,1.600000
2026-05-19-15-44-26,7.410000,-0.610000,-3.240000,10.600000,68.099998,-79.699997,1.600000
2026-05-19-15-44-27,7.480000,-0.530000,-3.340000,14.000000,59.500000,-81.300003,1.600000
2026-05-19-15-44-27,7.550000,-0.480000,-3.390000,15.000000,53.000000,-81.000000,1.600000
2026-05-19-15-44-27,7.660000,-0.420000,-3.410000,12.600000,28.400000,-84.199997,1.700000
2026-05-19-15-44-27,7.150000,-0.670000,-3.510000,10.200000,-20.700001,-90.500000,1.600000
2026-05-19-15-44-28,7.080000,-0.750000,-3.570000,5.800000,-61.599998,-93.000000,1.600000
2026-05-19-15-44-28,7.010000,-0.810000,-3.520000,-0.300000,-73.199997,-87.599998,1.600000
2026-05-19-15-44-28,6.930000,-0.750000,-3.540000,-35.599998,-86.199997,-48.700001,1.600000
2026-05-19-15-44-29,6.970000,-0.740000,-3.450000,-150.800003,-79.099998,72.800003,1.600000
2026-05-19-15-44-29,7.010000,-0.770000,-3.330000,-155.000000,-63.799999,83.300003,1.600000
2026-05-19-15-44-29,6.870000,-0.800000,-3.210000,-149.800003,-32.400002,98.199997,1.600000
2026-05-19-15-44-30,6.830000,-0.830000,-3.130000,-136.899994,-6.800000,114.400002,1.600000
2026-05-19-15-44-30,6.830000,-0.770000,-3.060000,-108.000000,18.200001,147.300003,1.600000
2026-05-19-15-44-30,6.890000,-0.690000,-3.020000,-66.500000,18.700001,166.399994,1.600000
2026-05-19-15-44-31,6.800000,-0.710000,-3.090000,-23.600000,12.800000,173.000000,1.600000
2026-05-19-15-44-31,6.770000,-0.710000,-3.100000,3.600000,13.100000,149.399994,1.600000
2026-05-19-15-44-32,6.700000,-0.720000,-3.080000,0.700000,25.200001,116.599998,1.600000
2026-05-19-15-44-32,6.630000,-0.700000,-3.090000,-15.900000,34.099998,78.699997,1.600000
2026-05-19-15-44-32,6.610000,-0.680000,-3.120000,-15.900000,27.299999,67.300003,1.600000
2026-05-19-15-44-33,6.600000,-0.670000,-3.190000,-9.400000,14.800000,63.799999,1.600000
2026-05-19-15-44-33,6.590000,-0.660000,-3.270000,-2.900000,1.400000,61.400002,1.600000
2026-05-19-15-44-33,6.600000,-0.620000,-3.350000,-0.100000,-5.500000,59.900002,1.600000
2026-05-19-15-44-34,6.590000,-0.570000,-3.400000,-0.000000,-8.300000,59.000000,1.600000
2026-05-19-15-44-34,6.560000,-0.540000,-3.440000,-1.200000,-9.900000,59.400002,1.600000
2026-05-19-15-44-35,6.540000,-0.510000,-3.510000,-1.700000,-7.500000,61.500000,1.600000
2026-05-19-15-44-35,6.510000,-0.490000,-3.580000,-0.300000,-3.400000,67.000000,1.600000
2026-05-19-15-44-35,6.540000,-0.440000,-3.610000,0.100000,1.200000,99.900002,1.600000
2026-05-19-15-44-36,6.570000,-0.330000,-3.620000,3.400000,0.800000,138.100006,1.600000
2026-05-19-15-44-36,6.540000,-0.230000,-3.650000,0.200000,-2.200000,172.699997,1.600000
2026-05-19-15-44-37,6.470000,-0.150000,-3.650000,-0.700000,-3.100000,-174.399994,1.600000
2026-05-19-15-44-37,6.430000,-0.070000,-3.630000,-1.000000,-5.100000,-169.199997,1.600000
2026-05-19-15-44-37,6.390000,-0.040000,-3.640000,-1.500000,-4.500000,-166.199997,1.600000
2026-05-19-15-44-38,6.330000,0.020000,-3.650000,0.400000,-2.700000,-165.800003,1.600000
2026-05-19-15-44-38,6.290000,0.090000,-3.640000,2.100000,-2.100000,-165.000000,1.600000
2026-05-19-15-44-38,6.260000,0.100000,-3.640000,2.600000,-2.400000,-164.600006,1.600000
2026-05-19-15-44-38,6.220000,0.120000,-3.630000,3.400000,-2.900000,-164.000000,1.600000
2026-05-19-15-44-39,6.210000,0.110000,-3.620000,3.700000,-2.400000,-161.000000,1.600000
2026-05-19-15-44-39,6.190000,0.110000,-3.600000,2.000000,-0.800000,-144.399994,1.600000
2026-05-19-15-44-39,6.160000,0.110000,-3.580000,0.300000,1.400000,-123.400002,1.600000
2026-05-19-15-44-39,6.120000,0.120000,-3.570000,-1.100000,-0.900000,-100.599998,1.600000
2026-05-19-15-44-40,6.120000,0.110000,-3.550000,-2.100000,-4.100000,-90.699997,1.600000
2026-05-19-15-44-40,6.090000,0.160000,-3.600000,-1.700000,-6.200000,-80.800003,1.600000
2026-05-19-15-44-41,6.040000,0.170000,-3.600000,-7.300000,-1.400000,-45.000000,1.600000
2026-05-19-15-44-41,6.020000,0.140000,-3.580000,-2.400000,1.100000,-27.100000,1.600000
2026-05-19-15-44-41,6.090000,0.100000,-3.580000,0.600000,-1.000000,-19.500000,1.600000
2026-05-19-15-44-42,6.230000,0.060000,-3.570000,-0.400000,-4.400000,-14.900000,1.600000
2026-05-19-15-44-42,6.400000,0.010000,-3.570000,-0.400000,-8.600000,-10.000000,1.600000
2026-05-19-15-44-42,6.520000,-0.010000,-3.580000,-2.900000,-12.300000,-6.400000,1.700000
2026-05-19-15-44-43,6.600000,0.020000,-3.560000,-6.000000,-12.700000,-4.700000,1.700000
2026-05-19-15-44-43,6.670000,0.030000,-3.540000,-7.300000,-8.200000,-2.900000,1.700000
2026-05-19-15-44-44,6.740000,-0.000000,-3.540000,-4.600000,-1.800000,-1.200000,1.700000
2026-05-19-15-44-44,6.770000,0.020000,-3.550000,-2.600000,-1.900000,-0.500000,1.700000
2026-05-19-15-44-44,6.810000,0.040000,-3.550000,-1.900000,-3.200000,1.600000,1.700000
2026-05-19-15-44-45,6.880000,0.050000,-3.550000,-1.400000,-3.400000,1.300000,1.700000
2026-05-19-15-44-45,6.930000,0.070000,-3.550000,-1.700000,-2.900000,1.700000,1.700000
2026-05-19-15-44-46,6.960000,0.080000,-3.540000,-1.800000,-2.200000,2.200000,1.700000
2026-05-19-15-44-46,6.990000,0.110000,-3.540000,-1.800000,-2.100000,2.500000,1.700000
2026-05-19-15-44-46,7.050000,0.130000,-3.540000,-1.900000,0.600000,1.700000,1.700000
2026-05-19-15-44-47,7.070000,0.120000,-3.540000,-0.200000,-0.100000,2.600000,1.700000
2026-05-19-15-44-47,7.080000,0.140000,-3.550000,-0.700000,-1.000000,2.300000,1.700000
2026-05-19-15-44-47,7.120000,0.170000,-3.550000,-0.600000,-0.900000,2.900000,1.700000
2026-05-19-15-44-48,7.170000,0.180000,-3.550000,-1.000000,0.800000,3.400000,1.700000
2026-05-19-15-44-48,7.190000,0.210000,-3.570000,-1.900000,0.900000,2.700000,1.700000
2026-05-19-15-44-48,7.170000,0.240000,-3.560000,-2.000000,-0.700000,4.200000,1.700000
2026-05-19-15-44-49,7.240000,0.220000,-3.540000,-1.700000,0.300000,4.900000,1.700000
2026-05-19-15-44-49,7.270000,0.230000,-3.550000,-1.100000,0.300000,5.800000,1.700000
2026-05-19-15-44-50,7.280000,0.230000,-3.550000,-0.200000,-0.700000,7.300000,1.700000
2026-05-19-15-44-50,7.310000,0.240000,-3.560000,-0.300000,0.500000,7.400000,1.700000
2026-05-19-15-44-50,7.340000,0.280000,-3.580000,-0.700000,0.400000,3.800000,1.700000
2026-05-19-15-44-51,7.380000,0.300000,-3.570000,-0.500000,1.000000,0.500000,1.700000
2026-05-19-15-44-51,7.410000,0.320000,-3.550000,-0.900000,0.900000,-0.100000,1.700000
2026-05-19-15-44-52,7.430000,0.320000,-3.560000,-0.700000,1.300000,-3.700000,1.700000
2026-05-19-15-44-52,7.460000,0.380000,-3.540000,-0.100000,0.100000,-35.700001,1.700000
2026-05-19-15-44-52,7.520000,0.410000,-3.530000,0.400000,-4.200000,-55.500000,1.700000
2026-05-19-15-44-53,7.550000,0.430000,-3.460000,1.900000,-5.700000,-57.200001,1.700000
2026-05-19-15-44-53,7.590000,0.480000,-3.370000,2.800000,-11.500000,-75.800003,1.700000
2026-05-19-15-44-54,7.630000,0.500000,-3.240000,7.600000,-15.600000,-106.599998,1.700000
2026-05-19-15-44-54,7.660000,0.470000,-3.170000,14.200000,-10.300000,-141.500000,1.700000
2026-05-19-15-44-54,7.620000,0.430000,-3.110000,16.200001,-1.600000,-164.399994,1.700000
2026-05-19-15-44-55,7.470000,0.430000,-3.100000,14.400000,5.700000,-176.100006,1.700000
2026-05-19-15-44-55,7.320000,0.450000,-3.130000,9.500000,10.000000,160.399994,1.700000
2026-05-19-15-44-55,7.200000,0.500000,-3.160000,5.900000,7.800000,133.000000,1.700000
2026-05-19-15-44-56,7.110000,0.570000,-3.200000,3.800000,1.100000,115.599998,1.700000
2026-05-19-15-44-56,7.030000,0.670000,-3.230000,2.600000,-2.700000,105.300003,1.700000
2026-05-19-15-44-57,6.960000,0.830000,-3.240000,6.700000,-4.300000,98.300003,1.700000
2026-05-19-15-44-57,6.930000,0.990000,-3.260000,7.200000,-9.000000,92.199997,1.700000
2026-05-19-15-44-57,6.910000,1.090000,-3.300000,2.500000,-14.200000,87.300003,1.700000
2026-05-19-15-44-58,6.890000,1.180000,-3.330000,-2.300000,-16.000000,83.900002,1.700000
2026-05-19-15-44-58,6.890000,1.250000,-3.360000,-3.900000,-14.000000,80.599998,1.700000
2026-05-19-15-44-58,6.890000,1.280000,-3.380000,-3.700000,-12.800000,79.599998,1.700000
2026-05-19-15-44-58,6.880000,1.320000,-3.380000,-2.700000,-9.800000,77.199997,1.700000
2026-05-19-15-44-59,6.880000,1.350000,-3.420000,-1.100000,-5.800000,73.500000,1.700000
2026-05-19-15-45-00,6.850000,1.450000,-3.470000,1.000000,7.600000,46.099998,1.700000
2026-05-19-15-45-00,6.850000,1.510000,-3.420000,0.600000,8.200000,40.900002,1.700000
2026-05-19-15-45-00,6.850000,1.530000,-3.320000,1.700000,3.800000,39.500000,1.700000
2026-05-19-15-45-01,6.870000,1.550000,-3.210000,2.800000,-1.700000,38.700001,1.700000
2026-05-19-15-45-01,6.880000,1.560000,-3.080000,3.400000,-6.400000,38.099998,1.700000
2026-05-19-15-45-02,6.880000,1.550000,-2.950000,4.300000,-11.800000,37.400002,1.700000
2026-05-19-15-45-02,6.870000,1.510000,-2.810000,5.100000,-15.700000,36.599998,1.700000
2026-05-19-15-45-02,6.870000,1.460000,-2.680000,6.300000,-18.600000,35.900002,1.700000
2026-05-19-15-45-03,6.840000,1.400000,-2.550000,7.400000,-21.400000,35.200001,1.700000
2026-05-19-15-45-03,6.810000,1.340000,-2.430000,8.600000,-25.400000,34.000000,1.700000
2026-05-19-15-45-03,6.770000,1.290000,-2.340000,19.400000,-20.100000,8.000000,1.700000
2026-05-19-15-45-04,6.770000,1.300000,-2.280000,24.100000,-5.500000,-27.799999,1.700000
2026-05-19-15-45-04,6.810000,1.280000,-2.260000,19.200001,3.800000,-54.000000,1.700000
2026-05-19-15-45-05,6.820000,1.180000,-2.260000,13.400000,5.800000,-55.900002,1.700000
2026-05-19-15-45-05,6.840000,1.030000,-2.300000,9.200000,6.900000,-55.099998,1.700000
2026-05-19-15-45-05,6.880000,0.840000,-2.330000,6.700000,6.200000,-54.099998,1.700000
2026-05-19-15-45-06,6.900000,0.650000,-2.360000,2.400000,1.800000,-52.000000,1.700000
2026-05-19-15-45-06,6.920000,0.500000,-2.310000,-2.200000,-2.900000,-51.200001,1.700000
2026-05-19-15-45-07,6.940000,0.370000,-2.250000,-0.200000,-4.400000,-52.299999,1.700000
2026-05-19-15-45-07,6.960000,0.220000,-2.230000,5.500000,-4.600000,-53.700001,1.700000
2026-05-19-15-45-07,6.970000,0.060000,-2.220000,4.300000,-7.300000,-42.900002,1.700000
2026-05-19-15-45-08,6.990000,-0.110000,-2.220000,5.600000,-9.400000,-38.900002,1.700000
2026-05-19-15-45-08,7.040000,-0.270000,-2.220000,5.300000,-11.200000,-39.200001,1.700000
2026-05-19-15-45-08,7.080000,-0.390000,-2.210000,7.800000,-13.500000,-41.900002,1.700000
2026-05-19-15-45-09,7.090000,-0.530000,-2.200000,10.800000,-15.900000,-46.000000,1.700000
2026-05-19-15-45-09,7.120000,-0.670000,-2.180000,10.900000,-17.000000,-49.900002,1.700000
2026-05-19-15-45-09,7.150000,-0.840000,-2.160000,11.400000,-17.400000,-54.500000,1.700000
2026-05-19-15-45-10,7.170000,-1.010000,-2.130000,9.000000,-16.600000,-56.799999,1.700000
2026-05-19-15-45-10,7.200000,-1.140000,-2.190000,6.800000,-15.200000,-55.700001,1.700000
2026-05-19-15-45-11,7.220000,-1.200000,-2.340000,4.800000,-12.300000,-54.200001,1.700000
2026-05-19-15-45-11,7.250000,-1.230000,-2.520000,5.600000,-7.400000,-51.700001,1.700000
2026-05-19-15-45-12,7.370000,-1.310000,-2.870000,12.200000,2.500000,-45.299999,1.700000
2026-05-19-15-45-12,7.450000,-1.390000,-2.980000,14.600000,-3.500000,-59.299999,1.700000
2026-05-19-15-45-12,7.540000,-1.470000,-3.070000,20.299999,-10.100000,-83.300003,1.700000
2026-05-19-15-45-13,7.580000,-1.580000,-3.100000,26.299999,-10.600000,-110.800003,1.700000
2026-05-19-15-45-13,7.580000,-1.680000,-3.110000,27.500000,-6.800000,-136.699997,1.700000
2026-05-19-15-45-14,7.490000,-1.750000,-3.120000,26.600000,-7.900000,-148.699997,1.700000
2026-05-19-15-45-14,7.350000,-1.780000,-3.150000,23.900000,-10.700000,-163.500000,1.700000
2026-05-19-15-45-14,7.260000,-1.830000,-3.150000,19.000000,-6.700000,158.899994,1.700000
2026-05-19-15-45-15,7.150000,-1.810000,-3.160000,14.500000,-4.200000,130.199997,1.700000
2026-05-19-15-45-15,7.080000,-1.690000,-3.170000,14.000000,-5.900000,116.599998,1.700000
2026-05-19-15-45-17,7.100000,-1.430000,-3.100000,-4.400000,-13.800000,165.600006,1.700000
2026-05-19-15-45-17,7.140000,-1.440000,-3.020000,0.100000,-17.600000,163.399994,1.700000
2026-05-19-15-45-18,7.200000,-1.450000,-2.930000,2.900000,-21.000000,161.600006,1.700000
2026-05-19-15-45-18,7.280000,-1.460000,-2.840000,4.700000,-24.100000,160.100006,1.700000
2026-05-19-15-45-18,7.340000,-1.470000,-2.750000,5.800000,-25.100000,159.399994,1.700000
2026-05-19-15-45-19,7.380000,-1.470000,-2.650000,6.400000,-24.600000,158.500000,1.700000
2026-05-19-15-45-19,7.380000,-1.510000,-2.610000,14.700000,-16.700001,130.500000,1.700000
2026-05-19-15-45-20,7.370000,-1.440000,-2.550000,14.500000,-5.900000,113.800003,1.700000
2026-05-19-15-45-20,7.360000,-1.290000,-2.510000,11.600000,2.300000,111.800003,1.700000
2026-05-19-15-45-20,7.380000,-1.110000,-2.530000,11.300000,6.800000,114.500000,1.700000
2026-05-19-15-45-21,7.400000,-0.920000,-2.570000,8.100000,6.400000,110.000000,1.700000
2026-05-19-15-45-21,7.400000,-0.770000,-2.620000,6.400000,0.100000,99.099998,1.700000
2026-05-19-15-45-21,7.430000,-0.590000,-2.640000,1.400000,-3.300000,97.900002,1.700000
2026-05-19-15-45-22,7.490000,-0.420000,-2.650000,-8.000000,-3.100000,117.599998,1.700000
2026-05-19-15-45-22,7.520000,-0.250000,-2.640000,-10.400000,2.000000,136.699997,1.700000
2026-05-19-15-45-23,7.480000,-0.070000,-2.630000,-6.300000,6.100000,143.300003,1.700000
2026-05-19-15-45-23,7.420000,0.100000,-2.640000,-2.200000,6.900000,145.899994,1.700000
2026-05-19-15-45-23,7.360000,0.280000,-2.670000,-0.100000,4.400000,147.300003,1.700000
2026-05-19-15-45-24,7.330000,0.400000,-2.700000,0.100000,-1.500000,149.000000,1.700000
2026-05-19-15-45-24,7.300000,0.490000,-2.740000,1.900000,-6.000000,152.800003,1.700000
2026-05-19-15-45-25,7.240000,0.620000,-2.760000,-0.400000,-10.100000,174.399994,1.700000
2026-05-19-15-45-25,7.150000,0.760000,-2.770000,-1.500000,-11.700000,-161.399994,1.700000
2026-05-19-15-45-25,7.020000,0.830000,-2.760000,2.500000,-7.200000,-153.199997,1.700000
2026-05-19-15-45-26,6.860000,0.860000,-2.760000,4.800000,-5.100000,-150.600006,1.700000
2026-05-19-15-45-26,6.680000,0.900000,-2.770000,5.600000,-6.400000,-148.899994,1.700000
2026-05-19-15-45-26,6.490000,0.910000,-2.770000,5.000000,-9.100000,-146.800003,1.700000
2026-05-19-15-45-27,6.310000,0.930000,-2.760000,3.800000,-11.900000,-145.000000,1.700000
2026-05-19-15-45-27,6.190000,0.950000,-2.770000,1.300000,-16.200001,-142.800003,1.700000
2026-05-19-15-45-28,6.030000,0.990000,-2.800000,4.300000,-15.800000,-136.800003,1.700000
2026-05-19-15-45-28,5.920000,0.990000,-2.790000,2.500000,-10.900000,-121.300003,1.700000
2026-05-19-15-45-29,5.850000,0.970000,-2.780000,4.100000,-9.400000,-117.900002,1.700000
2026-05-19-15-45-29,5.760000,0.940000,-2.780000,6.200000,-8.300000,-112.099998,1.700000
2026-05-19-15-45-29,5.630000,0.870000,-2.770000,1.100000,-7.600000,-91.099998,1.700000
2026-05-19-15-45-30,5.510000,0.750000,-2.760000,0.000000,-6.200000,-83.900002,1.700000
2026-05-19-15-45-30,5.410000,0.590000,-2.750000,-1.300000,-6.600000,-81.000000,1.700000
2026-05-19-15-45-30,5.340000,0.420000,-2.740000,-2.000000,-8.600000,-78.099998,1.700000
2026-05-19-15-45-31,5.320000,0.250000,-2.710000,-1.700000,-10.700000,-75.699997,1.700000
2026-05-19-15-45-31,5.290000,0.070000,-2.670000,-0.200000,-13.000000,-74.300003,1.700000
2026-05-19-15-45-31,5.280000,-0.100000,-2.630000,1.500000,-15.200000,-74.199997,1.700000
2026-05-19-15-45-32,5.270000,-0.270000,-2.580000,2.600000,-17.400000,-74.800003,1.700000
2026-05-19-15-45-32,5.240000,-0.460000,-2.530000,3.400000,-18.900000,-75.900002,1.700000
2026-05-19-15-45-32,5.230000,-0.550000,-2.500000,3.700000,-19.400000,-76.800003,1.700000
2026-05-19-15-45-33,5.230000,-0.640000,-2.470000,3.900000,-19.900000,-77.699997,1.700000
2026-05-19-15-45-33,5.230000,-0.810000,-2.410000,5.600000,-20.700001,-80.699997,1.700000
2026-05-19-15-45-33,5.180000,-0.980000,-2.360000,8.100000,-21.299999,-84.400002,1.700000
2026-05-19-15-45-34,5.120000,-1.140000,-2.310000,0.500000,-22.500000,-72.599998,1.700000
2026-05-19-15-45-34,5.070000,-1.280000,-2.260000,-9.700000,-17.299999,-51.099998,1.700000
2026-05-19-15-45-35,5.080000,-1.420000,-2.190000,-7.200000,-12.100000,-46.299999,1.700000
2026-05-19-15-45-35,5.110000,-1.580000,-2.140000,-1.800000,-11.100000,-47.000000,1.700000
2026-05-19-15-45-35,5.180000,-1.750000,-2.100000,3.900000,-12.200000,-49.400002,1.700000
2026-05-19-15-45-36,5.230000,-1.920000,-2.070000,6.800000,-14.400000,-51.200001,1.700000
2026-05-19-15-45-36,5.280000,-2.100000,-2.030000,5.900000,-17.100000,-49.400002,1.700000
2026-05-19-15-45-37,5.320000,-2.260000,-1.990000,-1.800000,-17.000000,-34.200001,1.700000
2026-05-19-15-45-37,5.390000,-2.410000,-1.940000,0.200000,-16.200001,-30.799999,1.700000
2026-05-19-15-45-37,5.470000,-2.530000,-1.890000,2.800000,-15.300000,-30.799999,1.700000
2026-05-19-15-45-37,5.520000,-2.580000,-1.890000,2.700000,-15.100000,-30.900000,1.700000
2026-05-19-15-45-38,5.550000,-2.610000,-1.940000,1.800000,-14.600000,-29.799999,1.700000
2026-05-19-15-45-38,5.580000,-2.640000,-2.010000,1.800000,-13.100000,-28.299999,1.700000
2026-05-19-15-45-38,5.630000,-2.650000,-2.150000,3.800000,-8.900000,-26.000000,1.700000
2026-05-19-15-45-38,5.680000,-2.650000,-2.300000,5.200000,-6.100000,-24.600000,1.700000
2026-05-19-15-45-39,5.700000,-2.640000,-2.440000,7.600000,-0.700000,-21.900000,1.700000
2026-05-19-15-45-39,5.720000,-2.600000,-2.610000,10.100000,6.600000,-18.299999,1.700000
2026-05-19-15-45-40,5.720000,-2.530000,-2.810000,11.200000,13.500000,-14.600000,1.700000
2026-05-19-15-45-40,5.720000,-2.460000,-2.950000,11.400000,17.600000,-12.000000,1.700000
2026-05-19-15-45-40,5.750000,-2.430000,-3.040000,13.200000,17.600000,3.200000,1.700000
2026-05-19-15-45-41,5.900000,-2.400000,-3.140000,14.500000,14.500000,10.900000,1.700000
2026-05-19-15-45-41,6.090000,-2.380000,-3.240000,13.000000,3.100000,12.400000,1.700000
2026-05-19-15-45-42,6.310000,-2.360000,-3.270000,4.600000,-7.400000,13.600000,1.700000
2026-05-19-15-45-42,6.510000,-2.310000,-3.240000,-1.900000,1.400000,13.200000,1.700000
2026-05-19-15-45-42,6.680000,-2.290000,-3.250000,-5.500000,-1.100000,13.300000,1.700000
2026-05-19-15-45-43,6.890000,-2.250000,-3.230000,-12.600000,12.700000,9.000000,1.700000
2026-05-19-15-45-43,7.100000,-2.240000,-3.230000,-13.400000,46.500000,-2.100000,1.700000
2026-05-19-15-45-43,7.270000,-2.240000,-3.290000,-28.799999,71.699997,-28.000000,1.700000
2026-05-19-15-45-44,7.360000,-2.260000,-3.260000,-4.700000,63.599998,-7.100000,1.700000
2026-05-19-15-45-44,7.380000,-2.290000,-3.170000,1.300000,44.299999,1.900000,1.700000
2026-05-19-15-45-45,7.180000,-2.390000,-3.400000,195.089996,0.132000,-0.082000,1.000000
2026-05-19-15-45-45,7.260000,-2.400000,-3.460000,-4.900000,-39.900002,13.900000,1.700000
2026-05-19-15-45-45,7.390000,-2.420000,-3.370000,-15.600000,-45.900002,24.100000,1.700000
2026-05-19-15-45-46,7.490000,-2.430000,-3.220000,-10.700000,-36.200001,21.299999,1.700000
2026-05-19-15-45-46,7.610000,-2.440000,-3.110000,-4.800000,-27.100000,17.600000,1.700000
2026-05-19-15-45-46,7.760000,-2.430000,-3.030000,2.800000,-15.700000,9.200000,1.700000
2026-05-19-15-45-47,7.920000,-2.470000,-2.970000,7.800000,-7.000000,3.600000,1.700000
2026-05-19-15-45-47,8.120000,-2.500000,-2.950000,6.400000,-4.600000,-3.500000,1.700000
2026-05-19-15-45-47,8.280000,-2.530000,-2.950000,7.700000,-6.100000,-25.799999,1.700000
2026-05-19-15-45-48,8.410000,-2.530000,-2.950000,13.200000,-11.100000,-64.199997,1.700000
2026-05-19-15-45-48,8.540000,-2.560000,-2.950000,19.100000,-11.200000,-103.400002,1.700000
2026-05-19-15-45-48,8.630000,-2.600000,-2.930000,20.700001,-8.000000,-131.500000,1.700000
2026-05-19-15-45-49,8.630000,-2.580000,-2.960000,19.500000,-1.800000,-158.100006,1.700000
2026-05-19-15-45-49,8.590000,-2.690000,-2.980000,15.600000,2.300000,-171.399994,1.700000
2026-05-19-15-45-50,8.490000,-2.680000,-3.010000,13.200000,2.200000,-179.399994,1.700000
2026-05-19-15-45-50,8.360000,-2.630000,-3.040000,10.600000,-0.100000,168.000000,1.700000
2026-05-19-15-45-50,8.240000,-2.550000,-3.070000,10.800000,-4.100000,156.399994,1.700000
2026-05-19-15-45-51,8.130000,-2.430000,-3.080000,8.200000,-6.500000,151.000000,1.700000
2026-05-19-15-45-51,8.040000,-2.280000,-3.070000,5.900000,-7.600000,148.100006,1.700000
2026-05-19-15-45-52,7.950000,-2.120000,-3.070000,4.300000,-8.500000,146.600006,1.700000
2026-05-19-15-45-52,7.870000,-1.940000,-3.070000,3.000000,-8.700000,145.899994,1.700000
2026-05-19-15-45-52,7.800000,-1.740000,-3.050000,2.500000,-7.900000,148.199997,1.700000
2026-05-19-15-45-53,7.750000,-1.540000,-3.020000,-7.600000,-6.400000,176.800003,1.700000
2026-05-19-15-45-53,7.700000,-1.380000,-3.000000,-15.400000,4.500000,-141.399994,1.700000
2026-05-19-15-45-53,7.630000,-1.300000,-2.980000,-7.900000,14.600000,-99.400002,1.700000
2026-05-19-15-45-54,7.570000,-1.270000,-2.990000,-0.900000,14.900000,-70.599998,1.700000
2026-05-19-15-45-54,7.540000,-1.240000,-3.030000,1.400000,8.900000,-56.099998,1.700000
2026-05-19-15-45-55,7.530000,-1.200000,-3.080000,0.600000,1.600000,-47.400002,1.700000
2026-05-19-15-45-55,7.540000,-1.160000,-3.130000,-3.500000,-4.000000,-40.799999,1.700000
2026-05-19-15-45-55,7.560000,-1.100000,-3.190000,-13.400000,-8.400000,-33.099998,1.700000
2026-05-19-15-45-56,7.570000,-1.000000,-3.260000,-6.900000,-11.900000,-26.100000,1.700000
2026-05-19-15-45-56,7.590000,-0.930000,-3.330000,2.000000,-12.600000,-21.400000,1.700000
2026-05-19-15-45-57,7.620000,-0.890000,-3.380000,5.000000,-10.100000,-17.400000,1.700000
2026-05-19-15-45-57,7.620000,-0.850000,-3.420000,2.600000,-8.000000,-15.400000,1.700000
2026-05-19-15-45-57,7.620000,-0.790000,-3.480000,4.400000,-4.900000,-45.099998,1.700000
2026-05-19-15-45-58,7.690000,-0.720000,-3.520000,4.700000,-1.700000,-64.599998,1.700000
2026-05-19-15-45-58,7.730000,-0.680000,-3.530000,5.100000,-0.500000,-75.500000,1.700000
2026-05-19-15-45-58,7.770000,-0.640000,-3.510000,2.700000,-2.700000,-77.800003,1.700000
2026-05-19-15-45-59,7.760000,-0.610000,-3.500000,1.200000,-2.800000,-73.599998,1.700000
2026-05-19-15-45-59,7.750000,-0.540000,-3.470000,0.200000,-2.500000,-71.300003,1.700000
2026-05-19-15-45-59,7.740000,-0.610000,-3.480000,1.200000,-2.700000,-67.900002,1.700000
2026-05-19-15-46-00,7.750000,-0.580000,-3.500000,2.100000,-3.400000,-65.400002,1.700000
2026-05-19-15-46-00,7.800000,-0.550000,-3.490000,1.000000,-1.800000,-62.400002,1.700000
2026-05-19-15-46-00,7.780000,-0.520000,-3.490000,2.400000,-3.100000,-59.599998,1.700000
2026-05-19-15-46-01,7.780000,-0.490000,-3.500000,3.400000,-3.300000,-57.099998,1.700000
2026-05-19-15-46-01,7.810000,-0.490000,-3.480000,-8.200000,-0.300000,-60.099998,1.700000
2026-05-19-15-46-02,7.780000,-0.500000,-3.480000,-21.100000,-0.600000,-64.099998,1.700000
2026-05-19-15-46-02,7.760000,-0.510000,-3.500000,-22.500000,-2.500000,-66.800003,1.700000
2026-05-19-15-46-02,7.740000,-0.530000,-3.510000,-43.299999,0.500000,-69.800003,1.700000
2026-05-19-15-46-03,7.720000,-0.560000,-3.570000,-54.099998,1.000000,-73.900002,1.700000
2026-05-19-15-46-03,7.730000,-0.560000,-3.590000,-53.200001,-1.100000,-79.099998,1.700000
2026-05-19-15-46-04,7.730000,-0.560000,-3.570000,-64.400002,1.300000,-81.199997,1.700000
2026-05-19-15-46-04,7.760000,-0.570000,-3.590000,-67.300003,2.200000,-80.199997,1.700000
2026-05-19-15-46-04,7.820000,-0.580000,-3.640000,-79.000000,1.100000,-80.300003,1.700000
2026-05-19-15-46-05,7.870000,-0.570000,-3.630000,-89.900002,0.300000,-78.699997,1.700000
2026-05-19-15-46-05,7.890000,-0.560000,-3.760000,-96.800003,-0.500000,-75.800003,1.700000
2026-05-19-15-46-05,7.940000,-0.500000,-3.850000,-93.800003,-0.500000,-72.599998,1.700000
2026-05-19-15-46-06,8.030000,-0.390000,-3.960000,-95.500000,0.100000,-71.400002,1.700000
2026-05-19-15-46-06,8.160000,-0.240000,-4.140000,-98.199997,-4.100000,-69.500000,1.700000
2026-05-19-15-46-06,8.330000,-0.100000,-4.110000,-97.199997,-6.300000,-59.500000,1.700000
2026-05-19-15-46-07,8.490000,0.000000,-3.890000,-94.099998,-3.600000,-47.000000,1.800000
2026-05-19-15-46-07,8.690000,0.110000,-3.700000,-102.800003,-1.100000,-34.000000,1.800000
2026-05-19-15-46-07,8.970000,0.260000,-3.390000,-99.099998,-2.700000,-15.200000,1.900000
2026-05-19-15-46-08,9.330000,0.500000,-2.950000,-102.300003,-2.100000,-5.400000,2.000000
2026-05-19-15-46-08,9.630000,0.720000,-2.580000,-100.699997,-1.800000,-4.100000,2.100000
2026-05-19-15-46-08,9.860000,0.900000,-2.300000,-104.699997,-0.300000,-2.600000,2.200000
2026-05-19-15-46-09,10.250000,1.180000,-1.790000,-102.699997,-2.200000,-2.300000,2.400000
2026-05-19-15-46-09,10.580000,1.400000,-1.330000,-103.500000,-2.400000,0.200000,2.500000
2026-05-19-15-46-09,10.900000,1.590000,-0.870000,-102.699997,-2.400000,4.100000,2.700000
2026-05-19-15-46-10,11.330000,1.840000,-0.210000,-104.000000,1.200000,8.500000,2.900000
2026-05-19-15-46-10,11.840000,2.160000,0.620000,-102.900002,0.900000,7.400000,3.200000
2026-05-19-15-46-10,12.220000,2.410000,1.280000,-103.000000,0.500000,6.400000,3.400000
2026-05-19-15-46-10,12.510000,2.610000,1.790000,-101.900002,-0.800000,2.800000,3.500000
2026-05-19-15-46-11,12.980000,2.950000,2.610000,-100.000000,-1.200000,3.300000,3.800000
2026-05-19-15-46-11,13.350000,3.230000,3.300000,-100.800003,-3.400000,10.700000,4.100000
