time,position_x,position_y,position_z,angle_x,angle_y,angle_z,pos_std
2026-05-19-13-52-50,7.260000,-0.300000,1.120000,25.900000,2.600000,-0.000000,1.500000
2026-05-19-13-52-55,-0.000000,-0.340000,-0.190000,28.500000,3.400000,-0.800000,0.700000
2026-05-19-13-52-55,-0.200000,-0.560000,-0.240000,28.500000,3.400000,-0.800000,1.800000
2026-05-19-13-52-55,-0.200000,-0.540000,-0.260000,28.400000,3.600000,-0.900000,2.000000
2026-05-19-13-52-55,-0.160000,-0.480000,-0.300000,28.400000,3.700000,-0.900000,2.200000
2026-05-19-13-52-55,-0.110000,-0.380000,-0.350000,28.500000,4.000000,-0.800000,2.500000
2026-05-19-13-52-56,-0.040000,-0.260000,-0.370000,28.500000,3.900000,-0.900000,2.800000
2026-05-19-13-52-56,0.020000,-0.180000,-0.360000,28.500000,3.800000,-0.900000,3.000000
2026-05-19-13-52-56,0.070000,-0.120000,-0.350000,28.400000,3.500000,-1.100000,3.200000
2026-05-19-13-52-57,0.150000,-0.030000,-0.330000,28.500000,3.000000,-1.500000,3.500000
2026-05-19-13-52-57,0.220000,0.040000,-0.310000,28.500000,3.200000,-1.500000,3.700000
2026-05-19-13-52-57,0.270000,0.110000,-0.300000,28.500000,3.600000,-1.300000,4.000000
2026-05-19-13-52-58,0.340000,0.200000,-0.290000,28.500000,4.400000,-1.000000,4.300000
2026-05-19-13-52-58,0.410000,0.300000,-0.280000,28.600000,4.200000,-1.100000,4.600000
2026-05-19-13-52-58,0.460000,0.360000,-0.250000,28.700001,4.000000,-1.300000,4.900000
2026-05-19-13-52-58,0.510000,0.410000,-0.240000,28.700001,3.500000,-1.600000,5.100000
2026-05-19-13-52-59,0.580000,0.490000,-0.210000,28.500000,3.000000,-2.000000,5.500000
2026-05-19-13-52-59,0.640000,0.560000,-0.200000,28.500000,3.200000,-1.900000,5.800000
2026-05-19-13-52-59,0.690000,0.620000,-0.180000,28.500000,3.800000,-1.600000,6.000000
2026-05-19-13-53-00,0.770000,0.700000,-0.160000,28.600000,4.600000,-1.300000,6.400000
2026-05-19-13-53-00,0.850000,0.810000,-0.120000,28.799999,4.600000,-1.400000,6.800000
2026-05-19-13-53-00,0.900000,0.890000,-0.090000,28.799999,4.400000,-1.500000,7.100000
2026-05-19-13-53-00,0.930000,0.950000,-0.070000,28.700001,4.000000,-1.800000,7.400000
2026-05-19-13-53-01,0.980000,1.050000,-0.030000,28.500000,3.400000,-2.000000,7.800000
2026-05-19-13-53-01,1.020000,1.130000,0.010000,28.600000,3.300000,-2.000000,8.100000
2026-05-19-13-53-01,1.060000,1.190000,0.050000,28.799999,3.400000,-2.000000,8.400000
2026-05-19-13-53-02,1.110000,1.280000,0.110000,28.799999,3.800000,-1.900000,8.800000
2026-05-19-13-53-02,1.170000,1.400000,0.160000,28.700001,4.000000,-1.900000,9.300000
2026-05-19-13-53-02,1.200000,1.490000,0.190000,28.700001,4.000000,-1.900000,9.600000
2026-05-19-13-53-03,1.220000,1.560000,0.220000,28.600000,4.000000,-1.900000,9.900000
2026-05-19-13-53-03,1.250000,1.660000,0.280000,28.799999,3.900000,-2.100000,10.300000
2026-05-19-13-53-03,1.270000,1.740000,0.330000,28.900000,3.700000,-2.200000,10.700000
2026-05-19-13-53-03,1.280000,1.820000,0.370000,28.900000,3.700000,-2.200000,11.000000
2026-05-19-13-53-04,1.300000,1.920000,0.420000,28.700001,3.900000,-2.300000,11.500000
2026-05-19-13-53-04,1.320000,2.050000,0.470000,28.299999,4.200000,-2.900000,12.000000
2026-05-19-13-53-04,1.320000,2.160000,0.520000,28.299999,4.400000,-3.400000,12.400000
2026-05-19-13-53-05,1.330000,2.240000,0.550000,28.200001,5.300000,-5.000000,12.700000
2026-05-19-13-53-05,1.310000,2.350000,0.570000,28.500000,5.500000,-5.000000,13.200000
2026-05-19-13-53-05,1.300000,2.450000,0.580000,28.500000,5.600000,-5.100000,13.600000
2026-05-19-13-53-06,1.280000,2.540000,0.580000,28.400000,5.800000,-5.600000,13.900000
2026-05-19-13-53-06,1.250000,2.670000,0.590000,28.200001,5.700000,-5.800000,14.400000
2026-05-19-13-53-06,1.210000,2.820000,0.600000,28.200001,5.300000,-6.000000,15.000000
2026-05-19-13-53-07,1.180000,2.910000,0.630000,28.299999,5.200000,-6.000000,15.400000
2026-05-19-13-53-07,1.150000,3.000000,0.650000,28.400000,5.100000,-6.100000,15.700000
2026-05-19-13-53-07,1.120000,3.130000,0.680000,28.500000,5.300000,-6.000000,16.200001
2026-05-19-13-53-07,1.090000,3.250000,0.700000,28.400000,5.700000,-5.900000,16.600000
2026-05-19-13-53-08,1.050000,3.360000,0.710000,28.400000,5.800000,-5.900000,17.000000
2026-05-19-13-53-08,1.000000,3.490000,0.740000,28.400000,5.700000,-6.100000,17.600000
2026-05-19-13-53-09,0.950000,3.640000,0.790000,28.500000,5.300000,-6.300000,18.200001
2026-05-19-13-53-09,0.910000,3.750000,0.840000,28.500000,5.300000,-6.400000,18.700001
2026-05-19-13-53-09,0.880000,3.830000,0.860000,28.500000,5.300000,-6.400000,19.000000
2026-05-19-13-53-09,0.830000,3.970000,0.910000,28.299999,5.600000,-6.200000,19.600000
2026-05-19-13-53-10,0.800000,4.090000,0.950000,28.299999,5.700000,-6.200000,20.100000
2026-05-19-13-53-10,0.760000,4.200000,1.000000,28.200001,5.700000,-6.200000,20.500000
2026-05-19-13-53-10,0.720000,4.350000,1.070000,28.500000,4.500000,-3.600000,21.000000
2026-05-19-13-53-11,0.620000,4.610000,1.180000,28.400000,4.400000,-3.700000,21.700001
2026-05-19-13-53-11,0.560000,4.790000,1.250000,28.299999,4.300000,-3.800000,22.200001
2026-05-19-13-53-11,0.520000,4.950000,1.320000,28.299999,3.900000,-4.000000,22.600000
2026-05-19-13-53-11,0.470000,5.180000,1.430000,28.299999,3.600000,-4.300000,23.200001
2026-05-19-13-53-12,0.420000,5.370000,1.530000,28.299999,3.900000,-4.100000,23.799999
2026-05-19-13-53-12,0.380000,5.550000,1.620000,28.299999,4.400000,-3.900000,24.200001
2026-05-19-13-53-12,0.330000,5.790000,1.720000,28.299999,4.900000,-3.700000,24.799999
2026-05-19-13-53-13,0.270000,6.070000,1.850000,28.299999,4.500000,-4.000000,25.600000
2026-05-19-13-53-13,0.230000,6.270000,1.960000,28.400000,4.300000,-4.200000,26.100000
2026-05-19-13-53-13,0.200000,6.430000,2.050000,28.400000,4.000000,-4.400000,26.500000
2026-05-19-13-53-14,0.150000,6.670000,2.170000,28.299999,4.100000,-4.400000,27.200001
2026-05-19-13-53-14,0.110000,6.870000,2.250000,28.200001,4.600000,-4.100000,27.799999
2026-05-19-13-53-14,0.070000,7.050000,2.340000,28.299999,5.100000,-3.900000,28.299999
2026-05-19-13-53-15,0.030000,7.280000,2.470000,28.600000,5.400000,-4.000000,28.900000
2026-05-19-13-53-15,-0.020000,7.550000,2.620000,28.500000,5.400000,-4.100000,29.700001
2026-05-19-13-53-15,-0.050000,7.690000,2.680000,28.500000,5.400000,-4.100000,30.100000
2026-05-19-13-53-15,-0.080000,7.850000,2.750000,28.400000,5.300000,-4.100000,30.500000
2026-05-19-13-53-15,-0.130000,8.040000,2.820000,28.299999,5.200000,-4.200000,31.100000
2026-05-19-13-53-16,-0.210000,8.370000,2.970000,28.400000,5.100000,-4.200000,32.000000
2026-05-19-13-53-16,-0.250000,8.550000,3.070000,28.500000,5.100000,-4.200000,32.599998
2026-05-19-13-53-17,-0.290000,8.770000,3.190000,28.500000,5.600000,-4.900000,33.299999
2026-05-19-13-53-17,-0.360000,9.080000,3.300000,28.299999,6.100000,-5.500000,34.099998
2026-05-19-13-53-17,-0.420000,9.320000,3.380000,28.299999,6.200000,-5.500000,34.700001
2026-05-19-13-53-18,-0.460000,9.500000,3.440000,28.200001,6.300000,-5.700000,35.200001
2026-05-19-13-53-18,-0.540000,9.760000,3.550000,28.299999,6.500000,-6.400000,36.000000
2026-05-19-13-53-18,-0.610000,9.960000,3.640000,28.299999,6.200000,-6.500000,36.599998
2026-05-19-13-53-18,-0.670000,10.140000,3.710000,28.400000,6.000000,-6.600000,37.200001
2026-05-19-13-53-19,-0.750000,10.370000,3.810000,28.299999,6.100000,-6.600000,37.900002
2026-05-19-13-53-19,-0.850000,10.650000,3.920000,28.299999,6.500000,-6.400000,38.799999
2026-05-19-13-53-19,-0.930000,10.850000,4.000000,28.299999,6.600000,-6.400000,39.400002
2026-05-19-13-53-20,-0.990000,11.010000,4.060000,28.299999,6.600000,-6.400000,40.000000
2026-05-19-13-53-20,-1.080000,11.250000,4.160000,28.200001,6.500000,-6.600000,40.700001
2026-05-19-13-53-20,-1.160000,11.440000,4.250000,28.200001,6.500000,-7.200000,41.400002
2026-05-19-13-53-20,-1.240000,11.610000,4.340000,28.400000,6.700000,-7.900000,42.000000
2026-05-19-13-53-21,-1.350000,11.810000,4.450000,28.400000,6.700000,-7.800000,42.799999
2026-05-19-13-53-21,-1.490000,12.070000,4.570000,28.100000,6.900000,-7.800000,43.700001
2026-05-19-13-53-21,-1.600000,12.280000,4.660000,28.100000,6.800000,-7.800000,44.500000
2026-05-19-13-53-22,-1.680000,12.430000,4.720000,28.100000,6.800000,-7.800000,45.000000
2026-05-19-13-53-22,-1.800000,12.650000,4.830000,28.200001,6.900000,-7.800000,45.900002
2026-05-19-13-53-22,-1.900000,12.840000,4.940000,28.299999,6.900000,-7.800000,46.599998
2026-05-19-13-53-23,-2.000000,13.010000,5.030000,28.400000,6.900000,-7.800000,47.200001
2026-05-19-13-53-23,-2.130000,13.230000,5.140000,28.299999,6.800000,-7.900000,48.099998
2026-05-19-13-53-23,-2.270000,13.480000,5.280000,28.200001,6.600000,-8.100000,49.099998
2026-05-19-13-53-24,-2.380000,13.690000,5.400000,28.299999,6.600000,-8.100000,49.799999
2026-05-19-13-53-24,-2.470000,13.840000,5.480000,28.299999,6.700000,-8.000000,50.400002
2026-05-19-13-53-24,-2.610000,14.090000,5.600000,28.200001,7.100000,-7.800000,51.400002
2026-05-19-13-53-25,-2.720000,14.290000,5.700000,28.200001,7.300000,-7.700000,52.099998
2026-05-19-13-53-25,-2.820000,14.470000,5.810000,28.200001,7.200000,-7.700000,52.799999
2026-05-19-13-53-25,-2.940000,14.690000,5.950000,28.400000,6.700000,-8.100000,53.700001
2026-05-19-13-53-26,-3.090000,14.950000,6.110000,28.299999,6.500000,-8.100000,54.799999
2026-05-19-13-53-26,-3.200000,15.150000,6.230000,28.200001,6.500000,-8.100000,55.599998
2026-05-19-13-53-26,-3.290000,15.310000,6.320000,28.100000,6.800000,-7.900000,56.200001
2026-05-19-13-53-26,-3.420000,15.540000,6.460000,28.100000,7.300000,-7.700000,57.099998
2026-05-19-13-53-27,-3.520000,15.730000,6.590000,28.200001,7.300000,-7.700000,57.900002
2026-05-19-13-53-27,-3.620000,15.900000,6.700000,28.200001,7.200000,-7.800000,58.599998
2026-05-19-13-53-27,-3.760000,16.129999,6.840000,28.299999,6.800000,-8.000000,59.599998
2026-05-19-13-53-28,-3.920000,16.400000,7.010000,28.299999,7.000000,-7.900000,60.700001
2026-05-19-13-53-28,-4.040000,16.610001,7.140000,28.200001,7.100000,-7.800000,61.599998
2026-05-19-13-53-28,-4.140000,16.760000,7.230000,28.200001,7.200000,-7.800000,62.200001
2026-05-19-13-53-28,-4.290000,17.010000,7.370000,28.100000,7.000000,-7.900000,63.200001
2026-05-19-13-53-29,-4.420000,17.209999,7.490000,28.100000,6.800000,-7.900000,64.099998
2026-05-19-13-53-29,-4.540000,17.400000,7.590000,28.200001,6.700000,-8.000000,64.800003
2026-05-19-13-53-29,-4.700000,17.629999,7.730000,28.400000,7.100000,-7.800000,65.800003
2026-05-19-13-53-30,-4.880000,17.900000,7.920000,28.400000,7.300000,-7.700000,67.000000
2026-05-19-13-53-30,-5.020000,18.110001,8.050000,28.400000,7.300000,-7.700000,67.900002
2026-05-19-13-53-30,-5.130000,18.270000,8.150000,28.299999,7.200000,-7.700000,68.599998
2026-05-19-13-53-31,-5.300000,18.530001,8.290000,28.100000,6.800000,-7.900000,69.599998
2026-05-19-13-53-31,-5.450000,18.750000,8.410000,28.100000,6.400000,-8.000000,70.500000
2026-05-19-13-53-31,-5.590000,18.940001,8.530000,28.200001,6.400000,-8.000000,71.300003
2026-05-19-13-53-32,-5.750000,19.180000,8.680000,28.400000,6.900000,-7.700000,72.400002
2026-05-19-13-53-32,-5.970000,19.480000,8.850000,28.299999,7.300000,-7.500000,73.599998
2026-05-19-13-53-32,-6.140000,19.700001,8.960000,28.299999,7.400000,-7.400000,74.599998
2026-05-19-13-53-32,-6.260000,19.870001,9.050000,28.299999,7.200000,-7.500000,75.300003
2026-05-19-13-53-33,-6.460000,20.120001,9.200000,28.200001,6.900000,-8.500000,76.400002
2026-05-19-13-53-33,-6.630000,20.320000,9.330000,28.100000,7.100000,-9.500000,77.300003
2026-05-19-13-53-33,-6.770000,20.500000,9.460000,28.100000,6.900000,-9.500000,78.199997
2026-05-19-13-53-34,-6.960000,20.719999,9.610000,28.100000,7.400000,-9.300000,79.300003
2026-05-19-13-53-34,-7.190000,21.010000,9.790000,28.000000,7.900000,-9.000000,80.699997
2026-05-19-13-53-34,-7.340000,21.200001,9.910000,28.100000,7.900000,-8.900000,81.599998
2026-05-19-13-53-34,-7.470000,21.340000,10.010000,28.100000,7.800000,-8.900000,82.300003
2026-05-19-13-53-35,-7.670000,21.559999,10.180000,28.100000,7.300000,-9.100000,83.500000
2026-05-19-13-53-35,-7.830000,21.750000,10.320000,28.200001,6.900000,-9.300000,84.500000
2026-05-19-13-53-35,-7.980000,21.920000,10.440000,28.200001,6.800000,-9.300000,85.400002
2026-05-19-13-53-36,-8.170000,22.139999,10.590000,28.200001,7.200000,-9.100000,86.500000
2026-05-19-13-53-36,-8.400000,22.420000,10.770000,28.100000,7.700000,-8.800000,87.900002
2026-05-19-13-53-36,-8.580000,22.620001,10.900000,28.100000,7.800000,-8.700000,89.000000
2026-05-19-13-53-37,-8.720000,22.770000,11.000000,28.100000,7.700000,-8.700000,89.800003
2026-05-19-13-53-37,-8.950000,22.990000,11.160000,28.200001,7.200000,-8.900000,91.000000
2026-05-19-13-53-37,-9.130000,23.170000,11.290000,28.299999,6.900000,-9.000000,92.000000
2026-05-19-13-53-38,-9.300000,23.350000,11.410000,28.299999,6.800000,-9.100000,93.000000
2026-05-19-13-53-38,-9.510000,23.570000,11.550000,28.200001,7.000000,-8.900000,94.199997
2026-05-19-13-53-38,-9.770000,23.840000,11.720000,28.100000,7.300000,-8.600000,95.699997
2026-05-19-13-53-38,-9.950000,24.049999,11.860000,28.100000,7.300000,-8.600000,96.800003
2026-05-19-13-53-39,-10.090000,24.190001,11.970000,28.200001,7.200000,-8.600000,97.599998
2026-05-19-13-53-39,-10.290000,24.430000,12.140000,28.299999,7.000000,-8.800000,98.900002
2026-05-19-13-53-39,-10.460000,24.639999,12.270000,28.200001,6.800000,-8.800000,100.000000
2026-05-19-13-53-40,-10.620000,24.830000,12.370000,28.100000,6.900000,-8.600000,101.000000
2026-05-19-13-53-40,-10.820000,25.070000,12.500000,28.000000,7.100000,-8.300000,102.300003
2026-05-19-13-53-40,-11.050000,25.330000,12.690000,28.400000,7.100000,-8.200000,103.800003
2026-05-19-13-53-41,-11.210000,25.530001,12.850000,28.400000,7.000000,-8.200000,105.000000
2026-05-19-13-53-41,-11.340000,25.680000,12.970000,28.600000,6.800000,-8.400000,105.900002
2026-05-19-13-53-41,-11.530000,25.930000,13.140000,28.400000,6.600000,-8.400000,107.300003
2026-05-19-13-53-41,-11.680000,26.139999,13.260000,28.200001,6.800000,-8.200000,108.400002
2026-05-19-13-53-42,-11.830000,26.340000,13.370000,28.100000,7.100000,-8.000000,109.400002
2026-05-19-13-53-42,-12.010000,26.580000,13.520000,28.100000,7.300000,-7.800000,110.699997
2026-05-19-13-53-43,-12.220000,26.860001,13.720000,28.299999,6.900000,-8.000000,112.300003
2026-05-19-13-53-43,-12.380000,27.059999,13.860000,28.299999,6.700000,-8.000000,113.500000
2026-05-19-13-53-43,-12.510000,27.219999,13.960000,28.400000,6.500000,-8.000000,114.400002
2026-05-19-13-53-43,-12.710000,27.480000,14.120000,28.299999,6.700000,-7.700000,115.800003
2026-05-19-13-53-44,-12.880000,27.690001,14.260000,28.299999,6.800000,-7.600000,117.099998
2026-05-19-13-53-44,-13.020000,28.010000,14.410000,28.299999,6.800000,-7.600000,118.199997
2026-05-19-13-53-44,-13.220000,28.520000,14.620000,28.299999,6.600000,-7.600000,119.599998
2026-05-19-13-53-45,-13.480000,29.139999,14.860000,28.299999,6.800000,-7.300000,121.300003
2026-05-19-13-53-45,-13.680000,29.590000,15.030000,28.299999,6.900000,-7.200000,122.500000
2026-05-19-13-53-45,-13.830000,29.930000,15.170000,28.400000,6.800000,-7.100000,123.500000
2026-05-19-13-53-45,-14.060000,30.450001,15.370000,28.400000,6.500000,-7.100000,125.000000
2026-05-19-13-53-46,-14.240000,30.860001,15.540000,28.400000,5.900000,-7.300000,126.199997
2026-05-19-13-53-46,-14.410000,31.270000,15.690000,28.299999,5.500000,-7.400000,127.400002
2026-05-19-13-53-46,-14.610000,31.770000,15.880000,28.299999,5.700000,-7.100000,128.800003
2026-05-19-13-53-47,-14.860000,32.380001,16.110001,28.500000,6.400000,-6.700000,130.600006
2026-05-19-13-53-47,-15.060000,32.840000,16.299999,28.500000,6.600000,-6.500000,132.000000
2026-05-19-13-53-47,-15.210000,33.180000,16.430000,28.500000,6.700000,-6.400000,133.000000
2026-05-19-13-53-48,-15.430000,33.689999,16.620001,28.500000,6.200000,-6.500000,134.600006
2026-05-19-13-53-48,-15.600000,34.110001,16.780001,28.600000,5.500000,-6.700000,135.800003
2026-05-19-13-53-48,-15.770000,34.509998,16.930000,28.600000,5.200000,-6.800000,137.100006
2026-05-19-13-53-49,-15.980000,35.000000,17.100000,28.500000,5.500000,-6.500000,138.600006
2026-05-19-13-53-49,-16.219999,35.610001,17.309999,28.500000,5.900000,-6.100000,140.399994
2026-05-19-13-53-49,-16.410000,36.070000,17.469999,28.400000,6.000000,-6.000000,141.800003
2026-05-19-13-53-49,-16.549999,36.430000,17.600000,28.400000,6.100000,-5.900000,142.899994
2026-05-19-13-53-50,-16.760000,36.970001,17.799999,28.600000,5.600000,-6.000000,144.500000
2026-05-19-13-53-50,-16.930000,37.410000,17.959999,28.700001,5.100000,-6.100000,145.899994
2026-05-19-13-53-50,-17.080000,37.830002,18.090000,28.700001,4.900000,-6.100000,147.100006
2026-05-19-13-53-51,-17.270000,38.360001,18.260000,28.700001,5.000000,-5.800000,148.699997
2026-05-19-13-53-51,-17.469999,38.990002,18.469999,28.600000,5.300000,-5.500000,150.600006
2026-05-19-13-53-51,-17.600000,39.430000,18.620001,28.700001,5.300000,-5.500000,151.899994
2026-05-19-13-53-51,-17.700001,39.779999,18.740000,28.700001,5.200000,-5.500000,153.000000
2026-05-19-13-53-52,-17.860001,40.340000,18.920000,28.600000,5.000000,-5.400000,154.800003
2026-05-19-13-53-52,-17.990000,40.779999,19.059999,28.600000,4.800000,-5.400000,156.199997
2026-05-19-13-53-52,-18.110001,41.189999,19.200001,28.600000,4.800000,-5.300000,157.500000
2026-05-19-13-53-53,-18.240000,41.700001,19.379999,28.700001,5.000000,-5.100000,159.100006
2026-05-19-13-53-53,-18.400000,42.320000,19.600000,29.100000,4.800000,-5.000000,161.199997
2026-05-19-13-53-53,-18.520000,42.740002,19.730000,29.100000,4.900000,-4.900000,162.699997
2026-05-19-13-53-54,-18.610001,43.070000,19.820000,29.000000,4.900000,-4.800000,163.899994
2026-05-19-13-53-54,-18.750000,43.580002,19.969999,29.299999,4.800000,-4.700000,165.600006
2026-05-19-13-53-54,-18.850000,44.020000,20.129999,29.200001,4.900000,-4.600000,167.000000
2026-05-19-13-53-54,-18.940001,44.459999,20.290001,29.100000,4.900000,-4.400000,168.500000
2026-05-19-13-53-55,-19.049999,45.000000,20.500000,29.100000,4.700000,-4.300000,170.199997
2026-05-19-13-53-55,-19.160000,45.660000,20.760000,29.000000,4.400000,-4.300000,172.300003
2026-05-19-13-53-55,-19.260000,46.139999,20.959999,29.000000,4.400000,-4.300000,173.800003
2026-05-19-13-53-56,-19.350000,46.470001,21.090000,29.000000,4.400000,-4.200000,175.000000
2026-05-19-13-53-56,-19.490000,47.009998,21.299999,29.000000,4.700000,-3.800000,176.899994
2026-05-19-13-53-56,-19.600000,47.450001,21.480000,28.900000,5.000000,-3.600000,178.399994
2026-05-19-13-53-57,-19.690001,47.860001,21.650000,28.900000,4.900000,-3.500000,179.800003
2026-05-19-13-53-57,-19.809999,48.389999,21.870001,28.799999,4.300000,-3.600000,181.600006
2026-05-19-13-53-57,-19.940001,49.029999,22.139999,28.900000,3.800000,-3.700000,183.800003
2026-05-19-13-53-58,-20.020000,49.490002,22.330000,28.900000,3.900000,-3.600000,185.399994
2026-05-19-13-53-58,-20.080000,49.860001,22.480000,28.900000,4.000000,-3.500000,186.600006
2026-05-19-13-53-58,-20.170000,50.439999,22.719999,28.799999,4.600000,-3.000000,188.600006
2026-05-19-13-53-58,-20.240000,50.919998,22.910000,28.700001,4.500000,-2.800000,190.199997
2026-05-19-13-53-59,-20.299999,51.360001,23.090000,28.600000,4.300000,-2.800000,191.699997
2026-05-19-13-53-59,-20.379999,51.910000,23.320000,28.700001,3.900000,-2.900000,193.500000
2026-05-19-13-54-00,-20.459999,52.570000,23.600000,28.700001,4.000000,-2.800000,195.800003
2026-05-19-13-54-00,-20.520000,53.090000,23.809999,28.700001,4.000000,-2.700000,197.600006
2026-05-19-13-54-00,-20.559999,53.470001,23.959999,28.700001,4.100000,-2.500000,198.800003
2026-05-19-13-54-00,-20.629999,54.099998,24.200001,28.700001,3.500000,-2.500000,200.899994
2026-05-19-13-54-01,-20.680000,54.619999,24.389999,28.700001,3.100000,-2.400000,202.500000
2026-05-19-13-54-01,-20.709999,55.080002,24.559999,28.700001,3.000000,-2.400000,204.000000
2026-05-19-13-54-01,-20.730000,55.680000,24.740000,28.700001,3.400000,-2.000000,206.000000
2026-05-19-13-54-02,-20.730000,56.410000,24.950001,28.700001,3.900000,-1.600000,208.300003
2026-05-19-13-54-02,-20.719999,56.939999,25.129999,28.700001,3.800000,-1.500000,210.000000
2026-05-19-13-54-02,-20.709999,57.360001,25.270000,28.900000,3.500000,-1.600000,211.399994
2026-05-19-13-54-02,-20.660000,57.980000,25.510000,29.000000,2.700000,-1.900000,213.500000
2026-05-19-13-54-03,-20.620001,58.500000,25.690001,28.799999,2.500000,-1.800000,215.199997
2026-05-19-13-54-03,-20.570000,58.990002,25.860001,28.700001,2.800000,-1.500000,216.800003
2026-05-19-13-54-03,-20.510000,59.599998,26.070000,28.600000,3.700000,-0.900000,218.800003
2026-05-19-13-54-04,-20.420000,60.330002,26.330000,28.799999,3.700000,-0.800000,221.300003
2026-05-19-13-54-04,-20.350000,60.849998,26.520000,28.799999,3.500000,-0.800000,223.100006
2026-05-19-13-54-04,-20.299999,61.270000,26.660000,29.000000,3.100000,-0.900000,224.500000
2026-05-19-13-54-05,-20.209999,61.900002,26.860001,29.000000,2.400000,-1.000000,226.699997
2026-05-19-13-54-05,-20.120001,62.419998,27.030001,29.100000,2.300000,-0.900000,228.500000
2026-05-19-13-54-05,-20.030001,62.910000,27.190001,29.100000,2.700000,-0.700000,230.199997
2026-05-19-13-54-06,-19.900000,63.509998,27.400000,29.000000,3.200000,-0.200000,232.399994
2026-05-19-13-54-06,-19.740000,64.250000,27.650000,28.799999,2.900000,-0.200000,235.000000
2026-05-19-13-54-06,-19.620001,64.779999,27.830000,28.799999,2.800000,-0.200000,236.800003
2026-05-19-13-54-06,-19.530001,65.180000,27.959999,28.799999,2.400000,-0.300000,238.199997
2026-05-19-13-54-07,-19.360001,65.830002,28.190001,28.900000,2.300000,-0.200000,240.500000
2026-05-19-13-54-07,-19.200001,66.360001,28.379999,29.000000,2.400000,0.000000,242.399994
2026-05-19-13-54-07,-19.049999,66.849998,28.559999,29.100000,2.600000,0.200000,244.100006
2026-05-19-13-54-08,-18.840000,67.470001,28.780001,29.100000,2.500000,0.300000,246.300003
2026-05-19-13-54-08,-18.580000,68.230003,29.030001,29.000000,2.400000,0.400000,248.899994
2026-05-19-13-54-08,-18.389999,68.790001,29.209999,28.900000,2.300000,0.500000,250.800003
2026-05-19-13-54-08,-18.230000,69.230003,29.360001,28.799999,2.300000,0.600000,252.399994
2026-05-19-13-54-09,-17.990000,69.889999,29.580000,28.799999,2.500000,0.800000,254.699997
2026-05-19-13-54-09,-17.780001,70.449997,29.770000,28.900000,2.500000,0.900000,256.700012
2026-05-19-13-54-09,-17.590000,70.970001,29.950001,28.900000,2.400000,1.000000,258.500000
2026-05-19-13-54-10,-17.360001,71.610001,30.180000,29.000000,2.400000,1.100000,260.700012
2026-05-19-13-54-10,-17.059999,72.379997,30.450001,29.000000,2.400000,1.300000,263.500000
2026-05-19-13-54-10,-16.840000,72.940002,30.660000,29.000000,2.300000,1.300000,265.500000
2026-05-19-13-54-10,-16.670000,73.389999,30.809999,28.900000,2.300000,1.400000,267.100006
2026-05-19-13-54-11,-16.420000,74.070000,31.040001,28.799999,2.300000,1.500000,269.500000
2026-05-19-13-54-11,-16.200001,74.639999,31.240000,28.799999,2.400000,1.700000,271.500000
2026-05-19-13-54-11,-16.000000,75.160004,31.430000,28.900000,2.400000,1.800000,273.399994
2026-05-19-13-54-12,-15.750000,75.809998,31.680000,28.900000,2.100000,1.900000,275.799988
2026-05-19-13-54-12,-15.450000,76.610001,31.980000,28.900000,2.100000,2.000000,278.600006
2026-05-19-13-54-12,-15.220000,77.209999,32.189999,28.900000,2.100000,2.100000,280.799988
2026-05-19-13-54-13,-15.050000,77.650002,32.349998,28.900000,2.200000,2.200000,282.399994
2026-05-19-13-54-13,-14.780000,78.360001,32.610001,28.900000,2.100000,2.300000,284.899994
2026-05-19-13-54-13,-14.570000,78.930000,32.810001,28.900000,2.000000,2.300000,287.000000
2026-05-19-13-54-14,-14.380000,79.459999,33.000000,28.900000,2.000000,2.400000,288.899994
2026-05-19-13-54-14,-14.140000,80.120003,33.230000,28.799999,2.200000,2.700000,291.299988
2026-05-19-13-54-14,-13.840000,80.930000,33.520000,28.900000,2.200000,2.800000,294.200012
2026-05-19-13-54-15,-13.630000,81.510002,33.730000,28.900000,2.100000,2.800000,296.299988
2026-05-19-13-54-15,-13.470000,81.959999,33.900002,28.900000,1.700000,2.700000,298.000000
2026-05-19-13-54-15,-13.220000,82.690002,34.169998,28.900000,1.500000,2.700000,300.700012
2026-05-19-13-54-15,-13.020000,83.279999,34.380001,28.799999,1.700000,3.000000,302.799988
2026-05-19-13-54-16,-12.830000,83.820000,34.570000,28.700001,2.000000,3.100000,304.799988
2026-05-19-13-54-16,-12.600000,84.500000,34.810001,28.900000,2.200000,3.300000,307.299988
2026-05-19-13-54-17,-12.340000,85.300003,35.110001,29.200001,1.800000,3.200000,310.399994
2026-05-19-13-54-17,-12.150000,85.870003,35.320000,29.200001,1.600000,3.200000,312.500000
2026-05-19-13-54-17,-12.010000,86.339996,35.490002,29.100000,1.400000,3.200000,314.200012
2026-05-19-13-54-17,-11.790000,87.059998,35.759998,28.900000,1.400000,3.400000,316.899994
2026-05-19-13-54-18,-11.610000,87.660004,35.980000,29.000000,1.400000,3.500000,319.100006
2026-05-19-13-54-18,-11.450000,88.199997,36.180000,29.100000,1.700000,3.700000,321.100006
2026-05-19-13-54-18,-11.250000,88.919998,36.439999,29.000000,1.900000,3.900000,323.700012
2026-05-19-13-54-19,-11.010000,89.769997,36.750000,28.900000,1.600000,3.900000,326.899994
2026-05-19-13-54-19,-10.840000,90.410004,36.990002,28.900000,1.500000,3.900000,329.200012
2026-05-19-13-54-19,-10.700000,90.900002,37.169998,29.000000,1.300000,3.900000,331.100006
2026-05-19-13-54-19,-10.490000,91.650002,37.439999,29.100000,1.000000,3.900000,333.899994
2026-05-19-13-54-20,-10.320000,92.260002,37.660000,29.000000,1.200000,4.000000,336.100006
2026-05-19-13-54-20,-10.170000,92.820000,37.860001,28.900000,1.400000,4.200000,338.200012
2026-05-19-13-54-20,-9.990000,93.529999,38.110001,28.799999,1.600000,4.500000,340.899994
2026-05-19-13-54-21,-9.760000,94.370003,38.410000,28.900000,1.200000,4.400000,344.000000
2026-05-19-13-54-21,-9.590000,95.019997,38.650002,28.900000,1.100000,4.300000,346.500000
2026-05-19-13-54-21,-9.470000,95.500000,38.820000,29.000000,0.800000,4.200000,348.299988
2026-05-19-13-54-21,-9.280000,96.269997,39.080002,28.900000,0.800000,4.400000,351.200012
2026-05-19-13-54-22,-9.140000,96.879997,39.290001,28.799999,1.000000,4.600000,353.500000
2026-05-19-13-54-22,-9.000000,97.449997,39.490002,28.799999,1.300000,4.900000,355.700012
2026-05-19-13-54-22,-8.840000,98.169998,39.750000,29.000000,1.400000,5.000000,358.399994
2026-05-19-13-54-23,-8.630000,99.040001,40.080002,29.100000,0.800000,4.900000,361.799988
2026-05-19-13-54-23,-8.480000,99.709999,40.320000,29.000000,0.600000,4.800000,364.399994
2026-05-19-13-54-23,-8.360000,100.209999,40.490002,28.900000,0.400000,4.700000,366.299988
2026-05-19-13-54-24,-8.200000,100.970001,40.759998,28.799999,0.600000,5.000000,369.200012
2026-05-19-13-54-24,-8.050000,101.580002,41.000000,28.900000,0.900000,5.200000,371.600006
2026-05-19-13-54-24,-7.920000,102.129997,41.220001,29.000000,0.900000,5.300000,373.799988
2026-05-19-13-54-25,-7.740000,102.849998,41.500000,29.000000,0.600000,5.200000,376.700012
2026-05-19-13-54-25,-7.530000,103.709999,41.830002,28.799999,0.300000,5.100000,380.200012
2026-05-19-13-54-25,-7.380000,104.349998,42.060001,28.799999,0.300000,5.100000,382.700012
2026-05-19-13-54-25,-7.260000,104.849998,42.240002,28.700001,0.400000,5.200000,384.700012
2026-05-19-13-54-26,-7.090000,105.599998,42.529999,28.700001,0.700000,5.500000,387.799988
2026-05-19-13-54-26,-6.950000,106.209999,42.779999,28.799999,0.600000,5.500000,390.299988
2026-05-19-13-54-26,-6.820000,106.779999,43.020000,28.700001,0.300000,5.400000,392.700012
2026-05-19-13-54-27,-6.670000,107.500000,43.310001,28.700001,-0.000000,5.300000,395.700012
2026-05-19-13-54-27,-6.480000,108.370003,43.650002,28.600000,0.200000,5.500000,399.200012
2026-05-19-13-54-27,-6.340000,109.010002,43.910000,28.600000,0.300000,5.600000,401.899994
2026-05-19-13-54-27,-6.240000,109.480003,44.119999,28.500000,0.400000,5.800000,403.899994
2026-05-19-13-54-28,-6.060000,110.230003,44.450001,28.700001,0.100000,5.700000,407.100006
2026-05-19-13-54-28,-5.900000,110.849998,44.730000,28.799999,-0.300000,5.600000,409.799988
2026-05-19-13-54-28,-5.760000,111.410004,44.970001,28.900000,-0.300000,5.700000,412.200012
2026-05-19-13-54-29,-5.580000,112.110001,45.279999,28.799999,0.100000,6.000000,415.200012
2026-05-19-13-54-29,-5.360000,112.959999,45.660000,28.799999,0.200000,6.100000,418.899994
2026-05-19-13-54-29,-5.170000,113.650002,45.950001,28.799999,0.200000,6.100000,421.899994
2026-05-19-13-54-30,-5.040000,114.120003,46.150002,28.799999,-0.100000,6.100000,423.899994
2026-05-19-13-54-30,-4.840000,114.870003,46.459999,28.700001,-0.300000,6.100000,427.200012
2026-05-19-13-54-30,-4.680000,115.480003,46.709999,28.700001,-0.300000,6.200000,429.799988
2026-05-19-13-54-31,-4.520000,116.040001,46.939999,28.900000,-0.200000,6.400000,432.299988
2026-05-19-13-54-31,-4.310000,116.750000,47.250000,29.100000,0.000000,6.600000,435.500000
2026-05-19-13-54-31,-4.050000,117.610001,47.639999,29.100000,-0.200000,6.400000,439.299988
2026-05-19-13-54-32,-3.850000,118.290001,47.939999,29.100000,-0.300000,6.400000,442.299988
2026-05-19-13-54-32,-3.710000,118.779999,48.130001,28.900000,-0.600000,6.400000,444.500000
2026-05-19-13-54-32,-3.490000,119.540001,48.430000,28.700001,-0.400000,6.600000,447.799988
2026-05-19-13-54-32,-3.310000,120.169998,48.680000,28.799999,-0.000000,6.700000,450.600006
2026-05-19-13-54-33,-3.150000,120.730003,48.919998,28.700001,0.100000,7.100000,453.100006
2026-05-19-13-54-33,-2.940000,121.459999,49.250000,28.900000,-0.200000,7.000000,456.299988
2026-05-19-13-54-34,-2.690000,122.349998,49.639999,28.900000,-0.600000,6.800000,460.200012
2026-05-19-13-54-34,-2.510000,123.029999,49.910000,28.799999,-0.600000,6.900000,463.200012
2026-05-19-13-54-34,-2.380000,123.529999,50.110001,28.700001,-0.500000,7.000000,465.399994
2026-05-19-13-54-34,-2.170000,124.309998,50.439999,28.700001,-0.200000,7.300000,468.899994
2026-05-19-13-54-35,-2.000000,124.919998,50.709999,28.900000,-0.200000,7.300000,471.700012
2026-05-19-13-54-35,-1.850000,125.500000,50.980000,29.000000,-0.500000,7.300000,474.299988
2026-05-19-13-54-35,-1.650000,126.230003,51.310001,28.900000,-0.700000,7.300000,477.600006
2026-05-19-13-54-36,-1.440000,127.110001,51.700001,28.799999,-0.400000,7.600000,481.600006
2026-05-19-13-54-36,-1.290000,127.699997,51.959999,28.799999,-0.400000,7.700000,484.399994
2026-05-19-13-54-36,-1.150000,128.210007,52.189999,28.900000,-0.400000,7.700000,486.700012
2026-05-19-13-54-36,-0.950000,128.979996,52.560001,29.000000,-0.600000,7.700000,490.299988
2026-05-19-13-54-37,-0.780000,129.619995,52.860001,29.000000,-0.700000,7.800000,493.299988
2026-05-19-13-54-37,-0.630000,130.220001,53.130001,28.900000,-0.800000,7.800000,496.000000
2026-05-19-13-54-37,-0.440000,130.960007,53.450001,28.799999,-0.800000,8.000000,499.399994
2026-05-19-13-54-38,-0.210000,131.869995,53.849998,28.799999,-0.800000,8.000000,503.600006
2026-05-19-13-54-38,-0.030000,132.529999,54.150002,28.799999,-0.800000,8.100000,506.600006
2026-05-19-13-54-38,0.100000,133.029999,54.369999,28.900000,-0.800000,8.100000,508.899994
2026-05-19-13-54-39,0.310000,133.809998,54.730000,28.900000,-0.800000,8.100000,512.500000
2026-05-19-13-54-39,0.490000,134.470001,55.020000,28.799999,-0.700000,8.200000,515.599976
2026-05-19-13-54-39,0.650000,135.070007,55.299999,28.799999,-0.700000,8.200000,518.299988
2026-05-19-13-54-40,0.830000,135.830002,55.660000,28.700001,-0.800000,8.200000,521.799988
2026-05-19-13-54-40,1.070000,136.750000,56.090000,28.700001,-1.000000,8.100000,526.099976
2026-05-19-13-54-40,1.240000,137.399994,56.400002,28.700001,-1.000000,8.200000,529.099976
2026-05-19-13-54-40,1.370000,137.929993,56.639999,28.700001,-0.800000,8.300000,531.599976
2026-05-19-13-54-41,1.570000,138.740005,57.020000,28.600000,-0.500000,8.500000,535.299988
2026-05-19-13-54-41,1.740000,139.389999,57.320000,28.700001,-0.400000,8.500000,538.400024
2026-05-19-13-54-41,1.890000,139.990005,57.610001,28.799999,-0.400000,8.500000,541.200012
2026-05-19-13-54-42,2.090000,140.750000,57.959999,28.900000,-0.700000,8.400000,544.799988
2026-05-19-13-54-42,2.320000,141.669998,58.380001,28.799999,-0.800000,8.300000,549.099976
2026-05-19-13-54-42,2.490000,142.350006,58.689999,28.799999,-0.800000,8.400000,552.299988
2026-05-19-13-54-42,2.620000,142.889999,58.939999,28.700001,-0.700000,8.500000,554.799988
2026-05-19-13-54-43,2.840000,143.710007,59.310001,28.600000,-0.500000,8.700000,558.700012
2026-05-19-13-54-43,3.020000,144.389999,59.619999,28.600000,-0.400000,8.700000,561.900024
2026-05-19-13-54-43,3.180000,145.000000,59.910000,28.600000,-0.500000,8.700000,564.799988
2026-05-19-13-54-44,3.380000,145.779999,60.270000,28.700001,-0.800000,8.600000,568.599976
2026-05-19-13-54-44,3.620000,146.699997,60.720001,28.900000,-0.900000,8.700000,573.000000
2026-05-19-13-54-44,3.810000,147.419998,61.070000,29.200001,-0.900000,8.700000,576.500000
2026-05-19-13-54-45,3.940000,147.949997,61.310001,29.500000,-1.100000,8.600000,579.000000
2026-05-19-13-54-45,4.140000,148.789993,61.689999,29.200001,-1.000000,8.700000,583.000000
2026-05-19-13-54-45,4.320000,149.470001,62.000000,29.000000,-1.000000,8.700000,586.099976
2026-05-19-13-54-45,4.490000,150.139999,62.310001,29.000000,-1.000000,8.700000,589.200012
2026-05-19-13-54-46,4.710000,150.949997,62.689999,29.000000,-1.100000,8.700000,593.000000
2026-05-19-13-54-46,4.970000,151.949997,63.160000,29.000000,-1.000000,8.900000,597.599976
2026-05-19-13-54-46,5.160000,152.679993,63.490002,28.900000,-0.900000,9.000000,600.900024
2026-05-19-13-54-47,5.310000,153.259995,63.759998,28.900000,-0.700000,9.100000,603.599976
2026-05-19-13-54-47,5.550000,154.149994,64.160004,28.799999,-0.700000,9.200000,607.599976
2026-05-19-13-54-47,5.740000,154.869995,64.500000,28.799999,-0.900000,9.100000,610.900024
2026-05-19-13-54-48,5.930000,155.559998,64.809998,28.799999,-1.000000,9.000000,614.099976
2026-05-19-13-54-48,6.150000,156.410004,65.199997,28.799999,-1.000000,9.100000,617.900024
2026-05-19-13-54-48,6.420000,157.440002,65.680000,28.799999,-0.700000,9.300000,622.700012
2026-05-19-13-54-49,6.620000,158.220001,66.029999,28.799999,-0.600000,9.300000,626.200012
2026-05-19-13-54-49,6.770000,158.809998,66.300003,28.700001,-0.500000,9.400000,628.900024
2026-05-19-13-54-49,6.980000,159.710007,66.690002,28.500000,-0.700000,9.400000,633.000000
2026-05-19-13-54-49,7.150000,160.449997,67.019997,28.500000,-1.000000,9.400000,636.400024
2026-05-19-13-54-50,7.310000,161.139999,67.320000,28.600000,-1.100000,9.400000,639.599976
2026-05-19-13-54-50,7.500000,161.990005,67.709999,28.799999,-1.200000,9.400000,643.500000
2026-05-19-13-54-51,7.730000,163.020004,68.190002,28.700001,-0.800000,9.500000,648.400024
2026-05-19-13-54-51,7.910000,163.809998,68.550003,28.700001,-0.800000,9.600000,652.099976
2026-05-19-13-54-51,8.040000,164.399994,68.820000,28.700001,-0.600000,9.700000,654.900024
2026-05-19-13-54-51,8.230000,165.309998,69.230003,28.700001,-0.900000,9.600000,659.099976
2026-05-19-13-54-52,8.380000,166.039993,69.570000,28.700001,-1.100000,9.600000,662.599976
2026-05-19-13-54-52,8.510000,166.710007,69.879997,28.700001,-1.200000,9.500000,665.799988
2026-05-19-13-54-52,8.680000,167.589996,70.279999,28.600000,-1.100000,9.700000,669.900024
2026-05-19-13-54-53,8.870000,168.619995,70.750000,28.600000,-0.900000,9.800000,674.799988
2026-05-19-13-54-53,9.010000,169.339996,71.089996,28.600000,-0.900000,9.800000,678.299988
2026-05-19-13-54-53,9.110000,169.940002,71.379997,28.700001,-0.900000,9.900000,681.200012
2026-05-19-13-54-53,9.270000,170.850006,71.809998,28.700001,-1.100000,9.800000,685.599976
2026-05-19-13-54-54,9.390000,171.600006,72.150002,28.600000,-1.200000,9.800000,689.200012
2026-05-19-13-54-54,9.500000,172.279999,72.459999,28.600000,-1.200000,9.900000,692.500000
2026-05-19-13-54-54,9.630000,173.139999,72.870003,28.700001,-1.100000,10.000000,696.700012
2026-05-19-13-54-55,9.780000,174.160004,73.370003,28.700001,-1.100000,10.000000,701.700012
2026-05-19-13-54-55,9.890000,174.940002,73.739998,28.600000,-1.200000,10.000000,705.500000
2026-05-19-13-54-55,9.970000,175.529999,74.010002,28.600000,-1.200000,10.000000,708.400024
2026-05-19-13-54-56,10.090000,176.440002,74.440002,28.500000,-1.300000,10.000000,712.799988
2026-05-19-13-54-56,10.190000,177.179993,74.790001,28.500000,-1.400000,10.000000,716.500000
2026-05-19-13-54-56,10.270000,177.860001,75.129997,28.600000,-1.400000,10.100000,719.900024
2026-05-19-13-54-57,10.380000,178.720001,75.559998,28.600000,-1.300000,10.300000,724.299988
2026-05-19-13-54-57,10.510000,179.770004,76.080002,28.600000,-1.300000,10.300000,729.599976
2026-05-19-13-54-57,10.590000,180.500000,76.430000,28.600000,-1.300000,10.300000,733.299988
2026-05-19-13-54-57,10.660000,181.070007,76.699997,28.600000,-1.500000,10.200000,736.200012
2026-05-19-13-54-58,10.760000,182.009995,77.129997,28.500000,-1.600000,10.100000,741.000000
2026-05-19-13-54-58,10.850000,182.750000,77.480003,28.500000,-1.600000,10.100000,744.799988
2026-05-19-13-54-58,10.920000,183.429993,77.800003,28.500000,-1.500000,10.300000,748.299988
2026-05-19-13-54-59,11.010000,184.279999,78.209999,28.700001,-1.400000,10.400000,752.700012
2026-05-19-13-54-59,11.130000,185.309998,78.720001,28.600000,-1.400000,10.500000,758.099976
2026-05-19-13-54-59,11.210000,186.039993,79.070000,28.600000,-1.400000,10.500000,761.900024
2026-05-19-13-54-59,11.280000,186.619995,79.349998,28.500000,-1.500000,10.400000,765.000000
2026-05-19-13-55-00,11.370000,187.509995,79.779999,28.600000,-1.600000,10.400000,769.700012
2026-05-19-13-55-00,11.450000,188.210007,80.139999,28.600000,-1.600000,10.500000,773.400024
2026-05-19-13-55-00,11.520000,188.860001,80.470001,28.700001,-1.600000,10.500000,776.900024
2026-05-19-13-55-01,11.600000,189.720001,80.900002,28.700001,-1.600000,10.600000,781.500000
2026-05-19-13-55-01,11.690000,190.740005,81.400002,28.500000,-1.600000,10.700000,787.000000
2026-05-19-13-55-01,11.760000,191.520004,81.769997,28.500000,-1.600000,10.700000,791.200012
2026-05-19-13-55-02,11.800000,192.089996,82.059998,28.500000,-1.700000,10.700000,794.299988
2026-05-19-13-55-02,11.870000,192.960007,82.500000,28.600000,-2.000000,10.600000,799.099976
2026-05-19-13-55-02,11.940000,193.699997,82.889999,28.600000,-2.200000,10.500000,803.099976
2026-05-19-13-55-02,11.990000,194.380005,83.239998,28.500000,-2.200000,10.600000,806.799988
2026-05-19-13-55-03,12.060000,195.240005,83.669998,28.200001,-1.900000,10.700000,811.400024
2026-05-19-13-55-03,12.150000,196.259995,84.169998,28.100000,-1.800000,10.800000,817.000000
2026-05-19-13-55-03,12.220000,197.000000,84.550003,28.100000,-1.800000,10.800000,821.099976
2026-05-19-13-55-04,12.270000,197.559998,84.839996,28.200001,-1.900000,10.800000,824.200012
2026-05-19-13-55-04,12.350000,198.410004,85.290001,28.400000,-2.100000,10.700000,829.000000
2026-05-19-13-55-04,12.410000,199.130005,85.650002,28.299999,-2.200000,10.800000,833.099976
2026-05-19-13-55-05,12.460000,199.770004,86.000000,28.299999,-2.100000,10.900000,836.799988
2026-05-19-13-55-05,12.530000,200.600006,86.440002,28.299999,-2.100000,10.900000,841.599976
2026-05-19-13-55-05,12.620000,201.570007,86.980003,28.400000,-2.200000,10.900000,847.299988
2026-05-19-13-55-06,12.700000,202.250000,87.360001,28.400000,-2.200000,10.900000,851.400024
2026-05-19-13-55-06,12.760000,202.789993,87.660004,28.400000,-2.200000,11.000000,854.700012
2026-05-19-13-55-06,12.840000,203.619995,88.099998,28.299999,-2.100000,11.100000,859.599976
2026-05-19-13-55-06,12.910000,204.309998,88.470001,28.299999,-2.000000,11.200000,863.700012
2026-05-19-13-55-07,12.980000,204.940002,88.800003,28.400000,-2.000000,11.300000,867.500000
2026-05-19-13-55-07,13.080000,205.740005,89.250000,28.799999,-2.300000,11.200000,872.400024
2026-05-19-13-55-07,13.190000,206.639999,89.779999,28.799999,-2.400000,11.200000,878.099976
2026-05-19-13-55-08,13.280000,207.330002,90.150002,28.700001,-2.400000,11.200000,882.299988
2026-05-19-13-55-08,13.330000,207.860001,90.430000,28.500000,-2.300000,11.300000,885.599976
2026-05-19-13-55-08,13.420000,208.690002,90.860001,28.299999,-2.200000,11.500000,890.799988
2026-05-19-13-55-09,13.480000,209.350006,91.230003,28.400000,-2.100000,11.500000,895.000000
2026-05-19-13-55-09,13.540000,209.949997,91.570000,28.600000,-2.200000,11.500000,898.900024
2026-05-19-13-55-09,13.620000,210.699997,91.989998,28.600000,-2.500000,11.400000,903.700012
2026-05-19-13-55-10,13.710000,211.639999,92.489998,28.400000,-2.700000,11.400000,909.599976
2026-05-19-13-55-10,13.780000,212.389999,92.870003,28.299999,-2.700000,11.400000,914.500000
2026-05-19-13-55-10,13.830000,212.899994,93.139999,28.200001,-2.600000,11.500000,917.799988
2026-05-19-13-55-10,13.910000,213.720001,93.570000,28.299999,-2.400000,11.700000,923.099976
2026-05-19-13-55-11,13.980000,214.360001,93.919998,28.500000,-2.400000,11.800000,927.400024
2026-05-19-13-55-11,14.040000,214.960007,94.260002,28.700001,-2.500000,11.700000,931.400024
2026-05-19-13-55-11,14.120000,215.699997,94.690002,28.700001,-2.600000,11.800000,936.400024
2026-05-19-13-55-12,14.200000,216.600006,95.190002,28.600000,-2.500000,11.900000,942.500000
2026-05-19-13-55-12,14.260000,217.229996,95.529999,28.500000,-2.400000,11.900000,946.700012
2026-05-19-13-55-12,14.310000,217.770004,95.820000,28.400000,-2.500000,11.900000,950.299988
2026-05-19-13-55-12,14.380000,218.559998,96.269997,28.400000,-2.500000,12.000000,955.599976
2026-05-19-13-55-13,14.440000,219.210007,96.639999,28.500000,-2.500000,12.100000,960.099976
2026-05-19-13-55-13,14.500000,219.800003,96.970001,28.500000,-2.600000,12.100000,964.099976
2026-05-19-13-55-13,14.570000,220.559998,97.410004,28.600000,-2.700000,12.100000,969.299988
2026-05-19-13-55-14,14.660000,221.460007,97.940002,28.600000,-2.600000,12.200000,975.500000
2026-05-19-13-55-14,14.730000,222.130005,98.330002,28.500000,-2.600000,12.200000,980.200012
2026-05-19-13-55-14,14.780000,222.649994,98.620003,28.500000,-2.500000,12.300000,983.700012
2026-05-19-13-55-15,14.830000,223.440002,99.089996,28.200001,-2.700000,12.300000,989.200012
2026-05-19-13-55-15,14.850000,224.080002,99.480003,27.900000,-2.900000,12.400000,993.599976
2026-05-19-13-55-15,14.890000,224.679993,99.849998,27.799999,-3.200000,12.300000,997.799988
2026-05-19-13-55-16,14.940000,225.399994,100.309998,27.900000,-3.500000,12.200000,1003.099976
2026-05-19-13-55-16,15.040000,226.259995,100.860001,28.000000,-3.600000,12.200000,1009.500000
2026-05-19-13-55-16,15.120000,226.860001,101.250000,28.000000,-3.600000,12.300000,1014.000000
2026-05-19-13-55-16,15.180000,227.360001,101.559998,28.000000,-3.700000,12.300000,1017.500000
2026-05-19-13-55-17,15.290000,228.160004,102.059998,27.900000,-3.800000,12.400000,1023.000000
2026-05-19-13-55-17,15.400000,228.820007,102.470001,27.900000,-3.800000,12.500000,1027.699951
2026-05-19-13-55-17,15.510000,229.410004,102.849998,27.900000,-3.800000,12.600000,1031.900024
2026-05-19-13-55-18,15.680000,230.160004,103.309998,28.100000,-3.700000,12.700000,1037.199951
2026-05-19-13-55-18,15.910000,231.070007,103.870003,28.100000,-3.700000,12.800000,1043.699951
2026-05-19-13-55-18,16.090000,231.729996,104.269997,28.100000,-3.700000,12.800000,1048.500000
2026-05-19-13-55-18,16.240000,232.240005,104.580002,28.100000,-3.800000,12.900000,1052.099976
2026-05-19-13-55-19,16.480000,233.029999,105.070000,28.200001,-3.700000,13.100000,1057.900024
2026-05-19-13-55-19,16.690001,233.679993,105.470001,28.299999,-3.500000,13.200000,1062.599976
2026-05-19-13-55-19,16.889999,234.270004,105.839996,28.299999,-3.300000,13.400000,1067.000000
2026-05-19-13-55-20,17.139999,235.029999,106.290001,28.200001,-3.300000,13.500000,1072.500000
2026-05-19-13-55-20,17.440001,235.949997,106.830002,27.799999,-3.500000,13.600000,1079.199951
2026-05-19-13-55-20,17.639999,236.600006,107.230003,27.799999,-3.500000,13.600000,1083.800049
2026-05-19-13-55-21,17.799999,237.110001,107.550003,27.700001,-3.800000,13.600000,1087.599976
2026-05-19-13-55-21,18.059999,237.910004,108.070000,27.799999,-4.000000,13.600000,1093.400024
2026-05-19-13-55-21,18.290001,238.570007,108.489998,27.799999,-4.000000,13.700000,1098.199951
2026-05-19-13-55-21,18.510000,239.190002,108.889999,27.799999,-3.900000,13.800000,1102.800049
2026-05-19-13-55-22,18.790001,239.940002,109.370003,27.799999,-3.700000,14.100000,1108.300049
2026-05-19-13-55-22,19.139999,240.809998,109.930000,27.799999,-3.600000,14.300000,1115.000000
2026-05-19-13-55-22,19.400000,241.419998,110.339996,27.700001,-3.600000,14.400000,1119.800049
2026-05-19-13-55-23,19.610001,241.880005,110.639999,27.400000,-5.500000,17.799999,1123.599976
2026-05-19-13-55-23,20.030001,242.509995,111.160004,25.400000,-12.900000,30.799999,1129.599976
2026-05-19-13-55-23,20.440001,243.039993,111.690002,22.900000,-16.700001,40.200001,1134.599976
2026-05-19-13-55-24,20.799999,243.580002,112.250000,19.500000,-20.299999,50.299999,1139.099976
2026-05-19-13-55-24,21.270000,244.320007,112.980003,19.500000,-20.000000,50.599998,1144.800049
2026-05-19-13-55-24,21.889999,245.270004,113.900002,19.500000,-19.400000,51.000000,1151.699951
2026-05-19-13-55-25,22.360001,246.020004,114.610001,19.500000,-19.299999,51.099998,1156.900024
2026-05-19-13-55-25,22.740000,246.630005,115.169998,19.500000,-19.200001,51.200001,1160.900024
2026-05-19-13-55-25,23.340000,247.580002,116.040001,19.299999,-19.500000,51.299999,1167.099976
2026-05-19-13-55-25,23.850000,248.380005,116.760002,19.000000,-19.700001,51.400002,1172.099976
2026-05-19-13-55-26,24.330000,249.130005,117.419998,18.799999,-19.500000,51.500000,1176.599976
2026-05-19-13-55-26,24.950001,250.100006,118.269997,18.900000,-18.500000,52.000000,1182.400024
2026-05-19-13-55-27,25.730000,251.309998,119.339996,19.100000,-18.000000,52.400002,1189.599976
2026-05-19-13-55-27,26.290001,252.199997,120.129997,19.100000,-18.000000,52.400002,1194.699951
2026-05-19-13-55-27,26.730000,252.880005,120.739998,19.100000,-18.000000,52.500000,1198.699951
2026-05-19-13-55-27,27.400000,253.940002,121.669998,19.000000,-18.299999,52.599998,1204.699951
2026-05-19-13-55-28,27.959999,254.820007,122.459999,18.799999,-18.500000,52.599998,1209.699951
2026-05-19-13-55-28,28.480000,255.649994,123.190002,18.700001,-18.500000,52.700001,1214.400024
2026-05-19-13-55-28,29.139999,256.690002,124.120003,18.600000,-18.299999,53.000000,1220.300049
2026-05-19-13-55-29,29.930000,257.959991,125.250000,18.600000,-18.100000,53.299999,1227.400024
2026-05-19-13-55-29,30.500000,258.880005,126.070000,18.600000,-18.100000,53.400002,1232.500000
2026-05-19-13-55-29,30.950001,259.600006,126.709999,18.700001,-18.100000,53.500000,1236.599976
2026-05-19-13-55-29,31.620001,260.709991,127.680000,18.600000,-18.200001,53.500000,1242.699951
2026-05-19-13-55-30,32.189999,261.670013,128.500000,18.500000,-18.500000,53.599998,1247.900024
2026-05-19-13-55-30,32.709999,262.549988,129.240005,18.400000,-18.600000,53.700001,1252.699951
2026-05-19-13-55-30,33.369999,263.690002,130.199997,18.299999,-18.700001,53.900002,1258.800049
2026-05-19-13-55-31,34.160000,265.070007,131.360001,18.299999,-18.500000,54.099998,1266.099976
2026-05-19-13-55-31,34.750000,266.079987,132.210007,18.299999,-18.400000,54.200001,1271.400024
2026-05-19-13-55-31,35.200001,266.859985,132.869995,18.299999,-18.400000,54.200001,1275.599976
2026-05-19-13-55-32,35.910000,268.079987,133.889999,18.100000,-18.500000,54.500000,1282.000000
2026-05-19-13-55-32,36.490002,269.089996,134.729996,18.100000,-18.500000,54.599998,1287.400024
2026-05-19-13-55-32,37.020000,270.010010,135.500000,18.000000,-18.500000,54.900002,1292.300049
2026-05-19-13-55-33,37.689999,271.170013,136.500000,14.500000,-21.299999,64.400002,1298.400024
2026-05-19-13-55-33,38.389999,272.399994,137.690002,14.400000,-21.500000,64.500000,1305.599976
2026-05-19-13-55-33,38.900002,273.339996,138.559998,14.400000,-21.500000,64.599998,1311.000000
2026-05-19-13-55-33,39.290001,274.070007,139.240005,14.400000,-21.299999,64.800003,1315.099976
2026-05-19-13-55-34,39.869999,275.200012,140.289993,14.400000,-21.100000,65.000000,1321.400024
2026-05-19-13-55-34,40.349998,276.130005,141.149994,14.200000,-21.200001,65.599998,1326.599976
2026-05-19-13-55-34,40.799999,277.010010,141.949997,14.000000,-21.200001,65.900002,1331.400024
2026-05-19-13-55-35,41.360001,278.160004,142.990005,13.800000,-21.200001,66.099998,1337.599976
2026-05-19-13-55-35,42.000000,279.510010,144.210007,13.700000,-21.400000,66.300003,1344.900024
2026-05-19-13-55-35,42.500000,280.559998,145.169998,13.700000,-21.500000,66.300003,1350.400024
2026-05-19-13-55-35,42.880001,281.350006,145.889999,13.600000,-21.600000,66.400002,1354.599976
2026-05-19-13-55-36,43.459999,282.570007,146.990005,13.600000,-21.400000,66.599998,1361.099976
2026-05-19-13-55-36,43.930000,283.589996,147.889999,13.600000,-21.100000,66.800003,1366.300049
2026-05-19-13-55-36,44.369999,284.529999,148.710007,13.600000,-21.000000,66.900002,1371.199951
2026-05-19-13-55-37,44.910000,285.709991,149.759995,14.300000,-20.799999,65.699997,1377.300049
2026-05-19-13-55-37,45.570000,287.149994,151.059998,14.100000,-21.299999,65.800003,1384.699951
2026-05-19-13-55-37,46.080002,288.269989,152.059998,14.100000,-21.400000,65.800003,1390.400024
2026-05-19-13-55-38,46.450001,289.109985,152.800003,13.800000,-21.400000,65.800003,1394.599976
2026-05-19-13-55-38,47.029999,290.450012,153.949997,13.700000,-21.200001,66.199997,1401.199951
2026-05-19-13-55-38,47.509998,291.559998,154.889999,13.800000,-20.900000,66.400002,1406.699951
2026-05-19-13-55-39,47.959999,292.579987,155.759995,13.900000,-20.900000,66.599998,1411.699951
2026-05-19-13-55-39,48.529999,293.869995,156.869995,13.900000,-21.200001,66.699997,1418.000000
2026-05-19-13-55-39,49.209999,295.459991,158.229996,13.700000,-21.600000,66.800003,1425.699951
2026-05-19-13-55-39,49.689999,296.579987,159.199997,13.600000,-21.600000,66.800003,1431.099976
2026-05-19-13-55-40,50.060001,297.470001,159.949997,13.500000,-21.600000,66.900002,1435.400024
2026-05-19-13-55-40,50.639999,298.859985,161.110001,13.400000,-21.299999,67.099998,1442.000000
2026-05-19-13-55-40,51.099998,299.989990,162.070007,13.500000,-20.900000,67.300003,1447.300049
2026-05-19-13-55-41,51.529999,301.040009,162.960007,13.600000,-20.799999,67.500000,1452.300049
2026-05-19-13-55-41,52.070000,302.399994,164.130005,13.700000,-20.799999,67.699997,1458.800049
2026-05-19-13-55-41,52.689999,303.989990,165.500000,13.300000,-20.900000,67.800003,1466.400024
2026-05-19-13-55-42,53.130001,305.170013,166.500000,13.100000,-20.900000,67.900002,1471.900024
2026-05-19-13-55-42,53.459999,306.089996,167.270004,12.900000,-21.100000,68.000000,1476.199951
2026-05-19-13-55-42,53.970001,307.480011,168.460007,12.900000,-21.000000,68.300003,1482.800049
2026-05-19-13-55-42,54.389999,308.649994,169.460007,13.100000,-20.900000,68.400002,1488.300049
2026-05-19-13-55-43,54.779999,309.750000,170.410004,13.200000,-20.799999,68.599998,1493.599976
2026-05-19-13-55-43,55.259998,311.130005,171.610001,13.000000,-20.900000,68.800003,1500.199951
2026-05-19-13-55-44,55.830002,312.769989,173.020004,12.700000,-21.200001,68.900002,1508.000000
2026-05-19-13-55-44,56.209999,313.899994,174.000000,12.600000,-21.299999,68.900002,1513.400024
2026-05-19-13-55-44,56.520000,314.820007,174.789993,12.700000,-21.299999,69.000000,1517.800049
2026-05-19-13-55-44,57.000000,316.260010,176.059998,13.000000,-21.000000,69.199997,1524.699951
2026-05-19-13-55-45,57.389999,317.420013,177.089996,13.100000,-20.900000,69.300003,1530.300049
2026-05-19-13-55-45,57.730000,318.480011,178.020004,13.200000,-20.900000,69.300003,1535.400024
2026-05-19-13-55-45,58.150002,319.820007,179.169998,13.000000,-20.799999,69.500000,1541.900024
2026-05-19-13-55-46,58.660000,321.410004,180.550003,12.900000,-20.799999,69.699997,1549.599976
2026-05-19-13-55-46,59.029999,322.519989,181.529999,12.800000,-20.799999,69.800003,1555.099976
2026-05-19-13-55-46,59.320000,323.399994,182.309998,12.800000,-20.900000,69.900002,1559.500000
2026-05-19-13-55-46,59.779999,324.760010,183.550003,12.700000,-21.200001,70.000000,1566.300049
2026-05-19-13-55-47,60.139999,325.850006,184.539993,12.500000,-21.500000,70.099998,1571.800049
2026-05-19-13-55-47,60.480000,326.880005,185.460007,12.400000,-21.600000,70.199997,1576.900024
2026-05-19-13-55-47,60.900002,328.190002,186.610001,12.400000,-21.200001,70.500000,1583.400024
2026-05-19-13-55-48,61.430000,329.820007,188.050003,12.600000,-20.799999,70.800003,1591.400024
2026-05-19-13-55-48,61.770000,330.910004,189.009995,12.700000,-20.799999,70.900002,1596.800049
2026-05-19-13-55-48,62.060001,331.829987,189.839996,12.600000,-21.000000,70.900002,1601.300049
2026-05-19-13-55-49,62.480000,333.230011,191.089996,12.300000,-21.500000,71.000000,1608.199951
2026-05-19-13-55-49,62.820000,334.380005,192.119995,12.000000,-21.700001,71.099998,1613.900024
2026-05-19-13-55-49,63.130001,335.429993,193.050003,11.900000,-21.600000,71.199997,1619.000000
2026-05-19-13-55-50,63.509998,336.760010,194.229996,11.900000,-21.200001,71.500000,1625.500000
2026-05-19-13-55-50,63.959999,338.339996,195.639999,12.100000,-21.100000,71.800003,1633.300049
2026-05-19-13-55-50,64.279999,339.480011,196.649994,12.100000,-21.100000,71.800003,1638.900024
2026-05-19-13-55-50,64.529999,340.390015,197.470001,12.100000,-21.200001,72.000000,1643.300049
2026-05-19-13-55-51,64.900002,341.760010,198.710007,12.100000,-21.299999,72.099998,1650.099976
2026-05-19-13-55-51,65.209999,342.910004,199.740005,12.000000,-21.400000,72.199997,1655.699951
2026-05-19-13-55-51,65.489998,343.970001,200.699997,11.900000,-21.400000,72.300003,1661.000000
2026-05-19-13-55-52,65.830002,345.320007,201.899994,11.500000,-21.500000,72.599998,1667.599976
2026-05-19-13-55-52,66.250000,346.950012,203.369995,11.300000,-21.500000,72.900002,1675.599976
2026-05-19-13-55-52,66.570000,348.239990,204.539993,11.300000,-21.400000,73.000000,1681.900024
2026-05-19-13-55-52,66.800003,349.160004,205.389999,11.500000,-21.200001,73.199997,1686.500000
2026-05-19-13-55-53,67.150002,350.570007,206.690002,11.800000,-21.000000,73.300003,1693.500000
2026-05-19-13-55-53,67.430000,351.720001,207.770004,11.700000,-21.200001,73.400002,1699.300049
2026-05-19-13-55-53,67.669998,352.769989,208.750000,11.400000,-21.299999,73.599998,1704.599976
2026-05-19-13-55-54,67.970001,354.100006,210.000000,10.900000,-21.700001,73.800003,1711.199951
2026-05-19-13-55-54,68.320000,355.679993,211.479996,10.900000,-21.700001,74.099998,1719.199951
2026-05-19-13-55-54,68.580002,356.839996,212.559998,10.900000,-21.600000,74.199997,1725.000000
2026-05-19-13-55-54,68.769997,357.739990,213.419998,11.100000,-21.299999,74.400002,1729.500000
2026-05-19-13-55-55,69.080002,359.190002,214.789993,11.200000,-21.100000,74.599998,1736.900024
2026-05-19-13-55-55,69.330002,360.350006,215.919998,11.100000,-21.299999,74.800003,1742.800049
2026-05-19-13-55-55,69.540001,361.390015,216.919998,10.900000,-21.600000,74.900002,1748.099976
2026-05-19-13-55-56,69.809998,362.730011,218.220001,10.500000,-21.799999,75.099998,1755.000000
2026-05-19-13-55-56,70.129997,364.339996,219.789993,10.400000,-21.799999,75.400002,1763.199951
2026-05-19-13-55-56,70.339996,365.399994,220.820007,10.400000,-21.799999,75.500000,1768.699951
2026-05-19-13-55-57,70.510002,366.279999,221.699997,10.400000,-21.799999,75.699997,1773.199951
2026-05-19-13-55-57,70.779999,367.670013,223.070007,10.400000,-21.700001,76.000000,1780.400024
2026-05-19-13-55-57,71.000000,368.809998,224.199997,10.500000,-21.799999,76.099998,1786.300049
2026-05-19-13-55-58,71.199997,369.880005,225.240005,10.400000,-21.799999,76.199997,1791.800049
2026-05-19-13-55-58,71.440002,371.209991,226.539993,10.300000,-21.700001,76.500000,1798.699951
2026-05-19-13-55-58,71.720001,372.820007,228.110001,10.200000,-21.799999,76.800003,1806.900024
2026-05-19-13-55-59,71.930000,374.049988,229.330002,10.200000,-21.799999,76.900002,1813.300049
2026-05-19-13-55-59,72.089996,374.970001,230.240005,10.200000,-21.799999,77.000000,1818.000000
2026-05-19-13-55-59,72.320000,376.369995,231.619995,10.100000,-21.799999,77.300003,1825.199951
2026-05-19-13-55-59,72.510002,377.540009,232.759995,10.000000,-21.600000,77.500000,1831.199951
2026-05-19-13-56-00,72.680000,378.609985,233.809998,10.000000,-21.500000,77.699997,1836.699951
2026-05-19-13-56-00,72.879997,379.950012,235.119995,10.000000,-21.600000,78.000000,1843.599976
2026-05-19-13-56-00,73.129997,381.589996,236.759995,9.900000,-21.799999,78.199997,1852.099976
2026-05-19-13-56-01,73.290001,382.700012,237.880005,9.800000,-21.900000,78.300003,1857.900024
2026-05-19-13-56-01,73.419998,383.630005,238.820007,9.700000,-22.100000,78.400002,1862.699951
2026-05-19-13-56-01,73.610001,385.059998,240.250000,9.500000,-21.900000,78.699997,1870.199951
2026-05-19-13-56-02,73.760002,386.230011,241.399994,9.400000,-21.700001,79.000000,1876.199951
2026-05-19-13-56-02,73.889999,387.290009,242.440002,9.300000,-21.600000,79.199997,1881.699951
2026-05-19-13-56-02,74.050003,388.619995,243.770004,9.300000,-21.799999,79.599998,1888.699951
2026-05-19-13-56-03,74.230003,390.230011,245.410004,9.300000,-22.100000,79.699997,1897.199951
2026-05-19-13-56-03,74.349998,391.369995,246.580002,9.300000,-22.100000,79.800003,1903.199951
2026-05-19-13-56-03,74.449997,392.309998,247.529999,9.100000,-22.299999,80.000000,1908.199951
2026-05-19-13-56-03,74.599998,393.709991,248.940002,8.800000,-22.200001,80.300003,1915.500000
2026-05-19-13-56-04,74.720001,394.880005,250.089996,8.500000,-22.100000,80.599998,1921.599976
2026-05-19-13-56-04,74.809998,395.929993,251.130005,8.500000,-22.000000,80.800003,1927.099976
2026-05-19-13-56-04,74.930000,397.269989,252.479996,8.700000,-21.900000,81.199997,1934.199951
2026-05-19-13-56-05,75.070000,398.890015,254.139999,8.600000,-22.200001,81.500000,1942.800049
2026-05-19-13-56-05,75.160004,400.089996,255.350006,8.500000,-22.299999,81.599998,1949.199951
2026-05-19-13-56-05,75.230003,401.019989,256.269989,8.200000,-22.600000,81.800003,1954.000000
2026-05-19-13-56-05,75.330002,402.420013,257.649994,7.600000,-22.799999,82.000000,1961.400024
2026-05-19-13-56-06,75.400002,403.589996,258.779999,7.600000,-22.700001,82.199997,1967.400024
2026-05-19-13-56-06,75.449997,404.649994,259.820007,7.800000,-22.400000,82.500000,1973.000000
2026-05-19-13-56-06,75.519997,405.980011,261.149994,8.300000,-22.000000,82.900002,1980.000000
2026-05-19-13-56-07,75.599998,407.579987,262.739990,8.200000,-22.100000,83.199997,1988.400024
2026-05-19-13-56-07,75.650002,408.820007,263.959991,8.000000,-22.200001,83.300003,1994.800049
2026-05-19-13-56-07,75.680000,409.799988,264.920013,7.500000,-22.500000,83.500000,1999.900024
2026-05-19-13-56-08,75.720001,411.250000,266.329987,6.900000,-22.799999,83.699997,2007.400024
2026-05-19-13-56-08,75.750000,412.420013,267.489990,6.900000,-22.799999,84.000000,2013.599976
2026-05-19-13-56-08,75.779999,413.519989,268.579987,7.100000,-22.600000,84.300003,2019.300049
2026-05-19-13-56-09,75.820000,414.890015,269.950012,7.400000,-22.200001,84.699997,2026.500000
2026-05-19-13-56-09,75.849998,416.529999,271.589996,7.500000,-22.000000,85.000000,2035.099976
2026-05-19-13-56-09,75.870003,417.739990,272.799988,7.400000,-22.100000,85.000000,2041.500000
2026-05-19-13-56-09,75.879997,418.690002,273.739990,7.100000,-22.400000,85.199997,2046.500000
2026-05-19-13-56-10,75.879997,420.160004,275.179993,6.300000,-22.799999,85.599998,2054.199951
2026-05-19-13-56-10,75.879997,421.369995,276.380005,6.000000,-22.900000,85.800003,2060.500000
2026-05-19-13-56-10,75.889999,422.480011,277.480011,6.100000,-22.900000,86.099998,2066.300049
2026-05-19-13-56-11,75.879997,423.839996,278.839996,6.600000,-22.299999,86.400002,2073.399902
2026-05-19-13-56-11,75.860001,425.480011,280.489990,6.900000,-22.000000,86.800003,2082.100098
2026-05-19-13-56-11,75.839996,426.700012,281.700012,6.800000,-22.000000,86.900002,2088.500000
2026-05-19-13-56-11,75.809998,427.649994,282.640015,6.300000,-22.299999,87.000000,2093.500000
2026-05-19-13-56-12,75.760002,429.059998,284.040009,5.800000,-22.799999,87.300003,2100.899902
2026-05-19-13-56-12,75.720001,430.230011,285.209991,5.400000,-23.000000,87.500000,2107.100098
2026-05-19-13-56-12,75.690002,431.290009,286.290009,5.500000,-22.900000,87.800003,2112.800049
2026-05-19-13-56-13,75.639999,432.660004,287.660004,5.700000,-22.500000,88.199997,2120.000000
2026-05-19-13-56-13,75.589996,434.339996,289.339996,5.900000,-22.299999,88.500000,2128.899902
2026-05-19-13-56-13,75.540001,435.589996,290.579987,5.800000,-22.299999,88.599998,2135.500000
2026-05-19-13-56-14,75.489998,436.529999,291.529999,5.600000,-22.500000,88.800003,2140.600098
2026-05-19-13-56-14,75.410004,438.019989,293.010010,5.200000,-22.600000,89.199997,2148.500000
2026-05-19-13-56-14,75.339996,439.209991,294.200012,5.100000,-22.799999,89.400002,2154.800049
2026-05-19-13-56-15,75.269997,440.299988,295.290009,4.900000,-22.900000,89.599998,2160.699951
2026-05-19-13-56-15,75.180000,441.649994,296.649994,4.700000,-22.900000,90.000000,2167.899902
2026-05-19-13-56-15,75.059998,443.329987,298.350006,4.900000,-22.700001,90.300003,2176.899902
2026-05-19-13-56-15,74.970001,444.540009,299.559998,4.900000,-22.600000,90.400002,2183.399902
2026-05-19-13-56-16,74.889999,445.459991,300.489990,4.800000,-22.500000,90.599998,2188.300049
2026-05-19-13-56-16,74.769997,446.929993,301.970001,4.600000,-22.500000,90.900002,2196.199951
2026-05-19-13-56-16,74.660004,448.130005,303.179993,4.400000,-22.799999,91.199997,2202.699951
2026-05-19-13-56-17,74.559998,449.209991,304.290009,4.100000,-23.000000,91.400002,2208.500000
2026-05-19-13-56-17,74.430000,450.570007,305.690002,4.100000,-22.900000,91.800003,2215.899902
2026-05-19-13-56-18,74.269997,452.239990,307.390015,4.200000,-22.700001,92.099998,2225.000000
2026-05-19-13-56-18,74.139999,453.510010,308.679993,4.200000,-22.600000,92.199997,2231.800049
2026-05-19-13-56-18,74.040001,454.429993,309.600006,4.100000,-22.500000,92.500000,2236.800049
2026-05-19-13-56-18,73.870003,455.869995,311.079987,3.900000,-22.600000,92.800003,2244.699951
2026-05-19-13-56-19,73.730003,457.029999,312.269989,3.900000,-22.700001,93.000000,2251.100098
2026-05-19-13-56-19,73.599998,458.089996,313.390015,3.800000,-22.799999,93.199997,2256.899902
2026-05-19-13-56-19,73.410004,459.470001,314.829987,3.400000,-23.000000,93.599998,2264.500000
2026-05-19-13-56-20,73.160004,461.130005,316.559998,3.100000,-22.900000,94.000000,2273.699951
2026-05-19-13-56-20,72.980003,462.290009,317.760010,3.100000,-22.799999,94.099998,2280.000000
2026-05-19-13-56-20,72.830002,463.209991,318.720001,3.200000,-22.700001,94.300003,2285.100098
2026-05-19-13-56-20,72.599998,464.649994,320.230011,3.300000,-22.400000,94.599998,2293.100098
2026-05-19-13-56-21,72.400002,465.829987,321.459991,3.200000,-22.500000,94.800003,2299.600098
2026-05-19-13-56-21,72.209999,466.899994,322.579987,2.900000,-22.600000,95.099998,2305.500000
2026-05-19-13-56-21,71.970001,468.290009,324.040009,2.400000,-23.000000,95.400002,2313.100098
2026-05-19-13-56-22,71.680000,469.910004,325.720001,2.100000,-23.100000,95.800003,2322.000000
2026-05-19-13-56-22,71.470001,471.040009,326.899994,2.100000,-23.100000,95.900002,2328.300049
2026-05-19-13-56-22,71.300003,471.989990,327.890015,2.200000,-23.000000,96.099998,2333.500000
2026-05-19-13-56-22,71.029999,473.450012,329.420013,2.400000,-22.799999,96.400002,2341.500000
2026-05-19-13-56-23,70.809998,474.640015,330.670013,2.400000,-22.600000,96.699997,2348.100098
2026-05-19-13-56-23,70.599998,475.739990,331.829987,2.300000,-22.600000,96.900002,2354.100098
2026-05-19-13-56-23,70.330002,477.079987,333.220001,1.700000,-22.799999,97.400002,2361.500000
2026-05-19-13-56-24,69.989998,478.769989,334.980011,1.400000,-23.100000,97.800003,2370.800049
2026-05-19-13-56-24,69.730003,480.029999,336.299988,1.400000,-23.200001,97.900002,2377.699951
2026-05-19-13-56-24,69.529999,480.989990,337.309998,1.400000,-23.200001,98.099998,2383.000000
2026-05-19-13-56-25,69.220001,482.450012,338.839996,1.500000,-23.000000,98.400002,2391.000000
2026-05-19-13-56-25,68.949997,483.679993,340.119995,1.500000,-22.600000,98.699997,2397.699951
2026-05-19-13-56-25,68.699997,484.799988,341.279999,1.500000,-22.400000,98.900002,2403.800049
2026-05-19-13-56-26,68.379997,486.179993,342.730011,1.300000,-22.500000,99.400002,2411.399902
2026-05-19-13-56-26,67.989998,487.839996,344.480011,0.800000,-23.100000,99.699997,2420.500000
2026-05-19-13-56-26,67.690002,489.089996,345.820007,0.700000,-23.200001,99.800003,2427.500000
2026-05-19-13-56-26,67.459999,490.049988,346.829987,0.500000,-23.299999,100.000000,2432.800049
2026-05-19-13-56-27,67.089996,491.529999,348.399994,0.500000,-23.000000,100.400002,2440.899902
2026-05-19-13-56-27,66.790001,492.730011,349.670013,0.700000,-22.500000,100.699997,2447.500000
2026-05-19-13-56-27,66.500000,493.839996,350.839996,0.900000,-22.200001,100.900002,2453.600098
2026-05-19-13-56-28,66.139999,495.220001,352.309998,0.700000,-22.400000,101.400002,2461.199951
2026-05-19-13-56-28,65.680000,496.899994,354.119995,0.100000,-22.900000,101.699997,2470.600098
2026-05-19-13-56-28,65.330002,498.130005,355.440002,0.000000,-23.000000,101.699997,2477.399902
2026-05-19-13-56-28,65.059998,499.079987,356.470001,-0.400000,-23.200001,102.000000,2482.699951
2026-05-19-13-56-29,64.650002,500.529999,358.019989,-0.500000,-23.100000,102.400002,2490.800049
2026-05-19-13-56-29,64.300003,501.730011,359.320007,-0.300000,-22.799999,102.699997,2497.399902
2026-05-19-13-56-29,63.970001,502.820007,360.519989,0.000000,-22.500000,102.900002,2503.500000
2026-05-19-13-56-30,63.549999,504.220001,362.049988,0.100000,-22.400000,103.199997,2511.300049
2026-05-19-13-56-30,63.029999,505.910004,363.869995,-0.600000,-22.600000,103.599998,2520.600098
2026-05-19-13-56-30,62.610001,507.250000,365.309998,-0.900000,-22.700001,103.800003,2528.000000
2026-05-19-13-56-31,62.290001,508.220001,366.359985,-1.200000,-22.900000,104.000000,2533.399902
2026-05-19-13-56-31,61.820000,509.670013,367.959991,-1.300000,-22.900000,104.400002,2541.500000
2026-05-19-13-56-31,61.430000,510.859985,369.269989,-1.100000,-22.700001,104.599998,2548.100098
2026-05-19-13-56-32,61.070000,511.970001,370.480011,-0.900000,-22.400000,104.900002,2554.300049
2026-05-19-13-56-32,60.580002,513.409973,372.049988,-1.000000,-22.200001,105.300003,2562.300049
2026-05-19-13-56-32,60.000000,515.119995,373.940002,-1.600000,-22.500000,105.699997,2571.899902
2026-05-19-13-56-32,59.580002,516.330017,375.260010,-1.700000,-22.600000,105.800003,2578.600098
2026-05-19-13-56-33,59.240002,517.270020,376.320007,-2.100000,-22.900000,106.099998,2583.899902
2026-05-19-13-56-33,58.700001,518.780029,377.980011,-2.200000,-22.799999,106.500000,2592.199951
2026-05-19-13-56-33,58.259998,520.010010,379.339996,-2.000000,-22.500000,106.800003,2599.100098
2026-05-19-13-56-34,57.849998,521.150024,380.589996,-1.800000,-22.100000,107.000000,2605.399902
2026-05-19-13-56-34,57.320000,522.570007,382.160004,-1.800000,-22.000000,107.400002,2613.300049
2026-05-19-13-56-34,56.669998,524.299988,384.079987,-2.200000,-22.200001,107.800003,2623.000000
2026-05-19-13-56-35,56.209999,525.500000,385.420013,-2.300000,-22.200001,107.900002,2629.699951
2026-05-19-13-56-35,55.840000,526.460022,386.489990,-2.700000,-22.400000,108.199997,2635.100098
2026-05-19-13-56-35,55.250000,527.979980,388.190002,-2.900000,-22.400000,108.599998,2643.600098
2026-05-19-13-56-36,54.770000,529.200012,389.559998,-2.900000,-22.299999,108.800003,2650.500000
2026-05-19-13-56-36,54.330002,530.330017,390.839996,-2.700000,-22.000000,109.099998,2656.800049
2026-05-19-13-56-36,53.759998,531.780029,392.459991,-2.700000,-21.799999,109.400002,2664.899902
2026-05-19-13-56-37,53.080002,533.460022,394.359985,-3.000000,-22.000000,109.800003,2674.399902
2026-05-19-13-56-37,52.560001,534.719971,395.790009,-3.100000,-22.000000,109.900002,2681.500000
2026-05-19-13-56-37,52.160000,535.679993,396.890015,-3.300000,-22.100000,110.199997,2687.000000
2026-05-19-13-56-37,51.540001,537.159973,398.559998,-3.600000,-22.100000,110.599998,2695.300049
2026-05-19-13-56-38,51.029999,538.380005,399.940002,-3.700000,-22.100000,110.900002,2702.199951
2026-05-19-13-56-38,50.549999,539.520020,401.230011,-3.700000,-22.000000,111.099998,2708.600098
2026-05-19-13-56-38,49.950001,540.919983,402.829987,-3.800000,-21.799999,111.500000,2716.600098
2026-05-19-13-56-39,49.230000,542.590027,404.739990,-3.800000,-21.700001,111.900002,2726.100098
2026-05-19-13-56-39,48.669998,543.859985,406.200012,-3.800000,-21.600000,112.000000,2733.300049
2026-05-19-13-56-39,48.230000,544.859985,407.339996,-3.800000,-21.600000,112.199997,2739.000000
2026-05-19-13-56-40,47.549999,546.359985,409.070007,-4.200000,-21.900000,112.599998,2747.600098
2026-05-19-13-56-40,47.000000,547.580017,410.470001,-4.600000,-22.000000,112.800003,2754.500000
2026-05-19-13-56-40,46.490002,548.710022,411.760010,-4.800000,-21.900000,113.000000,2760.899902
2026-05-19-13-56-41,45.840000,550.119995,413.380005,-4.700000,-21.600000,113.400002,2768.899902
2026-05-19-13-56-41,45.040001,551.840027,415.350006,-4.400000,-21.200001,113.699997,2778.699951
2026-05-19-13-56-41,44.450001,553.080017,416.790009,-4.400000,-21.200001,113.800003,2785.899902
2026-05-19-13-56-41,44.009998,554.000000,417.859985,-4.400000,-21.200001,114.000000,2791.100098
2026-05-19-13-56-42,43.310001,555.450012,419.540009,-4.800000,-21.500000,114.400002,2799.500000
2026-05-19-13-56-42,42.720001,556.679993,420.959991,-5.200000,-21.799999,114.599998,2806.500000
2026-05-19-13-56-42,42.189999,557.780029,422.230011,-5.600000,-22.000000,114.900002,2812.800049
2026-05-19-13-56-43,41.520000,559.179993,423.839996,-5.700000,-21.900000,115.199997,2820.800049
2026-05-19-13-56-43,40.689999,560.890015,425.809998,-5.200000,-21.400000,115.500000,2830.600098
2026-05-19-13-56-43,40.060001,562.169983,427.290009,-5.100000,-21.299999,115.500000,2837.899902
2026-05-19-13-56-43,39.560001,563.179993,428.459991,-4.900000,-20.900000,115.599998,2843.699951
2026-05-19-13-56-44,38.810001,564.669983,430.179993,-5.200000,-21.000000,116.000000,2852.300049
2026-05-19-13-56-44,38.200001,565.890015,431.579987,-5.800000,-21.500000,116.300003,2859.199951
2026-05-19-13-56-44,37.630001,567.010010,432.869995,-6.300000,-21.900000,116.500000,2865.600098
2026-05-19-13-56-45,36.910000,568.429993,434.510010,-6.400000,-21.799999,116.699997,2873.699951
2026-05-19-13-56-45,36.049999,570.090027,436.440002,-5.700000,-21.100000,116.900002,2883.300049
2026-05-19-13-56-45,35.419998,571.309998,437.859985,-5.600000,-20.900000,116.900002,2890.199951
2026-05-19-13-56-45,34.919998,572.270020,438.970001,-5.400000,-20.700001,117.000000,2895.699951
2026-05-19-13-56-46,34.130001,573.780029,440.709991,-5.800000,-20.900000,117.300003,2904.300049
2026-05-19-13-56-46,33.470001,575.020020,442.119995,-6.400000,-21.299999,117.500000,2911.300049
2026-05-19-13-56-46,32.869999,576.140015,443.420013,-6.700000,-21.500000,117.699997,2917.800049
2026-05-19-13-56-47,32.090000,577.580017,445.079987,-6.400000,-21.200001,117.900002,2925.899902
2026-05-19-13-56-47,31.160000,579.320007,447.089996,-6.100000,-20.700001,118.099998,2935.899902
2026-05-19-13-56-47,30.450001,580.619995,448.589996,-6.100000,-20.600000,118.099998,2943.300049
2026-05-19-13-56-48,29.930000,581.559998,449.679993,-6.100000,-20.600000,118.199997,2948.600098
2026-05-19-13-56-48,29.110001,583.070007,451.420013,-6.300000,-21.000000,118.400002,2957.199951
2026-05-19-13-56-48,28.430000,584.299988,452.850006,-6.600000,-21.200001,118.599998,2964.199951
2026-05-19-13-56-49,27.799999,585.440002,454.179993,-6.800000,-21.200001,118.699997,2970.800049
2026-05-19-13-56-49,27.000000,586.869995,455.850006,-6.900000,-21.000000,118.900002,2978.899902
2026-05-19-13-56-49,26.040001,588.590027,457.839996,-6.700000,-20.799999,119.000000,2988.699951
2026-05-19-13-56-49,25.290001,589.919983,459.380005,-6.700000,-20.700001,119.000000,2996.300049
2026-05-19-13-56-50,24.740000,590.900024,460.529999,-6.600000,-20.600000,119.099998,3001.899902
2026-05-19-13-56-50,23.879999,592.390015,462.279999,-6.500000,-20.600000,119.300003,3010.399902
2026-05-19-13-56-50,23.180000,593.609985,463.709991,-6.700000,-20.799999,119.400002,3017.399902
2026-05-19-13-56-51,22.500000,594.760010,465.070007,-6.900000,-20.900000,119.599998,3024.000000
2026-05-19-13-56-51,21.680000,596.159973,466.709991,-7.300000,-20.900000,119.699997,3032.100098
2026-05-19-13-56-51,20.660000,597.859985,468.730011,-7.600000,-21.000000,119.800003,3041.899902
2026-05-19-13-56-52,19.920000,599.099976,470.190002,-7.600000,-21.100000,119.900002,3049.000000
2026-05-19-13-56-52,19.320000,600.099976,471.369995,-7.500000,-21.000000,119.900002,3054.699951
2026-05-19-13-56-52,18.410000,601.609985,473.170013,-7.000000,-20.700001,120.000000,3063.399902
2026-05-19-13-56-53,17.660000,602.849976,474.630005,-6.900000,-20.600000,120.000000,3070.600098
2026-05-19-13-56-53,16.940001,604.030029,476.029999,-7.100000,-20.600000,120.000000,3077.399902
2026-05-19-13-56-53,16.040001,605.479980,477.720001,-7.500000,-20.799999,120.199997,3085.699951
2026-05-19-13-56-54,14.970000,607.200012,479.739990,-7.600000,-20.799999,120.300003,3095.699951
2026-05-19-13-56-54,14.130000,608.539978,481.329987,-7.600000,-20.799999,120.300003,3103.399902
2026-05-19-13-56-54,13.530000,609.510010,482.470001,-7.700000,-20.900000,120.400002,3109.000000
2026-05-19-13-56-54,12.580000,611.010010,484.269989,-7.700000,-21.000000,120.400002,3117.699951
2026-05-19-13-56-55,11.800000,612.229980,485.730011,-7.600000,-20.900000,120.500000,3124.800049
2026-05-19-13-56-55,11.070000,613.369995,487.100006,-7.600000,-21.000000,120.599998,3131.500000
2026-05-19-13-56-55,10.130000,614.830017,488.839996,-8.100000,-21.299999,120.699997,3140.000000
2026-05-19-13-56-56,9.020000,616.530029,490.880005,-8.300000,-21.400000,120.800003,3149.899902
2026-05-19-13-56-56,8.190000,617.809998,492.410004,-8.400000,-21.299999,120.900002,3157.399902
2026-05-19-13-56-56,7.520000,618.820007,493.619995,-8.300000,-21.100000,120.900002,3163.300049
2026-05-19-13-56-57,6.540000,620.309998,495.420013,-7.800000,-20.700001,121.000000,3172.000000
2026-05-19-13-56-57,5.700000,621.559998,496.950012,-7.600000,-20.600000,121.000000,3179.399902
2026-05-19-13-56-57,4.950000,622.679993,498.299988,-7.600000,-20.700001,121.000000,3185.899902
2026-05-19-13-56-57,3.990000,624.109985,500.019989,-7.900000,-20.900000,121.099998,3194.300049
2026-05-19-13-56-58,2.820000,625.840027,502.100006,-7.900000,-20.700001,121.199997,3204.500000
2026-05-19-13-56-58,1.970000,627.090027,503.609985,-7.900000,-20.700001,121.199997,3211.899902
2026-05-19-13-56-58,1.330000,628.030029,504.769989,-7.700000,-20.600000,121.199997,3217.399902
2026-05-19-13-56-59,0.330000,629.489990,506.549988,-7.600000,-20.400000,121.300003,3226.000000
2026-05-19-13-56-59,-0.520000,630.719971,508.049988,-7.500000,-20.299999,121.400002,3233.300049
2026-05-19-13-56-59,-1.310000,631.849976,509.440002,-7.600000,-20.299999,121.400002,3240.000000
2026-05-19-13-57-00,-2.320000,633.299988,511.190002,-7.600000,-20.400000,121.500000,3248.600098
2026-05-19-13-57-00,-3.540000,635.030029,513.289978,-7.800000,-20.400000,121.699997,3258.899902
2026-05-19-13-57-00,-4.450000,636.309998,514.859985,-8.000000,-20.500000,121.800003,3266.500000
2026-05-19-13-57-00,-5.160000,637.299988,516.080017,-8.100000,-20.600000,121.800003,3272.399902
2026-05-19-13-57-01,-6.220000,638.789978,517.909973,-8.200000,-20.700001,122.000000,3281.300049
2026-05-19-13-57-01,-7.090000,640.010010,519.409973,-8.100000,-20.600000,122.000000,3288.600098
2026-05-19-13-57-01,-7.910000,641.150024,520.799988,-7.900000,-20.200001,122.000000,3295.300049
2026-05-19-13-57-02,-8.930000,642.549988,522.510010,-7.800000,-20.000000,122.099998,3303.699951
2026-05-19-13-57-02,-10.180000,644.250000,524.619995,-8.100000,-20.500000,122.300003,3313.899902
2026-05-19-13-57-02,-11.150000,645.570007,526.260010,-8.200000,-20.600000,122.300003,3321.800049
2026-05-19-13-57-02,-11.870000,646.549988,527.469971,-8.400000,-20.700001,122.400002,3327.699951
2026-05-19-13-57-03,-12.930000,648.000000,529.229980,-8.300000,-20.299999,122.500000,3336.300049
2026-05-19-13-57-03,-13.870000,649.260010,530.789978,-8.100000,-20.000000,122.599998,3343.899902
2026-05-19-13-57-03,-14.700000,650.400024,532.190002,-8.000000,-19.900000,122.599998,3350.699951
2026-05-19-13-57-04,-15.750000,651.799988,533.950012,-8.200000,-20.299999,122.599998,3359.100098
2026-05-19-13-57-04,-17.030001,653.500000,536.090027,-7.900000,-20.000000,122.699997,3369.399902
2026-05-19-13-57-04,-18.049999,654.840027,537.760010,-7.800000,-19.900000,122.699997,3377.500000
2026-05-19-13-57-05,-18.760000,655.789978,538.929993,-7.700000,-19.700001,122.699997,3383.199951
2026-05-19-13-57-05,-19.879999,657.260010,540.760010,-8.200000,-19.799999,122.900002,3392.100098
2026-05-19-13-57-05,-20.820000,658.479980,542.289978,-8.500000,-20.000000,123.000000,3399.500000
2026-05-19-13-57-06,-21.680000,659.599976,543.700012,-8.600000,-20.299999,123.199997,3406.300049
2026-05-19-13-57-06,-22.770000,661.020020,545.479980,-8.300000,-20.000000,123.300003,3414.899902
2026-05-19-13-57-06,-24.100000,662.750000,547.650024,-8.000000,-19.700001,123.400002,3425.300049
2026-05-19-13-57-06,-25.049999,663.979980,549.179993,-8.000000,-19.700001,123.400002,3432.800049
2026-05-19-13-57-07,-25.799999,664.929993,550.359985,-8.000000,-19.600000,123.500000,3438.600098
2026-05-19-13-57-07,-26.930000,666.390015,552.179993,-8.500000,-19.900000,123.699997,3447.399902
2026-05-19-13-57-07,-27.900000,667.619995,553.719971,-8.900000,-20.200001,123.900002,3454.899902
2026-05-19-13-57-08,-28.790001,668.750000,555.140015,-9.000000,-20.400000,124.000000,3461.699951
2026-05-19-13-57-08,-29.920000,670.169983,556.929993,-8.700000,-20.000000,124.099998,3470.399902
2026-05-19-13-57-08,-31.270000,671.869995,559.070007,-8.200000,-19.500000,124.099998,3480.800049
2026-05-19-13-57-09,-32.250000,673.090027,560.630005,-8.100000,-19.400000,124.000000,3488.300049
2026-05-19-13-57-09,-33.009998,674.039978,561.849976,-8.200000,-19.600000,124.099998,3494.100098
2026-05-19-13-57-09,-34.209999,675.510010,563.770020,-8.500000,-19.799999,124.199997,3503.300049
2026-05-19-13-57-09,-35.189999,676.700012,565.309998,-8.800000,-19.900000,124.400002,3510.699951
2026-05-19-13-57-10,-36.110001,677.809998,566.760010,-9.000000,-19.900000,124.599998,3517.699951
2026-05-19-13-57-10,-37.270000,679.200012,568.570007,-8.900000,-19.900000,124.800003,3526.399902
2026-05-19-13-57-11,-38.660000,680.880005,570.780029,-8.700000,-20.000000,125.000000,3536.899902
2026-05-19-13-57-11,-39.700001,682.130005,572.429993,-8.600000,-20.000000,125.000000,3544.699951
2026-05-19-13-57-11,-40.520000,683.099976,573.690002,-8.700000,-20.000000,125.099998,3550.699951
2026-05-19-13-57-11,-41.740002,684.570007,575.590027,-9.200000,-20.100000,125.300003,3559.800049
2026-05-19-13-57-12,-42.770000,685.780029,577.159973,-9.600000,-20.200001,125.500000,3567.300049
2026-05-19-13-57-12,-43.720001,686.900024,578.630005,-9.600000,-20.200001,125.599998,3574.300049
2026-05-19-13-57-12,-44.919998,688.309998,580.479980,-9.300000,-20.000000,125.699997,3583.000000
2026-05-19-13-57-13,-46.380001,690.030029,582.719971,-9.100000,-19.799999,125.699997,3593.600098
2026-05-19-13-57-13,-47.509998,691.340027,584.429993,-9.100000,-19.799999,125.699997,3601.699951
2026-05-19-13-57-13,-48.320000,692.280029,585.640015,-9.100000,-19.700001,125.800003,3607.500000
2026-05-19-13-57-13,-49.590000,693.760010,587.549988,-9.200000,-19.700001,125.900002,3616.600098
2026-05-19-13-57-14,-50.639999,694.960022,589.109985,-9.400000,-19.700001,126.000000,3624.000000
2026-05-19-13-57-14,-51.630001,696.099976,590.580017,-9.600000,-19.799999,126.199997,3631.000000
2026-05-19-13-57-14,-52.900002,697.530029,592.460022,-9.700000,-19.900000,126.400002,3639.899902
2026-05-19-13-57-15,-54.400002,699.239990,594.700012,-9.500000,-19.700001,126.400002,3650.500000
2026-05-19-13-57-15,-55.509998,700.479980,596.320007,-9.400000,-19.600000,126.400002,3658.100098
2026-05-19-13-57-15,-56.369999,701.450012,597.590027,-9.300000,-19.400000,126.400002,3664.100098
2026-05-19-13-57-16,-57.700001,702.929993,599.500000,-9.400000,-19.299999,126.500000,3673.199951
2026-05-19-13-57-16,-58.810001,704.159973,601.109985,-9.700000,-19.400000,126.699997,3680.800049
2026-05-19-13-57-16,-59.840000,705.289978,602.599976,-9.900000,-19.700001,126.900002,3687.899902
2026-05-19-13-57-17,-61.130001,706.710022,604.479980,-9.900000,-19.799999,127.099998,3696.699951
2026-05-19-13-57-17,-62.720001,708.429993,606.760010,-9.800000,-19.500000,127.099998,3707.399902
2026-05-19-13-57-17,-63.910000,709.719971,608.469971,-9.800000,-19.400000,127.099998,3715.500000
2026-05-19-13-57-17,-64.820000,710.700012,609.760010,-9.700000,-19.100000,127.199997,3721.500000
2026-05-19-13-57-18,-66.209999,712.190002,611.729980,-9.800000,-19.100000,127.300003,3730.899902
2026-05-19-13-57-18,-67.370003,713.429993,613.380005,-9.900000,-19.400000,127.500000,3738.600098
2026-05-19-13-57-18,-68.440002,714.559998,614.900024,-10.000000,-19.500000,127.599998,3745.699951
2026-05-19-13-57-19,-69.809998,716.010010,616.849976,-10.200000,-19.500000,127.800003,3754.800049
2026-05-19-13-57-19,-71.449997,717.719971,619.130005,-10.200000,-19.200001,127.900002,3765.600098
2026-05-19-13-57-19,-72.660004,718.989990,620.820007,-10.200000,-19.100000,127.900002,3773.600098
2026-05-19-13-57-19,-73.620003,719.979980,622.159973,-10.000000,-19.000000,128.000000,3779.800049
2026-05-19-13-57-20,-75.050003,721.460022,624.159973,-10.000000,-19.000000,128.100006,3789.199951
2026-05-19-13-57-20,-76.239998,722.669983,625.820007,-10.200000,-19.299999,128.199997,3796.899902
2026-05-19-13-57-20,-77.360001,723.820007,627.380005,-10.300000,-19.400000,128.300003,3804.199951
2026-05-19-13-57-21,-78.739998,725.229980,629.299988,-10.300000,-19.100000,128.300003,3813.199951
2026-05-19-13-57-21,-80.389999,726.919983,631.580017,-10.300000,-19.000000,128.300003,3823.800049
2026-05-19-13-57-21,-81.690002,728.229980,633.369995,-10.300000,-18.900000,128.300003,3832.100098
2026-05-19-13-57-22,-82.620003,729.169983,634.659973,-9.900000,-18.700001,128.300003,3838.199951
2026-05-19-13-57-22,-84.059998,730.609985,636.650024,-9.500000,-18.500000,128.399994,3847.399902
2026-05-19-13-57-22,-85.279999,731.820007,638.320007,-9.700000,-18.600000,128.399994,3855.100098
2026-05-19-13-57-22,-86.410004,732.940002,639.859985,-10.000000,-18.799999,128.500000,3862.399902
2026-05-19-13-57-23,-87.800003,734.320007,641.760010,-10.200000,-18.799999,128.699997,3871.199951
2026-05-19-13-57-23,-89.540001,736.039978,644.119995,-10.200000,-18.700001,128.800003,3882.300049
2026-05-19-13-57-23,-90.769997,737.250000,645.799988,-10.100000,-18.600000,128.800003,3890.100098
2026-05-19-13-57-24,-91.750000,738.210022,647.130005,-10.000000,-18.600000,128.899994,3896.300049
2026-05-19-13-57-24,-93.269997,739.679993,649.190002,-9.900000,-18.500000,129.100006,3905.800049
2026-05-19-13-57-24,-94.540001,740.919983,650.909973,-9.900000,-18.299999,129.100006,3913.899902
2026-05-19-13-57-25,-95.690002,742.039978,652.450012,-10.100000,-18.400000,129.100006,3921.100098
2026-05-19-13-57-25,-97.129997,743.419983,654.359985,-10.500000,-18.700001,129.300003,3930.000000
2026-05-19-13-57-25,-98.919998,745.140015,656.739990,-10.300000,-18.400000,129.300003,3941.199951
2026-05-19-13-57-26,-100.220001,746.380005,658.479980,-10.100000,-18.400000,129.300003,3949.300049
2026-05-19-13-57-26,-101.220001,747.330017,659.820007,-9.800000,-18.100000,129.399994,3955.600098
2026-05-19-13-57-26,-102.760002,748.799988,661.869995,-9.800000,-18.100000,129.500000,3965.100098
2026-05-19-13-57-26,-104.070000,750.030029,663.599976,-10.100000,-18.400000,129.600006,3973.199951
2026-05-19-13-57-27,-105.239998,751.130005,665.130005,-10.500000,-18.400000,129.600006,3980.500000
2026-05-19-13-57-27,-106.730003,752.530029,667.059998,-10.600000,-18.200001,129.800003,3989.600098
2026-05-19-13-57-28,-108.570000,754.260010,669.469971,-10.500000,-18.200001,129.899994,4001.000000
2026-05-19-13-57-28,-109.910004,755.510010,671.239990,-10.500000,-18.299999,129.899994,4009.199951
2026-05-19-13-57-28,-110.930000,756.460022,672.580017,-10.200000,-18.200001,130.000000,4015.399902
2026-05-19-13-57-28,-112.559998,757.969971,674.700012,-10.200000,-18.200001,130.000000,4025.399902
2026-05-19-13-57-29,-113.900002,759.200012,676.429993,-10.400000,-18.200001,130.100006,4033.500000
2026-05-19-13-57-29,-115.099998,760.309998,677.979980,-10.600000,-18.299999,130.199997,4040.800049
2026-05-19-13-57-29,-116.620003,761.700012,679.929993,-10.500000,-18.100000,130.300003,4050.000000
2026-05-19-13-57-30,-118.470001,763.390015,682.320007,-10.500000,-18.100000,130.399994,4061.199951
2026-05-19-13-57-30,-119.900002,764.700012,684.150024,-10.400000,-18.000000,130.399994,4069.899902
2026-05-19-13-57-30,-120.949997,765.650024,685.489990,-10.600000,-18.100000,130.399994,4076.199951
2026-05-19-13-57-30,-122.550003,767.090027,687.530029,-10.700000,-18.299999,130.500000,4085.800049
2026-05-19-13-57-31,-123.889999,768.299988,689.229980,-10.700000,-18.200001,130.500000,4093.800049
2026-05-19-13-57-31,-125.139999,769.429993,690.820007,-10.600000,-18.100000,130.500000,4101.299805
2026-05-19-13-57-31,-126.739998,770.859985,692.830017,-10.500000,-17.900000,130.500000,4110.899902
2026-05-19-13-57-32,-128.589996,772.520020,695.159973,-10.500000,-17.900000,130.500000,4121.899902
2026-05-19-13-57-32,-129.869995,773.659973,696.760010,-10.500000,-17.900000,130.600006,4129.600098
2026-05-19-13-57-32,-130.949997,774.630005,698.109985,-10.600000,-18.000000,130.699997,4136.000000
2026-05-19-13-57-33,-132.619995,776.099976,700.200012,-10.700000,-18.000000,130.800003,4146.000000
2026-05-19-13-57-33,-133.990005,777.320007,701.919983,-10.800000,-18.200001,130.800003,4154.100098
2026-05-19-13-57-33,-135.250000,778.440002,703.510010,-11.000000,-18.400000,130.899994,4161.600098
2026-05-19-13-57-34,-136.850006,779.840027,705.500000,-10.600000,-18.000000,130.800003,4171.100098
2026-05-19-13-57-34,-138.789993,781.520020,707.890015,-10.100000,-17.400000,130.699997,4182.500000
2026-05-19-13-57-34,-140.240005,782.770020,709.679993,-10.100000,-17.400000,130.699997,4191.000000
2026-05-19-13-57-34,-141.350006,783.729980,711.039978,-10.300000,-17.600000,130.800003,4197.500000
2026-05-19-13-57-35,-143.070007,785.210022,713.150024,-11.100000,-18.400000,131.000000,4207.600098
2026-05-19-13-57-35,-144.479996,786.419983,714.859985,-11.500000,-18.700001,131.100006,4215.799805
2026-05-19-13-57-35,-145.779999,787.530029,716.440002,-11.300000,-18.400000,131.100006,4223.399902
2026-05-19-13-57-36,-147.399994,788.919983,718.419983,-10.500000,-17.600000,130.899994,4232.899902
2026-05-19-13-57-36,-149.380005,790.599976,720.820007,-9.900000,-17.299999,130.800003,4244.299805
2026-05-19-13-57-36,-150.789993,791.789978,722.520020,-10.000000,-17.400000,130.800003,4252.500000
2026-05-19-13-57-36,-151.919998,792.739990,723.880005,-10.400000,-18.000000,130.899994,4259.000000
2026-05-19-13-57-37,-153.669998,794.210022,725.969971,-11.200000,-18.600000,131.100006,4269.000000
2026-05-19-13-57-37,-155.100006,795.400024,727.679993,-11.400000,-18.600000,131.100006,4277.200195
2026-05-19-13-57-37,-156.389999,796.479980,729.219971,-11.100000,-18.200001,131.000000,4284.600098
2026-05-19-13-57-38,-158.039993,797.859985,731.200012,-10.300000,-17.500000,130.800003,4294.100098
2026-05-19-13-57-38,-160.039993,799.520020,733.599976,-9.900000,-17.200001,130.800003,4305.500000
2026-05-19-13-57-38,-161.550003,800.760010,735.390015,-9.900000,-17.299999,130.800003,4314.100098
2026-05-19-13-57-38,-162.679993,801.679993,736.719971,-10.200000,-17.600000,130.899994,4320.500000
2026-05-19-13-57-39,-164.470001,803.150024,738.849976,-11.000000,-18.200001,131.000000,4330.700195
2026-05-19-13-57-39,-165.940002,804.359985,740.580017,-11.300000,-18.299999,131.000000,4339.000000
2026-05-19-13-57-39,-167.279999,805.460022,742.159973,-11.300000,-18.299999,131.000000,4346.600098
2026-05-19-13-57-40,-168.979996,806.849976,744.179993,-10.600000,-17.799999,130.899994,4356.200195
2026-05-19-13-57-40,-171.000000,808.500000,746.570007,-9.800000,-17.299999,130.699997,4367.700195
2026-05-19-13-57-40,-172.529999,809.739990,748.359985,-9.700000,-17.200001,130.699997,4376.299805
2026-05-19-13-57-41,-173.699997,810.690002,749.729980,-9.700000,-16.900000,130.699997,4382.899902
2026-05-19-13-57-41,-175.509995,812.140015,751.830017,-10.000000,-17.100000,130.800003,4393.000000
2026-05-19-13-57-41,-177.000000,813.330017,753.580017,-10.400000,-17.500000,130.899994,4401.399902
2026-05-19-13-57-42,-178.380005,814.440002,755.190002,-10.700000,-17.900000,131.000000,4409.200195
2026-05-19-13-57-42,-180.139999,815.840027,757.229980,-10.600000,-17.900000,131.000000,4419.000000
2026-05-19-13-57-42,-182.210007,817.500000,759.640015,-10.000000,-17.299999,130.899994,4430.600098
2026-05-19-13-57-43,-183.720001,818.700012,761.390015,-9.800000,-17.100000,130.800003,4439.000000
2026-05-19-13-57-43,-184.889999,819.619995,762.739990,-9.500000,-16.700001,130.699997,4445.500000
2026-05-19-13-57-43,-186.750000,821.090027,764.880005,-9.800000,-17.100000,130.800003,4455.799805
2026-05-19-13-57-43,-188.279999,822.289978,766.630005,-10.300000,-17.600000,130.800003,4464.299805
2026-05-19-13-57-44,-189.690002,823.390015,768.229980,-10.600000,-17.900000,130.899994,4472.100098
2026-05-19-13-57-44,-191.460007,824.770020,770.239990,-10.600000,-18.000000,131.000000,4481.899902
2026-05-19-13-57-45,-193.559998,826.409973,772.630005,-10.400000,-17.700001,130.899994,4493.500000
2026-05-19-13-57-45,-195.110001,827.619995,774.390015,-10.300000,-17.600000,130.800003,4502.000000
2026-05-19-13-57-45,-196.320007,828.549988,775.750000,-10.100000,-17.400000,130.800003,4508.700195
2026-05-19-13-57-45,-198.179993,829.979980,777.849976,-9.900000,-17.299999,130.899994,4518.899902
2026-05-19-13-57-46,-199.690002,831.169983,779.559998,-10.600000,-17.799999,131.899994,4527.299805
2026-05-19-13-57-46,-201.080002,832.289978,781.119995,-10.500000,-18.900000,129.399994,4535.200195
2026-05-19-13-57-46,-202.860001,833.669983,783.080017,-10.400000,-19.799999,127.800003,4545.000000
2026-05-19-13-57-47,-205.070007,835.340027,785.460022,-9.900000,-19.299999,127.599998,4557.000000
2026-05-19-13-57-47,-206.690002,836.580017,787.219971,-9.700000,-19.000000,127.599998,4565.899902
2026-05-19-13-57-47,-207.949997,837.539978,788.590027,-9.200000,-18.400000,127.400002,4572.799805
2026-05-19-13-57-47,-209.869995,839.010010,790.659973,-9.000000,-18.299999,127.400002,4583.299805
2026-05-19-13-57-48,-211.460007,840.210022,792.359985,-9.400000,-18.799999,127.500000,4591.899902
2026-05-19-13-57-48,-212.919998,841.320007,793.940002,-9.900000,-19.500000,127.599998,4599.899902
2026-05-19-13-57-48,-214.789993,842.729980,795.960022,-10.300000,-20.100000,127.599998,4610.100098
2026-05-19-13-57-49,-216.990005,844.409973,798.349976,-10.000000,-19.799999,127.500000,4622.000000
2026-05-19-13-57-49,-218.660004,845.679993,800.159973,-9.800000,-19.500000,127.400002,4631.000000
2026-05-19-13-57-49,-219.919998,846.630005,801.510010,-9.400000,-19.100000,127.300003,4637.799805
2026-05-19-13-57-49,-221.869995,848.119995,803.609985,-8.800000,-18.500000,127.199997,4648.399902
2026-05-19-13-57-50,-223.470001,849.340027,805.340027,-8.900000,-18.700001,127.199997,4657.000000
2026-05-19-13-57-50,-224.949997,850.460022,806.919983,-9.300000,-19.200001,127.199997,4664.899902
2026-05-19-13-57-50,-226.789993,851.859985,808.890015,-10.100000,-20.000000,127.300003,4674.799805
2026-05-19-13-57-51,-229.100006,853.570007,811.340027,-10.200000,-20.000000,127.400002,4687.000000
2026-05-19-13-57-51,-230.750000,854.820007,813.109985,-10.100000,-19.799999,127.300003,4695.799805
2026-05-19-13-57-51,-232.039993,855.809998,814.510010,-9.700000,-19.400000,127.199997,4702.799805
2026-05-19-13-57-52,-234.000000,857.330017,816.650024,-8.900000,-19.000000,127.099998,4713.299805
2026-05-19-13-57-52,-235.639999,858.580017,818.440002,-8.800000,-19.100000,127.000000,4722.100098
2026-05-19-13-57-52,-237.160004,859.729980,820.090027,-9.100000,-19.400000,127.000000,4730.200195
2026-05-19-13-57-53,-239.100006,861.179993,822.169983,-9.800000,-19.900000,127.099998,4740.399902
2026-05-19-13-57-53,-241.449997,862.950012,824.679993,-10.100000,-20.100000,127.300003,4752.700195
2026-05-19-13-57-53,-243.139999,864.219971,826.500000,-10.100000,-20.100000,127.300003,4761.500000
2026-05-19-13-57-53,-244.440002,865.200012,827.900024,-9.800000,-19.900000,127.199997,4768.299805
2026-05-19-13-57-54,-246.460007,866.729980,830.090027,-9.200000,-19.500000,127.000000,4778.899902
2026-05-19-13-57-54,-248.160004,868.020020,831.940002,-8.900000,-19.200001,126.900002,4787.799805
2026-05-19-13-57-54,-249.710007,869.200012,833.609985,-8.900000,-19.200001,126.800003,4795.899902
2026-05-19-13-57-55,-251.690002,870.690002,835.719971,-9.500000,-19.500000,127.000000,4806.100098
2026-05-19-13-57-55,-254.100006,872.510010,838.270020,-10.100000,-19.900000,127.099998,4818.500000
2026-05-19-13-57-55,-255.850006,873.830017,840.130005,-10.100000,-20.000000,127.099998,4827.500000
2026-05-19-13-57-55,-257.209991,874.849976,841.590027,-10.000000,-19.900000,127.099998,4834.600098
2026-05-19-13-57-56,-259.320007,876.440002,843.840027,-9.400000,-19.400000,126.900002,4845.399902
2026-05-19-13-57-56,-261.059998,877.739990,845.700012,-9.000000,-18.900000,126.800003,4854.200195
2026-05-19-13-57-56,-262.700012,878.950012,847.409973,-8.700000,-18.900000,126.800003,4862.500000
2026-05-19-13-57-57,-264.799988,880.500000,849.619995,-9.400000,-19.400000,127.000000,4873.200195
2026-05-19-13-57-57,-267.339996,882.369995,852.289978,-10.000000,-19.900000,127.099998,4886.100098
2026-05-19-13-57-57,-269.059998,883.619995,854.099976,-10.100000,-19.900000,127.099998,4894.700195
2026-05-19-13-57-58,-270.440002,884.619995,855.539978,-10.000000,-20.000000,127.099998,4901.600098
2026-05-19-13-57-58,-272.630005,886.200012,857.809998,-9.500000,-19.700001,127.000000,4912.500000
2026-05-19-13-57-58,-274.429993,887.510010,859.669983,-9.100000,-19.100000,126.900002,4921.399902
2026-05-19-13-57-58,-276.100006,888.719971,861.380005,-8.700000,-18.600000,126.800003,4929.600098
2026-05-19-13-57-59,-278.239990,890.260010,863.559998,-8.900000,-18.799999,126.900002,4940.200195
2026-05-19-13-57-59,-280.829987,892.130005,866.200012,-9.600000,-19.700001,127.099998,4952.899902
2026-05-19-13-57-59,-282.690002,893.460022,868.090027,-9.700000,-19.900000,127.199997,4961.899902
2026-05-19-13-58-00,-284.130005,894.469971,869.530029,-9.900000,-20.200001,127.199997,4968.899902
2026-05-19-13-58-00,-286.429993,896.080017,871.809998,-9.800000,-20.000000,127.099998,4979.899902
2026-05-19-13-58-00,-288.329987,897.409973,873.700012,-9.600000,-19.400000,127.000000,4988.899902
2026-05-19-13-58-01,-290.089996,898.640015,875.440002,-9.100000,-18.799999,127.000000,4997.299805
2026-05-19-13-58-01,-292.359985,900.190002,877.659973,-8.900000,-18.700001,127.000000,5007.899902
2026-05-19-13-58-01,-295.070007,902.030029,880.330017,-9.400000,-19.700001,127.199997,5020.500000
2026-05-19-13-58-02,-297.089996,903.380005,882.330017,-9.500000,-19.900000,127.199997,5030.000000
2026-05-19-13-58-02,-298.619995,904.409973,883.840027,-10.000000,-20.299999,127.300003,5037.299805
2026-05-19-13-58-02,-300.980011,906.039978,886.190002,-10.200000,-20.400000,127.400002,5048.399902
2026-05-19-13-58-02,-302.910004,907.390015,888.109985,-9.800000,-20.000000,127.300003,5057.500000
2026-05-19-13-58-03,-304.760010,908.669983,889.940002,-9.400000,-19.400000,127.199997,5066.100098
2026-05-19-13-58-03,-307.049988,910.250000,892.190002,-9.000000,-18.900000,127.199997,5076.799805
2026-05-19-13-58-04,-309.690002,912.150024,894.840027,-9.300000,-19.500000,127.300003,5089.299805
2026-05-19-13-58-04,-311.690002,913.580017,896.820007,-9.500000,-19.799999,127.400002,5098.700195
2026-05-19-13-58-04,-313.320007,914.729980,898.369995,-9.900000,-20.400000,127.500000,5106.100098
2026-05-19-13-58-04,-315.799988,916.510010,900.729980,-10.200000,-20.500000,127.599998,5117.399902
2026-05-19-13-58-05,-317.820007,917.960022,902.630005,-10.100000,-20.000000,127.599998,5126.600098
2026-05-19-13-58-05,-319.709991,919.309998,904.409973,-9.800000,-19.600000,127.500000,5135.100098
2026-05-19-13-58-05,-322.100006,921.030029,906.679993,-9.500000,-19.500000,127.500000,5145.899902
2026-05-19-13-58-06,-325.059998,923.150024,909.510010,-9.500000,-20.100000,127.500000,5159.100098
2026-05-19-13-58-06,-327.260010,924.729980,911.609985,-9.600000,-20.200001,127.500000,5169.000000
2026-05-19-13-58-06,-328.890015,925.900024,913.140015,-9.800000,-20.200001,127.500000,5176.299805
2026-05-19-13-58-06,-331.470001,927.750000,915.549988,-9.900000,-19.700001,127.500000,5187.799805
2026-05-19-13-58-07,-333.640015,929.309998,917.580017,-9.800000,-19.200001,127.500000,5197.399902
2026-05-19-13-58-07,-335.600006,930.719971,919.419983,-9.600000,-19.100000,127.500000,5206.100098
2026-05-19-13-58-07,-338.040009,932.469971,921.719971,-9.500000,-19.400000,127.599998,5216.899902
2026-05-19-13-58-08,-341.010010,934.590027,924.510010,-9.700000,-19.700001,127.599998,5230.100098
2026-05-19-13-58-08,-343.119995,936.109985,926.489990,-9.800000,-19.799999,127.599998,5239.399902
2026-05-19-13-58-08,-344.779999,937.289978,928.030029,-10.000000,-19.700001,127.599998,5246.700195
2026-05-19-13-58-09,-347.399994,939.169983,930.460022,-9.900000,-19.299999,127.599998,5258.299805
2026-05-19-13-58-09,-349.549988,940.710022,932.450012,-9.600000,-19.000000,127.500000,5267.799805
2026-05-19-13-58-09,-351.519989,942.109985,934.289978,-9.400000,-18.799999,127.500000,5276.399902
2026-05-19-13-58-09,-354.049988,943.909973,936.630005,-9.600000,-18.900000,127.500000,5287.500000
2026-05-19-13-58-10,-357.109985,946.090027,939.469971,-9.900000,-19.200001,127.599998,5301.000000
2026-05-19-13-58-10,-359.260010,947.599976,941.460022,-10.000000,-19.299999,127.599998,5310.500000
2026-05-19-13-58-10,-361.019989,948.849976,943.099976,-10.000000,-19.400000,127.699997,5318.200195
2026-05-19-13-58-11,-363.670013,950.710022,945.539978,-9.800000,-19.100000,127.699997,5329.899902
2026-05-19-13-58-11,-365.839996,952.239990,947.539978,-9.700000,-19.000000,127.800003,5339.399902
2026-05-19-13-58-11,-367.859985,953.669983,949.409973,-9.800000,-19.000000,127.800003,5348.299805
2026-05-19-13-58-12,-370.440002,955.479980,951.780029,-10.100000,-19.299999,127.900002,5359.600098
2026-05-19-13-58-12,-373.500000,957.619995,954.599976,-10.100000,-19.200001,127.800003,5373.000000
2026-05-19-13-58-12,-375.739990,959.179993,956.659973,-10.000000,-19.200001,127.800003,5382.799805
2026-05-19-13-58-12,-377.480011,960.390015,958.270020,-9.800000,-19.000000,127.800003,5390.399902
2026-05-19-13-58-13,-380.160004,962.239990,960.729980,-9.600000,-18.799999,127.800003,5402.100098
2026-05-19-13-58-13,-382.390015,963.780029,962.780029,-9.800000,-19.000000,127.900002,5411.899902
2026-05-19-13-58-13,-384.399994,965.169983,964.630005,-10.100000,-19.299999,128.000000,5420.700195
2026-05-19-13-58-14,-386.989990,966.950012,966.989990,-10.400000,-19.400000,128.000000,5432.000000
2026-05-19-13-58-14,-390.119995,969.109985,969.849976,-10.200000,-19.100000,128.000000,5445.600098
2026-05-19-13-58-14,-392.570007,970.780029,972.080017,-9.900000,-18.900000,128.000000,5456.299805
2026-05-19-13-58-14,-394.339996,971.989990,973.700012,-9.600000,-18.600000,127.900002,5464.100098
2026-05-19-13-58-15,-397.049988,973.840027,976.190002,-9.500000,-18.700001,127.900002,5476.000000
2026-05-19-13-58-15,-399.290009,975.349976,978.239990,-9.700000,-19.100000,128.000000,5485.700195
2026-05-19-13-58-15,-401.339996,976.739990,980.109985,-10.300000,-19.600000,128.000000,5494.700195
2026-05-19-13-58-16,-403.970001,978.530029,982.500000,-10.600000,-19.600000,128.100006,5506.200195
2026-05-19-13-58-16,-407.109985,980.659973,985.330017,-10.000000,-18.700001,127.900002,5519.899902
2026-05-19-13-58-16,-409.459991,982.250000,987.450012,-9.800000,-18.500000,127.900002,5530.100098
2026-05-19-13-58-17,-411.239990,983.450012,989.059998,-9.500000,-18.200001,127.900002,5537.899902
2026-05-19-13-58-17,-413.970001,985.270020,991.530029,-9.400000,-18.500000,127.900002,5549.799805
2026-05-19-13-58-17,-416.220001,986.770020,993.590027,-9.700000,-19.100000,128.100006,5559.700195
2026-05-19-13-58-18,-418.279999,988.140015,995.469971,-10.300000,-19.700001,128.199997,5568.700195
2026-05-19-13-58-18,-420.929993,989.900024,997.869995,-10.700000,-19.700001,128.199997,5580.200195
2026-05-19-13-58-18,-424.149994,992.049988,1000.770020,-10.000000,-18.600000,128.100006,5594.299805
2026-05-19-13-58-18,-426.390015,993.530029,1002.770020,-9.800000,-18.400000,128.000000,5604.000000
2026-05-19-13-58-19,-428.190002,994.719971,1004.400024,-9.400000,-18.100000,128.000000,5611.899902
2026-05-19-13-58-19,-430.970001,996.549988,1006.929993,-9.600000,-18.600000,128.100006,5624.100098
2026-05-19-13-58-19,-433.279999,998.070007,1009.030029,-10.100000,-19.400000,128.300003,5634.200195
2026-05-19-13-58-20,-435.380005,999.440002,1010.919983,-10.500000,-19.799999,128.399994,5643.299805
2026-05-19-13-58-20,-438.049988,1001.179993,1013.320007,-10.600000,-19.600000,128.399994,5655.000000
2026-05-19-13-58-20,-441.209991,1003.260010,1016.159973,-10.000000,-18.799999,128.300003,5668.799805
2026-05-19-13-58-21,-443.410004,1004.700012,1018.150024,-9.800000,-18.600000,128.300003,5678.399902
2026-05-19-13-58-21,-445.220001,1005.880005,1019.780029,-9.600000,-18.400000,128.199997,5686.299805
2026-05-19-13-58-21,-447.989990,1007.669983,1022.280029,-9.700000,-18.700001,128.199997,5698.299805
2026-05-19-13-58-21,-450.299988,1009.150024,1024.359985,-10.000000,-19.200001,128.300003,5708.399902
2026-05-19-13-58-22,-452.459991,1010.539978,1026.300049,-10.400000,-19.400000,128.399994,5717.799805
2026-05-19-13-58-22,-455.220001,1012.320007,1028.770020,-10.600000,-19.299999,128.399994,5729.799805
2026-05-19-13-58-23,-458.540009,1014.450012,1031.739990,-10.100000,-18.799999,128.300003,5744.299805
2026-05-19-13-58-23,-460.950012,1016.000000,1033.910034,-9.900000,-18.600000,128.300003,5754.799805
2026-05-19-13-58-23,-462.809998,1017.179993,1035.579956,-9.700000,-18.500000,128.300003,5762.899902
2026-05-19-13-58-23,-465.640015,1018.989990,1038.140015,-9.800000,-18.799999,128.300003,5775.299805
2026-05-19-13-58-24,-467.989990,1020.489990,1040.260010,-10.200000,-19.100000,128.300003,5785.500000
2026-05-19-13-58-24,-470.119995,1021.840027,1042.180054,-10.400000,-19.299999,128.399994,5794.799805
2026-05-19-13-58-24,-472.839996,1023.570007,1044.619995,-10.500000,-19.200001,128.399994,5806.700195
2026-05-19-13-58-25,-476.130005,1025.660034,1047.560059,-10.100000,-18.900000,128.399994,5821.100098
2026-05-19-13-58-25,-478.470001,1027.150024,1049.650024,-10.100000,-18.799999,128.399994,5831.299805
2026-05-19-13-58-25,-480.359985,1028.349976,1051.349976,-9.900000,-18.600000,128.399994,5839.600098
2026-05-19-13-58-25,-483.190002,1030.130005,1053.900024,-9.900000,-18.799999,128.399994,5852.000000
2026-05-19-13-58-26,-485.570007,1031.619995,1056.030029,-10.100000,-19.000000,128.399994,5862.399902
2026-05-19-13-58-26,-487.739990,1032.979980,1057.979980,-10.300000,-19.100000,128.500000,5871.899902
2026-05-19-13-58-26,-490.559998,1034.750000,1060.500000,-10.500000,-19.200001,128.500000,5884.200195
2026-05-19-13-58-27,-493.910004,1036.849976,1063.500000,-10.300000,-18.900000,128.500000,5898.899902
2026-05-19-13-58-27,-496.369995,1038.390015,1065.709961,-10.300000,-18.900000,128.500000,5909.700195
2026-05-19-13-58-27,-498.299988,1039.599976,1067.439941,-10.100000,-18.799999,128.500000,5918.100098
2026-05-19-13-58-28,-501.209991,1041.410034,1070.060059,-10.000000,-18.799999,128.399994,5930.899902
2026-05-19-13-58-28,-503.540009,1042.849976,1072.150024,-10.000000,-18.799999,128.500000,5941.100098
2026-05-19-13-58-28,-505.730011,1044.209961,1074.119995,-10.000000,-19.100000,128.600006,5950.799805
2026-05-19-13-58-29,-508.579987,1045.989990,1076.670044,-10.500000,-19.299999,128.699997,5963.299805
2026-05-19-13-58-29,-512.010010,1048.130005,1079.750000,-10.600000,-19.299999,128.699997,5978.500000
2026-05-19-13-58-29,-514.650024,1049.780029,1082.119995,-10.500000,-19.200001,128.699997,5990.200195
2026-05-19-13-58-29,-516.479980,1050.920044,1083.770020,-10.300000,-19.100000,128.600006,5998.200195
2026-05-19-13-58-30,-519.409973,1052.739990,1086.390015,-10.000000,-18.700001,128.600006,6011.200195
2026-05-19-13-58-30,-521.809998,1054.229980,1088.540039,-9.900000,-18.600000,128.600006,6021.799805
2026-05-19-13-58-30,-523.979980,1055.579956,1090.479980,-10.100000,-18.700001,128.699997,6031.399902
2026-05-19-13-58-31,-526.760010,1057.280029,1092.959961,-10.700000,-19.500000,128.800003,6043.700195
2026-05-19-13-58-31,-530.140015,1059.339966,1095.989990,-10.800000,-19.600000,128.899994,6058.600098
2026-05-19-13-58-31,-532.640015,1060.869995,1098.219971,-10.800000,-19.500000,128.899994,6069.600098
2026-05-19-13-58-31,-534.559998,1062.050049,1099.930054,-10.600000,-19.200001,128.899994,6078.100098
2026-05-19-13-58-32,-537.530029,1063.859985,1102.560059,-10.200000,-18.600000,128.800003,6091.200195
2026-05-19-13-58-32,-539.960022,1065.339966,1104.729980,-10.100000,-18.600000,128.800003,6102.000000
2026-05-19-13-58-32,-542.239990,1066.719971,1106.760010,-10.300000,-18.900000,128.800003,6112.000000
2026-05-19-13-58-33,-545.049988,1068.420044,1109.260010,-10.600000,-19.400000,129.000000,6124.500000
2026-05-19-13-58-33,-548.400024,1070.449951,1112.250000,-10.800000,-19.400000,129.000000,6139.299805
2026-05-19-13-58-33,-550.849976,1071.939941,1114.420044,-10.800000,-19.299999,129.000000,6150.200195
2026-05-19-13-58-34,-552.739990,1073.079956,1116.099976,-10.600000,-19.100000,129.000000,6158.500000
2026-05-19-13-58-34,-555.700012,1074.869995,1118.729980,-10.300000,-18.700001,128.899994,6171.700195
2026-05-19-13-58-34,-558.109985,1076.319946,1120.880005,-10.200000,-18.700001,128.899994,6182.399902
2026-05-19-13-58-35,-560.440002,1077.719971,1122.930054,-10.300000,-18.799999,128.899994,6192.700195
2026-05-19-13-58-35,-563.299988,1079.430054,1125.459961,-10.600000,-19.100000,129.000000,6205.399902
2026-05-19-13-58-35,-566.690002,1081.459961,1128.449951,-10.700000,-19.299999,129.199997,6220.399902
2026-05-19-13-58-35,-569.190002,1082.949951,1130.650024,-10.800000,-19.299999,129.199997,6231.500000
2026-05-19-13-58-36,-571.109985,1084.099976,1132.349976,-10.800000,-19.100000,129.199997,6240.000000
2026-05-19-13-58-36,-574.109985,1085.880005,1134.989990,-10.500000,-18.799999,129.199997,6253.299805
2026-05-19-13-58-36,-576.609985,1087.369995,1137.189941,-10.300000,-18.600000,129.100006,6264.399902
2026-05-19-13-58-37,-578.809998,1088.670044,1139.130005,-10.200000,-18.700001,129.100006,6274.200195
2026-05-19-13-58-37,-581.719971,1090.380005,1141.689941,-10.500000,-19.000000,129.199997,6287.100098
2026-05-19-13-58-37,-585.229980,1092.449951,1144.780029,-10.900000,-19.299999,129.399994,6302.700195
2026-05-19-13-58-38,-587.820007,1093.979980,1147.050049,-11.000000,-19.299999,129.399994,6314.200195
2026-05-19-13-58-38,-589.760010,1095.119995,1148.750000,-10.900000,-19.200001,129.399994,6322.799805
2026-05-19-13-58-38,-592.750000,1096.880005,1151.380005,-10.500000,-19.000000,129.399994,6336.100098
2026-05-19-13-58-38,-595.250000,1098.339966,1153.579956,-10.200000,-18.700001,129.399994,6347.299805
2026-05-19-13-58-39,-597.559998,1099.680054,1155.609985,-10.200000,-18.700001,129.399994,6357.500000
2026-05-19-13-58-39,-600.520020,1101.400024,1158.209961,-10.600000,-18.900000,129.399994,6370.700195
2026-05-19-13-58-40,-604.059998,1103.449951,1161.319946,-11.100000,-19.200001,129.600006,6386.500000
2026-05-19-13-58-40,-606.690002,1104.969971,1163.619995,-11.100000,-19.200001,129.600006,6398.200195
2026-05-19-13-58-40,-608.679993,1106.109985,1165.369995,-11.100000,-19.100000,129.699997,6407.000000
2026-05-19-13-58-40,-611.719971,1107.869995,1168.040039,-10.800000,-18.900000,129.699997,6420.600098
2026-05-19-13-58-41,-614.239990,1109.319946,1170.260010,-10.500000,-18.799999,129.600006,6431.799805
2026-05-19-13-58-41,-616.570007,1110.660034,1172.290039,-10.400000,-18.700001,129.600006,6442.100098
2026-05-19-13-58-41,-619.489990,1112.329956,1174.839966,-10.500000,-18.600000,129.600006,6455.100098
2026-05-19-13-58-42,-622.989990,1114.329956,1177.880005,-10.800000,-18.799999,129.699997,6470.700195
2026-05-19-13-58-42,-625.679993,1115.859985,1180.199951,-11.000000,-18.900000,129.800003,6482.700195
2026-05-19-13-58-42,-627.690002,1117.000000,1181.949951,-11.200000,-19.000000,129.899994,6491.700195
2026-05-19-13-58-42,-630.859985,1118.790039,1184.699951,-11.000000,-19.100000,130.000000,6505.799805
2026-05-19-13-58-43,-633.440002,1120.250000,1186.949951,-10.800000,-19.000000,130.000000,6517.299805
2026-05-19-13-58-43,-635.760010,1121.550049,1188.969971,-10.600000,-18.700001,130.000000,6527.600098
2026-05-19-13-58-43,-638.700012,1123.199951,1191.530029,-10.600000,-18.600000,130.000000,6540.700195
2026-05-19-13-58-44,-642.299988,1125.209961,1194.660034,-11.000000,-18.900000,130.100006,6556.700195
2026-05-19-13-58-44,-644.900024,1126.650024,1196.920044,-11.100000,-19.000000,130.199997,6568.299805
2026-05-19-13-58-44,-646.969971,1127.800049,1198.729980,-11.100000,-19.200001,130.199997,6577.600098
2026-05-19-13-58-45,-650.059998,1129.530029,1201.420044,-11.100000,-19.100000,130.300003,6591.399902
2026-05-19-13-58-45,-652.630005,1130.959961,1203.650024,-11.000000,-18.799999,130.199997,6602.799805
2026-05-19-13-58-45,-655.020020,1132.280029,1205.709961,-10.900000,-18.400000,130.100006,6613.399902
2026-05-19-13-58-46,-657.960022,1133.910034,1208.270020,-10.700000,-18.200001,130.199997,6626.600098
2026-05-19-13-58-46,-661.590027,1135.910034,1211.420044,-10.900000,-18.700001,130.300003,6642.799805
2026-05-19-13-58-46,-664.320007,1137.400024,1213.800049,-11.000000,-18.799999,130.399994,6655.000000
2026-05-19-13-58-46,-666.320007,1138.500000,1215.550049,-11.100000,-19.000000,130.399994,6664.000000
2026-05-19-13-58-47,-669.489990,1140.229980,1218.300049,-11.200000,-19.200001,130.500000,6678.100098
2026-05-19-13-58-47,-672.159973,1141.689941,1220.609985,-11.200000,-19.000000,130.399994,6690.100098
2026-05-19-13-58-47,-674.559998,1143.000000,1222.680054,-10.900000,-18.600000,130.399994,6700.799805
2026-05-19-13-58-48,-677.590027,1144.650024,1225.290039,-10.700000,-18.100000,130.300003,6714.299805
2026-05-19-13-58-48,-681.239990,1146.640015,1228.449951,-10.800000,-18.400000,130.399994,6730.700195
2026-05-19-13-58-48,-683.890015,1148.069946,1230.750000,-10.800000,-18.600000,130.399994,6742.600098
2026-05-19-13-58-48,-685.969971,1149.199951,1232.560059,-11.100000,-19.000000,130.500000,6751.899902
2026-05-19-13-58-49,-689.140015,1150.910034,1235.300049,-11.400000,-19.200001,130.600006,6766.100098
2026-05-19-13-58-49,-691.780029,1152.329956,1237.589966,-11.300000,-18.799999,130.600006,6778.000000
2026-05-19-13-58-49,-694.200012,1153.640015,1239.680054,-11.000000,-18.500000,130.500000,6788.799805
2026-05-19-13-58-50,-697.250000,1155.270020,1242.319946,-10.700000,-18.299999,130.500000,6802.500000
2026-05-19-13-58-50,-700.909973,1157.229980,1245.489990,-10.800000,-18.500000,130.500000,6818.899902
2026-05-19-13-58-50,-703.559998,1158.640015,1247.770020,-10.900000,-18.600000,130.500000,6830.799805
2026-05-19-13-58-51,-705.609985,1159.729980,1249.550049,-11.100000,-18.700001,130.600006,6840.100098
2026-05-19-13-58-51,-708.809998,1161.430054,1252.310059,-11.300000,-18.900000,130.600006,6854.399902
2026-05-19-13-58-51,-711.450012,1162.819946,1254.579956,-11.300000,-18.700001,130.600006,6866.299805
2026-05-19-13-58-52,-713.880005,1164.109985,1256.660034,-11.200000,-18.500000,130.600006,6877.200195
2026-05-19-13-58-52,-717.010010,1165.770020,1259.339966,-11.000000,-18.299999,130.600006,6891.200195
2026-05-19-13-58-52,-720.729980,1167.739990,1262.550049,-11.000000,-18.500000,130.600006,6908.000000
2026-05-19-13-58-53,-723.640015,1169.260010,1265.060059,-11.200000,-18.799999,130.600006,6921.100098
2026-05-19-13-58-53,-725.729980,1170.349976,1266.859985,-11.300000,-19.000000,130.600006,6930.500000
2026-05-19-13-58-53,-728.950012,1172.040039,1269.630005,-11.300000,-19.000000,130.699997,6945.000000
2026-05-19-13-58-53,-731.599976,1173.430054,1271.890015,-11.200000,-18.900000,130.699997,6957.000000
2026-05-19-13-58-54,-734.000000,1174.680054,1273.939941,-11.000000,-18.600000,130.600006,6967.799805
2026-05-19-13-58-54,-737.090027,1176.300049,1276.579956,-11.000000,-18.500000,130.600006,6981.700195
2026-05-19-13-58-55,-740.859985,1178.270020,1279.810059,-11.000000,-18.500000,130.600006,6998.700195
2026-05-19-13-58-55,-743.559998,1179.670044,1282.130005,-11.100000,-18.600000,130.600006,7010.899902
2026-05-19-13-58-55,-745.770020,1180.819946,1284.030029,-11.200000,-18.799999,130.600006,7020.899902
2026-05-19-13-58-55,-749.080017,1182.540039,1286.880005,-11.300000,-19.100000,130.600006,7035.899902
2026-05-19-13-58-56,-751.750000,1183.930054,1289.170044,-11.300000,-18.900000,130.699997,7048.000000
2026-05-19-13-58-56,-754.260010,1185.239990,1291.329956,-11.100000,-18.700001,130.600006,7059.299805
2026-05-19-13-58-56,-757.429993,1186.900024,1294.060059,-11.000000,-18.700001,130.500000,7073.700195
2026-05-19-13-58-57,-761.159973,1188.839966,1297.280029,-11.000000,-18.900000,130.500000,7090.600098
2026-05-19-13-58-57,-763.919983,1190.280029,1299.660034,-11.000000,-19.000000,130.500000,7103.100098
2026-05-19-13-58-57,-766.070007,1191.400024,1301.510010,-11.100000,-19.200001,130.500000,7112.799805
2026-05-19-13-58-57,-769.380005,1193.119995,1304.349976,-11.200000,-19.200001,130.500000,7127.700195
2026-05-19-13-58-58,-772.159973,1194.569946,1306.719971,-11.200000,-19.200001,130.500000,7140.299805
2026-05-19-13-58-58,-774.690002,1195.880005,1308.880005,-11.200000,-19.000000,130.500000,7151.700195
2026-05-19-13-58-58,-777.869995,1197.540039,1311.589966,-11.000000,-18.900000,130.399994,7166.000000
2026-05-19-13-58-59,-781.659973,1199.510010,1314.819946,-10.800000,-18.799999,130.300003,7183.100098
2026-05-19-13-58-59,-784.500000,1200.979980,1317.250000,-10.800000,-18.900000,130.300003,7195.899902
2026-05-19-13-58-59,-786.710022,1202.130005,1319.150024,-10.900000,-19.000000,130.300003,7205.899902
2026-05-19-13-59-00,-790.059998,1203.869995,1322.010010,-11.100000,-19.299999,130.300003,7220.899902
2026-05-19-13-59-00,-792.789978,1205.290039,1324.349976,-11.100000,-19.299999,130.300003,7233.299805
2026-05-19-13-59-00,-795.320007,1206.599976,1326.510010,-10.900000,-19.000000,130.199997,7244.700195
2026-05-19-13-59-01,-798.580017,1208.300049,1329.310059,-10.800000,-18.799999,130.100006,7259.399902
2026-05-19-13-59-01,-802.489990,1210.329956,1332.650024,-10.800000,-18.700001,130.000000,7277.000000
2026-05-19-13-59-01,-804.450012,1211.349976,1334.329956,-10.800000,-18.700001,130.000000,7285.899902
2026-05-19-13-59-01,-807.450012,1212.910034,1336.880005,-10.900000,-18.799999,130.000000,7299.399902
2026-05-19-13-59-02,-810.760010,1214.630005,1339.719971,-11.000000,-19.100000,130.000000,7314.399902
2026-05-19-13-59-02,-813.500000,1216.050049,1342.060059,-11.000000,-19.200001,130.000000,7326.799805
2026-05-19-13-59-02,-816.049988,1217.380005,1344.250000,-11.000000,-19.200001,129.899994,7338.299805
2026-05-19-13-59-03,-819.280029,1219.060059,1347.020020,-10.800000,-18.900000,129.800003,7352.899902
2026-05-19-13-59-03,-823.059998,1221.030029,1350.239990,-10.600000,-18.700001,129.699997,7370.100098
2026-05-19-13-59-03,-825.820007,1222.459961,1352.579956,-10.600000,-18.799999,129.699997,7382.500000
2026-05-19-13-59-03,-828.059998,1223.630005,1354.479980,-10.600000,-18.900000,129.699997,7392.600098
2026-05-19-13-59-04,-831.489990,1225.400024,1357.380005,-10.800000,-19.200001,129.699997,7408.100098
2026-05-19-13-59-04,-834.270020,1226.839966,1359.719971,-11.000000,-19.299999,129.600006,7420.600098
2026-05-19-13-59-04,-836.859985,1228.180054,1361.910034,-11.000000,-19.299999,129.600006,7432.299805
2026-05-19-13-59-05,-840.090027,1229.849976,1364.640015,-10.700000,-19.200001,129.500000,7446.899902
2026-05-19-13-59-05,-844.020020,1231.880005,1367.939941,-10.400000,-18.900000,129.300003,7464.600098
2026-05-19-13-59-05,-846.960022,1233.400024,1370.410034,-10.400000,-18.799999,129.300003,7477.899902
2026-05-19-13-59-05,-849.140015,1234.520020,1372.239990,-10.500000,-18.799999,129.300003,7487.799805
2026-05-19-13-59-06,-852.590027,1236.290039,1375.160034,-10.600000,-19.200001,129.300003,7503.399902
2026-05-19-13-59-06,-855.400024,1237.739990,1377.550049,-10.800000,-19.500000,129.199997,7516.200195
2026-05-19-13-59-06,-858.020020,1239.089966,1379.770020,-10.800000,-19.500000,129.199997,7528.000000
2026-05-19-13-59-07,-861.239990,1240.760010,1382.489990,-10.600000,-19.200001,129.100006,7542.700195
2026-05-19-13-59-07,-865.260010,1242.829956,1385.869995,-10.400000,-18.900000,128.899994,7560.899902
2026-05-19-13-59-07,-868.270020,1244.390015,1388.380005,-10.400000,-18.900000,128.899994,7574.500000
2026-05-19-13-59-08,-870.539978,1245.560059,1390.290039,-10.400000,-19.100000,128.899994,7584.899902
2026-05-19-13-59-08,-874.080017,1247.380005,1393.260010,-10.600000,-19.500000,128.899994,7600.899902
2026-05-19-13-59-08,-876.950012,1248.859985,1395.680054,-10.600000,-19.600000,128.800003,7614.000000
2026-05-19-13-59-09,-879.580017,1250.219971,1397.890015,-10.600000,-19.400000,128.800003,7625.899902
2026-05-19-13-59-09,-882.890015,1251.930054,1400.650024,-10.400000,-19.200001,128.600006,7641.000000
2026-05-19-13-59-09,-886.900024,1253.989990,1403.989990,-10.300000,-19.000000,128.500000,7659.200195
2026-05-19-13-59-10,-890.039978,1255.599976,1406.619995,-10.300000,-19.000000,128.500000,7673.500000
2026-05-19-13-59-10,-892.229980,1256.719971,1408.439941,-10.300000,-19.100000,128.500000,7683.399902
2026-05-19-13-59-10,-895.869995,1258.569946,1411.489990,-10.500000,-19.500000,128.500000,7700.000000
2026-05-19-13-59-10,-898.739990,1260.030029,1413.900024,-10.500000,-19.700001,128.500000,7713.100098
2026-05-19-13-59-11,-901.419983,1261.390015,1416.140015,-10.500000,-19.600000,128.399994,7725.299805
2026-05-19-13-59-11,-904.760010,1263.099976,1418.930054,-10.300000,-19.100000,128.300003,7740.500000
2026-05-19-13-59-12,-908.799988,1265.170044,1422.290039,-10.000000,-18.700001,128.199997,7759.000000
2026-05-19-13-59-12,-911.969971,1266.780029,1424.910034,-10.000000,-18.700001,128.199997,7773.399902
2026-05-19-13-59-12,-914.299988,1267.959961,1426.849976,-10.100000,-19.000000,128.199997,7784.100098
2026-05-19-13-59-12,-917.859985,1269.770020,1429.810059,-10.500000,-19.600000,128.300003,7800.399902
2026-05-19-13-59-13,-920.739990,1271.219971,1432.209961,-10.600000,-19.700001,128.300003,7813.500000
2026-05-19-13-59-13,-923.390015,1272.560059,1434.410034,-10.400000,-19.500000,128.300003,7825.600098
2026-05-19-13-59-13,-926.799988,1274.290039,1437.229980,-10.100000,-19.000000,128.199997,7841.200195
2026-05-19-13-59-14,-930.940002,1276.380005,1440.650024,-10.000000,-18.799999,128.100006,7860.200195
2026-05-19-13-59-14,-933.929993,1277.880005,1443.119995,-10.000000,-18.799999,128.199997,7873.799805
2026-05-19-13-59-14,-936.260010,1279.050049,1445.060059,-10.200000,-19.000000,128.199997,7884.500000
2026-05-19-13-59-14,-939.780029,1280.800049,1447.989990,-10.600000,-19.600000,128.300003,7900.600098
2026-05-19-13-59-15,-942.739990,1282.280029,1450.459961,-10.700000,-19.700001,128.399994,7914.200195
2026-05-19-13-59-15,-945.460022,1283.630005,1452.709961,-10.600000,-19.600000,128.399994,7926.600098
2026-05-19-13-59-15,-948.849976,1285.329956,1455.530029,-10.200000,-19.100000,128.199997,7942.100098
2026-05-19-13-59-16,-952.989990,1287.400024,1458.959961,-10.000000,-18.900000,128.300003,7961.100098
2026-05-19-13-59-16,-955.929993,1288.859985,1461.390015,-10.000000,-18.799999,128.300003,7974.600098
2026-05-19-13-59-16,-958.239990,1290.000000,1463.300049,-10.100000,-18.799999,128.300003,7985.200195
2026-05-19-13-59-17,-961.820007,1291.770020,1466.250000,-10.400000,-19.100000,128.399994,8001.600098
2026-05-19-13-59-17,-964.780029,1293.229980,1468.699951,-10.800000,-19.500000,128.600006,8015.200195
2026-05-19-13-59-17,-967.409973,1294.530029,1470.880005,-10.900000,-19.600000,128.699997,8027.399902
2026-05-19-13-59-18,-970.780029,1296.189941,1473.660034,-10.600000,-19.299999,128.800003,8042.899902
2026-05-19-13-59-18,-974.950012,1298.250000,1477.119995,-10.100000,-18.799999,128.699997,8062.100098
2026-05-19-13-59-18,-978.039978,1299.770020,1479.670044,-10.100000,-18.700001,128.800003,8076.299805
2026-05-19-13-59-18,-980.419983,1300.939941,1481.630005,-10.100000,-18.700001,128.800003,8087.299805
2026-05-19-13-59-19,-984.150024,1302.760010,1484.699951,-10.500000,-19.000000,129.000000,8104.500000
2026-05-19-13-59-19,-987.130005,1304.209961,1487.150024,-10.800000,-19.100000,129.199997,8118.200195
2026-05-19-13-59-19,-989.859985,1305.540039,1489.420044,-11.000000,-19.299999,129.399994,8130.899902
2026-05-19-13-59-20,-993.390015,1307.260010,1492.339966,-11.000000,-19.299999,129.600006,8147.200195
2026-05-19-13-59-20,-997.599976,1309.319946,1495.819946,-10.700000,-18.900000,129.600006,8166.600098
2026-05-19-13-59-20,-1000.760010,1310.849976,1498.420044,-10.600000,-18.799999,129.600006,8181.200195
2026-05-19-13-59-20,-1003.119995,1312.000000,1500.359985,-10.500000,-18.400000,129.699997,8192.200195
2026-05-19-13-59-21,-1006.859985,1313.810059,1503.430054,-10.700000,-18.400000,129.899994,8209.500000
2026-05-19-13-59-21,-1009.909973,1315.280029,1505.939941,-11.200000,-18.900000,130.199997,8223.599609
2026-05-19-13-59-21,-1012.669983,1316.609985,1508.229980,-11.700000,-19.500000,130.399994,8236.400391
2026-05-19-13-59-22,-1016.130005,1318.260010,1511.079956,-11.700000,-19.400000,130.600006,8252.400391
2026-05-19-13-59-22,-1020.320007,1320.280029,1514.520020,-11.000000,-18.400000,130.600006,8271.799805
2026-05-19-13-59-22,-1023.559998,1321.839966,1517.170044,-10.900000,-18.200001,130.600006,8286.799805
2026-05-19-13-59-23,-1025.900024,1322.959961,1519.089966,-10.800000,-18.000000,130.699997,8297.700195
2026-05-19-13-59-23,-1029.599976,1324.719971,1522.140015,-11.100000,-18.299999,131.000000,8314.900391
2026-05-19-13-59-23,-1032.609985,1326.140015,1524.619995,-11.600000,-19.000000,131.300003,8328.799805
2026-05-19-13-59-23,-1035.349976,1327.439941,1526.890015,-11.900000,-19.299999,131.600006,8341.599609
2026-05-19-13-59-24,-1038.810059,1329.079956,1529.719971,-12.000000,-18.900000,131.699997,8357.700195
2026-05-19-13-59-24,-1043.010010,1331.069946,1533.150024,-11.500000,-18.100000,131.800003,8377.200195
2026-05-19-13-59-24,-1046.030029,1332.500000,1535.609985,-11.400000,-18.000000,131.800003,8391.200195
2026-05-19-13-59-25,-1048.400024,1333.609985,1537.550049,-11.300000,-17.900000,131.899994,8402.299805
2026-05-19-13-59-25,-1052.160034,1335.380005,1540.630005,-11.600000,-18.299999,132.300003,8419.799805
2026-05-19-13-59-25,-1055.300049,1336.839966,1543.199951,-12.000000,-18.799999,132.600006,8434.400391
2026-05-19-13-59-26,-1058.060059,1338.140015,1545.459961,-12.300000,-18.900000,132.800003,8447.299805
2026-05-19-13-59-26,-1061.579956,1339.790039,1548.329956,-12.300000,-18.500000,133.000000,8463.700195
2026-05-19-13-59-26,-1065.849976,1341.800049,1551.800049,-12.000000,-17.900000,133.100006,8483.700195
2026-05-19-13-59-27,-1068.910034,1343.229980,1554.290039,-11.900000,-17.799999,133.100006,8497.900391
2026-05-19-13-59-27,-1071.270020,1344.329956,1556.229980,-11.800000,-17.700001,133.199997,8509.000000
2026-05-19-13-59-27,-1074.989990,1346.050049,1559.270020,-12.000000,-17.900000,133.500000,8526.400391
2026-05-19-13-59-27,-1078.010010,1347.449951,1561.739990,-12.400000,-18.299999,133.800003,8540.599609
2026-05-19-13-59-28,-1080.790039,1348.739990,1564.010010,-12.800000,-18.400000,134.000000,8553.599609
2026-05-19-13-59-28,-1084.310059,1350.369995,1566.880005,-12.700000,-18.100000,134.199997,8570.099609
2026-05-19-13-59-29,-1088.589966,1352.339966,1570.380005,-12.300000,-17.700001,134.300003,8590.200195
2026-05-19-13-59-29,-1091.719971,1353.790039,1572.949951,-12.100000,-17.600000,134.399994,8605.000000
2026-05-19-13-59-29,-1094.170044,1354.910034,1574.959961,-12.200000,-17.600000,134.500000,8616.599609
2026-05-19-13-59-29,-1097.859985,1356.599976,1577.969971,-12.600000,-17.600000,134.800003,8633.900391
2026-05-19-13-59-30,-1100.939941,1358.010010,1580.489990,-12.700000,-17.700001,135.000000,8648.500000
2026-05-19-13-59-30,-1103.800049,1359.310059,1582.829956,-12.800000,-17.700001,135.199997,8662.000000
2026-05-19-13-59-30,-1107.300049,1360.910034,1585.699951,-12.900000,-17.799999,135.500000,8678.500000
2026-05-19-13-59-31,-1111.609985,1362.849976,1589.239990,-12.900000,-17.700001,135.800003,8698.900391
2026-05-19-13-59-31,-1114.890015,1364.319946,1591.920044,-12.800000,-17.500000,135.800003,8714.299805
2026-05-19-13-59-31,-1117.380005,1365.449951,1593.949951,-12.800000,-17.299999,135.899994,8726.099609
2026-05-19-13-59-31,-1121.079956,1367.109985,1596.959961,-12.900000,-17.299999,136.100006,8743.599609
2026-05-19-13-59-32,-1124.280029,1368.540039,1599.579956,-13.200000,-17.299999,136.300003,8758.700195
2026-05-19-13-59-32,-1127.079956,1369.790039,1601.859985,-13.400000,-17.500000,136.500000,8772.000000
2026-05-19-13-59-32,-1130.689941,1371.400024,1604.800049,-13.400000,-17.500000,136.800003,8789.000000
2026-05-19-13-59-33,-1135.030029,1373.329956,1608.339966,-13.200000,-17.100000,137.000000,8809.599609
2026-05-19-13-59-33,-1138.150024,1374.709961,1610.880005,-13.100000,-17.000000,137.000000,8824.400391
2026-05-19-13-59-33,-1140.599976,1375.790039,1612.880005,-13.000000,-16.900000,137.100006,8836.000000
2026-05-19-13-59-34,-1144.410034,1377.479980,1615.969971,-13.300000,-17.000000,137.399994,8854.099609
2026-05-19-13-59-34,-1147.500000,1378.849976,1618.469971,-13.600000,-17.100000,137.600006,8868.700195
2026-05-19-13-59-34,-1150.359985,1380.099976,1620.770020,-13.800000,-17.100000,137.800003,8882.299805
2026-05-19-13-59-35,-1153.930054,1381.680054,1623.670044,-13.600000,-17.000000,138.000000,8899.299805
2026-05-19-13-59-35,-1158.439941,1383.670044,1627.339966,-13.600000,-17.100000,138.199997,8920.700195
2026-05-19-13-59-35,-1161.349976,1384.959961,1629.699951,-13.600000,-17.100000,138.300003,8934.500000
2026-05-19-13-59-35,-1163.790039,1386.040039,1631.660034,-13.700000,-17.000000,138.399994,8946.099609
2026-05-19-13-59-36,-1167.530029,1387.699951,1634.660034,-13.800000,-16.600000,138.600006,8963.900391
2026-05-19-13-59-36,-1170.640015,1389.069946,1637.160034,-13.700000,-16.400000,138.800003,8978.599609
2026-05-19-13-59-36,-1173.589966,1390.359985,1639.540039,-13.800000,-16.500000,139.000000,8992.700195
2026-05-19-13-59-37,-1177.239990,1391.959961,1642.500000,-14.100000,-17.000000,139.399994,9010.000000
2026-05-19-13-59-37,-1181.619995,1393.869995,1646.030029,-14.400000,-17.100000,139.600006,9030.900391
2026-05-19-13-59-37,-1184.800049,1395.260010,1648.589966,-14.400000,-17.000000,139.699997,9046.000000
2026-05-19-13-59-37,-1187.239990,1396.329956,1650.540039,-14.300000,-16.700001,139.699997,9057.599609
2026-05-19-13-59-38,-1191.180054,1398.040039,1653.689941,-14.000000,-16.100000,139.800003,9076.299805
2026-05-19-13-59-38,-1194.380005,1399.430054,1656.250000,-14.000000,-16.000000,139.899994,9091.500000
2026-05-19-13-59-38,-1197.300049,1400.689941,1658.609985,-14.200000,-16.299999,140.199997,9105.400391
2026-05-19-13-59-39,-1200.979980,1402.290039,1661.569946,-14.700000,-16.799999,140.600006,9122.900391
2026-05-19-13-59-39,-1205.449951,1404.219971,1665.150024,-14.700000,-16.600000,140.800003,9144.200195
2026-05-19-13-59-39,-1208.819946,1405.680054,1667.859985,-14.700000,-16.500000,140.800003,9160.299805
2026-05-19-13-59-39,-1211.329956,1406.760010,1669.869995,-14.500000,-16.100000,140.800003,9172.200195
2026-05-19-13-59-40,-1215.170044,1408.420044,1672.949951,-14.400000,-15.700000,141.000000,9190.500000
2026-05-19-13-59-40,-1218.369995,1409.790039,1675.520020,-14.400000,-15.800000,141.199997,9205.799805
2026-05-19-13-59-40,-1221.310059,1411.050049,1677.890015,-14.500000,-16.000000,141.399994,9219.799805
2026-05-19-13-59-41,-1225.030029,1412.640015,1680.890015,-14.800000,-16.200001,141.699997,9237.500000
2026-05-19-13-59-41,-1229.569946,1414.569946,1684.530029,-15.000000,-16.100000,141.899994,9259.200195
2026-05-19-13-59-41,-1232.979980,1416.020020,1687.250000,-15.000000,-16.000000,142.000000,9275.400391
2026-05-19-13-59-42,-1235.540039,1417.109985,1689.300049,-14.900000,-15.800000,142.000000,9287.599609
2026-05-19-13-59-42,-1239.430054,1418.770020,1692.410034,-14.700000,-15.300000,142.199997,9306.200195
2026-05-19-13-59-42,-1242.770020,1420.180054,1695.089966,-14.800000,-15.400000,142.399994,9322.099609
2026-05-19-13-59-43,-1245.800049,1421.459961,1697.510010,-14.900000,-15.600000,142.600006,9336.500000
2026-05-19-13-59-43,-1249.619995,1423.069946,1700.569946,-15.100000,-15.800000,142.899994,9354.799805
2026-05-19-13-59-43,-1254.199951,1425.000000,1704.239990,-15.400000,-15.800000,143.100006,9376.700195
2026-05-19-13-59-44,-1257.380005,1426.349976,1706.750000,-15.400000,-15.800000,143.100006,9391.799805
2026-05-19-13-59-44,-1260.000000,1427.459961,1708.829956,-15.400000,-15.500000,143.199997,9404.299805
2026-05-19-13-59-44,-1264.079956,1429.170044,1712.069946,-15.000000,-15.000000,143.399994,9423.700195
2026-05-19-13-59-44,-1267.339966,1430.540039,1714.660034,-14.800000,-14.900000,143.500000,9439.299805
2026-05-19-13-59-45,-1270.339966,1431.800049,1717.050049,-14.900000,-15.100000,143.699997,9453.700195
2026-05-19-13-59-45,-1274.209961,1433.410034,1720.119995,-15.600000,-15.600000,144.100006,9472.099609
2026-05-19-13-59-46,-1278.750000,1435.290039,1723.699951,-16.000000,-15.700000,144.300003,9493.700195
2026-05-19-13-59-46,-1282.020020,1436.650024,1726.280029,-15.900000,-15.600000,144.399994,9509.299805
2026-05-19-13-59-46,-1284.609985,1437.719971,1728.319946,-15.800000,-15.300000,144.399994,9521.700195
2026-05-19-13-59-46,-1288.619995,1439.380005,1731.479980,-15.200000,-14.600000,144.500000,9540.700195
2026-05-19-13-59-47,-1291.869995,1440.729980,1734.050049,-15.000000,-14.400000,144.500000,9556.200195
2026-05-19-13-59-47,-1294.859985,1441.959961,1736.410034,-15.100000,-14.600000,144.699997,9570.500000
2026-05-19-13-59-47,-1298.660034,1443.530029,1739.410034,-15.800000,-15.000000,145.100006,9588.700195
2026-05-19-13-59-48,-1303.300049,1445.430054,1743.060059,-16.299999,-15.100000,145.399994,9610.799805
2026-05-19-13-59-48,-1306.880005,1446.890015,1745.880005,-16.400000,-15.100000,145.399994,9627.900391
2026-05-19-13-59-48,-1309.569946,1447.989990,1747.989990,-16.299999,-15.100000,145.600006,9640.700195
2026-05-19-13-59-48,-1313.540039,1449.619995,1751.130005,-15.900000,-14.700000,145.699997,9659.700195
2026-05-19-13-59-49,-1316.859985,1450.969971,1753.750000,-15.500000,-14.300000,145.699997,9675.599609
2026-05-19-13-59-49,-1319.939941,1452.219971,1756.160034,-15.500000,-14.100000,145.800003,9690.299805
2026-05-19-13-59-49,-1323.750000,1453.760010,1759.150024,-16.000000,-14.300000,146.100006,9708.500000
2026-05-19-13-59-50,-1328.380005,1455.619995,1762.790039,-16.500000,-14.700000,146.500000,9730.599609
2026-05-19-13-59-50,-1331.670044,1456.949951,1765.380005,-16.600000,-14.700000,146.500000,9746.400391
2026-05-19-13-59-50,-1334.209961,1457.969971,1767.369995,-16.600000,-14.700000,146.699997,9758.599609
2026-05-19-13-59-51,-1338.310059,1459.609985,1770.599976,-16.100000,-14.200000,146.800003,9778.200195
2026-05-19-13-59-51,-1341.540039,1460.900024,1773.130005,-15.900000,-13.900000,146.800003,9793.700195
2026-05-19-13-59-51,-1344.609985,1462.130005,1775.520020,-15.900000,-13.800000,146.899994,9808.299805
2026-05-19-13-59-52,-1348.489990,1463.680054,1778.560059,-16.200001,-14.000000,147.199997,9826.900391
2026-05-19-13-59-52,-1353.140015,1465.520020,1782.189941,-16.600000,-14.100000,147.500000,9849.200195
2026-05-19-13-59-52,-1356.510010,1466.849976,1784.810059,-16.600000,-14.100000,147.600006,9865.299805
2026-05-19-13-59-52,-1359.160034,1467.900024,1786.890015,-16.600000,-14.100000,147.699997,9878.000000
2026-05-19-13-59-53,-1363.260010,1469.530029,1790.099976,-16.600000,-14.000000,147.899994,9897.700195
2026-05-19-13-59-53,-1366.619995,1470.849976,1792.719971,-16.500000,-13.700000,148.000000,9913.799805
2026-05-19-13-59-53,-1369.680054,1472.060059,1795.109985,-16.400000,-13.600000,148.100006,9928.500000
2026-05-19-13-59-54,-1373.569946,1473.589966,1798.140015,-16.400000,-13.500000,148.300003,9947.200195
2026-05-19-13-59-54,-1378.280029,1475.430054,1801.819946,-16.600000,-13.600000,148.600006,9969.900391
2026-05-19-13-59-54,-1381.709961,1476.770020,1804.489990,-16.700001,-13.700000,148.600006,9986.400391
2026-05-19-13-59-54,-1384.430054,1477.829956,1806.599976,-16.900000,-13.700000,148.800003,9999.400391
2026-05-19-13-59-55,-1388.469971,1479.400024,1809.750000,-16.799999,-13.700000,149.000000,10018.900391
2026-05-19-13-59-55,-1391.839966,1480.699951,1812.369995,-16.700001,-13.500000,149.100006,10035.099609
2026-05-19-13-59-55,-1394.910034,1481.890015,1814.750000,-16.700001,-13.200000,149.199997,10049.900391
2026-05-19-13-59-56,-1398.839966,1483.400024,1817.790039,-16.799999,-13.000000,149.399994,10068.799805
2026-05-19-13-59-56,-1403.540039,1485.209961,1821.420044,-16.900000,-13.100000,149.699997,10091.400391
2026-05-19-13-59-56,-1406.910034,1486.500000,1824.040039,-17.000000,-13.200000,149.800003,10107.700195
2026-05-19-13-59-56,-1409.560059,1487.510010,1826.109985,-17.100000,-13.500000,150.000000,10120.500000
2026-05-19-13-59-57,-1413.660034,1489.079956,1829.300049,-17.200001,-13.500000,150.199997,10140.299805
2026-05-19-13-59-57,-1417.010010,1490.369995,1831.900024,-17.000000,-13.100000,150.300003,10156.500000
2026-05-19-13-59-57,-1420.109985,1491.550049,1834.290039,-16.900000,-12.600000,150.300003,10171.500000
2026-05-19-13-59-58,-1424.030029,1493.040039,1837.329956,-17.000000,-12.600000,150.500000,10190.400391
2026-05-19-13-59-58,-1428.849976,1494.869995,1841.089966,-17.400000,-13.000000,150.899994,10213.799805
2026-05-19-13-59-58,-1432.280029,1496.170044,1843.739990,-17.500000,-13.100000,151.000000,10230.400391
2026-05-19-13-59-59,-1434.959961,1497.189941,1845.810059,-17.600000,-13.200000,151.199997,10243.400391
2026-05-19-13-59-59,-1439.060059,1498.760010,1848.959961,-17.500000,-13.000000,151.399994,10263.299805
2026-05-19-13-59-59,-1442.449951,1500.050049,1851.569946,-17.299999,-12.700000,151.500000,10279.700195
2026-05-19-14-00-00,-1445.500000,1501.199951,1853.920044,-17.100000,-12.600000,151.600006,10294.500000
2026-05-19-14-00-00,-1449.479980,1502.709961,1857.000000,-17.200001,-12.700000,151.899994,10313.799805
2026-05-19-14-00-00,-1454.300049,1504.530029,1860.719971,-17.700001,-13.100000,152.300003,10337.099609
2026-05-19-14-00-00,-1457.910034,1505.890015,1863.500000,-17.799999,-13.100000,152.300003,10354.500000
2026-05-19-14-00-01,-1460.640015,1506.910034,1865.579956,-17.900000,-13.000000,152.500000,10367.700195
2026-05-19-14-00-01,-1464.790039,1508.479980,1868.760010,-17.700001,-12.400000,152.600006,10387.799805
2026-05-19-14-00-01,-1468.260010,1509.770020,1871.410034,-17.500000,-12.100000,152.600006,10404.400391
2026-05-19-14-00-02,-1471.430054,1510.959961,1873.849976,-17.299999,-12.200000,152.800003,10419.700195
2026-05-19-14-00-02,-1475.560059,1512.500000,1877.020020,-17.700001,-12.500000,153.199997,10439.599609
2026-05-19-14-00-03,-1480.400024,1514.300049,1880.709961,-18.200001,-12.700000,153.500000,10462.799805
2026-05-19-14-00-03,-1484.030029,1515.660034,1883.479980,-18.299999,-12.700000,153.600006,10480.299805
2026-05-19-14-00-03,-1486.780029,1516.680054,1885.569946,-18.299999,-12.400000,153.600006,10493.500000
2026-05-19-14-00-03,-1491.030029,1518.260010,1888.800049,-17.900000,-11.900000,153.699997,10513.799805
2026-05-19-14-00-04,-1494.530029,1519.550049,1891.459961,-17.700001,-11.600000,153.800003,10530.599609
2026-05-19-14-00-04,-1497.739990,1520.739990,1893.910034,-17.600000,-11.500000,153.899994,10546.000000
2026-05-19-14-00-04,-1501.729980,1522.209961,1896.949951,-17.900000,-11.700000,154.300003,10565.200195
2026-05-19-14-00-05,-1506.689941,1524.020020,1900.719971,-18.500000,-12.100000,154.699997,10588.900391
2026-05-19-14-00-05,-1510.300049,1525.349976,1903.459961,-18.600000,-12.100000,154.800003,10606.299805
2026-05-19-14-00-05,-1513.109985,1526.380005,1905.579956,-18.700001,-12.000000,155.000000,10619.700195
2026-05-19-14-00-05,-1517.349976,1527.930054,1908.800049,-18.400000,-11.500000,155.100006,10640.000000
2026-05-19-14-00-06,-1520.810059,1529.199951,1911.430054,-17.900000,-11.100000,155.100006,10656.599609
2026-05-19-14-00-06,-1524.089966,1530.390015,1913.920044,-17.799999,-10.900000,155.100006,10672.299805
2026-05-19-14-00-06,-1528.189941,1531.869995,1917.030029,-18.100000,-11.100000,155.500000,10692.000000
2026-05-19-14-00-07,-1533.160034,1533.660034,1920.770020,-18.799999,-11.600000,156.000000,10715.799805
2026-05-19-14-00-07,-1536.680054,1534.930054,1923.430054,-18.900000,-11.600000,156.100006,10732.700195
2026-05-19-14-00-07,-1539.500000,1535.949951,1925.550049,-19.100000,-11.600000,156.300003,10746.200195
2026-05-19-14-00-07,-1543.770020,1537.489990,1928.770020,-18.700001,-11.000000,156.399994,10766.599609
2026-05-19-14-00-08,-1547.290039,1538.750000,1931.430054,-18.299999,-10.500000,156.399994,10783.500000
2026-05-19-14-00-08,-1550.530029,1539.920044,1933.890015,-18.000000,-10.300000,156.500000,10799.000000
2026-05-19-14-00-08,-1554.609985,1541.369995,1936.969971,-18.200001,-10.400000,156.800003,10818.599609
2026-05-19-14-00-09,-1559.569946,1543.130005,1940.689941,-19.000000,-10.900000,157.399994,10842.400391
2026-05-19-14-00-09,-1563.270020,1544.439941,1943.469971,-19.200001,-11.000000,157.500000,10860.099609
2026-05-19-14-00-09,-1566.060059,1545.430054,1945.560059,-19.400000,-11.000000,157.699997,10873.500000
2026-05-19-14-00-10,-1570.359985,1546.949951,1948.790039,-19.100000,-10.500000,157.800003,10894.099609
2026-05-19-14-00-10,-1573.939941,1548.209961,1951.479980,-18.600000,-10.000000,157.800003,10911.299805
2026-05-19-14-00-10,-1577.260010,1549.369995,1953.979980,-18.400000,-9.800000,157.899994,10927.200195
2026-05-19-14-00-11,-1581.369995,1550.810059,1957.069946,-18.700001,-9.900000,158.300003,10947.000000
2026-05-19-14-00-11,-1586.430054,1552.569946,1960.859985,-19.299999,-10.300000,158.800003,10971.299805
2026-05-19-14-00-11,-1589.989990,1553.800049,1963.530029,-19.400000,-10.400000,158.899994,10988.299805
2026-05-19-14-00-11,-1592.760010,1554.760010,1965.599976,-19.500000,-10.400000,159.100006,11001.599609
2026-05-19-14-00-12,-1597.050049,1556.260010,1968.819946,-19.200001,-10.100000,159.300003,11022.200195
2026-05-19-14-00-12,-1600.619995,1557.489990,1971.489990,-19.100000,-9.900000,159.399994,11039.299805
2026-05-19-14-00-12,-1604.020020,1558.670044,1974.040039,-19.000000,-9.600000,159.500000,11055.700195
2026-05-19-14-00-13,-1608.250000,1560.130005,1977.189941,-19.100000,-9.400000,159.899994,11076.000000
2026-05-19-14-00-13,-1613.380005,1561.890015,1981.020020,-19.500000,-9.700000,160.300003,11100.599609
2026-05-19-14-00-13,-1616.900024,1563.089966,1983.650024,-19.600000,-9.800000,160.399994,11117.500000
2026-05-19-14-00-13,-1619.780029,1564.069946,1985.800049,-19.799999,-9.900000,160.600006,11131.299805
2026-05-19-14-00-14,-1624.030029,1565.520020,1988.969971,-19.799999,-9.600000,160.800003,11151.700195
2026-05-19-14-00-14,-1627.660034,1566.760010,1991.660034,-19.500000,-9.200000,160.899994,11169.099609
2026-05-19-14-00-14,-1631.060059,1567.920044,1994.189941,-19.400000,-8.900000,161.000000,11185.400391
2026-05-19-14-00-15,-1635.280029,1569.349976,1997.329956,-19.400000,-8.800000,161.300003,11205.700195
2026-05-19-14-00-15,-1640.380005,1571.060059,2001.130005,-19.600000,-9.100000,161.800003,11230.099609
2026-05-19-14-00-15,-1643.939941,1572.260010,2003.770020,-19.700001,-9.100000,161.899994,11247.200195
2026-05-19-14-00-15,-1646.760010,1573.209961,2005.859985,-19.799999,-9.100000,162.100006,11260.799805
2026-05-19-14-00-16,-1651.130005,1574.680054,2009.099976,-20.000000,-8.900000,162.399994,11281.700195
2026-05-19-14-00-16,-1654.760010,1575.900024,2011.780029,-19.900000,-8.800000,162.500000,11299.099609
2026-05-19-14-00-16,-1658.140015,1577.030029,2014.290039,-19.799999,-8.500000,162.699997,11315.400391
2026-05-19-14-00-17,-1662.479980,1578.469971,2017.500000,-19.600000,-8.100000,162.899994,11336.200195
2026-05-19-14-00-17,-1667.569946,1580.160034,2021.260010,-19.799999,-8.200000,163.300003,11360.700195
2026-05-19-14-00-17,-1671.439941,1581.449951,2024.130005,-20.000000,-8.300000,163.399994,11379.299805
2026-05-19-14-00-18,-1674.400024,1582.430054,2026.310059,-20.299999,-8.600000,163.699997,11393.500000
2026-05-19-14-00-18,-1678.819946,1583.890015,2029.589966,-20.500000,-8.700000,164.100006,11414.799805
2026-05-19-14-00-18,-1682.500000,1585.109985,2032.310059,-20.200001,-8.200000,164.199997,11432.500000
2026-05-19-14-00-19,-1685.849976,1586.209961,2034.780029,-19.799999,-7.700000,164.199997,11448.599609
2026-05-19-14-00-19,-1690.160034,1587.630005,2037.959961,-19.700001,-7.300000,164.399994,11469.299805
2026-05-19-14-00-19,-1695.280029,1589.300049,2041.739990,-20.200001,-7.600000,164.800003,11493.900391
2026-05-19-14-00-20,-1698.969971,1590.510010,2044.459961,-20.299999,-7.700000,165.000000,11511.700195
2026-05-19-14-00-20,-1701.920044,1591.469971,2046.640015,-20.600000,-8.100000,165.300003,11525.900391
2026-05-19-14-00-20,-1706.369995,1592.920044,2049.929932,-20.799999,-8.100000,165.699997,11547.299805
2026-05-19-14-00-20,-1710.010010,1594.099976,2052.610107,-20.400000,-7.600000,165.800003,11564.799805
2026-05-19-14-00-21,-1713.410034,1595.209961,2055.110107,-19.900000,-6.900000,165.699997,11581.200195
2026-05-19-14-00-21,-1717.680054,1596.589966,2058.260010,-19.700001,-6.500000,165.899994,11601.799805
2026-05-19-14-00-22,-1722.930054,1598.280029,2062.129883,-20.200001,-6.900000,166.399994,11627.099609
2026-05-19-14-00-22,-1726.540039,1599.439941,2064.780029,-20.400000,-7.100000,166.600006,11644.500000
2026-05-19-14-00-22,-1729.469971,1600.380005,2066.939941,-20.799999,-7.300000,166.899994,11658.599609
2026-05-19-14-00-22,-1734.089966,1601.859985,2070.330078,-20.799999,-7.100000,167.199997,11680.900391
2026-05-19-14-00-23,-1737.800049,1603.050049,2073.050049,-20.400000,-6.600000,167.199997,11698.700195
2026-05-19-14-00-23,-1741.219971,1604.150024,2075.570068,-20.100000,-6.200000,167.199997,11715.200195
2026-05-19-14-00-23,-1745.530029,1605.520020,2078.729980,-20.100000,-6.000000,167.399994,11735.900391
2026-05-19-14-00-24,-1750.650024,1607.140015,2082.479980,-20.500000,-6.300000,168.000000,11760.599609
2026-05-19-14-00-24,-1754.569946,1608.369995,2085.360107,-20.600000,-6.400000,168.199997,11779.500000
2026-05-19-14-00-24,-1757.560059,1609.319946,2087.540039,-20.600000,-6.400000,168.399994,11793.900391
2026-05-19-14-00-24,-1762.089966,1610.739990,2090.840088,-20.700001,-6.200000,168.699997,11815.700195
2026-05-19-14-00-25,-1765.780029,1611.900024,2093.540039,-20.700001,-6.000000,168.899994,11833.500000
2026-05-19-14-00-25,-1769.270020,1612.989990,2096.090088,-20.600000,-5.700000,169.000000,11850.299805
2026-05-19-14-00-25,-1773.609985,1614.339966,2099.270020,-20.600000,-5.500000,169.300003,11871.200195
2026-05-19-14-00-26,-1778.839966,1615.959961,2103.080078,-20.700001,-5.600000,169.699997,11896.400391
2026-05-19-14-00-26,-1782.839966,1617.199951,2105.989990,-20.799999,-5.600000,169.800003,11915.700195
2026-05-19-14-00-26,-1785.810059,1618.109985,2108.149902,-20.799999,-5.500000,170.000000,11930.000000
2026-05-19-14-00-27,-1790.449951,1619.530029,2111.530029,-20.799999,-5.500000,170.399994,11952.400391
2026-05-19-14-00-27,-1794.219971,1620.689941,2114.280029,-20.799999,-5.400000,170.600006,11970.599609
2026-05-19-14-00-27,-1797.640015,1621.729980,2116.770020,-20.900000,-5.200000,170.699997,11987.000000
2026-05-19-14-00-28,-1802.060059,1623.069946,2119.969971,-20.900000,-4.900000,170.899994,12008.299805
2026-05-19-14-00-28,-1807.250000,1624.650024,2123.719971,-20.900000,-4.800000,171.300003,12033.299805
2026-05-19-14-00-28,-1811.109985,1625.819946,2126.520020,-20.900000,-4.800000,171.399994,12051.900391
2026-05-19-14-00-28,-1814.069946,1626.709961,2128.669922,-20.900000,-4.600000,171.600006,12066.299805
2026-05-19-14-00-29,-1818.689941,1628.099976,2132.040039,-21.100000,-4.800000,172.000000,12088.599609
2026-05-19-14-00-29,-1822.469971,1629.229980,2134.790039,-21.200001,-5.000000,172.300003,12106.799805
2026-05-19-14-00-29,-1825.949951,1630.270020,2137.310059,-21.200001,-4.800000,172.399994,12123.599609
2026-05-19-14-00-30,-1830.339966,1631.579956,2140.479980,-21.000000,-4.100000,172.600006,12144.700195
2026-05-19-14-00-30,-1835.650024,1633.160034,2144.320068,-20.799999,-3.700000,172.899994,12170.400391
2026-05-19-14-00-30,-1839.550049,1634.319946,2147.149902,-20.799999,-3.600000,173.000000,12189.299805
2026-05-19-14-00-30,-1842.599976,1635.229980,2149.360107,-21.100000,-3.900000,173.399994,12204.000000
2026-05-19-14-00-31,-1847.239990,1636.589966,2152.719971,-21.500000,-4.300000,173.899994,12226.500000
2026-05-19-14-00-31,-1850.969971,1637.689941,2155.429932,-21.400000,-4.300000,174.100006,12244.500000
2026-05-19-14-00-31,-1854.459961,1638.709961,2157.949951,-21.299999,-3.900000,174.199997,12261.400391
2026-05-19-14-00-32,-1858.949951,1640.030029,2161.199951,-21.000000,-3.300000,174.300003,12283.099609
2026-05-19-14-00-32,-1864.260010,1641.579956,2165.040039,-20.900000,-3.000000,174.500000,12308.799805
2026-05-19-14-00-32,-1868.250000,1642.750000,2167.929932,-21.000000,-3.000000,174.600006,12328.200195
2026-05-19-14-00-32,-1871.199951,1643.609985,2170.060059,-21.299999,-3.200000,174.899994,12342.400391
2026-05-19-14-00-33,-1875.839966,1644.959961,2173.419922,-21.799999,-3.700000,175.500000,12364.900391
2026-05-19-14-00-33,-1879.680054,1646.079956,2176.199951,-21.900000,-3.600000,175.800003,12383.599609
2026-05-19-14-00-33,-1883.180054,1647.089966,2178.739990,-21.600000,-3.200000,175.800003,12400.500000
2026-05-19-14-00-34,-1887.579956,1648.369995,2181.919922,-20.799999,-2.600000,175.899994,12421.900391
2026-05-19-14-00-34,-1892.910034,1649.900024,2185.760010,-20.799999,-2.400000,176.100006,12447.700195
2026-05-19-14-00-34,-1896.569946,1650.949951,2188.399902,-21.000000,-2.500000,176.199997,12465.500000
2026-05-19-14-00-35,-1899.489990,1651.780029,2190.510010,-21.500000,-2.800000,176.500000,12479.700195
2026-05-19-14-00-35,-1904.170044,1653.109985,2193.889893,-22.100000,-3.100000,177.000000,12502.500000
2026-05-19-14-00-35,-1908.109985,1654.229980,2196.719971,-22.000000,-2.800000,177.199997,12521.599609
2026-05-19-14-00-36,-1911.589966,1655.219971,2199.229980,-21.500000,-2.400000,177.199997,12538.500000
2026-05-19-14-00-36,-1915.959961,1656.449951,2202.399902,-21.000000,-1.900000,177.300003,12559.799805
2026-05-19-14-00-36,-1921.359985,1657.969971,2206.300049,-21.200001,-1.900000,177.600006,12586.000000
2026-05-19-14-00-37,-1925.469971,1659.130005,2209.260010,-21.400000,-2.000000,177.699997,12606.000000
2026-05-19-14-00-37,-1928.479980,1659.969971,2211.429932,-21.600000,-2.100000,178.000000,12620.700195
2026-05-19-14-00-37,-1933.099976,1661.270020,2214.750000,-21.700001,-2.200000,178.300003,12643.200195
2026-05-19-14-00-37,-1936.979980,1662.349976,2217.540039,-21.700001,-2.100000,178.500000,12662.000000
2026-05-19-14-00-38,-1940.510010,1663.329956,2220.080078,-21.500000,-1.900000,178.500000,12679.200195
2026-05-19-14-00-38,-1944.969971,1664.569946,2223.280029,-21.299999,-1.600000,178.699997,12700.900391
2026-05-19-14-00-39,-1950.380005,1666.060059,2227.159912,-21.400000,-1.500000,178.899994,12727.200195
2026-05-19-14-00-39,-1954.040039,1667.079956,2229.780029,-21.500000,-1.500000,179.000000,12745.000000
2026-05-19-14-00-39,-1957.170044,1667.939941,2232.010010,-21.600000,-1.500000,179.100006,12760.200195
2026-05-19-14-00-39,-1961.890015,1669.229980,2235.389893,-21.700001,-1.500000,179.399994,12783.200195
2026-05-19-14-00-40,-1965.859985,1670.310059,2238.239990,-21.700001,-1.500000,179.600006,12802.500000
2026-05-19-14-00-40,-1969.380005,1671.270020,2240.770020,-21.600000,-1.400000,179.699997,12819.599609
2026-05-19-14-00-40,-1974.010010,1672.520020,2244.090088,-21.400000,-1.300000,179.800003,12842.099609
2026-05-19-14-00-41,-1979.510010,1674.000000,2248.030029,-21.400000,-0.900000,179.899994,12868.799805
2026-05-19-14-00-41,-1983.790039,1675.160034,2251.100098,-21.400000,-0.900000,180.000000,12889.599609
2026-05-19-14-00-41,-1986.819946,1675.969971,2253.280029,-21.500000,-0.900000,-179.899994,12904.400391
2026-05-19-14-00-41,-1991.500000,1677.229980,2256.649902,-21.600000,-1.000000,-179.600006,12927.099609
2026-05-19-14-00-42,-1995.410034,1678.270020,2259.459961,-21.600000,-1.000000,-179.399994,12946.099609
2026-05-19-14-00-42,-1998.910034,1679.199951,2261.989990,-21.700001,-1.100000,-179.300003,12963.000000
2026-05-19-14-00-42,-2003.369995,1680.380005,2265.199951,-21.500000,-1.000000,-179.199997,12984.700195
2026-05-19-14-00-43,-2008.869995,1681.839966,2269.149902,-21.400000,-0.600000,-179.199997,13011.400391
2026-05-19-14-00-43,-2012.530029,1682.800049,2271.770020,-21.400000,-0.600000,-179.199997,13029.200195
2026-05-19-14-00-43,-2015.530029,1683.589966,2273.929932,-21.500000,-0.600000,-179.000000,13043.799805
2026-05-19-14-00-44,-2020.199951,1684.810059,2277.280029,-21.700001,-0.700000,-178.699997,13066.500000
2026-05-19-14-00-44,-2024.119995,1685.829956,2280.090088,-21.900000,-0.900000,-178.600006,13085.500000
2026-05-19-14-00-44,-2027.709961,1686.770020,2282.679932,-21.799999,-0.900000,-178.600006,13102.900391
2026-05-19-14-00-44,-2032.180054,1687.930054,2285.870117,-21.500000,-0.400000,-178.699997,13124.700195
2026-05-19-14-00-45,-2037.599976,1689.329956,2289.739990,-21.500000,-0.200000,-178.600006,13151.000000
2026-05-19-14-00-45,-2041.680054,1690.390015,2292.659912,-21.500000,-0.300000,-178.500000,13170.900391
2026-05-19-14-00-45,-2044.910034,1691.209961,2294.969971,-21.500000,-0.300000,-178.399994,13186.700195
2026-05-19-14-00-46,-2049.479980,1692.380005,2298.239990,-21.700001,-0.700000,-178.199997,13208.900391
2026-05-19-14-00-46,-2053.379883,1693.380005,2301.030029,-21.900000,-0.800000,-178.100006,13227.900391
2026-05-19-14-00-46,-2057.050049,1694.319946,2303.649902,-22.000000,-0.700000,-178.000000,13245.799805
2026-05-19-14-00-47,-2061.580078,1695.469971,2306.870117,-21.500000,-0.200000,-178.100006,13267.799805
2026-05-19-14-00-47,-2067.010010,1696.849976,2310.729980,-21.200001,0.100000,-178.199997,13294.299805
2026-05-19-14-00-47,-2071.189941,1697.910034,2313.709961,-21.200001,0.000000,-178.199997,13314.599609
2026-05-19-14-00-47,-2074.320068,1698.699951,2315.939941,-21.400000,-0.200000,-178.000000,13329.900391
2026-05-19-14-00-48,-2079.179932,1699.920044,2319.399902,-21.900000,-0.600000,-177.699997,13353.599609
2026-05-19-14-00-48,-2083.149902,1700.920044,2322.219971,-22.200001,-0.600000,-177.600006,13372.900391
2026-05-19-14-00-48,-2086.659912,1701.800049,2324.719971,-22.000000,-0.500000,-177.600006,13390.000000
2026-05-19-14-00-49,-2091.159912,1702.920044,2327.909912,-21.400000,0.100000,-177.899994,13411.900391
2026-05-19-14-00-49,-2096.629883,1704.280029,2331.800049,-21.299999,0.200000,-177.899994,13438.599609
2026-05-19-14-00-49,-2100.620117,1705.270020,2334.620117,-21.400000,0.100000,-177.899994,13458.000000
2026-05-19-14-00-49,-2103.709961,1706.030029,2336.810059,-21.600000,-0.100000,-177.699997,13473.099609
2026-05-19-14-00-50,-2108.429932,1707.189941,2340.149902,-21.900000,-0.300000,-177.500000,13496.099609
2026-05-19-14-00-50,-2112.399902,1708.170044,2342.959961,-21.900000,-0.400000,-177.399994,13515.400391
2026-05-19-14-00-50,-2116.050049,1709.069946,2345.530029,-21.799999,-0.300000,-177.500000,13533.200195
2026-05-19-14-00-51,-2120.649902,1710.189941,2348.780029,-21.500000,0.100000,-177.600006,13555.599609
2026-05-19-14-00-51,-2126.229980,1711.540039,2352.739990,-21.400000,0.200000,-177.600006,13582.799805
2026-05-19-14-00-51,-2130.340088,1712.540039,2355.639893,-21.400000,0.200000,-177.600006,13602.799805
2026-05-19-14-00-52,-2133.439941,1713.290039,2357.830078,-21.600000,0.000000,-177.500000,13617.900391
2026-05-19-14-00-52,-2138.330078,1714.469971,2361.280029,-21.900000,-0.300000,-177.300003,13641.700195
2026-05-19-14-00-52,-2142.330078,1715.420044,2364.110107,-21.900000,-0.200000,-177.199997,13661.200195
2026-05-19-14-00-53,-2145.949951,1716.290039,2366.669922,-21.799999,-0.000000,-177.300003,13678.900391
2026-05-19-14-00-53,-2150.510010,1717.380005,2369.899902,-21.500000,0.200000,-177.300003,13701.200195
2026-05-19-14-00-53,-2156.110107,1718.709961,2373.850098,-21.600000,0.100000,-177.300003,13728.500000
2026-05-19-14-00-54,-2160.209961,1719.680054,2376.750000,-21.600000,0.100000,-177.300003,13748.500000
2026-05-19-14-00-54,-2163.350098,1720.430054,2378.969971,-21.700001,-0.000000,-177.300003,13763.799805
2026-05-19-14-00-54,-2168.090088,1721.540039,2382.310059,-21.799999,-0.000000,-177.199997,13786.900391
2026-05-19-14-00-54,-2172.060059,1722.469971,2385.120117,-21.700001,0.200000,-177.300003,13806.299805
2026-05-19-14-00-55,-2175.719971,1723.329956,2387.709961,-21.799999,0.100000,-177.199997,13824.200195
2026-05-19-14-00-55,-2180.270020,1724.390015,2390.929932,-21.900000,-0.100000,-177.100006,13846.400391
2026-05-19-14-00-56,-2185.879883,1725.699951,2394.899902,-21.700001,0.100000,-177.100006,13873.700195
2026-05-19-14-00-56,-2189.979980,1726.650024,2397.790039,-21.600000,0.100000,-177.100006,13893.700195
2026-05-19-14-00-56,-2193.120117,1727.369995,2400.020020,-21.500000,0.300000,-177.199997,13909.099609
2026-05-19-14-00-56,-2197.949951,1728.479980,2403.449951,-21.400000,0.300000,-177.100006,13932.700195
2026-05-19-14-00-57,-2202.020020,1729.420044,2406.330078,-21.600000,0.100000,-177.000000,13952.500000
2026-05-19-14-00-57,-2205.719971,1730.260010,2408.949951,-21.900000,-0.200000,-176.899994,13970.599609
2026-05-19-14-00-57,-2210.429932,1731.339966,2412.280029,-22.000000,0.000000,-176.899994,13993.599609
2026-05-19-14-00-58,-2216.110107,1732.640015,2416.290039,-21.700001,0.300000,-176.899994,14021.299805
2026-05-19-14-00-58,-2220.419922,1733.609985,2419.350098,-21.600000,0.400000,-176.899994,14042.400391
2026-05-19-14-00-58,-2223.600098,1734.329956,2421.610107,-21.500000,0.400000,-176.800003,14057.900391
2026-05-19-14-00-58,-2228.479980,1735.430054,2425.070068,-21.600000,0.200000,-176.699997,14081.799805
2026-05-19-14-00-59,-2232.590088,1736.349976,2427.969971,-21.799999,0.000000,-176.600006,14101.799805
2026-05-19-14-00-59,-2236.229980,1737.170044,2430.540039,-22.000000,0.000000,-176.600006,14119.599609
2026-05-19-14-00-59,-2240.909912,1738.209961,2433.840088,-21.700001,0.400000,-176.600006,14142.500000
2026-05-19-14-01-00,-2246.580078,1739.469971,2437.850098,-21.500000,0.500000,-176.600006,14170.200195
2026-05-19-14-01-00,-2250.560059,1740.349976,2440.659912,-21.400000,0.500000,-176.600006,14189.599609
2026-05-19-14-01-00,-2253.719971,1741.050049,2442.889893,-21.500000,0.400000,-176.500000,14205.000000
2026-05-19-14-01-01,-2258.669922,1742.140015,2446.389893,-21.799999,0.100000,-176.300003,14229.299805
2026-05-19-14-01-01,-2262.739990,1743.030029,2449.260010,-21.900000,0.200000,-176.300003,14249.099609
2026-05-19-14-01-01,-2266.459961,1743.839966,2451.879883,-21.900000,0.200000,-176.199997,14267.299805
2026-05-19-14-01-02,-2271.229980,1744.880005,2455.239990,-21.700001,0.600000,-176.300003,14290.599609
2026-05-19-14-01-02,-2276.949951,1746.119995,2459.290039,-21.400000,0.800000,-176.300003,14318.599609
2026-05-19-14-01-02,-2281.379883,1747.069946,2462.419922,-21.299999,0.700000,-176.300003,14340.200195
2026-05-19-14-01-02,-2284.479980,1747.729980,2464.610107,-21.400000,0.500000,-176.100006,14355.400391
2026-05-19-14-01-03,-2289.350098,1748.760010,2468.050049,-21.900000,0.200000,-175.899994,14379.200195
2026-05-19-14-01-03,-2293.360107,1749.619995,2470.870117,-22.000000,0.200000,-175.800003,14398.799805
2026-05-19-14-01-03,-2297.080078,1750.410034,2473.479980,-22.000000,0.400000,-175.800003,14416.900391
2026-05-19-14-01-04,-2301.820068,1751.410034,2476.820068,-21.600000,0.800000,-176.000000,14440.000000
2026-05-19-14-01-04,-2307.469971,1752.599976,2480.800049,-21.600000,0.900000,-175.899994,14467.700195
2026-05-19-14-01-04,-2311.560059,1753.449951,2483.689941,-21.600000,0.800000,-175.899994,14487.599609
2026-05-19-14-01-04,-2314.790039,1754.119995,2485.949951,-21.700001,0.600000,-175.600006,14503.400391
2026-05-19-14-01-05,-2319.679932,1755.130005,2489.399902,-21.799999,0.200000,-175.300003,14527.299805
2026-05-19-14-01-05,-2323.739990,1755.969971,2492.250000,-21.799999,0.200000,-175.300003,14547.200195
2026-05-19-14-01-05,-2327.500000,1756.739990,2494.879883,-21.700001,0.400000,-175.399994,14565.500000
2026-05-19-14-01-06,-2332.189941,1757.699951,2498.149902,-21.500000,0.900000,-175.500000,14588.400391
2026-05-19-14-01-06,-2337.840088,1758.839966,2502.090088,-21.500000,1.000000,-175.500000,14615.900391
2026-05-19-14-01-06,-2342.120117,1759.699951,2505.090088,-21.600000,1.000000,-175.399994,14636.799805
2026-05-19-14-01-07,-2345.229980,1760.329956,2507.250000,-21.700001,0.900000,-175.300003,14652.000000
2026-05-19-14-01-07,-2350.250000,1761.319946,2510.750000,-21.799999,0.700000,-175.000000,14676.400391
2026-05-19-14-01-07,-2354.370117,1762.140015,2513.620117,-21.799999,0.700000,-175.000000,14696.500000
2026-05-19-14-01-07,-2358.199951,1762.890015,2516.280029,-21.700001,0.900000,-175.000000,14715.099609
2026-05-19-14-01-08,-2362.879883,1763.810059,2519.540039,-21.500000,1.200000,-175.000000,14737.900391
2026-05-19-14-01-08,-2368.679932,1764.930054,2523.570068,-21.600000,1.200000,-174.899994,14766.000000
2026-05-19-14-01-08,-2372.689941,1765.699951,2526.350098,-21.600000,1.200000,-174.899994,14785.500000
2026-05-19-14-01-09,-2375.929932,1766.329956,2528.600098,-21.799999,1.000000,-174.699997,14801.299805
2026-05-19-14-01-09,-2380.929932,1767.280029,2532.060059,-21.799999,1.000000,-174.500000,14825.599609
2026-05-19-14-01-09,-2385.030029,1768.069946,2534.909912,-21.799999,1.100000,-174.399994,14845.500000
2026-05-19-14-01-10,-2388.790039,1768.790039,2537.510010,-21.799999,1.100000,-174.399994,14863.799805
2026-05-19-14-01-10,-2393.540039,1769.689941,2540.800049,-21.600000,1.300000,-174.399994,14886.799805
2026-05-19-14-01-10,-2399.379883,1770.790039,2544.840088,-21.500000,1.500000,-174.300003,14915.200195
2026-05-19-14-01-11,-2403.570068,1771.569946,2547.750000,-21.500000,1.500000,-174.199997,14935.500000
2026-05-19-14-01-11,-2406.909912,1772.199951,2550.070068,-21.600000,1.400000,-174.100006,14951.700195
2026-05-19-14-01-11,-2412.100098,1773.160034,2553.659912,-21.700001,1.200000,-173.800003,14976.799805
2026-05-19-14-01-11,-2416.229980,1773.920044,2556.520020,-21.799999,1.100000,-173.699997,14996.799805
2026-05-19-14-01-12,-2420.129883,1774.630005,2559.219971,-21.900000,1.100000,-173.699997,15015.700195
2026-05-19-14-01-12,-2425.010010,1775.520020,2562.590088,-21.799999,1.300000,-173.600006,15039.299805
2026-05-19-14-01-13,-2430.760010,1776.560059,2566.560059,-21.600000,1.600000,-173.600006,15067.099609
2026-05-19-14-01-13,-2435.270020,1777.369995,2569.659912,-21.600000,1.700000,-173.600006,15088.799805
2026-05-19-14-01-13,-2438.560059,1777.959961,2571.929932,-21.600000,1.900000,-173.600006,15104.700195
2026-05-19-14-01-13,-2443.610107,1778.859985,2575.419922,-21.700001,1.800000,-173.399994,15129.099609
2026-05-19-14-01-14,-2447.770020,1779.589966,2578.300049,-21.700001,1.500000,-173.100006,15149.200195
2026-05-19-14-01-14,-2451.649902,1780.270020,2580.979980,-21.900000,1.300000,-173.000000,15167.900391
2026-05-19-14-01-14,-2456.500000,1781.119995,2584.320068,-21.900000,1.500000,-172.899994,15191.400391
2026-05-19-14-01-15,-2462.429932,1782.150024,2588.399902,-21.600000,2.000000,-172.899994,15220.000000
2026-05-19-14-01-15,-2467.010010,1782.939941,2591.550049,-21.600000,2.100000,-172.899994,15242.000000
2026-05-19-14-01-15,-2470.270020,1783.500000,2593.800049,-21.500000,2.100000,-172.899994,15257.799805
2026-05-19-14-01-15,-2475.360107,1784.359985,2597.300049,-21.700001,2.000000,-172.699997,15282.299805
2026-05-19-14-01-16,-2479.629883,1785.089966,2600.250000,-21.900000,1.800000,-172.399994,15302.900391
2026-05-19-14-01-16,-2483.600098,1785.760010,2602.969971,-22.000000,1.700000,-172.300003,15322.000000
2026-05-19-14-01-16,-2488.429932,1786.569946,2606.290039,-21.799999,2.000000,-172.300003,15345.299805
2026-05-19-14-01-17,-2494.310059,1787.550049,2610.330078,-21.500000,2.400000,-172.300003,15373.599609
2026-05-19-14-01-17,-2498.729980,1788.290039,2613.360107,-21.500000,2.500000,-172.300003,15394.900391
2026-05-19-14-01-17,-2502.120117,1788.849976,2615.689941,-21.500000,2.500000,-172.199997,15411.200195
2026-05-19-14-01-18,-2507.290039,1789.709961,2619.229980,-21.700001,2.300000,-171.800003,15436.099609
2026-05-19-14-01-18,-2511.530029,1790.400024,2622.139893,-21.799999,2.200000,-171.600006,15456.599609
2026-05-19-14-01-18,-2515.560059,1791.060059,2624.899902,-21.900000,2.200000,-171.500000,15476.000000
2026-05-19-14-01-19,-2520.469971,1791.859985,2628.260010,-21.600000,2.500000,-171.399994,15499.599609
2026-05-19-14-01-19,-2526.389893,1792.819946,2632.320068,-21.400000,2.900000,-171.399994,15528.200195
2026-05-19-14-01-19,-2530.739990,1793.530029,2635.290039,-21.500000,2.900000,-171.399994,15549.099609
2026-05-19-14-01-19,-2534.120117,1794.069946,2637.600098,-21.500000,3.000000,-171.300003,15565.400391
2026-05-19-14-01-20,-2539.330078,1794.890015,2641.179932,-21.799999,2.700000,-171.000000,15590.400391
2026-05-19-14-01-20,-2543.570068,1795.560059,2644.080078,-21.900000,2.500000,-170.699997,15610.900391
2026-05-19-14-01-20,-2547.449951,1796.180054,2646.739990,-21.900000,2.500000,-170.600006,15629.599609
2026-05-19-14-01-21,-2552.469971,1796.969971,2650.159912,-21.600000,2.900000,-170.600006,15653.700195
2026-05-19-14-01-21,-2558.399902,1797.900024,2654.199951,-21.400000,3.300000,-170.600006,15682.299805
2026-05-19-14-01-21,-2563.020020,1798.619995,2657.360107,-21.500000,3.300000,-170.500000,15704.500000
2026-05-19-14-01-21,-2566.370117,1799.130005,2659.639893,-21.500000,3.200000,-170.399994,15720.599609
2026-05-19-14-01-22,-2571.540039,1799.930054,2663.179932,-21.799999,2.900000,-170.000000,15745.500000
2026-05-19-14-01-22,-2575.810059,1800.579956,2666.100098,-21.900000,2.900000,-169.899994,15766.099609
2026-05-19-14-01-22,-2579.760010,1801.189941,2668.780029,-21.799999,3.000000,-169.899994,15785.099609
2026-05-19-14-01-23,-2584.800049,1801.959961,2672.219971,-21.500000,3.400000,-169.899994,15809.400391
2026-05-19-14-01-23,-2590.699951,1802.849976,2676.239990,-21.400000,3.600000,-169.800003,15837.900391
2026-05-19-14-01-23,-2595.060059,1803.500000,2679.219971,-21.400000,3.500000,-169.699997,15858.900391
2026-05-19-14-01-24,-2598.350098,1803.989990,2681.459961,-21.600000,3.400000,-169.500000,15874.700195
2026-05-19-14-01-24,-2603.600098,1804.780029,2685.040039,-21.799999,3.300000,-169.300003,15900.000000
2026-05-19-14-01-24,-2607.860107,1805.420044,2687.939941,-21.700001,3.400000,-169.199997,15920.599609
2026-05-19-14-01-24,-2611.780029,1806.000000,2690.610107,-21.600000,3.500000,-169.100006,15939.400391
2026-05-19-14-01-25,-2616.780029,1806.729980,2694.020020,-21.400000,3.800000,-169.000000,15963.500000
2026-05-19-14-01-25,-2622.669922,1807.599976,2698.030029,-21.299999,3.900000,-168.899994,15991.900391
2026-05-19-14-01-25,-2627.300049,1808.280029,2701.179932,-21.400000,3.900000,-168.899994,16014.200195
2026-05-19-14-01-26,-2630.729980,1808.780029,2703.510010,-21.600000,3.800000,-168.800003,16030.799805
2026-05-19-14-01-26,-2635.929932,1809.530029,2707.060059,-21.799999,3.700000,-168.500000,16055.900391
2026-05-19-14-01-26,-2640.239990,1810.160034,2709.979980,-21.900000,3.700000,-168.399994,16076.599609
2026-05-19-14-01-27,-2644.149902,1810.719971,2712.639893,-21.799999,3.900000,-168.300003,16095.400391
2026-05-19-14-01-27,-2649.189941,1811.439941,2716.080078,-21.500000,3.900000,-168.300003,16119.700195
2026-05-19-14-01-27,-2655.199951,1812.300049,2720.169922,-21.200001,4.200000,-168.199997,16148.700195
2026-05-19-14-01-28,-2659.780029,1812.939941,2723.290039,-21.200001,4.200000,-168.199997,16170.799805
2026-05-19-14-01-28,-2663.199951,1813.430054,2725.620117,-21.299999,4.400000,-168.100006,16187.299805
2026-05-19-14-01-28,-2668.439941,1814.160034,2729.189941,-21.600000,4.200000,-167.800003,16212.599609
2026-05-19-14-01-28,-2672.889893,1814.780029,2732.229980,-21.900000,3.900000,-167.600006,16234.099609
2026-05-19-14-01-29,-2676.780029,1815.310059,2734.879883,-22.000000,3.800000,-167.500000,16252.799805
2026-05-19-14-01-29,-2681.850098,1816.000000,2738.340088,-21.700001,4.200000,-167.600006,16277.200195
2026-05-19-14-01-30,-2687.850098,1816.819946,2742.419922,-21.100000,4.800000,-167.699997,16306.200195
2026-05-19-14-01-30,-2692.040039,1817.400024,2745.270020,-21.000000,4.900000,-167.600006,16326.400391
2026-05-19-14-01-30,-2695.429932,1817.849976,2747.590088,-21.100000,4.800000,-167.500000,16342.700195
2026-05-19-14-01-30,-2700.689941,1818.560059,2751.169922,-21.400000,4.400000,-167.100006,16368.099609
2026-05-19-14-01-31,-2705.199951,1819.170044,2754.250000,-21.799999,4.100000,-166.899994,16389.900391
2026-05-19-14-01-31,-2709.120117,1819.689941,2756.909912,-22.000000,4.000000,-166.800003,16408.800781
2026-05-19-14-01-31,-2714.199951,1820.359985,2760.360107,-21.700001,4.300000,-166.899994,16433.300781
2026-05-19-14-01-32,-2720.320068,1821.170044,2764.520020,-21.100000,4.900000,-167.000000,16462.800781
2026-05-19-14-01-32,-2724.639893,1821.729980,2767.449951,-21.100000,5.000000,-167.000000,16483.599609
2026-05-19-14-01-32,-2727.959961,1822.170044,2769.719971,-21.100000,5.100000,-167.000000,16499.699219
2026-05-19-14-01-32,-2733.290039,1822.859985,2773.340088,-21.400000,4.600000,-166.699997,16525.400391
2026-05-19-14-01-33,-2737.679932,1823.420044,2776.330078,-21.700001,4.400000,-166.600006,16546.599609
2026-05-19-14-01-33,-2741.739990,1823.939941,2779.080078,-21.799999,4.400000,-166.399994,16566.199219
2026-05-19-14-01-33,-2746.889893,1824.599976,2782.590088,-21.500000,4.800000,-166.500000,16591.099609
2026-05-19-14-01-34,-2752.989990,1825.369995,2786.739990,-21.100000,4.900000,-166.600006,16620.599609
2026-05-19-14-01-34,-2757.590088,1825.949951,2789.879883,-21.100000,5.000000,-166.600006,16642.800781
2026-05-19-14-01-34,-2761.040039,1826.380005,2792.229980,-21.200001,4.900000,-166.600006,16659.500000
2026-05-19-14-01-35,-2766.389893,1827.050049,2795.860107,-21.500000,4.700000,-166.399994,16685.400391
2026-05-19-14-01-35,-2770.739990,1827.589966,2798.810059,-21.700001,4.600000,-166.300003,16706.400391
2026-05-19-14-01-35,-2774.719971,1828.089966,2801.510010,-21.700001,4.600000,-166.399994,16725.699219
2026-05-19-14-01-35,-2779.750000,1828.709961,2804.929932,-21.500000,4.700000,-166.399994,16750.000000
2026-05-19-14-01-36,-2785.750000,1829.439941,2809.000000,-21.200001,5.000000,-166.600006,16779.099609
2026-05-19-14-01-36,-2790.229980,1829.989990,2812.040039,-21.200001,5.000000,-166.600006,16800.800781
2026-05-19-14-01-36,-2793.760010,1830.410034,2814.429932,-21.200001,5.000000,-166.600006,16817.800781
2026-05-19-14-01-37,-2799.090088,1831.050049,2818.060059,-21.600000,4.600000,-166.399994,16843.699219
2026-05-19-14-01-37,-2803.399902,1831.569946,2820.989990,-21.799999,4.400000,-166.399994,16864.500000
2026-05-19-14-01-37,-2807.379883,1832.050049,2823.679932,-21.799999,4.500000,-166.500000,16883.800781
2026-05-19-14-01-38,-2812.510010,1832.660034,2827.159912,-21.400000,5.000000,-166.800003,16908.699219
2026-05-19-14-01-38,-2818.639893,1833.380005,2831.310059,-21.100000,5.000000,-166.800003,16938.400391
2026-05-19-14-01-38,-2823.270020,1833.920044,2834.449951,-21.100000,4.900000,-166.800003,16960.900391
2026-05-19-14-01-38,-2826.679932,1834.319946,2836.760010,-21.299999,4.700000,-166.800003,16977.500000
2026-05-19-14-01-39,-2831.989990,1834.939941,2840.360107,-21.600000,4.500000,-166.699997,17003.199219
2026-05-19-14-01-39,-2836.419922,1835.449951,2843.350098,-21.700001,4.500000,-166.800003,17024.800781
2026-05-19-14-01-39,-2840.459961,1835.920044,2846.090088,-21.600000,4.500000,-166.800003,17044.300781
2026-05-19-14-01-40,-2845.560059,1836.500000,2849.550049,-21.400000,4.500000,-167.000000,17069.099609
2026-05-19-14-01-40,-2851.719971,1837.199951,2853.739990,-21.400000,4.600000,-167.100006,17099.000000
2026-05-19-14-01-40,-2856.110107,1837.689941,2856.719971,-21.400000,4.600000,-167.199997,17120.300781
2026-05-19-14-01-40,-2859.600098,1838.089966,2859.080078,-21.500000,4.600000,-167.199997,17137.300781
2026-05-19-14-01-41,-2865.020020,1838.699951,2862.750000,-21.500000,4.500000,-167.300003,17163.599609
2026-05-19-14-01-41,-2869.469971,1839.199951,2865.770020,-21.500000,4.400000,-167.300003,17185.300781
2026-05-19-14-01-41,-2873.520020,1839.650024,2868.510010,-21.500000,4.300000,-167.399994,17205.000000
2026-05-19-14-01-42,-2878.550049,1840.209961,2871.929932,-21.600000,4.000000,-167.399994,17229.400391
2026-05-19-14-01-42,-2884.770020,1840.890015,2876.149902,-21.600000,4.100000,-167.600006,17259.699219
2026-05-19-14-01-42,-2889.520020,1841.400024,2879.370117,-21.600000,4.100000,-167.600006,17282.800781
2026-05-19-14-01-43,-2892.989990,1841.780029,2881.729980,-21.500000,4.200000,-167.699997,17299.800781
2026-05-19-14-01-43,-2898.290039,1842.339966,2885.320068,-21.299999,4.300000,-167.899994,17325.599609
2026-05-19-14-01-43,-2902.709961,1842.810059,2888.320068,-21.299999,4.300000,-168.000000,17347.099609
2026-05-19-14-01-44,-2906.709961,1843.239990,2891.030029,-21.600000,4.100000,-168.000000,17366.599609
2026-05-19-14-01-44,-2911.820068,1843.780029,2894.479980,-21.900000,3.800000,-168.000000,17391.500000
2026-05-19-14-01-44,-2917.969971,1844.420044,2898.629883,-21.600000,3.900000,-168.199997,17421.500000
2026-05-19-14-01-45,-2922.850098,1844.920044,2901.939941,-21.500000,4.000000,-168.300003,17445.199219
2026-05-19-14-01-45,-2926.399902,1845.280029,2904.350098,-21.299999,4.100000,-168.399994,17462.500000
2026-05-19-14-01-45,-2931.800049,1845.829956,2908.010010,-21.299999,4.000000,-168.500000,17488.800781
2026-05-19-14-01-45,-2936.239990,1846.290039,2911.000000,-21.500000,3.900000,-168.600006,17510.500000
2026-05-19-14-01-46,-2940.260010,1846.699951,2913.709961,-21.799999,3.700000,-168.600006,17530.099609
2026-05-19-14-01-46,-2945.540039,1847.229980,2917.270020,-21.900000,3.700000,-168.699997,17555.900391
2026-05-19-14-01-47,-2951.790039,1847.849976,2921.489990,-21.600000,3.700000,-168.899994,17586.400391
2026-05-19-14-01-47,-2956.360107,1848.300049,2924.590088,-21.500000,3.800000,-168.899994,17608.599609
2026-05-19-14-01-47,-2959.959961,1848.650024,2927.020020,-21.500000,3.600000,-169.000000,17626.199219
2026-05-19-14-01-47,-2965.340088,1849.170044,2930.669922,-21.500000,3.600000,-169.100006,17652.400391
2026-05-19-14-01-48,-2969.800049,1849.599976,2933.679932,-21.500000,3.600000,-169.199997,17674.199219
2026-05-19-14-01-48,-2973.879883,1849.989990,2936.429932,-21.700001,3.600000,-169.300003,17694.099609
2026-05-19-14-01-48,-2979.050049,1850.479980,2939.909912,-21.799999,3.500000,-169.399994,17719.300781
2026-05-19-14-01-49,-2985.239990,1851.069946,2944.090088,-21.700001,3.400000,-169.600006,17749.599609
2026-05-19-14-01-49,-2989.649902,1851.479980,2947.060059,-21.700001,3.300000,-169.600006,17771.099609
2026-05-19-14-01-49,-2993.159912,1851.810059,2949.429932,-21.700001,3.200000,-169.699997,17788.199219
2026-05-19-14-01-49,-2998.709961,1852.329956,2953.179932,-21.600000,3.300000,-169.800003,17815.300781
2026-05-19-14-01-50,-3003.199951,1852.739990,2956.199951,-21.500000,3.500000,-169.899994,17837.300781
2026-05-19-14-01-50,-3007.330078,1853.130005,2958.989990,-21.500000,3.500000,-170.000000,17857.500000
2026-05-19-14-01-50,-3012.469971,1853.599976,2962.459961,-21.900000,3.100000,-170.000000,17882.500000
2026-05-19-14-01-51,-3018.840088,1854.170044,2966.760010,-21.900000,2.800000,-170.100006,17913.699219
2026-05-19-14-01-51,-3023.750000,1854.609985,2970.080078,-21.799999,2.800000,-170.199997,17937.699219
2026-05-19-14-01-51,-3027.270020,1854.920044,2972.449951,-21.700001,2.900000,-170.300003,17954.900391
2026-05-19-14-01-52,-3032.669922,1855.390015,2976.090088,-21.500000,3.200000,-170.500000,17981.300781
2026-05-19-14-01-52,-3037.070068,1855.780029,2979.040039,-21.600000,3.100000,-170.600006,18002.800781
2026-05-19-14-01-52,-3041.080078,1856.130005,2981.739990,-21.700001,2.900000,-170.600006,18022.400391
2026-05-19-14-01-53,-3046.419922,1856.599976,2985.330078,-21.799999,2.700000,-170.699997,18048.500000
2026-05-19-14-01-53,-3052.739990,1857.150024,2989.600098,-21.600000,2.700000,-170.800003,18079.400391
2026-05-19-14-01-53,-3057.459961,1857.550049,2992.790039,-21.600000,2.700000,-170.899994,18102.400391
2026-05-19-14-01-53,-3061.020020,1857.849976,2995.199951,-21.600000,2.900000,-171.100006,18119.900391
2026-05-19-14-01-54,-3066.510010,1858.319946,2998.899902,-21.600000,3.000000,-171.300003,18146.699219
2026-05-19-14-01-54,-3071.139893,1858.719971,3002.020020,-21.799999,2.900000,-171.399994,18169.300781
2026-05-19-14-01-54,-3075.189941,1859.069946,3004.760010,-21.799999,2.700000,-171.399994,18189.199219
2026-05-19-14-01-55,-3080.449951,1859.520020,3008.320068,-21.700001,2.500000,-171.500000,18214.900391
2026-05-19-14-01-55,-3086.879883,1860.060059,3012.649902,-21.700001,2.400000,-171.600006,18246.300781
2026-05-19-14-01-55,-3091.659912,1860.469971,3015.870117,-21.799999,2.400000,-171.699997,18269.699219
2026-05-19-14-01-55,-3095.149902,1860.760010,3018.219971,-21.799999,2.400000,-171.699997,18286.699219
2026-05-19-14-01-56,-3100.820068,1861.239990,3022.040039,-21.700001,2.700000,-171.899994,18314.500000
2026-05-19-14-01-56,-3105.399902,1861.630005,3025.129883,-21.700001,2.700000,-171.899994,18337.000000
2026-05-19-14-01-56,-3109.580078,1861.969971,3027.949951,-21.700001,2.400000,-172.000000,18357.400391
2026-05-19-14-01-57,-3114.770020,1862.410034,3031.449951,-21.700001,1.900000,-172.000000,18382.900391
2026-05-19-14-01-57,-3121.169922,1862.939941,3035.739990,-21.900000,1.900000,-172.100006,18414.099609
2026-05-19-14-01-57,-3125.989990,1863.339966,3038.979980,-21.900000,1.900000,-172.199997,18437.800781
2026-05-19-14-01-58,-3129.570068,1863.640015,3041.370117,-21.799999,2.100000,-172.300003,18455.300781
2026-05-19-14-01-58,-3135.060059,1864.099976,3045.030029,-21.700001,2.300000,-172.500000,18482.300781
2026-05-19-14-01-58,-3139.580078,1864.469971,3048.040039,-21.799999,2.100000,-172.500000,18504.500000
2026-05-19-14-01-58,-3143.689941,1864.810059,3050.790039,-22.000000,1.700000,-172.399994,18524.699219
2026-05-19-14-01-59,-3148.909912,1865.229980,3054.270020,-22.000000,1.400000,-172.500000,18550.300781
2026-05-19-14-01-59,-3155.209961,1865.739990,3058.469971,-21.900000,1.600000,-172.699997,18581.300781
2026-05-19-14-01-59,-3159.870117,1866.119995,3061.570068,-21.799999,1.700000,-172.699997,18604.099609
2026-05-19-14-02-00,-3163.399902,1866.400024,3063.909912,-21.700001,1.900000,-172.899994,18621.400391
2026-05-19-14-02-00,-3168.860107,1866.839966,3067.530029,-21.700001,1.800000,-173.000000,18648.099609
2026-05-19-14-02-00,-3173.540039,1867.209961,3070.639893,-21.700001,1.700000,-173.100006,18671.099609
2026-05-19-14-02-01,-3177.850098,1867.550049,3073.500000,-21.799999,2.000000,-173.300003,18692.199219
2026-05-19-14-02-01,-3183.250000,1867.969971,3077.060059,-21.799999,1.900000,-173.399994,18718.599609
2026-05-19-14-02-01,-3189.659912,1868.469971,3081.290039,-21.799999,1.700000,-173.500000,18749.900391
2026-05-19-14-02-02,-3194.209961,1868.819946,3084.300049,-21.799999,1.700000,-173.500000,18772.199219
2026-05-19-14-02-02,-3197.639893,1869.079956,3086.570068,-21.700001,1.600000,-173.500000,18788.900391
2026-05-19-14-02-02,-3203.169922,1869.510010,3090.219971,-21.600000,1.700000,-173.600006,18816.000000
2026-05-19-14-02-02,-3207.729980,1869.859985,3093.219971,-21.600000,1.700000,-173.800003,18838.199219
2026-05-19-14-02-03,-3212.020020,1870.189941,3096.050049,-21.600000,1.700000,-173.899994,18859.300781
2026-05-19-14-02-03,-3217.340088,1870.589966,3099.540039,-21.600000,1.700000,-174.000000,18885.300781
2026-05-19-14-02-04,-3223.790039,1871.079956,3103.780029,-21.799999,1.400000,-173.899994,18916.900391
2026-05-19-14-02-04,-3228.260010,1871.410034,3106.729980,-21.799999,1.300000,-173.899994,18938.800781
2026-05-19-14-02-04,-3231.929932,1871.680054,3109.129883,-21.799999,1.300000,-174.000000,18956.699219
2026-05-19-14-02-04,-3237.510010,1872.099976,3112.770020,-21.799999,1.500000,-174.100006,18984.000000
2026-05-19-14-02-05,-3242.169922,1872.439941,3115.820068,-21.700001,1.600000,-174.300003,19006.800781
2026-05-19-14-02-05,-3246.439941,1872.750000,3118.610107,-21.600000,1.600000,-174.300003,19027.699219
2026-05-19-14-02-05,-3251.909912,1873.130005,3122.199951,-21.600000,1.300000,-174.399994,19054.500000
2026-05-19-14-02-06,-3258.479980,1873.599976,3126.500000,-21.799999,1.100000,-174.399994,19086.599609
2026-05-19-14-02-06,-3263.330078,1873.939941,3129.659912,-21.799999,1.100000,-174.399994,19110.400391
2026-05-19-14-02-06,-3266.949951,1874.189941,3132.010010,-21.799999,1.200000,-174.500000,19128.099609
2026-05-19-14-02-06,-3272.540039,1874.579956,3135.649902,-21.700001,1.500000,-174.699997,19155.400391
2026-05-19-14-02-07,-3277.270020,1874.900024,3138.739990,-21.700001,1.400000,-174.699997,19178.599609
2026-05-19-14-02-07,-3281.530029,1875.180054,3141.520020,-21.700001,1.200000,-174.699997,19199.400391
2026-05-19-14-02-07,-3287.040039,1875.550049,3145.120117,-21.600000,1.100000,-174.699997,19226.500000
2026-05-19-14-02-08,-3293.550049,1875.969971,3149.360107,-21.700001,1.100000,-174.800003,19258.300781
2026-05-19-14-02-08,-3298.139893,1876.270020,3152.360107,-21.700001,1.100000,-174.899994,19280.800781
2026-05-19-14-02-08,-3301.750000,1876.500000,3154.709961,-21.700001,1.100000,-175.000000,19298.500000
2026-05-19-14-02-09,-3307.500000,1876.869995,3158.449951,-21.799999,1.200000,-175.100006,19326.699219
2026-05-19-14-02-09,-3312.139893,1877.170044,3161.469971,-21.700001,1.300000,-175.199997,19349.500000
