time,position_x,position_y,position_z,angle_x,angle_y,angle_z,pos_std
2026-05-19-14-07-13,2.840000,-2.040000,0.470000,-0.800000,-0.700000,-7.300000,41.599998
2026-05-19-14-07-13,2.630000,-2.700000,0.580000,0.100000,-1.000000,-4.700000,58.700001
2026-05-19-14-07-15,2.110000,-2.920000,0.440000,-0.100000,-0.900000,-2.500000,78.400002
2026-05-19-14-07-16,1.570000,-3.310000,0.350000,0.200000,-1.500000,-0.600000,101.199997
2026-05-19-14-07-18,1.100000,-4.030000,0.110000,-0.200000,-0.700000,0.500000,126.099998
2026-05-19-14-07-19,0.780000,-5.720000,0.010000,-1.300000,-1.200000,2.200000,153.800003
2026-05-19-14-07-21,0.200000,-7.750000,0.030000,0.800000,-0.700000,3.100000,183.800003
2026-05-19-14-07-22,-0.950000,-8.890000,-0.870000,-0.100000,-0.500000,4.000000,216.600006
2026-05-19-14-07-24,-1.910000,-10.740000,-2.100000,0.200000,-1.200000,5.800000,251.699997
2026-05-19-14-07-26,-2.970000,-12.540000,-3.040000,0.500000,0.400000,7.900000,289.299988
2026-05-19-14-07-27,-4.600000,-14.650000,-5.030000,0.700000,-0.900000,4.900000,335.000000
2026-05-19-14-07-29,-5.590000,-17.490000,-6.230000,-0.900000,1.400000,4.900000,384.299988
2026-05-19-14-07-31,-6.990000,-21.110001,-7.160000,-0.700000,0.500000,6.700000,431.200012
2026-05-19-14-07-32,-8.790000,-25.170000,-8.480000,-1.200000,0.300000,10.400000,486.399994
2026-05-19-14-07-34,-10.570000,-28.590000,-10.110000,-0.600000,1.200000,13.000000,545.799988
2026-05-19-14-07-36,-12.390000,-31.540001,-11.530000,-4.000000,0.700000,12.500000,607.700012
2026-05-19-14-07-38,-14.240000,-35.540001,-12.670000,-2.500000,0.600000,12.000000,672.900024
2026-05-19-14-07-39,-16.620001,-39.230000,-13.430000,1.500000,2.600000,11.200000,734.099976
2026-05-19-14-07-41,-19.770000,-42.410000,-13.670000,0.800000,-0.600000,6.400000,806.000000
2026-05-19-14-07-43,-22.790001,-45.040001,-13.960000,-1.100000,-2.500000,2.800000,881.599976
2026-05-19-14-07-44,-25.670000,-47.139999,-14.330000,0.900000,-0.300000,2.100000,961.099976
2026-05-19-14-07-46,-28.459999,-49.380001,-14.110000,2.400000,1.400000,-4.100000,1044.300049
2026-05-19-14-07-48,-31.740000,-52.189999,-14.330000,0.400000,1.000000,-12.100000,1130.900024
2026-05-19-14-07-50,-35.259998,-54.549999,-15.150000,0.800000,0.300000,-14.000000,1221.000000
2026-05-19-14-07-51,-38.619999,-56.189999,-15.840000,1.100000,0.600000,-11.300000,1304.599976
2026-05-19-14-07-53,-42.189999,-57.730000,-16.680000,1.900000,-0.200000,-8.800000,1401.900024
2026-05-19-14-07-55,-45.570000,-58.220001,-17.410000,1.900000,-1.000000,-7.500000,1503.099976
2026-05-19-14-07-56,-48.580002,-57.799999,-18.170000,-0.800000,-1.900000,-5.300000,1595.500000
2026-05-19-14-07-58,-51.150002,-56.150002,-18.059999,2.000000,0.900000,-4.300000,1703.800049
2026-05-19-14-08-00,-53.349998,-54.490002,-18.190001,-0.700000,0.700000,-5.100000,1816.599976
2026-05-19-14-08-02,-54.869999,-52.810001,-18.170000,2.100000,0.900000,-3.400000,1931.699951
2026-05-19-14-08-03,-56.139999,-52.180000,-18.549999,2.000000,-0.300000,-3.700000,2051.100098
2026-05-19-14-08-05,-56.830002,-52.250000,-19.480000,0.700000,0.100000,-4.200000,2174.800049
2026-05-19-14-08-07,-57.650002,-53.959999,-20.480000,1.500000,1.500000,-4.300000,2302.000000
2026-05-19-14-08-09,-58.439999,-54.880001,-21.780001,0.500000,1.100000,-4.200000,2432.699951
2026-05-19-14-08-10,-59.299999,-55.529999,-23.209999,-0.600000,1.600000,-5.600000,2568.899902
2026-05-19-14-08-12,-60.860001,-57.060001,-24.719999,-0.200000,0.900000,-4.400000,2707.800049
2026-05-19-14-08-14,-62.480000,-57.639999,-25.610001,1.100000,0.200000,-3.000000,2851.100098
2026-05-19-14-08-16,-64.430000,-58.590000,-26.570000,0.800000,0.500000,-4.000000,2998.600098
2026-05-19-14-08-17,-67.050003,-59.700001,-27.900000,-2.000000,0.400000,-2.100000,3145.000000
2026-05-19-14-08-19,-69.610001,-60.709999,-28.420000,3.300000,0.900000,-1.100000,3288.699951
2026-05-19-14-08-20,-71.680000,-60.490002,-29.190001,0.700000,1.600000,-10.500000,3430.899902
2026-05-19-14-08-22,-74.260002,-60.119999,-29.410000,-0.600000,2.000000,-11.800000,3576.000000
2026-05-19-14-08-24,-77.589996,-59.520000,-29.610001,1.600000,2.000000,-5.300000,3745.100098
2026-05-19-14-08-26,-80.879997,-59.060001,-29.650000,1.200000,1.900000,2.300000,3917.600098
2026-05-19-14-08-27,-83.730003,-58.049999,-29.830000,1.800000,-0.900000,-7.300000,4075.699951
2026-05-19-14-08-29,-87.279999,-56.630001,-29.840000,0.800000,-0.400000,-20.000000,4258.399902
2026-05-19-14-08-31,-91.389999,-55.349998,-29.740000,1.600000,-0.400000,-20.500000,4442.200195
2026-05-19-14-08-32,-95.269997,-54.009998,-29.650000,4.000000,0.600000,-26.100000,4631.000000
2026-05-19-14-08-34,-98.970001,-52.880001,-29.850000,1.400000,0.100000,-32.200001,4802.899902
2026-05-19-14-08-36,-103.410004,-51.689999,-29.770000,6.500000,-0.100000,-31.799999,5000.299805
2026-05-19-14-08-37,-107.970001,-51.419998,-30.240000,6.700000,0.100000,-32.599998,5180.899902
2026-05-19-14-08-39,-113.029999,-50.900002,-30.280001,0.700000,-1.100000,-31.200001,5384.799805
2026-05-19-14-08-41,-117.389999,-49.709999,-29.830000,6.200000,-0.600000,-29.799999,5571.000000
2026-05-19-14-08-42,-121.639999,-48.020000,-29.629999,7.100000,0.100000,-30.799999,5782.200195
2026-05-19-14-08-44,-125.849998,-46.919998,-30.490000,0.800000,-0.400000,-33.900002,5975.799805
2026-05-19-14-08-46,-130.910004,-45.860001,-30.629999,5.700000,-1.900000,-34.400002,6194.399902
2026-05-19-14-08-47,-135.880005,-44.990002,-30.580000,1.800000,0.000000,-33.099998,6393.600098
2026-05-19-14-08-49,-141.009995,-43.500000,-30.650000,4.700000,-0.700000,-36.900002,6620.000000
2026-05-19-14-08-50,-146.320007,-42.619999,-31.850000,9.900000,-0.600000,-43.599998,6828.100098
2026-05-19-14-08-52,-152.470001,-41.529999,-33.599998,4.200000,1.300000,-45.500000,7062.100098
2026-05-19-14-09-08,-0.050000,-0.000000,-0.080000,-0.500000,0.900000,-51.700001,0.600000
2026-05-19-14-09-08,-0.100000,-0.040000,-0.100000,-0.500000,0.900000,-51.700001,0.800000
2026-05-19-14-09-08,-0.100000,-0.040000,-0.100000,-0.300000,0.400000,-51.200001,0.800000
2026-05-19-14-09-08,-0.100000,-0.050000,-0.100000,0.100000,-0.200000,-51.299999,0.800000
2026-05-19-14-09-08,-0.110000,-0.050000,-0.100000,0.400000,-0.600000,-51.700001,0.800000
2026-05-19-14-09-08,-0.130000,-0.050000,-0.110000,0.700000,-1.100000,-53.000000,0.800000
2026-05-19-14-09-09,-0.130000,-0.060000,-0.110000,1.100000,-1.300000,-54.099998,0.800000
2026-05-19-14-09-09,-0.140000,-0.070000,-0.100000,0.300000,-1.500000,-56.000000,0.800000
2026-05-19-14-09-09,-0.140000,-0.090000,-0.100000,-0.700000,0.200000,-58.099998,0.800000
2026-05-19-14-09-10,-0.150000,-0.100000,-0.090000,0.700000,-1.200000,-60.900002,0.800000
2026-05-19-14-09-10,-0.150000,-0.120000,-0.110000,3.100000,-2.000000,-64.400002,0.800000
2026-05-19-14-09-11,-0.170000,-0.130000,-0.120000,2.400000,-2.000000,-67.199997,0.800000
2026-05-19-14-09-11,-0.180000,-0.150000,-0.110000,0.900000,0.200000,-68.900002,0.800000
2026-05-19-14-09-12,-0.190000,-0.170000,-0.100000,1.300000,0.400000,-71.099998,0.800000
2026-05-19-14-09-12,-0.190000,-0.180000,-0.100000,2.500000,-0.600000,-72.599998,0.800000
2026-05-19-14-09-12,-0.200000,-0.200000,-0.120000,1.900000,-0.800000,-73.500000,0.800000
2026-05-19-14-09-12,-0.220000,-0.210000,-0.120000,2.900000,-1.300000,-75.099998,0.800000
2026-05-19-14-09-13,-0.250000,-0.210000,-0.110000,4.300000,-0.800000,-76.800003,0.800000
2026-05-19-14-09-13,-0.260000,-0.240000,-0.110000,3.900000,0.200000,-78.699997,0.800000
2026-05-19-14-09-14,-0.260000,-0.250000,-0.120000,1.800000,-0.200000,-78.500000,0.800000
2026-05-19-14-09-14,-0.270000,-0.250000,-0.110000,2.300000,-0.700000,-79.400002,0.800000
2026-05-19-14-09-14,-0.300000,-0.270000,-0.120000,2.400000,-0.500000,-80.000000,0.800000
2026-05-19-14-09-15,-0.310000,-0.290000,-0.120000,3.900000,-0.500000,-80.199997,0.800000
2026-05-19-14-09-15,-0.340000,-0.290000,-0.120000,3.900000,-0.700000,-81.900002,0.800000
2026-05-19-14-09-16,-0.340000,-0.310000,-0.130000,4.900000,-0.400000,-82.099998,0.800000
2026-05-19-14-09-16,-0.350000,-0.320000,-0.130000,4.900000,1.200000,-83.500000,0.800000
2026-05-19-14-09-16,-0.350000,-0.330000,-0.120000,3.900000,0.700000,-83.300003,0.800000
2026-05-19-14-09-17,-0.370000,-0.340000,-0.110000,5.100000,-1.100000,-85.199997,0.800000
2026-05-19-14-09-17,-0.400000,-0.350000,-0.120000,6.100000,-0.800000,-87.300003,0.800000
2026-05-19-14-09-17,-0.390000,-0.360000,-0.130000,6.100000,0.600000,-88.599998,0.800000
2026-05-19-14-09-18,-0.380000,-0.360000,-0.130000,5.900000,1.400000,-89.199997,0.800000
2026-05-19-14-09-18,-0.390000,-0.370000,-0.130000,5.400000,2.400000,-90.000000,0.800000
2026-05-19-14-09-18,-0.410000,-0.390000,-0.130000,3.600000,1.400000,-91.300003,0.800000
2026-05-19-14-09-19,-0.410000,-0.400000,-0.130000,5.000000,-0.500000,-92.900002,0.800000
2026-05-19-14-09-19,-0.420000,-0.410000,-0.140000,4.000000,-1.300000,-93.500000,0.800000
2026-05-19-14-09-19,-0.430000,-0.430000,-0.130000,3.500000,1.000000,-93.199997,0.800000
2026-05-19-14-09-20,-0.460000,-0.460000,-0.120000,3.900000,1.500000,-92.699997,0.800000
2026-05-19-14-09-20,-0.470000,-0.460000,-0.140000,4.600000,1.200000,-93.500000,0.800000
2026-05-19-14-09-21,-0.470000,-0.490000,-0.140000,6.000000,0.800000,-93.300003,0.800000
2026-05-19-14-09-21,-0.480000,-0.510000,-0.140000,5.500000,-0.300000,-94.199997,0.800000
2026-05-19-14-09-21,-0.490000,-0.530000,-0.140000,5.900000,1.000000,-94.599998,0.800000
2026-05-19-14-09-22,-0.510000,-0.550000,-0.140000,4.200000,0.700000,-94.800003,0.800000
2026-05-19-14-09-22,-0.510000,-0.570000,-0.140000,3.800000,0.200000,-94.400002,0.800000
2026-05-19-14-09-23,-0.540000,-0.590000,-0.150000,3.600000,-0.400000,-94.400002,0.800000
2026-05-19-14-09-23,-0.540000,-0.600000,-0.150000,3.300000,-0.400000,-94.099998,0.800000
2026-05-19-14-09-23,-0.550000,-0.630000,-0.150000,6.200000,1.400000,-93.800003,0.800000
2026-05-19-14-09-24,-0.560000,-0.640000,-0.140000,4.400000,1.400000,-94.000000,0.800000
2026-05-19-14-09-24,-0.550000,-0.660000,-0.140000,5.400000,2.100000,-94.599998,0.800000
2026-05-19-14-09-24,-0.600000,-0.680000,-0.150000,3.300000,0.800000,-93.800003,0.800000
2026-05-19-14-09-25,-0.590000,-0.690000,-0.170000,2.700000,0.500000,-94.800003,0.800000
2026-05-19-14-09-25,-0.580000,-0.700000,-0.150000,5.700000,2.000000,-95.400002,0.800000
2026-05-19-14-09-25,-0.610000,-0.700000,-0.140000,6.300000,1.400000,-97.400002,0.800000
2026-05-19-14-09-26,-0.610000,-0.720000,-0.150000,6.000000,0.900000,-99.300003,0.800000
2026-05-19-14-09-26,-0.610000,-0.730000,-0.160000,3.600000,2.200000,-99.800003,0.800000
2026-05-19-14-09-27,-0.610000,-0.740000,-0.150000,3.900000,3.900000,-101.199997,0.800000
2026-05-19-14-09-27,-0.620000,-0.740000,-0.140000,4.400000,3.700000,-102.000000,0.800000
2026-05-19-14-09-27,-0.630000,-0.750000,-0.150000,5.200000,4.200000,-104.800003,0.800000
2026-05-19-14-09-28,-0.610000,-0.750000,-0.140000,6.600000,3.900000,-107.500000,0.800000
2026-05-19-14-09-28,-0.610000,-0.750000,-0.140000,6.300000,3.200000,-108.500000,0.800000
2026-05-19-14-09-28,-0.610000,-0.750000,-0.150000,5.800000,2.300000,-110.099998,0.800000
2026-05-19-14-09-28,-0.610000,-0.750000,-0.150000,5.000000,1.200000,-113.099998,0.800000
2026-05-19-14-09-29,-0.620000,-0.750000,-0.160000,4.500000,1.800000,-115.400002,0.800000
2026-05-19-14-09-29,-0.620000,-0.750000,-0.160000,3.900000,2.700000,-117.500000,0.800000
2026-05-19-14-09-30,-0.610000,-0.780000,-0.140000,3.800000,4.100000,-118.400002,0.800000
2026-05-19-14-09-30,-0.640000,-0.790000,-0.140000,4.000000,3.200000,-120.199997,0.800000
2026-05-19-14-09-30,-0.640000,-0.800000,-0.150000,4.300000,2.200000,-121.699997,0.800000
2026-05-19-14-09-31,-0.650000,-0.810000,-0.150000,5.400000,3.000000,-122.400002,0.800000
2026-05-19-14-09-31,-0.670000,-0.820000,-0.150000,4.700000,3.200000,-123.699997,0.800000
2026-05-19-14-09-31,-0.680000,-0.840000,-0.150000,4.800000,3.700000,-124.099998,0.800000
2026-05-19-14-09-32,-0.700000,-0.840000,-0.170000,4.900000,3.000000,-125.400002,0.800000
2026-05-19-14-09-32,-0.710000,-0.850000,-0.160000,5.600000,4.100000,-127.099998,0.800000
2026-05-19-14-09-33,-0.710000,-0.870000,-0.150000,5.100000,3.600000,-128.199997,0.800000
2026-05-19-14-09-33,-0.720000,-0.880000,-0.160000,5.000000,1.800000,-129.899994,0.800000
2026-05-19-14-09-33,-0.740000,-0.880000,-0.170000,4.400000,-0.500000,-131.899994,0.800000
2026-05-19-14-09-34,-0.740000,-0.880000,-0.170000,4.400000,-0.100000,-133.000000,0.800000
2026-05-19-14-09-34,-0.750000,-0.900000,-0.170000,4.900000,1.800000,-135.300003,0.800000
2026-05-19-14-09-35,-0.760000,-0.910000,-0.160000,4.600000,2.200000,-136.199997,0.800000
2026-05-19-14-09-35,-0.770000,-0.920000,-0.170000,4.600000,2.400000,-138.500000,0.800000
2026-05-19-14-09-35,-0.790000,-0.920000,-0.180000,4.800000,0.500000,-139.800003,0.800000
2026-05-19-14-09-36,-0.800000,-0.930000,-0.170000,4.400000,0.300000,-141.199997,0.800000
2026-05-19-14-09-36,-0.820000,-0.950000,-0.170000,5.500000,1.200000,-142.600006,0.800000
2026-05-19-14-09-37,-0.840000,-0.950000,-0.180000,5.000000,2.300000,-144.100006,0.800000
2026-05-19-14-09-37,-0.860000,-0.960000,-0.190000,4.600000,2.800000,-145.399994,0.800000
2026-05-19-14-09-37,-0.880000,-0.970000,-0.180000,5.400000,2.100000,-146.800003,0.800000
2026-05-19-14-09-38,-0.880000,-0.970000,-0.170000,4.300000,1.500000,-149.300003,0.800000
2026-05-19-14-09-38,-0.890000,-0.980000,-0.170000,4.100000,1.600000,-149.800003,0.800000
2026-05-19-14-09-38,-0.900000,-0.980000,-0.180000,4.700000,1.700000,-150.500000,0.800000
2026-05-19-14-09-38,-0.920000,-0.960000,-0.180000,5.300000,1.600000,-152.300003,0.800000
2026-05-19-14-09-39,-0.930000,-0.970000,-0.190000,4.400000,2.300000,-154.000000,0.800000
2026-05-19-14-09-39,-0.940000,-0.980000,-0.180000,4.800000,2.400000,-155.399994,0.800000
2026-05-19-14-09-40,-0.950000,-0.970000,-0.180000,5.500000,2.200000,-157.500000,0.800000
2026-05-19-14-09-40,-0.960000,-0.970000,-0.190000,4.800000,2.900000,-158.100006,0.800000
2026-05-19-14-09-40,-0.970000,-0.980000,-0.180000,5.000000,2.700000,-159.300003,0.800000
2026-05-19-14-09-41,-0.970000,-0.980000,-0.190000,5.400000,1.500000,-160.899994,0.800000
2026-05-19-14-09-41,-0.990000,-0.990000,-0.180000,6.100000,3.200000,-163.399994,0.800000
2026-05-19-14-09-41,-1.010000,-0.980000,-0.190000,6.800000,3.000000,-164.000000,0.800000
2026-05-19-14-09-42,-0.990000,-1.000000,-0.180000,5.900000,1.800000,-166.500000,0.800000
2026-05-19-14-09-42,-1.000000,-0.990000,-0.180000,5.700000,3.200000,-168.500000,0.800000
2026-05-19-14-09-43,-1.010000,-0.990000,-0.200000,4.700000,2.300000,-169.300003,0.800000
2026-05-19-14-09-43,-1.020000,-1.000000,-0.200000,4.000000,3.100000,-171.600006,0.800000
2026-05-19-14-09-43,-1.020000,-1.000000,-0.180000,4.700000,3.300000,-173.000000,0.800000
2026-05-19-14-09-44,-1.020000,-0.990000,-0.160000,5.500000,8.300000,-174.699997,0.800000
2026-05-19-14-09-44,-1.010000,-1.000000,-0.170000,5.400000,10.400000,-176.399994,0.800000
2026-05-19-14-09-44,-0.990000,-1.000000,-0.160000,5.100000,8.900000,-179.300003,0.800000
2026-05-19-14-09-45,-0.980000,-1.000000,-0.170000,4.000000,5.000000,179.100006,0.800000
2026-05-19-14-09-45,-0.960000,-1.010000,-0.190000,3.800000,4.600000,176.500000,0.800000
2026-05-19-14-09-46,-0.950000,-1.000000,-0.170000,4.300000,7.300000,175.500000,0.800000
2026-05-19-14-09-46,-0.920000,-1.010000,-0.160000,5.300000,9.000000,172.600006,0.800000
2026-05-19-14-09-46,-0.900000,-1.030000,-0.160000,5.600000,9.200000,170.300003,0.800000
2026-05-19-14-09-47,-0.880000,-1.020000,-0.170000,4.200000,6.600000,167.500000,0.800000
2026-05-19-14-09-47,-0.870000,-1.040000,-0.170000,3.800000,6.100000,165.600006,0.800000
2026-05-19-14-09-48,-0.850000,-1.050000,-0.160000,4.500000,5.600000,162.699997,0.800000
2026-05-19-14-09-48,-0.840000,-1.060000,-0.170000,4.400000,5.100000,160.699997,0.800000
2026-05-19-14-09-48,-0.830000,-1.070000,-0.180000,5.100000,4.300000,160.100006,0.800000
2026-05-19-14-09-49,-0.820000,-1.060000,-0.170000,9.700000,4.300000,162.899994,0.800000
2026-05-19-14-09-49,-0.820000,-1.060000,-0.160000,12.800000,2.900000,168.399994,0.800000
2026-05-19-14-09-49,-0.810000,-1.060000,-0.160000,12.200000,4.000000,172.199997,0.800000
2026-05-19-14-09-50,-0.810000,-1.070000,-0.160000,11.000000,5.500000,174.600006,0.800000
2026-05-19-14-09-50,-0.820000,-1.090000,-0.160000,9.600000,4.400000,175.300003,0.800000
2026-05-19-14-09-50,-0.830000,-1.120000,-0.160000,7.300000,4.600000,174.000000,0.800000
2026-05-19-14-09-51,-0.840000,-1.140000,-0.160000,5.700000,4.500000,173.600006,0.800000
2026-05-19-14-09-51,-0.840000,-1.160000,-0.160000,4.600000,4.100000,173.600006,0.800000
2026-05-19-14-09-52,-0.890000,-1.170000,-0.160000,3.100000,-0.300000,176.399994,0.800000
2026-05-19-14-09-52,-0.950000,-1.170000,-0.160000,4.000000,-2.600000,177.300003,0.800000
2026-05-19-14-09-52,-1.000000,-1.170000,-0.180000,3.800000,-1.500000,177.500000,0.800000
2026-05-19-14-09-53,-1.030000,-1.180000,-0.190000,4.900000,1.800000,177.399994,0.800000
2026-05-19-14-09-53,-1.090000,-1.190000,-0.180000,6.700000,8.000000,177.399994,0.800000
2026-05-19-14-09-53,-1.150000,-1.190000,-0.180000,7.900000,9.300000,177.899994,0.800000
2026-05-19-14-09-54,-1.290000,-1.160000,-0.190000,9.700000,8.200000,176.300003,0.800000
2026-05-19-14-09-54,-1.430000,-1.180000,-0.210000,10.700000,7.400000,153.600006,0.800000
2026-05-19-14-09-55,-1.580000,-1.150000,-0.220000,11.700000,8.400000,137.899994,0.800000
2026-05-19-14-09-55,-1.690000,-1.050000,-0.250000,10.500000,4.300000,131.199997,0.800000
2026-05-19-14-09-55,-1.780000,-0.910000,-0.270000,7.100000,1.200000,128.600006,0.800000
2026-05-19-14-09-56,-1.860000,-0.760000,-0.290000,0.900000,-1.200000,142.500000,0.800000
2026-05-19-14-09-56,-1.920000,-0.630000,-0.310000,-7.100000,-0.100000,164.600006,0.800000
2026-05-19-14-09-56,-2.030000,-0.530000,-0.320000,-7.800000,1.400000,173.899994,0.800000
2026-05-19-14-09-57,-2.140000,-0.470000,-0.330000,-4.500000,-0.300000,178.100006,0.800000
2026-05-19-14-09-57,-2.200000,-0.420000,-0.360000,2.900000,-3.100000,-179.600006,0.800000
2026-05-19-14-09-58,-2.230000,-0.390000,-0.390000,9.200000,-3.700000,-177.399994,0.800000
2026-05-19-14-09-58,-2.260000,-0.360000,-0.410000,11.400000,-2.500000,-176.100006,0.800000
2026-05-19-14-09-58,-2.320000,-0.430000,-0.430000,13.700000,2.800000,179.300003,0.800000
2026-05-19-14-09-59,-2.360000,-0.360000,-0.440000,11.500000,6.700000,178.300003,0.800000
2026-05-19-14-09-59,-2.390000,-0.340000,-0.430000,6.700000,6.100000,177.899994,0.800000
2026-05-19-14-09-59,-2.410000,-0.320000,-0.430000,3.600000,-4.200000,176.300003,0.800000
2026-05-19-14-10-00,-2.410000,-0.270000,-0.470000,7.800000,-21.900000,175.399994,0.800000
2026-05-19-14-10-00,-2.430000,-0.260000,-0.460000,8.800000,-19.200001,176.600006,0.800000
2026-05-19-14-10-01,-2.450000,-0.220000,-0.430000,8.000000,-8.400000,-179.399994,0.800000
2026-05-19-14-10-01,-2.450000,-0.200000,-0.410000,6.600000,0.100000,-177.899994,0.800000
2026-05-19-14-10-01,-2.460000,-0.190000,-0.400000,6.300000,6.900000,-177.399994,0.800000
2026-05-19-14-10-02,-2.460000,-0.140000,-0.380000,8.300000,8.300000,-177.500000,0.800000
2026-05-19-14-10-02,-2.470000,-0.130000,-0.350000,8.300000,7.900000,-179.100006,0.800000
2026-05-19-14-10-02,-2.470000,-0.140000,-0.270000,6.800000,5.500000,179.600006,0.800000
2026-05-19-14-10-03,-2.460000,-0.110000,-0.190000,7.600000,1.200000,177.399994,0.800000
2026-05-19-14-10-03,-2.450000,-0.100000,-0.150000,8.600000,-2.200000,175.500000,0.800000
2026-05-19-14-10-03,-2.440000,-0.100000,-0.130000,8.700000,-3.600000,174.600006,0.800000
2026-05-19-14-10-04,-2.440000,-0.110000,-0.100000,8.500000,-4.400000,174.000000,0.800000
2026-05-19-14-10-04,-2.410000,-0.110000,-0.020000,8.300000,-5.800000,172.600006,0.800000
2026-05-19-14-10-04,-2.390000,-0.110000,0.040000,7.900000,-6.200000,171.500000,0.800000
2026-05-19-14-10-05,-2.360000,-0.120000,0.060000,6.000000,-5.100000,166.300003,0.800000
2026-05-19-14-10-05,-2.350000,-0.160000,0.070000,5.000000,-3.000000,150.500000,0.800000
2026-05-19-14-10-06,-2.350000,-0.190000,0.070000,3.500000,-1.600000,129.300003,0.800000
2026-05-19-14-10-06,-2.360000,-0.210000,0.070000,2.100000,-1.700000,111.599998,0.800000
2026-05-19-14-10-06,-2.360000,-0.220000,0.050000,0.200000,-2.100000,102.599998,0.800000
2026-05-19-14-10-07,-2.340000,-0.220000,0.020000,-1.900000,-1.400000,105.699997,0.800000
2026-05-19-14-10-07,-2.310000,-0.210000,-0.010000,-3.100000,0.900000,119.099998,0.800000
2026-05-19-14-10-08,-2.290000,-0.200000,-0.030000,-1.300000,1.700000,124.599998,0.800000
2026-05-19-14-10-08,-2.280000,-0.200000,-0.070000,2.200000,2.000000,127.099998,0.800000
2026-05-19-14-10-08,-2.270000,-0.190000,-0.100000,3.400000,2.100000,127.599998,0.800000
2026-05-19-14-10-08,-2.240000,-0.220000,-0.090000,4.500000,1.500000,128.000000,0.800000
2026-05-19-14-10-09,-2.230000,-0.240000,-0.150000,4.300000,1.000000,126.900002,0.800000
2026-05-19-14-10-09,-2.220000,-0.250000,-0.210000,3.600000,0.700000,125.699997,0.800000
2026-05-19-14-10-10,-2.220000,-0.260000,-0.270000,2.900000,1.200000,124.099998,0.800000
2026-05-19-14-10-10,-2.210000,-0.250000,-0.350000,3.200000,1.600000,123.199997,0.800000
2026-05-19-14-10-10,-2.190000,-0.260000,-0.400000,1.800000,3.600000,122.400002,0.800000
2026-05-19-14-10-11,-2.190000,-0.270000,-0.390000,1.100000,5.100000,120.500000,0.800000
2026-05-19-14-10-11,-2.190000,-0.260000,-0.370000,1.700000,5.600000,120.099998,0.800000
2026-05-19-14-10-11,-2.190000,-0.250000,-0.360000,1.800000,5.900000,119.699997,0.800000
2026-05-19-14-10-12,-2.190000,-0.250000,-0.360000,2.000000,3.700000,118.000000,0.800000
2026-05-19-14-10-12,-2.170000,-0.250000,-0.370000,1.600000,2.800000,116.400002,0.800000
2026-05-19-14-10-12,-2.170000,-0.240000,-0.360000,2.200000,3.800000,114.400002,0.800000
2026-05-19-14-10-13,-2.160000,-0.230000,-0.360000,2.100000,3.700000,113.199997,0.800000
2026-05-19-14-10-13,-2.170000,-0.240000,-0.360000,1.600000,4.300000,109.900002,0.800000
2026-05-19-14-10-13,-2.160000,-0.240000,-0.370000,1.300000,3.900000,109.500000,0.800000
2026-05-19-14-10-14,-2.160000,-0.230000,-0.360000,0.900000,4.100000,107.300003,0.800000
2026-05-19-14-10-14,-2.150000,-0.230000,-0.370000,0.800000,3.500000,105.900002,0.800000
2026-05-19-14-10-14,-2.150000,-0.250000,-0.360000,1.400000,3.600000,102.699997,0.800000
2026-05-19-14-10-15,-2.130000,-0.230000,-0.360000,2.200000,3.900000,101.099998,0.800000
2026-05-19-14-10-15,-2.150000,-0.230000,-0.370000,0.900000,3.700000,98.099998,0.800000
2026-05-19-14-10-16,-2.150000,-0.230000,-0.360000,1.200000,3.800000,96.599998,0.800000
2026-05-19-14-10-16,-2.140000,-0.230000,-0.360000,0.700000,3.200000,94.300003,0.800000
2026-05-19-14-10-16,-2.140000,-0.240000,-0.370000,0.400000,3.200000,91.500000,0.800000
2026-05-19-14-10-17,-2.130000,-0.230000,-0.380000,0.700000,3.500000,89.900002,0.800000
2026-05-19-14-10-17,-2.150000,-0.240000,-0.370000,0.400000,2.800000,87.199997,0.800000
2026-05-19-14-10-18,-2.130000,-0.230000,-0.350000,0.900000,3.400000,85.599998,0.800000
2026-05-19-14-10-18,-2.130000,-0.240000,-0.360000,0.200000,2.800000,83.599998,0.800000
2026-05-19-14-10-18,-2.130000,-0.240000,-0.360000,-0.300000,3.100000,82.199997,0.800000
2026-05-19-14-10-18,-2.120000,-0.240000,-0.370000,-0.200000,3.100000,81.099998,0.800000
2026-05-19-14-10-19,-2.100000,-0.230000,-0.380000,-0.400000,2.200000,79.699997,0.800000
2026-05-19-14-10-19,-2.130000,-0.240000,-0.360000,0.100000,3.500000,77.000000,0.800000
2026-05-19-14-10-20,-2.110000,-0.240000,-0.360000,0.600000,3.100000,76.400002,0.800000
2026-05-19-14-10-20,-2.130000,-0.260000,-0.370000,0.300000,1.700000,74.099998,0.800000
2026-05-19-14-10-20,-2.120000,-0.260000,-0.360000,0.500000,2.800000,71.599998,0.800000
2026-05-19-14-10-21,-2.130000,-0.250000,-0.370000,-0.700000,1.800000,71.199997,0.800000
2026-05-19-14-10-21,-2.130000,-0.260000,-0.360000,-0.200000,1.800000,67.500000,0.800000
2026-05-19-14-10-21,-2.100000,-0.260000,-0.370000,-0.400000,2.500000,67.300003,0.800000
2026-05-19-14-10-22,-2.120000,-0.270000,-0.370000,-0.200000,1.300000,64.199997,0.800000
2026-05-19-14-10-22,-2.130000,-0.270000,-0.370000,-0.300000,2.000000,62.799999,0.800000
2026-05-19-14-10-23,-2.130000,-0.270000,-0.380000,-0.100000,1.800000,60.299999,0.800000
2026-05-19-14-10-23,-2.110000,-0.270000,-0.360000,-0.400000,2.500000,58.700001,0.800000
2026-05-19-14-10-23,-2.110000,-0.280000,-0.360000,-0.700000,2.100000,58.000000,0.800000
2026-05-19-14-10-24,-2.120000,-0.280000,-0.360000,-0.400000,2.300000,55.900002,0.800000
2026-05-19-14-10-24,-2.110000,-0.280000,-0.370000,0.200000,1.800000,54.599998,0.800000
2026-05-19-14-10-24,-2.120000,-0.290000,-0.370000,-0.200000,1.300000,53.000000,0.800000
2026-05-19-14-10-25,-2.110000,-0.290000,-0.360000,0.500000,1.800000,51.500000,0.800000
2026-05-19-14-10-25,-2.100000,-0.290000,-0.370000,-0.300000,2.000000,50.000000,0.800000
2026-05-19-14-10-26,-2.110000,-0.300000,-0.370000,0.100000,1.100000,49.000000,0.800000
2026-05-19-14-10-26,-2.110000,-0.320000,-0.360000,-0.200000,1.200000,47.599998,0.800000
2026-05-19-14-10-27,-2.140000,-0.190000,-0.370000,-17.000000,7.400000,54.299999,0.800000
2026-05-19-14-10-27,-2.150000,-0.110000,-0.390000,-14.100000,7.000000,63.099998,0.800000
2026-05-19-14-10-28,-2.140000,-0.050000,-0.390000,-1.700000,1.800000,68.400002,0.800000
2026-05-19-14-10-28,-2.140000,0.000000,-0.380000,5.500000,-3.200000,82.199997,0.800000
2026-05-19-14-10-28,-2.110000,0.040000,-0.390000,6.300000,-5.400000,93.800003,0.800000
2026-05-19-14-10-28,-2.100000,0.080000,-0.390000,6.300000,-5.600000,96.500000,0.800000
2026-05-19-14-10-29,-2.130000,0.120000,-0.390000,5.700000,-4.800000,96.199997,0.800000
2026-05-19-14-10-29,-2.080000,0.100000,-0.390000,6.300000,-1.600000,90.800003,0.800000
2026-05-19-14-10-29,-2.080000,0.130000,-0.400000,4.900000,1.100000,88.300003,0.800000
2026-05-19-14-10-30,-2.080000,0.160000,-0.420000,4.100000,4.400000,87.599998,0.800000
2026-05-19-14-10-30,-2.080000,0.180000,-0.360000,5.900000,3.100000,86.699997,0.800000
2026-05-19-14-10-31,-2.050000,0.190000,-0.230000,6.700000,-0.900000,86.000000,0.800000
2026-05-19-14-10-31,-1.970000,0.150000,0.020000,9.100000,-10.600000,82.400002,0.800000
2026-05-19-14-10-32,-1.950000,0.130000,0.100000,7.000000,-12.200000,80.599998,0.800000
2026-05-19-14-10-32,-1.940000,0.110000,0.150000,4.200000,-11.700000,78.900002,0.800000
2026-05-19-14-10-33,-1.910000,0.060000,0.170000,1.700000,-9.100000,77.199997,0.800000
2026-05-19-14-10-33,-1.910000,0.040000,0.250000,-5.600000,-3.300000,75.199997,0.800000
2026-05-19-14-10-33,-1.910000,0.000000,0.340000,-1.700000,-4.000000,73.199997,0.800000
2026-05-19-14-10-34,-1.910000,-0.030000,0.380000,2.900000,-5.000000,71.199997,0.800000
2026-05-19-14-10-34,-1.920000,-0.000000,0.410000,5.100000,-5.200000,69.000000,0.800000
2026-05-19-14-10-34,-1.920000,-0.070000,0.410000,5.500000,-4.100000,67.800003,0.800000
2026-05-19-14-10-35,-1.770000,0.160000,0.460000,8.600000,7.500000,72.400002,0.800000
2026-05-19-14-10-35,-1.650000,0.330000,0.440000,9.800000,6.800000,77.400002,0.800000
2026-05-19-14-10-36,-1.510000,0.550000,0.360000,2.800000,-1.600000,84.699997,0.800000
2026-05-19-14-10-37,-1.430000,0.720000,0.360000,2.200000,-1.700000,87.599998,0.800000
2026-05-19-14-10-37,-1.350000,0.900000,0.350000,2.000000,-4.700000,90.199997,0.800000
2026-05-19-14-10-38,-1.370000,1.080000,0.330000,8.800000,-12.700000,45.700001,0.800000
2026-05-19-14-10-38,-1.360000,1.140000,0.310000,10.200000,-12.000000,35.500000,0.800000
2026-05-19-14-10-38,-1.320000,1.110000,0.290000,8.000000,-16.200001,46.799999,0.800000
2026-05-19-14-10-39,-1.350000,1.010000,0.300000,1.500000,-21.500000,61.000000,0.900000
2026-05-19-14-10-40,-1.240000,1.120000,0.260000,4.200000,-8.900000,71.000000,0.900000
2026-05-19-14-10-40,-1.190000,1.180000,0.270000,6.300000,-4.900000,71.900002,0.900000
2026-05-19-14-10-41,-0.870000,1.670000,0.240000,7.100000,-7.100000,77.800003,0.900000
2026-05-19-14-10-41,-0.760000,1.850000,0.260000,3.200000,-6.500000,79.199997,0.900000
2026-05-19-14-10-42,-0.670000,2.030000,0.290000,2.600000,-4.800000,77.300003,0.900000
2026-05-19-14-10-42,-0.590000,2.190000,0.310000,7.400000,-4.000000,67.800003,0.900000
2026-05-19-14-10-42,-0.490000,2.330000,0.320000,11.900000,-4.200000,62.599998,0.900000
2026-05-19-14-10-43,-0.380000,2.420000,0.300000,10.000000,-6.400000,56.900002,0.900000
2026-05-19-14-10-43,-0.330000,2.460000,0.270000,4.900000,-8.100000,53.400002,0.900000
2026-05-19-14-10-44,-0.300000,2.490000,0.240000,1.500000,-7.100000,50.299999,0.900000
2026-05-19-14-10-44,-0.270000,2.510000,0.210000,1.400000,-4.200000,48.099998,0.900000
2026-05-19-14-10-44,-0.250000,2.520000,0.170000,2.300000,-1.000000,46.200001,0.900000
2026-05-19-14-10-45,-0.230000,2.520000,0.110000,2.900000,1.100000,44.599998,0.900000
2026-05-19-14-10-45,-0.220000,2.530000,0.050000,2.800000,2.000000,43.299999,0.900000
2026-05-19-14-10-46,-0.210000,2.540000,-0.010000,2.200000,1.900000,42.200001,0.900000
2026-05-19-14-10-46,-0.210000,2.540000,-0.070000,2.000000,1.400000,41.299999,0.900000
2026-05-19-14-10-46,-0.210000,2.530000,-0.140000,2.000000,1.000000,40.500000,0.900000
2026-05-19-14-10-47,-0.210000,2.520000,-0.210000,1.800000,1.100000,39.500000,0.900000
2026-05-19-14-10-47,-0.210000,2.520000,-0.290000,1.500000,1.700000,38.400002,0.900000
2026-05-19-14-10-47,-0.220000,2.520000,-0.360000,1.200000,2.000000,37.200001,0.900000
2026-05-19-14-10-48,-0.230000,2.510000,-0.420000,1.200000,2.300000,36.000000,0.900000
2026-05-19-14-10-48,-0.240000,2.500000,-0.500000,1.300000,2.400000,35.000000,0.900000
2026-05-19-14-10-49,-0.250000,2.490000,-0.560000,1.300000,2.600000,34.099998,0.900000
2026-05-19-14-10-49,-0.230000,2.470000,-0.640000,1.100000,3.400000,33.000000,0.900000
2026-05-19-14-10-49,-0.270000,2.480000,-0.690000,1.300000,4.400000,32.200001,0.900000
2026-05-19-14-10-50,-0.280000,2.470000,-0.760000,1.000000,4.100000,31.500000,0.900000
2026-05-19-14-10-50,-0.320000,2.450000,-0.820000,0.500000,2.500000,30.100000,0.900000
2026-05-19-14-10-50,-0.320000,2.420000,-0.880000,1.600000,2.900000,29.400000,0.900000
2026-05-19-14-10-51,-0.340000,2.410000,-0.900000,-0.600000,2.100000,28.299999,0.900000
2026-05-19-14-10-51,-0.360000,2.410000,-0.870000,-0.700000,2.200000,27.799999,0.900000
2026-05-19-14-10-52,-0.360000,2.390000,-0.850000,0.800000,2.100000,26.200001,0.900000
2026-05-19-14-10-52,-0.380000,2.380000,-0.860000,1.200000,1.600000,25.600000,0.900000
2026-05-19-14-10-52,-0.400000,2.370000,-0.870000,0.700000,0.900000,24.299999,0.900000
2026-05-19-14-10-53,-0.410000,2.350000,-0.870000,0.500000,0.800000,23.600000,0.900000
2026-05-19-14-10-53,-0.410000,2.350000,-0.860000,-0.100000,1.100000,22.900000,0.900000
2026-05-19-14-10-54,-0.410000,2.340000,-0.850000,0.200000,1.500000,21.900000,0.900000
2026-05-19-14-10-54,-0.420000,2.340000,-0.860000,0.200000,1.400000,21.600000,0.900000
2026-05-19-14-10-54,-0.430000,2.340000,-0.860000,0.900000,1.200000,21.600000,0.900000
2026-05-19-14-10-54,-0.450000,2.330000,-0.860000,1.600000,1.000000,21.200001,0.900000
2026-05-19-14-10-55,-0.450000,2.310000,-0.870000,0.700000,0.800000,19.799999,0.900000
2026-05-19-14-10-55,-0.450000,2.330000,-0.860000,0.900000,1.400000,19.400000,0.900000
2026-05-19-14-10-55,-0.450000,2.300000,-0.850000,0.700000,1.200000,18.299999,0.900000
2026-05-19-14-10-56,-0.480000,2.290000,-0.850000,0.500000,1.000000,17.400000,0.900000
2026-05-19-14-10-56,-0.490000,2.300000,-0.860000,0.700000,1.000000,16.100000,0.900000
2026-05-19-14-10-56,-0.500000,2.290000,-0.870000,0.900000,0.600000,15.500000,0.900000
2026-05-19-14-10-57,-0.500000,2.280000,-0.850000,0.600000,1.000000,13.900000,0.900000
2026-05-19-14-10-57,-0.520000,2.260000,-0.850000,0.900000,0.600000,13.300000,0.900000
2026-05-19-14-10-58,-0.540000,2.270000,-0.850000,1.200000,1.000000,11.700000,0.900000
2026-05-19-14-10-58,-0.550000,2.260000,-0.850000,1.000000,0.800000,11.000000,0.900000
2026-05-19-14-10-58,-0.560000,2.260000,-0.850000,1.000000,0.300000,9.500000,0.900000
2026-05-19-14-10-59,-0.570000,2.240000,-0.850000,1.500000,0.000000,8.900000,0.900000
2026-05-19-14-10-59,-0.570000,2.220000,-0.860000,0.800000,0.500000,8.700000,0.900000
2026-05-19-14-10-59,-0.630000,2.270000,-0.860000,0.900000,0.200000,6.700000,0.900000
2026-05-19-14-11-00,-0.640000,2.260000,-0.850000,1.100000,0.700000,6.000000,0.900000
2026-05-19-14-11-00,-0.650000,2.250000,-0.850000,0.200000,0.400000,4.800000,0.900000
2026-05-19-14-11-01,-0.670000,2.250000,-0.850000,0.300000,0.200000,3.700000,0.900000
2026-05-19-14-11-01,-0.700000,2.240000,-0.840000,0.600000,-0.000000,2.700000,0.900000
2026-05-19-14-11-01,-0.710000,2.220000,-0.850000,1.000000,0.000000,1.200000,0.900000
2026-05-19-14-11-02,-0.780000,2.250000,-0.760000,3.300000,-0.800000,-1.200000,0.900000
2026-05-19-14-11-03,-0.800000,2.150000,-0.340000,8.200000,-8.200000,-5.100000,0.900000
2026-05-19-14-11-04,-0.860000,2.090000,-0.050000,10.000000,-12.100000,-8.800000,0.900000
2026-05-19-14-11-05,-0.890000,2.050000,0.080000,9.700000,-12.700000,-10.100000,0.900000
2026-05-19-14-11-05,-0.920000,2.010000,0.130000,7.700000,-11.800000,-11.200000,0.900000
2026-05-19-14-11-05,-0.950000,1.990000,0.170000,7.000000,-11.500000,-13.200000,0.900000
2026-05-19-14-11-07,-1.130000,1.900000,0.560000,12.900000,-18.000000,-20.500000,0.900000
2026-05-19-14-11-07,-1.180000,1.870000,0.650000,12.300000,-17.900000,-23.100000,0.900000
2026-05-19-14-11-07,-1.230000,1.850000,0.700000,12.000000,-15.300000,-25.600000,0.900000
2026-05-19-14-11-08,-1.280000,1.830000,0.730000,11.700000,-11.100000,-28.100000,0.900000
2026-05-19-14-11-08,-1.340000,1.810000,0.840000,11.900000,-9.200000,-29.500000,0.900000
2026-05-19-14-11-08,-1.400000,1.780000,0.920000,12.400000,-8.000000,-30.900000,0.900000
2026-05-19-14-11-09,-1.450000,1.770000,0.960000,11.100000,-6.500000,-31.799999,0.900000
2026-05-19-14-11-09,-1.500000,1.790000,0.970000,8.900000,-5.000000,-32.599998,0.900000
2026-05-19-14-11-09,-1.500000,1.750000,0.980000,6.600000,-3.900000,-33.400002,0.900000
2026-05-19-14-11-09,-1.530000,1.750000,0.980000,4.700000,-3.000000,-34.299999,0.900000
2026-05-19-14-11-10,-1.560000,1.740000,0.980000,3.800000,-2.700000,-35.200001,0.900000
2026-05-19-14-11-10,-1.590000,1.750000,0.970000,3.800000,-2.700000,-36.400002,0.900000
2026-05-19-14-11-10,-1.610000,1.750000,0.960000,4.500000,-3.000000,-37.400002,0.900000
2026-05-19-14-11-10,-1.640000,1.750000,0.950000,5.300000,-3.400000,-38.400002,0.900000
2026-05-19-14-11-10,-1.670000,1.760000,0.940000,6.300000,-3.800000,-39.900002,0.900000
2026-05-19-14-11-11,-1.690000,1.770000,0.920000,6.700000,-4.100000,-41.200001,0.900000
2026-05-19-14-11-11,-1.710000,1.780000,0.900000,6.700000,-4.200000,-42.700001,0.900000
2026-05-19-14-11-11,-1.720000,1.790000,0.870000,6.300000,-4.100000,-44.099998,0.900000
2026-05-19-14-11-11,-1.740000,1.800000,0.850000,5.900000,-4.100000,-45.400002,0.900000
2026-05-19-14-11-12,-1.750000,1.810000,0.820000,5.300000,-3.900000,-46.700001,0.900000
2026-05-19-14-11-12,-1.770000,1.830000,0.780000,4.500000,-3.300000,-48.900002,0.900000
2026-05-19-14-11-12,-1.790000,1.840000,0.750000,4.200000,-2.800000,-49.900002,0.900000
2026-05-19-14-11-13,-1.800000,1.860000,0.700000,4.200000,-2.000000,-51.500000,0.900000
2026-05-19-14-11-13,-1.810000,1.880000,0.640000,4.500000,-1.400000,-52.900002,0.900000
2026-05-19-14-11-13,-1.810000,1.890000,0.580000,4.600000,-1.000000,-54.099998,0.900000
2026-05-19-14-11-14,-1.810000,1.910000,0.520000,4.600000,-0.800000,-55.200001,0.900000
2026-05-19-14-11-14,-1.820000,1.920000,0.460000,4.500000,-1.000000,-56.299999,0.900000
2026-05-19-14-11-14,-1.820000,1.930000,0.390000,4.500000,-1.200000,-57.099998,0.900000
2026-05-19-14-11-15,-1.820000,1.940000,0.320000,4.500000,-1.200000,-58.000000,0.900000
2026-05-19-14-11-15,-1.820000,1.960000,0.250000,4.300000,-1.200000,-58.700001,0.900000
2026-05-19-14-11-16,-1.820000,1.980000,0.180000,4.100000,-1.400000,-59.500000,0.900000
2026-05-19-14-11-16,-1.820000,2.000000,0.110000,4.100000,-1.400000,-60.200001,0.900000
2026-05-19-14-11-16,-1.810000,2.010000,0.040000,4.100000,-1.100000,-60.799999,0.900000
2026-05-19-14-11-17,-1.810000,2.020000,-0.030000,4.200000,-1.000000,-61.500000,0.900000
2026-05-19-14-11-17,-1.810000,2.030000,-0.100000,4.400000,-1.300000,-62.200001,0.900000
2026-05-19-14-11-18,-1.800000,2.050000,-0.180000,4.500000,-1.500000,-63.099998,0.900000
2026-05-19-14-11-18,-1.800000,2.070000,-0.260000,4.500000,-1.400000,-64.099998,0.900000
2026-05-19-14-11-18,-1.800000,2.080000,-0.300000,4.400000,-1.300000,-64.699997,0.900000
2026-05-19-14-11-19,-1.790000,2.090000,-0.380000,4.300000,-0.700000,-65.699997,0.900000
2026-05-19-14-11-19,-1.790000,2.090000,-0.430000,4.200000,-0.400000,-66.199997,0.900000
2026-05-19-14-11-19,-1.790000,2.080000,-0.500000,4.100000,-0.800000,-67.199997,0.900000
2026-05-19-14-11-20,-1.790000,2.120000,-0.570000,4.000000,-0.900000,-68.599998,0.900000
2026-05-19-14-11-20,-1.790000,2.130000,-0.660000,3.700000,-0.800000,-69.500000,0.900000
2026-05-19-14-11-20,-1.780000,2.140000,-0.740000,3.200000,-1.600000,-70.500000,0.900000
2026-05-19-14-11-21,-1.790000,2.140000,-0.790000,4.200000,0.000000,-71.900002,0.900000
2026-05-19-14-11-21,-1.820000,2.140000,-0.840000,3.700000,0.800000,-72.099998,0.900000
2026-05-19-14-11-21,-1.810000,2.150000,-0.840000,3.000000,1.000000,-73.800003,0.900000
2026-05-19-14-11-22,-1.820000,2.160000,-0.820000,3.200000,0.400000,-74.099998,0.900000
2026-05-19-14-11-22,-1.840000,2.160000,-0.800000,4.000000,0.300000,-76.099998,0.900000
2026-05-19-14-11-23,-1.860000,2.160000,-0.810000,4.300000,0.000000,-76.500000,0.900000
2026-05-19-14-11-23,-1.860000,2.170000,-0.820000,4.400000,0.200000,-78.199997,0.900000
2026-05-19-14-11-23,-1.860000,2.160000,-0.820000,4.200000,0.500000,-79.000000,0.900000
2026-05-19-14-11-24,-1.880000,2.160000,-0.820000,4.100000,0.900000,-80.199997,0.900000
2026-05-19-14-11-24,-1.900000,2.170000,-0.820000,4.200000,0.700000,-81.699997,0.900000
2026-05-19-14-11-25,-1.910000,2.180000,-0.810000,4.200000,1.700000,-82.900002,0.900000
2026-05-19-14-11-25,-1.920000,2.180000,-0.810000,4.000000,0.700000,-84.099998,0.900000
2026-05-19-14-11-25,-1.930000,2.190000,-0.820000,4.200000,0.100000,-85.900002,0.900000
2026-05-19-14-11-26,-1.950000,2.180000,-0.820000,3.400000,-0.100000,-86.500000,0.900000
2026-05-19-14-11-26,-1.960000,2.190000,-0.830000,3.800000,0.200000,-88.300003,0.900000
2026-05-19-14-11-26,-1.970000,2.190000,-0.820000,4.000000,1.000000,-88.000000,0.900000
2026-05-19-14-11-27,-1.990000,2.200000,-0.820000,3.900000,1.700000,-89.500000,0.900000
2026-05-19-14-11-27,-1.990000,2.210000,-0.810000,4.200000,1.600000,-89.800003,0.900000
2026-05-19-14-11-27,-2.010000,2.220000,-0.820000,4.700000,0.200000,-90.699997,0.900000
2026-05-19-14-11-27,-2.010000,2.220000,-0.830000,3.900000,-0.400000,-90.699997,0.900000
2026-05-19-14-11-28,-2.010000,2.230000,-0.830000,5.000000,-1.400000,-91.099998,0.900000
2026-05-19-14-11-28,-2.030000,2.240000,-0.830000,5.300000,-1.100000,-91.500000,0.900000
2026-05-19-14-11-28,-2.060000,2.250000,-0.830000,3.300000,0.100000,-91.199997,0.900000
2026-05-19-14-11-29,-2.050000,2.260000,-0.830000,4.100000,0.600000,-91.500000,0.900000
2026-05-19-14-11-29,-2.060000,2.260000,-0.830000,4.500000,0.900000,-92.300003,0.900000
2026-05-19-14-11-29,-2.070000,2.260000,-0.830000,4.000000,0.600000,-93.000000,0.900000
2026-05-19-14-11-30,-2.070000,2.290000,-0.830000,4.000000,-0.800000,-92.000000,0.900000
2026-05-19-14-11-30,-2.080000,2.310000,-0.830000,4.200000,-0.600000,-93.300003,0.900000
2026-05-19-14-11-30,-2.090000,2.320000,-0.830000,4.900000,0.100000,-93.400002,0.900000
2026-05-19-14-11-31,-2.100000,2.320000,-0.830000,4.800000,0.600000,-94.300003,0.900000
2026-05-19-14-11-31,-2.120000,2.330000,-0.830000,4.700000,0.600000,-94.099998,0.900000
2026-05-19-14-11-32,-2.140000,2.350000,-0.840000,4.300000,-0.100000,-94.699997,0.900000
2026-05-19-14-11-32,-2.140000,2.370000,-0.840000,4.400000,0.500000,-95.300003,0.900000
2026-05-19-14-11-32,-2.150000,2.380000,-0.830000,4.900000,0.300000,-95.699997,0.900000
2026-05-19-14-11-33,-2.160000,2.400000,-0.830000,4.500000,0.200000,-96.099998,0.900000
2026-05-19-14-11-33,-2.170000,2.410000,-0.830000,4.600000,0.200000,-96.199997,0.900000
2026-05-19-14-11-34,-2.180000,2.430000,-0.830000,4.600000,-0.200000,-97.099998,0.900000
2026-05-19-14-11-34,-2.190000,2.460000,-0.830000,4.300000,-0.600000,-97.000000,0.900000
2026-05-19-14-11-34,-2.200000,2.470000,-0.840000,4.800000,-0.100000,-98.199997,0.900000
2026-05-19-14-11-35,-2.200000,2.490000,-0.840000,4.400000,-0.400000,-98.000000,0.900000
2026-05-19-14-11-35,-2.200000,2.500000,-0.840000,5.500000,-0.000000,-98.800003,0.900000
2026-05-19-14-11-35,-2.220000,2.520000,-0.830000,4.500000,0.100000,-99.199997,0.900000
2026-05-19-14-11-36,-2.210000,2.550000,-0.840000,4.700000,0.100000,-100.400002,0.900000
2026-05-19-14-11-36,-2.220000,2.560000,-0.840000,4.500000,0.900000,-100.699997,0.900000
2026-05-19-14-11-37,-2.220000,2.580000,-0.840000,4.500000,-0.300000,-101.800003,0.900000
2026-05-19-14-11-37,-2.220000,2.600000,-0.830000,4.800000,-0.000000,-102.400002,0.900000
2026-05-19-14-11-37,-2.230000,2.600000,-0.830000,5.000000,-0.300000,-103.099998,0.900000
2026-05-19-14-11-37,-2.250000,2.630000,-0.840000,4.600000,-0.900000,-103.900002,0.900000
2026-05-19-14-11-38,-2.250000,2.640000,-0.840000,5.000000,0.400000,-105.199997,0.900000
2026-05-19-14-11-38,-2.230000,2.660000,-0.840000,4.600000,-0.100000,-105.800003,0.900000
2026-05-19-14-11-39,-2.230000,2.680000,-0.840000,5.800000,0.500000,-107.400002,0.900000
2026-05-19-14-11-39,-2.240000,2.700000,-0.840000,4.900000,-0.100000,-108.500000,0.900000
2026-05-19-14-11-39,-2.240000,2.710000,-0.840000,5.100000,-0.200000,-109.500000,0.900000
2026-05-19-14-11-39,-2.250000,2.720000,-0.840000,5.300000,-0.200000,-110.300003,0.900000
2026-05-19-14-11-40,-2.250000,2.730000,-0.830000,4.400000,0.300000,-111.599998,0.900000
2026-05-19-14-11-40,-2.240000,2.740000,-0.840000,4.900000,0.700000,-112.900002,0.900000
2026-05-19-14-11-41,-2.220000,2.770000,-0.840000,4.800000,0.400000,-114.500000,0.900000
2026-05-19-14-11-41,-2.230000,2.800000,-0.830000,5.700000,0.500000,-116.199997,0.900000
2026-05-19-14-11-41,-2.240000,2.810000,-0.830000,5.300000,1.100000,-118.400002,0.900000
2026-05-19-14-11-42,-2.210000,2.810000,-0.840000,-1.400000,2.000000,-118.400002,0.900000
2026-05-19-14-11-42,-2.160000,2.800000,-0.840000,-3.600000,2.500000,-117.099998,0.900000
2026-05-19-14-11-42,-2.150000,2.810000,-0.830000,2.800000,0.600000,-115.699997,0.900000
2026-05-19-14-11-43,-2.150000,2.830000,-0.840000,9.200000,0.100000,-115.000000,0.900000
2026-05-19-14-11-43,-2.130000,2.840000,-0.850000,11.300000,-0.500000,-113.599998,0.900000
2026-05-19-14-11-44,-2.100000,2.840000,-0.830000,8.600000,-0.100000,-113.699997,0.900000
2026-05-19-14-11-44,-2.100000,2.830000,-0.820000,5.600000,2.100000,-112.900002,0.900000
2026-05-19-14-11-44,-2.090000,2.850000,-0.830000,4.100000,2.300000,-112.800003,0.900000
2026-05-19-14-11-45,-2.060000,2.860000,-0.840000,4.000000,1.400000,-113.099998,0.900000
2026-05-19-14-11-45,-2.050000,2.870000,-0.830000,5.500000,0.600000,-113.699997,0.900000
2026-05-19-14-11-46,-2.040000,2.880000,-0.820000,6.700000,0.600000,-114.199997,0.900000
2026-05-19-14-11-46,-2.030000,2.890000,-0.820000,7.000000,1.100000,-115.000000,0.900000
2026-05-19-14-11-46,-2.030000,2.900000,-0.830000,6.300000,0.900000,-115.599998,0.900000
2026-05-19-14-11-47,-1.990000,2.910000,-0.820000,5.600000,0.500000,-116.900002,0.900000
2026-05-19-14-11-47,-1.980000,2.910000,-0.820000,6.100000,1.100000,-117.599998,0.900000
2026-05-19-14-11-47,-1.970000,2.930000,-0.820000,6.300000,1.100000,-118.400002,0.900000
2026-05-19-14-11-48,-1.970000,2.940000,-0.820000,5.500000,0.900000,-119.699997,0.900000
2026-05-19-14-11-48,-1.960000,2.950000,-0.820000,5.100000,1.000000,-120.199997,0.900000
2026-05-19-14-11-48,-1.930000,2.950000,-0.820000,5.100000,0.700000,-121.000000,0.900000
2026-05-19-14-11-49,-1.910000,2.960000,-0.820000,5.200000,1.100000,-122.500000,0.900000
2026-05-19-14-11-49,-1.900000,2.970000,-0.810000,5.000000,0.900000,-123.000000,0.900000
2026-05-19-14-11-49,-1.900000,2.980000,-0.800000,5.800000,1.200000,-124.199997,0.900000
2026-05-19-14-11-50,-1.900000,3.010000,-0.800000,6.100000,0.600000,-125.300003,0.900000
2026-05-19-14-11-50,-1.870000,3.010000,-0.820000,5.500000,0.900000,-126.699997,0.900000
2026-05-19-14-11-51,-1.850000,3.010000,-0.830000,5.900000,1.100000,-128.000000,0.900000
2026-05-19-14-11-51,-1.830000,3.020000,-0.810000,4.500000,1.000000,-129.199997,0.900000
2026-05-19-14-11-51,-1.810000,3.030000,-0.790000,4.000000,1.700000,-130.500000,0.900000
2026-05-19-14-11-52,-1.850000,3.030000,-0.780000,7.100000,6.000000,-130.100006,0.900000
2026-05-19-14-11-53,-2.050000,2.780000,-0.830000,10.300000,6.100000,-123.000000,0.900000
2026-05-19-14-11-53,-2.150000,2.620000,-0.860000,9.900000,-1.300000,-120.300003,0.900000
2026-05-19-14-11-53,-2.230000,2.550000,-0.860000,9.100000,-4.800000,-118.900002,0.900000
2026-05-19-14-11-54,-2.330000,2.460000,-0.880000,6.900000,-10.800000,-117.500000,0.900000
2026-05-19-14-11-54,-2.390000,2.410000,-0.870000,5.200000,-13.800000,-115.599998,0.900000
2026-05-19-14-11-54,-2.400000,2.400000,-0.790000,4.900000,-17.900000,-115.199997,0.900000
2026-05-19-14-11-54,-2.390000,2.420000,-0.740000,5.300000,-20.500000,-116.099998,0.900000
2026-05-19-14-11-55,-2.350000,2.480000,-0.630000,7.100000,-25.000000,-118.500000,0.900000
2026-05-19-14-11-56,-2.290000,2.590000,-0.540000,0.400000,-29.200001,-121.400002,0.900000
2026-05-19-14-11-56,-2.230000,2.670000,-0.440000,4.000000,-28.600000,-123.000000,0.900000
2026-05-19-14-11-56,-2.180000,2.750000,-0.320000,8.200000,-27.000000,-124.099998,0.900000
2026-05-19-14-11-57,-2.130000,2.810000,-0.250000,10.600000,-23.299999,-124.300003,0.900000
2026-05-19-14-11-57,-2.080000,2.850000,-0.230000,9.100000,-17.900000,-123.500000,0.900000
2026-05-19-14-11-57,-2.050000,2.880000,-0.220000,7.600000,-15.300000,-123.000000,0.900000
2026-05-19-14-11-58,-1.960000,2.960000,-0.170000,7.400000,-8.200000,-123.500000,0.900000
2026-05-19-14-11-59,-1.920000,2.990000,-0.060000,10.000000,-8.400000,-124.900002,0.900000
2026-05-19-14-11-59,-1.880000,3.020000,-0.010000,10.600000,-8.600000,-126.000000,0.900000
2026-05-19-14-11-59,-1.840000,3.040000,0.020000,10.300000,-8.400000,-126.500000,0.900000
2026-05-19-14-12-00,-1.740000,3.030000,0.040000,9.500000,-7.400000,-127.199997,0.900000
2026-05-19-14-12-00,-1.800000,3.090000,0.010000,9.300000,-6.900000,-126.199997,0.900000
2026-05-19-14-12-01,-1.870000,3.040000,0.030000,10.800000,1.600000,-114.099998,0.900000
2026-05-19-14-12-01,-1.950000,2.910000,0.030000,11.000000,3.300000,-106.500000,0.900000
2026-05-19-14-12-02,-2.020000,2.740000,0.020000,11.000000,2.100000,-101.699997,0.900000
2026-05-19-14-12-02,-2.070000,2.580000,0.000000,12.900000,-0.800000,-112.500000,0.900000
2026-05-19-14-12-03,-2.410000,2.180000,-0.030000,19.000000,-4.200000,-144.899994,0.900000
2026-05-19-14-12-04,-2.770000,2.010000,-0.020000,9.800000,-9.300000,-141.100006,0.900000
2026-05-19-14-12-04,-2.940000,1.900000,0.010000,8.600000,-9.200000,-143.100006,0.900000
2026-05-19-14-12-05,-3.220000,1.740000,0.040000,20.799999,-3.500000,177.100006,0.900000
2026-05-19-14-12-05,-3.420000,1.760000,0.060000,19.000000,-2.500000,176.800003,0.900000
2026-05-19-14-12-06,-3.570000,1.800000,0.030000,11.400000,-15.300000,-166.600006,0.900000
2026-05-19-14-12-07,-3.900000,1.790000,0.090000,0.900000,-9.800000,-145.500000,0.900000
2026-05-19-14-12-07,-4.010000,1.750000,0.090000,3.900000,-10.300000,-143.600006,0.900000
2026-05-19-14-12-07,-4.090000,1.720000,0.080000,9.400000,-8.300000,-143.100006,0.900000
2026-05-19-14-12-08,-4.220000,1.640000,0.090000,12.800000,-5.100000,-139.399994,0.900000
2026-05-19-14-12-08,-4.390000,1.540000,0.100000,14.700000,-4.800000,-136.199997,0.900000
2026-05-19-14-12-08,-4.560000,1.420000,0.090000,14.300000,-7.700000,-133.500000,0.900000
2026-05-19-14-12-09,-4.710000,1.290000,0.110000,12.200000,-11.300000,-132.800003,0.900000
2026-05-19-14-12-09,-4.800000,1.210000,0.110000,13.800000,-13.600000,-139.300003,0.900000
2026-05-19-14-12-09,-4.840000,1.140000,0.130000,15.200000,-12.300000,-142.199997,0.900000
2026-05-19-14-12-10,-4.970000,1.070000,0.140000,16.000000,-10.400000,-143.699997,0.900000
2026-05-19-14-12-10,-5.310000,0.870000,0.200000,15.500000,-11.400000,-141.699997,0.000000
2026-05-19-14-12-11,-5.480000,0.760000,0.230000,14.100000,-12.800000,-139.600006,0.900000
2026-05-19-14-12-11,-5.630000,0.660000,0.250000,12.300000,-15.100000,-139.000000,0.900000
2026-05-19-14-12-12,-5.730000,0.580000,0.240000,12.700000,-14.100000,-140.600006,0.900000
2026-05-19-14-12-12,-5.760000,0.550000,0.190000,13.000000,-11.100000,-139.300003,0.900000
2026-05-19-14-12-12,-5.780000,0.520000,0.110000,13.500000,-7.000000,-137.800003,0.900000
2026-05-19-14-12-12,-5.780000,0.490000,0.030000,15.000000,-2.800000,-136.300003,0.900000
2026-05-19-14-12-12,-5.790000,0.460000,-0.030000,16.299999,0.400000,-135.800003,0.900000
2026-05-19-14-12-13,-5.790000,0.440000,-0.080000,16.900000,3.400000,-136.100006,0.900000
2026-05-19-14-12-13,-5.810000,0.400000,-0.120000,16.900000,6.400000,-136.100006,0.900000
2026-05-19-14-12-13,-5.820000,0.370000,-0.160000,17.799999,7.300000,-137.399994,0.900000
2026-05-19-14-12-13,-5.830000,0.340000,-0.230000,23.100000,3.600000,-140.800003,0.900000
2026-05-19-14-12-14,-5.810000,0.300000,-0.330000,24.299999,2.600000,-141.199997,0.900000
2026-05-19-14-12-14,-5.760000,0.250000,-0.480000,23.500000,5.700000,-138.000000,0.900000
2026-05-19-14-12-14,-5.710000,0.210000,-0.610000,21.200001,9.500000,-136.100006,0.900000
2026-05-19-14-12-15,-5.670000,0.190000,-0.700000,18.000000,12.100000,-136.300003,0.900000
2026-05-19-14-12-15,-5.620000,0.160000,-0.790000,15.300000,13.700000,-137.699997,0.900000
2026-05-19-14-12-16,-5.590000,0.140000,-0.870000,13.200000,14.100000,-139.500000,0.900000
2026-05-19-14-12-16,-5.560000,0.130000,-0.940000,11.100000,13.600000,-142.100006,0.900000
2026-05-19-14-12-16,-5.520000,0.120000,-1.010000,9.400000,12.700000,-144.399994,0.900000
2026-05-19-14-12-17,-5.480000,0.120000,-1.090000,8.100000,11.000000,-146.699997,0.900000
2026-05-19-14-12-17,-5.460000,0.130000,-1.130000,7.700000,10.200000,-147.899994,0.900000
2026-05-19-14-12-17,-5.420000,0.130000,-1.220000,6.700000,9.500000,-150.300003,0.900000
2026-05-19-14-12-18,-5.400000,0.130000,-1.290000,5.200000,8.600000,-152.899994,0.900000
2026-05-19-14-12-18,-5.360000,0.130000,-1.350000,4.000000,7.700000,-155.600006,0.900000
2026-05-19-14-12-18,-5.330000,0.150000,-1.420000,3.800000,6.300000,-158.300003,0.900000
2026-05-19-14-12-19,-5.290000,0.180000,-1.500000,3.700000,5.000000,-160.899994,0.900000
2026-05-19-14-12-19,-5.250000,0.180000,-1.560000,3.000000,4.400000,-165.100006,0.900000
2026-05-19-14-12-19,-5.230000,0.190000,-1.580000,2.900000,4.500000,-166.699997,0.900000
2026-05-19-14-12-20,-5.250000,0.260000,-1.560000,2.700000,5.200000,-169.800003,0.900000
2026-05-19-14-12-20,-5.140000,0.170000,-1.520000,2.600000,3.900000,-172.899994,0.900000
2026-05-19-14-12-21,-5.100000,0.200000,-1.520000,4.000000,3.100000,-175.699997,0.900000
2026-05-19-14-12-21,-5.060000,0.200000,-1.530000,4.300000,1.300000,-178.699997,0.900000
2026-05-19-14-12-21,-5.040000,0.220000,-1.520000,5.900000,2.200000,178.300003,0.900000
2026-05-19-14-12-22,-5.020000,0.240000,-1.520000,5.800000,3.300000,176.100006,0.900000
2026-05-19-14-12-22,-4.990000,0.260000,-1.520000,5.200000,3.800000,174.300003,0.900000
2026-05-19-14-12-22,-4.960000,0.270000,-1.530000,4.100000,4.100000,172.500000,0.900000
2026-05-19-14-12-23,-4.930000,0.270000,-1.520000,3.300000,3.400000,170.399994,0.900000
2026-05-19-14-12-23,-4.920000,0.290000,-1.520000,3.300000,3.700000,168.699997,0.900000
2026-05-19-14-12-24,-4.900000,0.290000,-1.520000,3.300000,3.800000,166.800003,0.900000
2026-05-19-14-12-24,-4.870000,0.300000,-1.520000,3.700000,3.800000,165.100006,0.900000
2026-05-19-14-12-24,-4.850000,0.320000,-1.520000,3.800000,4.300000,163.500000,0.900000
2026-05-19-14-12-25,-4.830000,0.330000,-1.520000,3.700000,3.700000,162.399994,0.900000
2026-05-19-14-12-25,-4.820000,0.340000,-1.510000,3.700000,4.200000,161.300003,0.900000
2026-05-19-14-12-26,-4.800000,0.330000,-1.520000,3.100000,3.500000,160.300003,0.900000
2026-05-19-14-12-26,-4.770000,0.340000,-1.520000,3.800000,3.600000,159.800003,0.900000
2026-05-19-14-12-26,-4.740000,0.350000,-1.520000,3.600000,3.800000,158.699997,0.900000
2026-05-19-14-12-27,-4.740000,0.340000,-1.520000,3.500000,3.800000,158.000000,0.900000
2026-05-19-14-12-28,-4.690000,0.350000,-1.270000,4.800000,1.400000,155.800003,0.900000
2026-05-19-14-12-28,-4.680000,0.370000,-1.140000,6.900000,-0.600000,154.699997,0.900000
2026-05-19-14-12-29,-4.670000,0.390000,-1.030000,10.300000,-0.600000,154.000000,0.900000
2026-05-19-14-12-29,-4.660000,0.430000,-0.880000,11.100000,-2.700000,152.399994,0.900000
2026-05-19-14-12-30,-4.630000,0.450000,-0.790000,11.200000,-4.000000,151.500000,0.900000
2026-05-19-14-12-30,-4.600000,0.500000,-0.720000,9.900000,-5.200000,150.500000,0.900000
2026-05-19-14-12-30,-4.610000,0.470000,-0.680000,7.800000,-4.900000,149.800003,0.900000
2026-05-19-14-12-31,-4.600000,0.520000,-0.640000,6.900000,-2.800000,158.100006,0.900000
2026-05-19-14-12-31,-4.710000,0.590000,-0.590000,10.600000,4.500000,166.300003,0.900000
2026-05-19-14-12-31,-4.860000,0.680000,-0.570000,15.000000,8.400000,171.500000,0.900000
2026-05-19-14-12-32,-5.290000,0.810000,-0.670000,12.300000,4.300000,-179.300003,0.900000
2026-05-19-14-12-33,0.850000,-0.700000,0.900000,-0.500000,-176.399994,0.000000,6.000000
2026-05-19-14-12-33,-5.620000,0.850000,-0.720000,3.800000,-2.600000,-175.300003,0.900000
2026-05-19-14-12-33,-5.840000,0.870000,-0.720000,1.800000,-6.900000,-172.800003,0.900000
2026-05-19-14-12-35,-6.710000,0.810000,-0.580000,4.200000,-17.400000,-159.300003,0.900000
2026-05-19-14-12-35,-7.130000,0.720000,-0.430000,6.400000,-17.900000,-152.899994,0.900000
2026-05-19-14-12-36,-7.340000,0.620000,-0.370000,14.400000,-17.799999,-160.899994,0.900000
2026-05-19-14-12-36,-7.430000,0.600000,-0.350000,17.100000,-15.100000,-163.300003,0.900000
2026-05-19-14-12-36,-7.540000,0.570000,-0.310000,17.700001,-13.200000,-163.600006,0.900000
2026-05-19-14-12-37,-7.780000,0.510000,-0.260000,16.100000,-13.100000,-161.699997,0.900000
2026-05-19-14-12-37,-7.910000,0.480000,-0.240000,15.000000,-13.900000,-160.699997,0.900000
2026-05-19-14-12-37,-8.030000,0.450000,-0.210000,13.900000,-14.700000,-159.100006,0.900000
2026-05-19-14-12-38,-8.160000,0.420000,-0.180000,12.100000,-14.900000,-157.500000,0.900000
2026-05-19-14-12-38,-8.280000,0.390000,-0.160000,10.500000,-14.700000,-155.300003,0.900000
2026-05-19-14-12-38,-8.490000,0.310000,-0.210000,8.600000,-11.800000,-151.399994,0.900000
2026-05-19-14-12-38,-8.550000,0.280000,-0.230000,9.000000,-12.900000,-151.000000,0.900000
2026-05-19-14-12-39,-8.590000,0.260000,-0.260000,10.400000,-13.800000,-151.399994,0.900000
2026-05-19-14-12-39,-8.630000,0.240000,-0.290000,12.100000,-14.200000,-152.199997,0.900000
2026-05-19-14-12-39,-8.650000,0.220000,-0.310000,13.900000,-13.700000,-153.699997,0.900000
2026-05-19-14-12-39,-8.670000,0.200000,-0.330000,14.900000,-12.600000,-155.100006,0.900000
2026-05-19-14-12-40,-8.690000,0.180000,-0.360000,15.300000,-10.400000,-156.699997,0.900000
2026-05-19-14-12-40,-8.710000,0.160000,-0.390000,15.000000,-8.600000,-157.800003,0.900000
2026-05-19-14-12-40,-8.720000,0.140000,-0.410000,14.000000,-6.500000,-159.199997,0.900000
2026-05-19-14-12-40,-8.730000,0.130000,-0.440000,12.900000,-4.700000,-160.699997,0.900000
2026-05-19-14-12-40,-8.730000,0.110000,-0.470000,11.900000,-3.300000,-162.100006,0.900000
2026-05-19-14-12-41,-8.740000,0.100000,-0.500000,10.800000,-2.000000,-164.000000,0.900000
2026-05-19-14-12-41,-8.740000,0.080000,-0.530000,10.100000,-1.200000,-165.500000,0.900000
2026-05-19-14-12-41,-8.740000,0.070000,-0.570000,9.600000,-0.600000,-167.100006,0.900000
2026-05-19-14-12-41,-8.730000,0.060000,-0.600000,9.200000,-0.000000,-168.800003,0.900000
2026-05-19-14-12-42,-8.730000,0.050000,-0.640000,8.800000,0.500000,-170.300003,0.900000
2026-05-19-14-12-42,-8.730000,0.040000,-0.680000,8.500000,0.900000,-171.600006,0.900000
2026-05-19-14-12-42,-8.720000,0.030000,-0.710000,8.000000,1.400000,-172.800003,0.900000
2026-05-19-14-12-42,-8.720000,0.020000,-0.750000,7.400000,1.900000,-174.300003,0.900000
2026-05-19-14-12-42,-8.710000,0.010000,-0.790000,6.700000,2.400000,-175.600006,0.900000
2026-05-19-14-12-43,-8.700000,-0.000000,-0.830000,6.100000,2.800000,-176.899994,0.900000
2026-05-19-14-12-43,-8.690000,-0.010000,-0.870000,5.600000,3.100000,-178.100006,0.900000
2026-05-19-14-12-43,-8.680000,-0.020000,-0.910000,5.100000,3.600000,-179.600006,0.900000
2026-05-19-14-12-43,-8.660000,-0.030000,-0.950000,4.700000,4.000000,179.100006,0.900000
2026-05-19-14-12-43,-8.650000,-0.030000,-0.990000,4.500000,4.300000,177.800003,0.900000
2026-05-19-14-12-44,-8.640000,-0.040000,-1.030000,4.300000,4.600000,176.399994,0.900000
2026-05-19-14-12-44,-8.630000,-0.040000,-1.070000,4.100000,4.900000,175.000000,0.900000
2026-05-19-14-12-44,-8.620000,-0.050000,-1.110000,4.000000,5.200000,173.699997,0.900000
2026-05-19-14-12-44,-8.600000,-0.060000,-1.140000,3.800000,5.300000,172.399994,0.900000
2026-05-19-14-12-45,-8.590000,-0.070000,-1.180000,3.600000,5.200000,170.899994,0.900000
2026-05-19-14-12-45,-8.570000,-0.080000,-1.230000,3.600000,4.900000,168.899994,0.900000
2026-05-19-14-12-45,-8.540000,-0.080000,-1.290000,3.700000,4.600000,167.100006,0.900000
2026-05-19-14-12-45,-8.520000,-0.090000,-1.340000,3.800000,4.400000,165.100006,0.900000
2026-05-19-14-12-46,-8.490000,-0.100000,-1.420000,3.800000,4.300000,162.699997,0.900000
2026-05-19-14-12-46,-8.470000,-0.120000,-1.490000,3.500000,4.400000,160.100006,0.900000
2026-05-19-14-12-46,-8.460000,-0.130000,-1.520000,3.500000,4.400000,159.100006,0.900000
2026-05-19-14-12-47,-8.430000,-0.140000,-1.590000,3.900000,4.500000,157.100006,0.900000
2026-05-19-14-12-47,-8.430000,-0.130000,-1.630000,4.900000,6.400000,158.100006,0.900000
2026-05-19-14-12-47,-8.530000,-0.060000,-1.690000,6.000000,10.800000,160.600006,0.900000
2026-05-19-14-12-48,-8.630000,0.010000,-1.770000,5.300000,4.300000,160.800003,0.900000
2026-05-19-14-12-48,-8.670000,0.040000,-1.850000,4.100000,-5.700000,159.500000,0.900000
2026-05-19-14-12-49,-8.720000,0.060000,-1.900000,3.400000,-9.800000,157.899994,0.900000
2026-05-19-14-12-49,-8.730000,0.080000,-1.950000,4.100000,-11.400000,157.300003,0.900000
2026-05-19-14-12-49,-8.740000,0.090000,-2.010000,5.000000,-9.300000,155.600006,0.900000
2026-05-19-14-12-50,-8.760000,0.090000,-2.050000,5.200000,-4.400000,154.399994,0.900000
2026-05-19-14-12-50,-8.790000,0.110000,-2.040000,5.600000,3.700000,154.699997,0.900000
2026-05-19-14-12-50,-8.800000,0.130000,-2.010000,4.700000,9.100000,153.800003,0.900000
2026-05-19-14-12-51,-8.800000,0.140000,-2.000000,2.700000,6.600000,151.899994,0.900000
2026-05-19-14-12-51,-8.810000,0.130000,-2.020000,1.800000,2.300000,149.500000,0.900000
2026-05-19-14-12-51,-8.820000,0.150000,-2.030000,2.400000,0.500000,146.899994,0.900000
2026-05-19-14-12-52,-8.830000,0.180000,-2.020000,3.800000,3.300000,144.300003,0.900000
2026-05-19-14-12-53,-8.900000,0.180000,-2.010000,-2.200000,3.500000,80.599998,0.900000
2026-05-19-14-12-53,-8.940000,0.210000,-2.040000,-2.000000,0.100000,66.500000,0.900000
2026-05-19-14-12-54,-8.950000,0.240000,-2.030000,-2.400000,0.000000,57.900002,0.900000
2026-05-19-14-12-54,-8.950000,0.260000,-2.030000,-2.600000,2.100000,51.599998,0.900000
2026-05-19-14-12-55,-8.950000,0.270000,-2.050000,-1.900000,2.800000,49.799999,0.900000
2026-05-19-14-12-55,-8.940000,0.280000,-2.050000,-2.000000,2.200000,46.900002,0.900000
2026-05-19-14-12-55,-8.940000,0.300000,-2.040000,-1.700000,1.700000,47.000000,0.900000
2026-05-19-14-12-56,-8.940000,0.310000,-2.030000,-1.800000,1.700000,47.500000,0.900000
2026-05-19-14-12-56,-8.930000,0.300000,-2.040000,-0.800000,1.300000,48.500000,0.900000
2026-05-19-14-12-57,-8.920000,0.300000,-2.050000,0.600000,2.000000,49.799999,0.900000
2026-05-19-14-12-57,-8.910000,0.310000,-2.040000,0.700000,2.100000,52.400002,0.900000
2026-05-19-14-12-57,-8.900000,0.310000,-2.040000,0.800000,2.100000,54.099998,0.900000
2026-05-19-14-12-58,-8.860000,0.300000,-2.040000,0.800000,2.300000,56.200001,0.900000
2026-05-19-14-12-58,-8.870000,0.300000,-2.050000,0.800000,0.900000,58.099998,0.900000
2026-05-19-14-12-58,-8.850000,0.300000,-2.050000,1.200000,1.900000,60.400002,0.900000
2026-05-19-14-12-59,-8.850000,0.300000,-2.060000,0.900000,1.300000,62.200001,0.900000
2026-05-19-14-12-59,-8.840000,0.300000,-2.050000,1.000000,2.700000,63.599998,0.900000
2026-05-19-14-13-00,-8.810000,0.290000,-2.040000,1.000000,2.400000,65.800003,0.900000
2026-05-19-14-13-00,-8.810000,0.280000,-2.040000,0.900000,2.100000,66.199997,0.900000
2026-05-19-14-13-00,-8.790000,0.280000,-2.050000,1.000000,1.600000,67.000000,0.900000
2026-05-19-14-13-00,-8.790000,0.280000,-2.050000,1.300000,2.200000,68.000000,0.900000
2026-05-19-14-13-01,-8.770000,0.280000,-2.060000,1.800000,2.000000,69.900002,0.900000
2026-05-19-14-13-01,-8.770000,0.260000,-2.050000,1.200000,2.000000,70.199997,0.900000
2026-05-19-14-13-02,-8.760000,0.250000,-2.050000,1.300000,2.300000,71.599998,0.900000
2026-05-19-14-13-02,-8.730000,0.250000,-2.050000,1.200000,2.500000,71.400002,0.900000
2026-05-19-14-13-02,-8.720000,0.240000,-2.050000,0.700000,2.400000,72.300003,0.900000
2026-05-19-14-13-03,-8.730000,0.240000,-2.050000,1.300000,2.300000,72.000000,0.900000
2026-05-19-14-13-03,-8.700000,0.220000,-2.050000,1.400000,2.100000,72.699997,0.900000
2026-05-19-14-13-03,-8.690000,0.200000,-2.050000,2.200000,2.300000,71.800003,0.900000
2026-05-19-14-13-04,-8.680000,0.190000,-2.060000,1.700000,2.400000,71.599998,0.900000
2026-05-19-14-13-04,-8.690000,0.200000,-2.060000,1.800000,2.300000,71.000000,0.900000
2026-05-19-14-13-04,-8.670000,0.180000,-2.050000,1.400000,2.500000,70.900002,0.900000
2026-05-19-14-13-05,-8.650000,0.150000,-2.050000,0.500000,2.500000,70.000000,0.900000
2026-05-19-14-13-05,-8.640000,0.130000,-2.130000,1.500000,4.000000,71.800003,0.900000
2026-05-19-14-13-06,-8.650000,0.150000,-2.130000,1.100000,6.200000,73.300003,0.900000
2026-05-19-14-13-07,-8.590000,0.140000,-1.740000,10.300000,-3.700000,69.800003,0.900000
2026-05-19-14-13-07,-8.570000,0.120000,-1.660000,6.600000,-7.900000,68.400002,0.900000
2026-05-19-14-13-08,-8.550000,0.110000,-1.610000,-2.800000,-11.700000,67.099998,0.900000
2026-05-19-14-13-08,-8.550000,0.080000,-1.480000,-7.200000,-15.400000,65.900002,0.900000
2026-05-19-14-13-08,-8.550000,0.050000,-1.420000,-6.100000,-16.400000,64.900002,0.900000
2026-05-19-14-13-09,-8.560000,0.010000,-1.350000,-1.100000,-16.000000,62.000000,0.900000
2026-05-19-14-13-09,-8.570000,-0.030000,-1.310000,3.800000,-12.700000,58.500000,0.900000
2026-05-19-14-13-09,-8.590000,-0.060000,-1.290000,6.000000,-8.900000,55.700001,0.900000
2026-05-19-14-13-10,-8.610000,-0.090000,-1.270000,5.700000,-6.500000,53.400002,0.900000
2026-05-19-14-13-10,-8.610000,-0.130000,-1.230000,5.700000,-5.800000,52.500000,0.900000
2026-05-19-14-13-10,-8.610000,-0.140000,-1.190000,6.100000,-6.000000,51.200001,0.900000
2026-05-19-14-13-10,-8.600000,-0.160000,-1.140000,6.300000,-6.500000,50.200001,0.900000
2026-05-19-14-13-11,-8.600000,-0.200000,-1.120000,5.700000,-6.800000,49.299999,0.900000
2026-05-19-14-13-11,-8.600000,-0.210000,-1.100000,4.800000,-6.800000,48.599998,0.900000
2026-05-19-14-13-11,-8.630000,-0.250000,-1.090000,3.900000,-6.000000,44.000000,0.900000
2026-05-19-14-13-11,-8.640000,-0.270000,-1.080000,4.900000,-5.700000,36.400002,0.900000
2026-05-19-14-13-12,-8.670000,-0.300000,-1.090000,4.200000,-4.700000,29.500000,0.900000
2026-05-19-14-13-12,-8.690000,-0.320000,-1.110000,2.500000,-2.300000,25.000000,0.900000
2026-05-19-14-13-13,-8.480000,-0.290000,-1.110000,5.700000,8.300000,28.600000,0.900000
2026-05-19-14-13-13,-8.350000,-0.270000,-1.130000,7.500000,6.600000,31.299999,0.900000
2026-05-19-14-13-13,-8.240000,-0.240000,-1.150000,7.800000,3.900000,33.900002,0.900000
2026-05-19-14-13-14,-8.130000,-0.200000,-1.170000,6.800000,0.600000,37.200001,0.900000
2026-05-19-14-13-14,-8.020000,-0.150000,-1.180000,4.900000,-2.000000,40.299999,0.900000
2026-05-19-14-13-14,-7.910000,-0.100000,-1.190000,1.900000,-4.100000,43.799999,0.900000
2026-05-19-14-13-14,-7.810000,-0.040000,-1.180000,-1.200000,-5.400000,47.400002,0.900000
2026-05-19-14-13-15,-7.710000,0.030000,-1.180000,-2.800000,-6.000000,50.000000,0.900000
2026-05-19-14-13-15,-7.630000,0.100000,-1.170000,-3.700000,-6.600000,52.700001,0.900000
2026-05-19-14-13-15,-7.540000,0.170000,-1.150000,-3.900000,-7.400000,54.500000,0.900000
2026-05-19-14-13-15,-7.470000,0.240000,-1.150000,-1.200000,-10.100000,48.099998,0.900000
2026-05-19-14-13-15,-7.420000,0.310000,-1.140000,4.800000,-11.900000,35.599998,0.900000
2026-05-19-14-13-16,-7.350000,0.370000,-1.130000,11.300000,-10.800000,24.500000,0.900000
2026-05-19-14-13-16,-7.260000,0.420000,-1.100000,14.500000,-9.000000,111.230003,0.900000
2026-05-19-14-13-16,-7.050000,0.480000,-1.080000,11.900000,-8.100000,21.100000,0.900000
2026-05-19-14-13-17,-6.940000,0.500000,-1.080000,10.300000,-8.900000,22.700001,0.900000
2026-05-19-14-13-17,-6.880000,0.510000,-1.080000,7.100000,-10.300000,23.400000,0.900000
2026-05-19-14-13-17,-6.820000,0.520000,-1.120000,4.400000,-9.900000,24.700001,0.900000
2026-05-19-14-13-17,-6.790000,0.520000,-1.150000,2.600000,-8.200000,25.400000,0.900000
2026-05-19-14-13-18,-6.560000,0.580000,-1.180000,0.200000,1.100000,30.000000,0.900000
2026-05-19-14-13-18,-6.450000,0.620000,-1.190000,0.800000,1.000000,31.900000,0.900000
2026-05-19-14-13-18,-6.220000,0.710000,-1.210000,3.200000,-3.300000,36.299999,0.000000
2026-05-19-14-13-19,-6.110000,0.760000,-1.210000,2.100000,-5.400000,38.500000,0.900000
2026-05-19-14-13-19,-6.020000,0.820000,-1.210000,1.500000,-7.500000,36.900002,0.900000
2026-05-19-14-13-19,-5.960000,0.860000,-1.200000,4.500000,-8.200000,26.500000,0.900000
2026-05-19-14-13-19,-5.900000,0.900000,-1.190000,10.100000,-5.900000,13.500000,0.900000
2026-05-19-14-13-20,-5.820000,0.910000,-1.190000,12.300000,-3.100000,8.000000,0.900000
2026-05-19-14-13-20,-5.720000,0.910000,-1.170000,11.300000,-1.200000,7.800000,0.900000
2026-05-19-14-13-20,-5.590000,0.910000,-1.190000,9.000000,-0.400000,10.700000,0.900000
2026-05-19-14-13-20,-5.490000,0.900000,-1.190000,6.700000,-0.400000,14.500000,0.900000
2026-05-19-14-13-20,-5.400000,0.890000,-1.180000,3.900000,-0.000000,18.900000,0.900000
2026-05-19-14-13-21,-5.310000,0.880000,-1.180000,1.200000,1.200000,22.900000,0.900000
2026-05-19-14-13-21,-5.260000,0.870000,-1.190000,-1.100000,2.100000,25.100000,0.900000
2026-05-19-14-13-21,-5.240000,0.850000,-1.200000,-2.600000,1.600000,25.600000,0.900000
2026-05-19-14-13-21,-5.240000,0.830000,-1.220000,-2.400000,1.000000,25.299999,0.900000
2026-05-19-14-13-22,-5.240000,0.810000,-1.240000,-1.300000,0.600000,24.799999,0.900000
2026-05-19-14-13-22,-5.250000,0.790000,-1.260000,0.400000,0.200000,24.100000,0.900000
2026-05-19-14-13-22,-5.250000,0.770000,-1.290000,1.900000,-0.100000,23.299999,0.900000
2026-05-19-14-13-22,-5.260000,0.760000,-1.320000,3.000000,-0.500000,22.600000,0.900000
2026-05-19-14-13-22,-5.270000,0.740000,-1.340000,3.800000,-0.800000,22.000000,0.900000
2026-05-19-14-13-23,-5.270000,0.730000,-1.370000,4.100000,-1.300000,21.200001,0.900000
2026-05-19-14-13-23,-5.280000,0.710000,-1.400000,4.200000,-1.700000,20.400000,0.900000
2026-05-19-14-13-23,-5.290000,0.700000,-1.440000,4.000000,-1.900000,19.900000,0.900000
2026-05-19-14-13-23,-5.300000,0.680000,-1.480000,3.500000,-2.000000,18.700001,0.900000
2026-05-19-14-13-24,-5.310000,0.670000,-1.540000,2.700000,-1.800000,17.100000,0.900000
2026-05-19-14-13-24,-5.330000,0.660000,-1.610000,2.500000,-1.200000,15.500000,0.900000
2026-05-19-14-13-25,-5.340000,0.650000,-1.680000,2.800000,-0.700000,14.000000,0.900000
2026-05-19-14-13-25,-5.360000,0.640000,-1.750000,3.300000,-0.200000,12.700000,0.900000
2026-05-19-14-13-25,-5.380000,0.630000,-1.820000,3.600000,0.100000,11.700000,0.900000
2026-05-19-14-13-26,-5.400000,0.630000,-1.900000,3.500000,0.200000,10.800000,0.900000
2026-05-19-14-13-26,-5.410000,0.640000,-1.940000,3.400000,0.200000,10.400000,0.900000
2026-05-19-14-13-26,-5.430000,0.630000,-2.010000,3.200000,0.300000,9.700000,0.900000
2026-05-19-14-13-27,-5.450000,0.630000,-2.080000,3.100000,0.100000,9.000000,0.900000
2026-05-19-14-13-27,-5.470000,0.630000,-2.160000,2.900000,0.300000,8.000000,0.900000
2026-05-19-14-13-27,-5.490000,0.640000,-2.240000,2.700000,0.400000,7.000000,0.900000
2026-05-19-14-13-28,-5.510000,0.640000,-2.320000,2.800000,0.400000,6.100000,0.900000
2026-05-19-14-13-28,-5.530000,0.630000,-2.390000,3.100000,0.100000,5.100000,0.900000
2026-05-19-14-13-29,-5.560000,0.630000,-2.470000,2.500000,-0.500000,3.800000,0.900000
2026-05-19-14-13-29,-5.580000,0.650000,-2.560000,2.200000,0.200000,3.000000,0.900000
2026-05-19-14-13-29,-5.590000,0.640000,-2.580000,2.100000,1.200000,1.900000,0.900000
2026-05-19-14-13-30,-5.610000,0.640000,-2.560000,2.400000,1.600000,1.100000,0.900000
2026-05-19-14-13-30,-5.620000,0.630000,-2.550000,2.800000,1.400000,0.800000,0.900000
2026-05-19-14-13-30,-5.610000,0.610000,-2.550000,3.400000,0.900000,0.600000,0.900000
2026-05-19-14-13-31,-5.670000,0.660000,-2.540000,3.200000,-0.500000,-0.400000,0.900000
2026-05-19-14-13-31,-5.670000,0.680000,-2.550000,2.700000,-0.100000,-0.900000,0.900000
2026-05-19-14-13-31,-5.680000,0.670000,-2.550000,1.800000,0.400000,-1.500000,0.900000
2026-05-19-14-13-32,-5.700000,0.690000,-2.540000,1.300000,0.400000,-1.400000,0.900000
2026-05-19-14-13-32,-5.710000,0.690000,-2.530000,1.900000,0.900000,-1.100000,0.900000
2026-05-19-14-13-32,-5.730000,0.690000,-2.540000,2.300000,-0.000000,-1.200000,0.900000
2026-05-19-14-13-34,-5.780000,0.700000,-2.420000,6.200000,-0.700000,-1.300000,0.900000
2026-05-19-14-13-34,-5.790000,0.690000,-2.300000,9.200000,-3.300000,-1.900000,0.900000
2026-05-19-14-13-34,-5.790000,0.650000,-2.170000,11.400000,-4.900000,-3.200000,0.900000
2026-05-19-14-13-35,-5.800000,0.630000,-2.090000,11.700000,-5.600000,-4.100000,0.900000
2026-05-19-14-13-36,-5.890000,0.440000,-1.670000,9.400000,-11.800000,-9.100000,0.900000
2026-05-19-14-13-36,-5.920000,0.400000,-1.610000,7.600000,-12.000000,-10.700000,0.900000
2026-05-19-14-13-37,-5.950000,0.350000,-1.520000,11.100000,-11.800000,-12.800000,0.900000
2026-05-19-14-13-37,-6.000000,0.300000,-1.420000,12.600000,-13.800000,-15.000000,0.900000
2026-05-19-14-13-37,-6.040000,0.270000,-1.380000,9.300000,-14.000000,-17.200001,0.900000
2026-05-19-14-13-38,-6.070000,0.250000,-1.360000,6.200000,-12.800000,-20.000000,0.900000
2026-05-19-14-13-38,-6.080000,0.260000,-1.350000,9.900000,-7.600000,-47.299999,0.900000
2026-05-19-14-13-39,-6.070000,0.260000,-1.320000,10.900000,-0.000000,-74.699997,0.900000
2026-05-19-14-13-39,-6.070000,0.250000,-1.320000,8.300000,2.200000,-81.500000,0.900000
2026-05-19-14-13-39,-6.090000,0.230000,-1.330000,1.900000,4.300000,-89.400002,0.900000
2026-05-19-14-13-40,-6.110000,0.190000,-1.350000,-3.700000,4.900000,-108.000000,0.900000
2026-05-19-14-13-40,-6.110000,0.160000,-1.360000,-4.600000,4.400000,-120.000000,0.900000
2026-05-19-14-13-40,-6.140000,0.150000,-1.390000,-4.500000,2.800000,-128.300003,0.900000
2026-05-19-14-13-40,-6.100000,0.120000,-1.410000,-4.600000,0.900000,-133.800003,0.900000
2026-05-19-14-13-41,-6.120000,0.100000,-1.380000,-3.200000,-3.000000,-140.000000,0.900000
2026-05-19-14-13-41,-6.140000,0.080000,-1.330000,-1.200000,-4.900000,-142.899994,0.900000
2026-05-19-14-13-41,-6.150000,0.070000,-1.330000,-1.200000,-5.800000,-143.699997,0.900000
2026-05-19-14-13-42,-6.160000,0.070000,-1.300000,-0.500000,-6.000000,-144.300003,0.900000
2026-05-19-14-13-42,-6.160000,0.070000,-1.250000,0.300000,-6.900000,-144.899994,0.900000
2026-05-19-14-13-42,-6.160000,0.080000,-1.220000,0.900000,-7.900000,-145.600006,0.900000
2026-05-19-14-13-42,-6.160000,0.080000,-1.200000,0.600000,-8.500000,-146.000000,0.900000
2026-05-19-14-13-42,-6.160000,0.080000,-1.190000,0.000000,-8.800000,-146.199997,0.900000
2026-05-19-14-13-43,-6.160000,0.080000,-1.180000,-0.400000,-8.600000,-146.100006,0.900000
2026-05-19-14-13-43,-6.160000,0.100000,-1.100000,-0.600000,-9.200000,-142.399994,0.900000
2026-05-19-14-13-43,-6.180000,0.120000,-1.180000,-3.300000,-13.800000,-124.599998,0.900000
2026-05-19-14-13-43,-6.210000,0.120000,-1.180000,-5.400000,-15.700000,-109.500000,0.900000
2026-05-19-14-13-44,-6.230000,0.120000,-1.180000,-3.400000,-14.900000,-101.099998,0.900000
2026-05-19-14-13-44,-6.240000,0.120000,-1.190000,-0.900000,-13.300000,-96.699997,0.900000
2026-05-19-14-13-44,-6.250000,0.120000,-1.000000,1.800000,-11.600000,-91.699997,0.900000
2026-05-19-14-13-44,-6.280000,0.110000,-1.210000,1.700000,-14.600000,-74.800003,0.900000
2026-05-19-14-13-45,-6.310000,0.080000,-1.210000,-0.600000,-18.100000,-55.200001,0.900000
2026-05-19-14-13-45,-6.320000,0.050000,-1.220000,1.900000,-19.200001,-43.000000,0.900000
2026-05-19-14-13-45,-6.330000,0.030000,-1.240000,6.100000,-17.500000,-35.400002,0.900000
2026-05-19-14-13-45,-6.330000,0.020000,-1.260000,7.900000,-16.200001,-32.799999,0.900000
2026-05-19-14-13-46,-6.340000,-0.020000,-1.290000,4.700000,-20.900000,-13.000000,0.900000
2026-05-19-14-13-46,-6.330000,-0.040000,-1.310000,3.100000,-20.100000,1.100000,0.900000
2026-05-19-14-13-47,-6.320000,-0.070000,-1.370000,4.400000,-17.299999,15.800000,0.900000
2026-05-19-14-13-47,-6.290000,-0.090000,-1.420000,-3.800000,-28.900000,42.200001,0.900000
2026-05-19-14-13-48,-6.280000,-0.100000,-1.460000,-2.500000,-27.799999,52.099998,0.900000
2026-05-19-14-13-48,-6.280000,-0.100000,-1.490000,0.900000,-21.600000,56.500000,0.900000
2026-05-19-14-13-48,-6.280000,-0.110000,-1.540000,2.600000,-15.000000,58.599998,0.900000
2026-05-19-14-13-49,-6.250000,-0.100000,-1.580000,-3.400000,-16.799999,89.500000,0.900000
2026-05-19-14-13-49,-6.210000,-0.060000,-1.620000,-4.800000,-19.200001,111.900002,0.900000
2026-05-19-14-13-50,-6.210000,-0.050000,-1.660000,-0.700000,-17.000000,120.400002,0.900000
2026-05-19-14-13-50,-6.220000,-0.040000,-1.710000,3.700000,-13.100000,124.199997,0.900000
2026-05-19-14-13-50,-6.230000,-0.010000,-1.740000,4.800000,-11.500000,125.199997,0.900000
2026-05-19-14-13-50,-6.230000,-0.040000,-1.770000,5.400000,-9.600000,126.000000,0.900000
2026-05-19-14-13-51,-6.230000,-0.040000,-1.830000,4.600000,-7.000000,126.699997,0.900000
2026-05-19-14-13-52,-6.260000,0.000000,-1.940000,4.600000,30.299999,130.600006,0.900000
2026-05-19-14-13-52,-6.280000,0.020000,-2.000000,4.500000,36.099998,130.600006,0.900000
2026-05-19-14-13-52,-6.290000,0.010000,-2.090000,3.300000,28.400000,128.699997,0.900000
2026-05-19-14-13-53,-6.280000,-0.030000,-2.400000,5.800000,-44.400002,122.199997,0.900000
2026-05-19-14-13-54,-6.300000,-0.020000,-2.510000,8.100000,-57.200001,118.099998,0.900000
2026-05-19-14-13-54,-6.320000,-0.040000,-2.570000,18.900000,-46.900002,101.000000,0.900000
2026-05-19-14-13-54,-6.360000,-0.080000,-2.560000,24.299999,-17.200001,70.699997,0.900000
2026-05-19-14-13-55,-6.380000,-0.070000,-2.550000,4.600000,0.400000,61.000000,0.900000
2026-05-19-14-13-55,-6.410000,-0.000000,-2.580000,-16.000000,1.800000,10.500000,0.900000
2026-05-19-14-13-56,-6.400000,0.010000,-2.580000,-12.800000,-2.900000,-5.100000,0.900000
2026-05-19-14-13-56,-6.380000,0.020000,-2.580000,-6.300000,-3.600000,-15.600000,0.900000
2026-05-19-14-13-57,-6.360000,0.030000,-2.580000,-2.700000,-2.800000,-23.299999,0.900000
2026-05-19-14-13-57,-6.330000,0.040000,-2.570000,-2.500000,-1.700000,-27.600000,0.900000
2026-05-19-14-13-58,-6.350000,0.030000,-2.430000,1.700000,-5.600000,-31.200001,0.900000
2026-05-19-14-13-58,-6.370000,0.030000,-2.320000,2.800000,-8.400000,-32.099998,0.900000
2026-05-19-14-13-58,-6.400000,0.030000,-2.190000,4.000000,-11.500000,-33.099998,0.900000
2026-05-19-14-13-59,-6.510000,0.050000,-1.900000,6.100000,-15.100000,-38.200001,0.900000
2026-05-19-14-14-00,-6.570000,0.060000,-1.810000,6.600000,-16.100000,-41.200001,0.900000
2026-05-19-14-14-00,-6.610000,0.040000,-1.750000,15.200000,-0.200000,-39.599998,0.900000
2026-05-19-14-14-00,-6.630000,0.020000,-1.680000,17.000000,17.200001,-33.099998,0.900000
2026-05-19-14-14-00,-6.600000,0.060000,-1.660000,20.000000,15.700000,-29.500000,1.000000
2026-05-19-14-14-01,-6.620000,0.170000,-1.710000,21.799999,-24.799999,-41.000000,1.000000
2026-05-19-14-14-01,-6.580000,0.170000,-1.780000,33.200001,-58.000000,-65.000000,1.000000
2026-05-19-14-14-02,-6.600000,0.220000,-1.750000,28.100000,-57.700001,-70.599998,1.000000
2026-05-19-14-14-02,-6.580000,0.210000,-1.790000,14.900000,-46.700001,-67.000000,1.000000
2026-05-19-14-14-02,-6.600000,0.240000,-1.790000,4.500000,-30.700001,-64.000000,1.000000
2026-05-19-14-14-03,-6.620000,0.260000,-1.780000,0.100000,-15.400000,-63.500000,1.000000
2026-05-19-14-14-03,-6.630000,0.280000,-1.780000,-0.600000,-3.100000,-64.199997,1.000000
2026-05-19-14-14-04,-6.630000,0.300000,-1.800000,0.400000,4.100000,-65.199997,1.000000
2026-05-19-14-14-04,-6.650000,0.320000,-1.830000,2.300000,7.100000,-66.199997,1.000000
2026-05-19-14-14-04,-6.670000,0.350000,-1.870000,4.200000,6.400000,-67.099998,1.000000
2026-05-19-14-14-05,-6.670000,0.380000,-1.930000,5.100000,3.800000,-67.800003,1.000000
2026-05-19-14-14-05,-6.660000,0.370000,-1.980000,4.500000,4.400000,-65.800003,1.000000
2026-05-19-14-14-06,-6.550000,0.120000,-2.070000,4.000000,3.000000,-54.299999,1.000000
2026-05-19-14-14-07,-6.320000,-0.170000,-2.120000,2.900000,-11.300000,-51.900002,1.000000
2026-05-19-14-14-07,-6.190000,-0.270000,-2.120000,13.000000,-15.600000,-72.599998,1.000000
2026-05-19-14-14-07,-6.120000,-0.330000,-2.100000,15.000000,-14.400000,-79.699997,1.000000
2026-05-19-14-14-08,-6.030000,-0.680000,-2.030000,13.500000,-14.000000,-80.699997,1.000000
2026-05-19-14-14-09,-5.970000,-1.060000,-1.950000,5.100000,-16.500000,-74.599998,1.000000
2026-05-19-14-14-09,-5.940000,-1.230000,-1.900000,7.900000,-14.700000,-84.099998,1.000000
2026-05-19-14-14-10,-5.950000,-1.560000,-1.810000,18.000000,-4.000000,-112.500000,1.000000
2026-05-19-14-14-10,-6.020000,-1.710000,-1.810000,16.200001,-4.300000,-110.000000,1.000000
2026-05-19-14-14-10,-6.110000,-1.840000,-1.820000,8.400000,-10.700000,-91.800003,1.000000
2026-05-19-14-14-11,-6.170000,-1.990000,-1.800000,-2.300000,-9.700000,-73.699997,1.000000
2026-05-19-14-14-12,-6.100000,-2.550000,-1.730000,6.200000,-9.500000,-78.099998,1.000000
2026-05-19-14-14-12,-6.070000,-2.760000,-1.700000,7.500000,-11.600000,-76.000000,1.000000
2026-05-19-14-14-14,-6.250000,-3.390000,-3.000000,16.900000,-1.000000,189.419998,1.000000
2026-05-19-14-14-15,-6.560000,-3.510000,-1.760000,3.800000,7.800000,-152.600006,1.000000
2026-05-19-14-14-15,-6.720000,-3.510000,-1.810000,3.300000,3.900000,-154.500000,1.000000
2026-05-19-14-14-17,-7.190000,-3.440000,-1.850000,6.500000,5.100000,-148.699997,1.000000
2026-05-19-14-14-17,-7.360000,-3.460000,-1.860000,7.100000,6.400000,-156.300003,1.000000
2026-05-19-14-14-19,-8.070000,-3.390000,-1.960000,9.600000,5.100000,-144.800003,1.000000
2026-05-19-14-14-19,-8.210000,-3.370000,-2.000000,10.600000,1.100000,-139.500000,1.000000
2026-05-19-14-14-19,-8.290000,-3.350000,-2.040000,9.000000,-6.500000,-130.000000,1.000000
2026-05-19-14-14-20,-8.370000,-3.320000,-2.070000,4.600000,-7.200000,-126.099998,1.000000
2026-05-19-14-14-20,-8.420000,-3.290000,-2.100000,4.000000,-3.700000,-126.199997,1.000000
2026-05-19-14-14-20,-8.430000,-3.280000,-2.110000,4.500000,-2.100000,-126.900002,1.000000
2026-05-19-14-14-21,-8.460000,-3.270000,-2.130000,5.900000,0.400000,-128.500000,1.000000
2026-05-19-14-14-21,-8.480000,-3.250000,-2.170000,8.300000,3.300000,-131.800003,1.000000
2026-05-19-14-14-21,-8.490000,-3.230000,-2.210000,9.400000,4.700000,-135.000000,1.000000
2026-05-19-14-14-22,-8.520000,-3.200000,-2.260000,10.700000,3.000000,-122.199997,1.000000
2026-05-19-14-14-22,-8.580000,-3.170000,-2.300000,10.700000,-1.900000,-100.599998,1.000000
2026-05-19-14-14-23,-8.600000,-3.160000,-2.350000,9.600000,-4.300000,-93.099998,1.000000
2026-05-19-14-14-23,-8.610000,-3.140000,-2.400000,9.300000,-4.300000,-92.699997,1.000000
2026-05-19-14-14-24,-8.720000,-3.330000,-2.540000,15.700000,1.000000,-76.900002,1.000000
2026-05-19-14-14-24,-8.740000,-3.500000,-2.590000,15.800000,-3.800000,-79.900002,1.000000
2026-05-19-14-14-25,-8.760000,-3.690000,-2.620000,12.600000,-10.000000,-80.800003,1.000000
2026-05-19-14-14-25,-8.790000,-3.890000,-2.610000,8.400000,-13.700000,-80.099998,1.000000
2026-05-19-14-14-26,-8.830000,-4.060000,-2.580000,-1.900000,-17.299999,-65.599998,1.000000
2026-05-19-14-14-26,-8.860000,-4.220000,-2.520000,-3.500000,-15.100000,-53.000000,1.000000
2026-05-19-14-14-26,-8.820000,-4.410000,-2.460000,-0.800000,-12.800000,-49.799999,1.000000
2026-05-19-14-14-27,-8.760000,-4.580000,-2.420000,2.600000,-13.500000,-48.099998,1.000000
2026-05-19-14-14-27,-8.740000,-4.640000,-2.410000,4.000000,-15.300000,-48.299999,1.000000
2026-05-19-14-14-27,-8.700000,-4.720000,-2.430000,9.400000,-17.200001,-48.900002,1.000000
2026-05-19-14-14-28,-8.650000,-4.790000,-2.560000,12.200000,-15.000000,-45.799999,1.000000
2026-05-19-14-14-28,-8.580000,-4.810000,-2.730000,15.100000,-10.400000,-42.599998,1.000000
2026-05-19-14-14-29,-8.520000,-4.800000,-2.910000,18.500000,-3.400000,-38.700001,1.000000
2026-05-19-14-14-29,-8.470000,-4.760000,-3.050000,21.200001,3.500000,-36.099998,1.000000
2026-05-19-14-14-29,-8.440000,-4.730000,-3.130000,16.600000,11.800000,-33.000000,1.000000
2026-05-19-14-14-30,-8.420000,-4.680000,-3.270000,13.700000,19.799999,-27.600000,1.000000
2026-05-19-14-14-30,-8.430000,-4.610000,-3.430000,13.600000,22.900000,-24.600000,1.000000
2026-05-19-14-14-30,-8.480000,-4.510000,-3.530000,11.700000,9.500000,-25.200001,1.000000
2026-05-19-14-14-31,-8.450000,-4.430000,-3.560000,15.100000,-2.300000,-22.900000,1.000000
2026-05-19-14-14-31,-8.560000,-4.400000,-3.490000,21.600000,-1.900000,-18.799999,1.000000
2026-05-19-14-14-31,-8.580000,-4.350000,-3.460000,20.600000,-0.300000,-16.200001,1.000000
2026-05-19-14-14-32,-8.580000,-4.290000,-3.450000,13.000000,1.100000,-15.000000,1.000000
2026-05-19-14-14-33,-8.570000,-4.210000,-3.480000,1.300000,2.200000,-15.900000,1.000000
2026-05-19-14-14-33,-8.590000,-4.180000,-3.530000,1.600000,0.900000,-16.400000,1.000000
2026-05-19-14-14-33,-8.590000,-4.150000,-3.480000,1.900000,0.600000,-16.400000,1.000000
2026-05-19-14-14-34,-8.590000,-4.140000,-3.460000,3.000000,0.900000,-17.100000,1.000000
2026-05-19-14-14-34,-8.590000,-4.120000,-3.440000,5.400000,-1.100000,-18.799999,1.000000
2026-05-19-14-14-35,-8.540000,-4.030000,-3.420000,-1.100000,-0.900000,-19.100000,1.000000
2026-05-19-14-14-36,-8.490000,-4.040000,-3.430000,8.100000,-5.400000,15.200000,1.000000
2026-05-19-14-14-36,-8.440000,-4.050000,-3.460000,5.800000,-10.200000,32.200001,1.000000
2026-05-19-14-14-36,-8.350000,-3.990000,-3.440000,5.500000,-6.200000,42.700001,1.000000
2026-05-19-14-14-37,-8.050000,-3.770000,-3.410000,9.300000,-10.400000,51.200001,1.000000
2026-05-19-14-14-38,-7.960000,-3.670000,-3.440000,4.900000,-14.500000,53.799999,1.000000
2026-05-19-14-14-38,-7.880000,-3.610000,-3.440000,0.700000,-15.000000,58.900002,1.000000
2026-05-19-14-14-38,-7.740000,-3.590000,-3.430000,-11.700000,-15.300000,94.699997,1.000000
2026-05-19-14-14-39,-7.640000,-3.520000,-3.420000,-17.900000,-8.700000,135.899994,1.000000
2026-05-19-14-14-39,-7.600000,-3.410000,-3.390000,-16.600000,0.300000,173.100006,1.000000
2026-05-19-14-14-40,-7.600000,-3.320000,-3.400000,-12.200000,2.400000,-158.000000,1.000000
2026-05-19-14-14-40,-7.640000,-3.320000,-3.420000,-8.100000,3.800000,-140.000000,1.000000
2026-05-19-14-14-40,-7.720000,-3.390000,-3.440000,-4.600000,-0.100000,-136.600006,1.000000
2026-05-19-14-14-40,-7.000000,-3.440000,-7.450000,-3.600000,-3.100000,-141.100006,1.000000
2026-05-19-14-14-41,-7.910000,-3.470000,-3.440000,-2.900000,-4.800000,-143.899994,1.000000
2026-05-19-14-14-41,-7.850000,-3.650000,-3.000000,0.200000,-4.100000,-143.600006,1.000000
2026-05-19-14-14-42,-7.990000,-3.760000,-3.420000,3.600000,-8.100000,-141.199997,1.000000
2026-05-19-14-14-42,-8.120000,-3.880000,-3.420000,10.000000,-11.700000,-155.000000,1.000000
2026-05-19-14-14-43,-8.430000,-4.020000,-3.360000,15.900000,-4.800000,178.800003,1.000000
2026-05-19-14-14-43,-8.750000,-3.970000,-3.250000,9.600000,-9.200000,176.600006,1.000000
2026-05-19-14-14-44,-8.850000,-3.910000,-3.170000,9.600000,-9.400000,178.600006,1.000000
2026-05-19-14-14-44,-8.900000,-3.870000,-3.150000,7.700000,-8.700000,179.199997,1.000000
2026-05-19-14-14-45,-8.930000,-3.840000,-3.150000,4.500000,-6.000000,179.699997,1.000000
2026-05-19-14-14-45,-8.970000,-3.800000,-3.090000,2.500000,-4.400000,178.000000,1.000000
2026-05-19-14-14-46,-8.970000,-3.770000,-2.970000,4.300000,-7.600000,177.199997,1.000000
2026-05-19-14-14-46,-8.950000,-3.750000,-2.920000,5.600000,-10.100000,176.000000,1.000000
2026-05-19-14-14-47,-8.930000,-3.740000,-2.900000,5.000000,-11.300000,175.100006,1.000000
2026-05-19-14-14-47,-8.880000,-3.720000,-2.820000,5.700000,-12.800000,173.899994,1.000000
2026-05-19-14-14-47,-8.840000,-3.710000,-2.730000,6.700000,-13.300000,172.800003,1.000000
2026-05-19-14-14-48,-8.800000,-3.700000,-2.690000,7.000000,-11.100000,171.899994,1.000000
2026-05-19-14-14-48,-8.780000,-3.690000,-2.690000,7.200000,-9.400000,171.399994,1.000000
2026-05-19-14-14-48,-8.730000,-3.680000,-2.680000,7.900000,-6.000000,170.500000,1.000000
2026-05-19-14-14-49,-8.670000,-3.670000,-2.590000,9.000000,-3.200000,168.500000,1.000000
2026-05-19-14-14-49,-8.640000,-3.650000,-2.490000,9.900000,-4.700000,167.300003,1.000000
2026-05-19-14-14-49,-8.620000,-3.650000,-2.460000,9.400000,-5.300000,166.800003,1.000000
2026-05-19-14-14-50,-8.590000,-3.640000,-2.420000,8.000000,-5.600000,165.899994,1.000000
2026-05-19-14-14-50,-8.550000,-3.620000,-2.340000,9.400000,-5.000000,164.800003,1.000000
2026-05-19-14-14-50,-8.510000,-3.600000,-2.240000,10.500000,-6.000000,164.199997,1.000000
2026-05-19-14-14-51,-8.430000,-3.610000,-2.180000,11.900000,-7.400000,163.199997,1.000000
2026-05-19-14-14-51,-8.440000,-3.550000,-2.100000,10.900000,-8.200000,162.399994,1.000000
2026-05-19-14-14-52,-8.410000,-3.540000,-2.040000,9.100000,-7.100000,161.899994,1.000000
2026-05-19-14-14-52,-8.360000,-3.520000,-1.970000,8.900000,-5.800000,161.100006,1.000000
2026-05-19-14-14-52,-8.330000,-3.500000,-1.860000,10.700000,-6.300000,159.800003,1.000000
2026-05-19-14-14-53,-8.310000,-3.490000,-1.790000,11.200000,-6.700000,159.100006,1.000000
2026-05-19-14-14-53,-8.290000,-3.480000,-1.740000,10.800000,-7.000000,158.500000,1.000000
2026-05-19-14-14-53,-8.270000,-3.480000,-1.710000,9.900000,-6.700000,158.000000,1.000000
2026-05-19-14-14-53,-8.250000,-3.480000,-1.680000,9.100000,-6.200000,157.600006,1.000000
2026-05-19-14-14-53,-8.230000,-3.480000,-1.670000,8.400000,-5.500000,157.100006,1.000000
2026-05-19-14-14-54,-8.210000,-3.480000,-1.650000,8.100000,-4.900000,156.500000,1.000000
2026-05-19-14-14-54,-8.190000,-3.490000,-1.640000,8.000000,-4.400000,155.800003,1.000000
2026-05-19-14-14-54,-8.170000,-3.490000,-1.640000,7.900000,-4.100000,155.100006,1.000000
2026-05-19-14-14-54,-8.140000,-3.500000,-1.630000,7.900000,-3.800000,154.199997,1.000000
2026-05-19-14-14-55,-8.120000,-3.500000,-1.630000,7.900000,-3.800000,153.300003,1.000000
2026-05-19-14-14-55,-8.100000,-3.500000,-1.630000,8.000000,-3.000000,152.699997,1.000000
2026-05-19-14-14-55,-8.130000,-3.470000,-1.620000,8.800000,0.300000,153.600006,1.000000
2026-05-19-14-14-55,-8.240000,-3.370000,-1.600000,10.800000,4.000000,156.500000,1.000000
2026-05-19-14-14-56,-8.270000,-3.340000,-1.600000,11.300000,2.300000,157.399994,1.000000
2026-05-19-14-14-56,-8.300000,-3.310000,-1.610000,11.200000,-0.000000,158.199997,1.000000
2026-05-19-14-14-56,-8.320000,-3.290000,-1.620000,10.600000,-1.900000,158.699997,1.000000
2026-05-19-14-14-56,-8.330000,-3.280000,-1.630000,9.300000,-3.200000,159.199997,1.000000
2026-05-19-14-14-56,-8.360000,-3.000000,-1.640000,9.000000,-3.000000,159.699997,1.000000
2026-05-19-14-14-57,-8.420000,-3.220000,-1.640000,9.200000,-0.400000,161.800003,1.000000
2026-05-19-14-14-57,-8.510000,-3.170000,-1.630000,9.400000,2.100000,164.399994,1.000000
2026-05-19-14-14-57,-8.580000,-3.140000,-1.640000,9.200000,1.900000,165.800003,1.000000
2026-05-19-14-14-57,-8.620000,-3.110000,-1.650000,8.900000,0.200000,166.600006,1.000000
2026-05-19-14-14-58,-8.660000,-3.090000,-1.670000,8.600000,-1.700000,167.000000,1.000000
2026-05-19-14-14-58,-8.690000,-3.080000,-1.690000,8.500000,-3.400000,167.000000,1.000000
2026-05-19-14-14-58,-8.710000,-3.070000,-1.720000,8.700000,-4.900000,167.000000,1.000000
2026-05-19-14-14-58,-8.770000,-3.040000,-1.730000,9.600000,-4.300000,169.199997,1.000000
2026-05-19-14-14-58,-8.850000,-3.010000,-1.730000,9.800000,-3.000000,171.199997,1.000000
2026-05-19-14-14-59,-8.940000,-2.980000,-1.730000,9.300000,-2.300000,173.100006,1.000000
2026-05-19-14-14-59,-8.990000,-2.960000,-1.750000,9.100000,-3.600000,173.699997,1.000000
2026-05-19-14-14-59,-9.040000,-2.950000,-1.760000,8.900000,-5.400000,173.899994,1.000000
2026-05-19-14-14-59,-9.080000,-2.940000,-1.780000,8.900000,-6.800000,173.800003,1.000000
2026-05-19-14-14-59,-9.110000,-2.930000,-1.800000,9.200000,-7.800000,173.399994,1.000000
2026-05-19-14-15-00,-9.140000,-2.920000,-1.810000,9.600000,-7.900000,172.899994,1.000000
2026-05-19-14-15-00,-9.170000,-2.920000,-1.840000,10.000000,-7.500000,172.199997,1.000000
2026-05-19-14-15-00,-9.200000,-2.900000,-1.840000,10.900000,-5.900000,170.899994,1.000000
2026-05-19-14-15-01,-9.210000,-2.890000,-1.790000,11.400000,-6.300000,170.399994,1.000000
2026-05-19-14-15-01,-9.210000,-2.870000,-1.760000,11.000000,-7.900000,169.800003,1.000000
2026-05-19-14-15-01,-9.210000,-2.860000,-1.740000,10.100000,-8.800000,169.300003,1.000000
2026-05-19-14-15-01,-9.210000,-2.850000,-1.730000,8.200000,-8.400000,167.600006,1.000000
2026-05-19-14-15-02,-9.200000,-2.850000,-1.710000,8.000000,-7.100000,166.500000,1.000000
2026-05-19-14-15-02,-9.180000,-2.840000,-1.660000,8.500000,-7.000000,165.500000,1.000000
2026-05-19-14-15-02,-9.170000,-2.840000,-1.630000,8.900000,-7.400000,164.199997,1.000000
2026-05-19-14-15-02,-9.150000,-2.840000,-1.610000,9.000000,-7.400000,162.699997,1.000000
2026-05-19-14-15-03,-9.140000,-2.850000,-1.600000,8.900000,-6.800000,161.100006,1.000000
2026-05-19-14-15-03,-9.120000,-2.860000,-1.590000,8.500000,-5.800000,159.399994,1.000000
2026-05-19-14-15-03,-9.110000,-2.870000,-1.590000,8.000000,-4.400000,157.600006,1.000000
2026-05-19-14-15-03,-9.090000,-2.880000,-1.590000,7.300000,-2.800000,155.399994,1.000000
2026-05-19-14-15-03,-9.080000,-2.890000,-1.590000,6.700000,-1.600000,153.600006,1.000000
2026-05-19-14-15-04,-9.060000,-2.910000,-1.600000,6.000000,-0.300000,151.199997,1.000000
2026-05-19-14-15-04,-9.040000,-2.920000,-1.610000,5.400000,0.400000,149.399994,1.000000
2026-05-19-14-15-04,-9.030000,-2.940000,-1.630000,4.900000,-1.200000,147.100006,1.000000
2026-05-19-14-15-04,-9.010000,-2.960000,-1.650000,4.500000,-5.500000,144.899994,1.000000
2026-05-19-14-15-04,-8.990000,-2.980000,-1.670000,4.400000,-6.400000,143.100006,1.000000
2026-05-19-14-15-05,-8.970000,-3.000000,-1.690000,4.500000,-5.800000,141.399994,1.000000
2026-05-19-14-15-05,-8.960000,-3.010000,-1.710000,4.500000,-4.500000,140.000000,1.000000
2026-05-19-14-15-05,-8.930000,-3.040000,-1.750000,5.800000,-13.100000,139.600006,1.000000
2026-05-19-14-15-06,-8.870000,-3.050000,-1.830000,10.900000,-62.400002,133.300003,1.000000
2026-05-19-14-15-06,-8.820000,-3.050000,-1.720000,17.000000,-74.000000,125.599998,1.000000
2026-05-19-14-15-06,-8.730000,-3.090000,-1.520000,16.400000,-70.000000,125.199997,1.000000
2026-05-19-14-15-07,-8.520000,-3.220000,-1.070000,11.500000,-52.700001,130.199997,1.100000
2026-05-19-14-15-07,-8.390000,-3.320000,-0.780000,10.000000,-41.700001,132.000000,1.100000
2026-05-19-14-15-07,-8.710000,-2.970000,-2.100000,7.500000,-16.600000,134.600006,1.000000
2026-05-19-14-15-08,-8.690000,-2.990000,-2.110000,5.800000,1.500000,135.300003,1.000000
2026-05-19-14-15-08,-8.680000,-3.000000,-2.140000,5.000000,10.600000,134.600006,1.000000
2026-05-19-14-15-08,-8.680000,-3.020000,-2.160000,4.600000,13.900000,133.600006,1.000000
2026-05-19-14-15-08,-8.670000,-3.030000,-2.190000,4.400000,15.000000,132.300003,1.000000
2026-05-19-14-15-08,-8.650000,-3.040000,-2.220000,4.400000,14.400000,131.000000,1.000000
2026-05-19-14-15-09,-8.640000,-3.070000,-2.260000,3.000000,12.300000,125.900002,1.000000
2026-05-19-14-15-09,-8.680000,-3.100000,-2.280000,-5.800000,20.799999,93.199997,1.000000
2026-05-19-14-15-10,-8.690000,-3.120000,-2.320000,-9.300000,18.000000,78.000000,1.000000
2026-05-19-14-15-10,-8.680000,-3.140000,-2.370000,-8.200000,10.700000,70.500000,1.000000
2026-05-19-14-15-10,-8.660000,-3.160000,-2.430000,-6.500000,3.900000,70.199997,1.000000
2026-05-19-14-15-11,-8.600000,-3.170000,-2.470000,-7.000000,2.500000,89.599998,1.000000
2026-05-19-14-15-11,-8.570000,-3.170000,-2.500000,-8.700000,3.000000,106.599998,1.000000
2026-05-19-14-15-11,-8.540000,-3.180000,-2.540000,-6.200000,3.300000,116.000000,1.000000
2026-05-19-14-15-12,-8.510000,-3.180000,-2.590000,-0.600000,3.500000,120.699997,1.000000
2026-05-19-14-15-12,-8.490000,-3.200000,-2.650000,3.900000,3.600000,122.900002,1.000000
2026-05-19-14-15-12,-8.470000,-3.210000,-2.710000,6.400000,11.800000,125.400002,1.000000
2026-05-19-14-15-13,-8.490000,-3.190000,-2.720000,7.900000,36.400002,131.699997,1.000000
2026-05-19-14-15-13,-8.490000,-3.200000,-2.790000,5.800000,34.799999,131.899994,1.000000
2026-05-19-14-15-14,-8.460000,-3.230000,-2.880000,4.600000,11.400000,129.600006,1.000000
2026-05-19-14-15-14,-8.440000,-3.270000,-3.050000,8.200000,-33.599998,124.699997,1.000000
2026-05-19-14-15-14,-8.460000,-3.280000,-3.150000,12.100000,-47.700001,120.699997,1.000000
2026-05-19-14-15-15,-8.430000,-3.320000,-3.220000,10.100000,-40.000000,122.800003,1.000000
2026-05-19-14-15-15,-8.390000,-3.360000,-3.270000,8.400000,-25.400000,124.599998,1.000000
2026-05-19-14-15-16,-8.390000,-3.410000,-3.310000,10.200000,0.000000,99.400002,1.000000
2026-05-19-14-15-16,-8.410000,-3.410000,-3.320000,-3.400000,15.800000,70.099998,1.000000
2026-05-19-14-15-16,-8.410000,-3.440000,-3.380000,-14.800000,13.100000,57.099998,1.000000
2026-05-19-14-15-17,-8.370000,-3.470000,-3.440000,-14.900000,9.500000,50.900002,1.000000
2026-05-19-14-15-18,-8.340000,-3.470000,-3.330000,-12.300000,0.600000,46.599998,1.000000
2026-05-19-14-15-18,-8.390000,-3.410000,-3.160000,-11.000000,-7.300000,47.200001,1.000000
2026-05-19-14-15-19,-8.480000,-3.420000,-2.910000,-4.300000,-14.300000,47.799999,1.000000
2026-05-19-14-15-19,-8.530000,-3.440000,-2.800000,-2.700000,-16.200001,48.599998,1.000000
2026-05-19-14-15-20,-8.570000,-3.450000,-2.740000,-2.200000,-15.700000,49.599998,1.000000
2026-05-19-14-15-20,-8.600000,-3.470000,-2.710000,-2.500000,-12.900000,50.900002,1.000000
2026-05-19-14-15-20,-8.620000,-3.480000,-2.700000,-2.600000,-11.200000,51.900002,1.000000
2026-05-19-14-15-21,-8.650000,-3.500000,-2.690000,-2.300000,-9.600000,53.299999,1.000000
2026-05-19-14-15-21,-8.680000,-3.530000,-2.680000,-1.400000,-7.800000,55.799999,1.000000
2026-05-19-14-15-21,-8.720000,-3.530000,-2.710000,1.000000,-6.400000,59.400002,1.000000
2026-05-19-14-15-22,-8.750000,-3.560000,-2.610000,4.700000,-6.600000,61.500000,1.000000
2026-05-19-14-15-22,-8.780000,-3.580000,-2.550000,4.400000,-7.500000,62.599998,1.000000
2026-05-19-14-15-23,-8.800000,-3.600000,-2.520000,2.200000,-7.500000,64.300003,1.000000
2026-05-19-14-15-23,-8.830000,-3.610000,-2.520000,0.900000,-6.300000,66.199997,1.000000
2026-05-19-14-15-23,-8.850000,-3.640000,-2.520000,1.200000,-4.800000,68.400002,1.000000
2026-05-19-14-15-24,-8.860000,-3.650000,-2.530000,1.600000,-4.100000,69.599998,1.000000
2026-05-19-14-15-24,-8.880000,-3.690000,-2.560000,2.500000,-3.000000,71.500000,1.000000
2026-05-19-14-15-24,-8.890000,-3.700000,-2.570000,2.800000,-2.500000,72.400002,1.000000
2026-05-19-14-15-24,-8.900000,-3.720000,-2.590000,2.900000,-2.100000,73.199997,1.000000
2026-05-19-14-15-25,-8.920000,-3.740000,-2.640000,2.500000,-1.400000,74.699997,1.000000
2026-05-19-14-15-25,-8.930000,-3.770000,-2.680000,2.200000,-0.900000,75.900002,1.000000
2026-05-19-14-15-25,-8.930000,-3.790000,-2.730000,2.000000,-0.700000,76.199997,1.000000
2026-05-19-14-15-26,-8.940000,-3.820000,-2.790000,1.800000,-0.400000,76.099998,1.000000
2026-05-19-14-15-26,-8.940000,-3.840000,-2.860000,2.100000,0.200000,75.800003,1.000000
2026-05-19-14-15-27,-8.940000,-3.870000,-2.890000,3.800000,1.100000,75.400002,1.000000
2026-05-19-14-15-27,-8.920000,-3.890000,-2.810000,6.000000,0.600000,74.699997,1.000000
2026-05-19-14-15-28,-8.920000,-3.900000,-2.790000,5.300000,-0.400000,74.000000,1.000000
2026-05-19-14-15-28,-8.920000,-3.920000,-2.780000,3.300000,-1.600000,73.599998,1.000000
2026-05-19-14-15-29,-8.920000,-3.950000,-2.790000,1.300000,-2.800000,73.099998,1.000000
2026-05-19-14-15-29,-8.920000,-3.980000,-2.740000,1.400000,-4.100000,72.500000,1.000000
2026-05-19-14-15-29,-8.920000,-4.010000,-2.650000,3.900000,-5.800000,71.699997,1.000000
2026-05-19-14-15-30,-8.910000,-4.040000,-2.520000,6.200000,-7.600000,71.099998,1.000000
2026-05-19-14-15-30,-8.900000,-4.070000,-2.410000,6.800000,-8.900000,70.400002,1.000000
2026-05-19-14-15-31,-8.900000,-4.070000,-2.320000,5.300000,-5.700000,71.599998,1.000000
2026-05-19-14-15-31,-8.840000,-3.970000,-2.280000,6.600000,1.200000,74.500000,1.000000
2026-05-19-14-15-31,-8.770000,-3.840000,-2.270000,8.500000,6.700000,79.199997,1.000000
2026-05-19-14-15-32,-8.740000,-3.750000,-2.280000,7.800000,4.300000,80.599998,1.000000
2026-05-19-14-15-32,-8.720000,-3.690000,-2.310000,6.500000,0.700000,80.900002,1.000000
2026-05-19-14-15-33,-8.710000,-3.660000,-2.340000,5.900000,-1.700000,80.800003,1.000000
2026-05-19-14-15-33,-8.700000,-3.630000,-2.370000,5.200000,-2.700000,80.300003,1.000000
2026-05-19-14-15-33,-8.700000,-3.610000,-2.410000,4.700000,-2.600000,79.500000,1.000000
2026-05-19-14-15-34,-8.710000,-3.600000,-2.450000,4.600000,-1.900000,78.500000,1.000000
2026-05-19-14-15-34,-8.720000,-3.580000,-2.500000,4.500000,-1.000000,77.300003,1.000000
2026-05-19-14-15-35,-8.730000,-3.580000,-2.550000,4.400000,-0.400000,75.900002,1.000000
2026-05-19-14-15-35,-8.740000,-3.570000,-2.600000,4.200000,0.200000,74.300003,1.000000
2026-05-19-14-15-35,-8.750000,-3.570000,-2.660000,3.600000,0.600000,72.599998,1.000000
2026-05-19-14-15-36,-8.770000,-3.580000,-2.720000,3.000000,1.100000,71.099998,1.000000
2026-05-19-14-15-36,-8.780000,-3.590000,-2.780000,2.700000,1.400000,69.599998,1.000000
2026-05-19-14-15-36,-8.790000,-3.600000,-2.860000,2.600000,1.800000,68.099998,1.000000
2026-05-19-14-15-37,-8.810000,-3.610000,-2.930000,2.200000,2.200000,66.599998,1.000000
2026-05-19-14-15-37,-8.820000,-3.620000,-2.990000,1.800000,2.300000,64.900002,1.000000
2026-05-19-14-15-38,-8.830000,-3.640000,-3.060000,1.600000,2.200000,63.299999,1.000000
2026-05-19-14-15-38,-8.840000,-3.670000,-3.140000,1.500000,2.000000,61.700001,1.000000
2026-05-19-14-15-38,-8.850000,-3.680000,-3.220000,1.100000,2.100000,60.000000,1.000000
2026-05-19-14-15-39,-8.870000,-3.700000,-3.290000,0.900000,2.400000,58.700001,1.000000
2026-05-19-14-15-39,-8.870000,-3.710000,-3.330000,1.000000,2.500000,58.299999,1.000000
2026-05-19-14-15-39,-8.880000,-3.740000,-3.400000,0.900000,1.900000,56.799999,1.000000
2026-05-19-14-15-40,-8.910000,-3.760000,-3.450000,0.900000,2.600000,55.500000,1.000000
2026-05-19-14-15-40,-8.910000,-3.770000,-3.470000,2.200000,3.500000,54.700001,1.000000
2026-05-19-14-15-41,-8.920000,-3.780000,-3.440000,1.800000,3.900000,52.799999,1.000000
2026-05-19-14-15-41,-8.930000,-3.790000,-3.420000,1.700000,3.100000,52.599998,1.000000
2026-05-19-14-15-41,-8.920000,-3.790000,-3.430000,1.000000,2.200000,50.900002,1.000000
2026-05-19-14-15-42,-8.980000,-3.810000,-3.430000,0.800000,1.700000,50.200001,1.000000
2026-05-19-14-15-42,-8.980000,-3.820000,-3.430000,1.100000,1.300000,48.299999,1.000000
2026-05-19-14-15-42,-8.980000,-3.820000,-3.440000,1.200000,2.400000,47.299999,1.000000
2026-05-19-14-15-43,-9.010000,-3.820000,-3.420000,1.500000,1.900000,46.500000,1.000000
2026-05-19-14-15-43,-9.020000,-3.830000,-3.420000,1.500000,1.800000,45.500000,1.000000
2026-05-19-14-15-43,-9.020000,-3.820000,-3.430000,1.000000,2.100000,44.299999,1.000000
2026-05-19-14-15-44,-9.030000,-3.830000,-3.440000,1.200000,1.100000,43.900002,1.000000
2026-05-19-14-15-44,-9.030000,-3.830000,-3.420000,1.300000,1.900000,43.000000,1.000000
2026-05-19-14-15-45,-9.040000,-3.840000,-3.420000,1.300000,1.500000,42.400002,1.000000
2026-05-19-14-15-45,-9.070000,-3.840000,-3.430000,1.500000,1.600000,41.099998,1.000000
2026-05-19-14-15-45,-9.070000,-3.830000,-3.410000,1.700000,1.300000,40.599998,1.000000
2026-05-19-14-15-46,-9.080000,-3.850000,-3.420000,1.500000,1.000000,39.799999,1.000000
2026-05-19-14-15-46,-9.090000,-3.860000,-3.430000,0.900000,1.400000,39.000000,1.000000
2026-05-19-14-15-47,-9.110000,-3.860000,-3.410000,1.300000,0.700000,38.200001,1.000000
2026-05-19-14-15-47,-9.130000,-3.870000,-3.420000,2.100000,0.900000,36.900002,1.000000
2026-05-19-14-15-47,-9.130000,-3.860000,-3.420000,1.300000,1.100000,36.299999,1.000000
2026-05-19-14-15-48,-9.160000,-3.870000,-3.420000,1.700000,0.200000,34.799999,1.000000
2026-05-19-14-15-48,-9.170000,-3.880000,-3.410000,1.400000,1.100000,34.000000,1.000000
2026-05-19-14-15-49,-9.190000,-3.880000,-3.400000,0.900000,0.900000,32.400002,1.000000
2026-05-19-14-15-49,-9.210000,-3.890000,-3.420000,1.100000,0.800000,30.900000,1.000000
2026-05-19-14-15-49,-9.220000,-3.890000,-3.420000,1.300000,0.900000,30.400000,1.000000
2026-05-19-14-15-49,-9.230000,-3.890000,-3.420000,1.400000,0.300000,29.400000,1.000000
2026-05-19-14-15-50,-9.250000,-3.900000,-3.420000,1.800000,0.900000,27.600000,1.000000
2026-05-19-14-15-50,-9.280000,-3.900000,-3.410000,1.300000,0.500000,26.400000,1.000000
2026-05-19-14-15-51,-9.300000,-3.900000,-3.400000,1.800000,0.400000,24.400000,1.000000
2026-05-19-14-15-51,-9.310000,-3.900000,-3.410000,1.200000,0.400000,23.799999,1.000000
2026-05-19-14-15-51,-9.310000,-3.910000,-3.420000,1.400000,-0.000000,22.200001,1.000000
2026-05-19-14-15-52,-9.380000,-3.910000,-3.420000,1.700000,-0.500000,21.000000,1.000000
2026-05-19-14-15-52,-9.400000,-3.910000,-3.410000,1.200000,1.000000,18.799999,1.000000
2026-05-19-14-15-52,-9.420000,-3.900000,-3.400000,2.000000,0.600000,17.600000,1.000000
2026-05-19-14-15-53,-9.450000,-3.920000,-3.400000,1.600000,0.400000,15.600000,1.000000
2026-05-19-14-15-53,-9.470000,-3.910000,-3.400000,1.400000,-0.200000,14.000000,1.000000
2026-05-19-14-15-54,-9.490000,-3.930000,-3.410000,2.000000,-0.700000,12.700000,1.000000
2026-05-19-14-15-54,-9.510000,-3.920000,-3.410000,1.200000,0.200000,10.800000,1.000000
2026-05-19-14-15-54,-9.540000,-3.910000,-3.400000,2.600000,-0.100000,9.400000,1.000000
2026-05-19-14-15-55,-9.560000,-3.920000,-3.390000,1.700000,0.000000,8.400000,1.000000
2026-05-19-14-15-55,-9.580000,-3.920000,-3.400000,2.000000,-0.200000,6.400000,1.000000
2026-05-19-14-15-55,-9.610000,-3.920000,-3.410000,1.300000,-0.500000,5.600000,1.000000
2026-05-19-14-15-56,-9.640000,-3.920000,-3.400000,2.400000,-0.700000,4.000000,1.000000
2026-05-19-14-15-56,-9.660000,-3.930000,-3.390000,1.600000,0.100000,2.800000,1.000000
2026-05-19-14-15-57,-9.680000,-3.910000,-3.390000,2.100000,-0.100000,1.600000,1.000000
2026-05-19-14-15-57,-9.710000,-3.920000,-3.400000,2.000000,-0.700000,0.400000,1.000000
2026-05-19-14-15-57,-9.730000,-3.910000,-3.400000,1.300000,-0.400000,-1.000000,1.000000
2026-05-19-14-15-58,-9.750000,-3.900000,-3.390000,2.400000,-0.500000,-2.000000,1.000000
2026-05-19-14-15-58,-9.780000,-3.910000,-3.390000,2.500000,-0.000000,-3.300000,1.000000
2026-05-19-14-15-59,-9.810000,-3.910000,-3.390000,2.200000,-0.500000,-4.500000,1.000000
2026-05-19-14-15-59,-9.830000,-3.900000,-3.400000,2.000000,-0.500000,-5.400000,1.000000
2026-05-19-14-15-59,-9.850000,-3.890000,-3.400000,2.500000,-1.100000,-6.600000,1.000000
2026-05-19-14-16-00,-9.880000,-3.890000,-3.390000,1.400000,-0.600000,-8.000000,1.000000
2026-05-19-14-16-00,-9.910000,-3.890000,-3.380000,2.200000,-0.500000,-8.300000,1.000000
2026-05-19-14-16-00,-9.930000,-3.880000,-3.400000,1.600000,-0.600000,-9.900000,1.000000
2026-05-19-14-16-01,-9.940000,-3.870000,-3.390000,3.500000,-0.400000,-10.800000,1.000000
2026-05-19-14-16-01,-9.960000,-3.880000,-3.390000,2.800000,-1.000000,-11.300000,1.000000
2026-05-19-14-16-01,-9.980000,-3.870000,-3.400000,2.100000,-1.300000,-11.900000,1.000000
2026-05-19-14-16-02,-10.000000,-3.840000,-3.380000,3.100000,-0.100000,-12.600000,1.000000
2026-05-19-14-16-02,-10.000000,-3.850000,-3.380000,2.400000,-0.400000,-13.500000,1.000000
2026-05-19-14-16-02,-10.020000,-3.840000,-3.390000,2.300000,-0.900000,-14.200000,1.000000
2026-05-19-14-16-03,-10.050000,-3.830000,-3.390000,2.000000,-1.100000,-14.900000,1.000000
2026-05-19-14-16-03,-10.080000,-3.820000,-3.380000,2.000000,-1.600000,-16.299999,1.000000
2026-05-19-14-16-03,-10.100000,-3.810000,-3.390000,2.300000,-0.500000,-16.799999,1.000000
2026-05-19-14-16-04,-10.100000,-3.800000,-3.390000,2.600000,-0.600000,-17.600000,1.000000
2026-05-19-14-16-04,-10.130000,-3.800000,-3.380000,2.900000,-1.300000,-19.000000,1.000000
2026-05-19-14-16-04,-10.160000,-3.800000,-3.390000,2.500000,-1.100000,-19.799999,1.000000
2026-05-19-14-16-05,-10.180000,-3.790000,-3.390000,2.500000,-0.700000,-20.900000,1.000000
2026-05-19-14-16-05,-10.200000,-3.760000,-3.390000,3.100000,-0.900000,-22.200001,1.000000
2026-05-19-14-16-06,-10.220000,-3.760000,-3.380000,2.800000,-0.500000,-23.799999,1.000000
2026-05-19-14-16-06,-10.230000,-3.750000,-3.380000,2.100000,-1.100000,-24.000000,1.000000
2026-05-19-14-16-06,-10.270000,-3.740000,-3.380000,2.700000,-1.500000,-25.299999,1.000000
2026-05-19-14-16-07,-10.290000,-3.730000,-3.390000,2.300000,-1.600000,-26.000000,1.000000
2026-05-19-14-16-07,-10.310000,-3.710000,-3.380000,3.600000,-1.300000,-27.600000,1.000000
2026-05-19-14-16-07,-10.320000,-3.700000,-3.380000,3.400000,-0.600000,-28.100000,1.000000
2026-05-19-14-16-08,-10.340000,-3.690000,-3.380000,3.200000,-0.300000,-29.100000,1.000000
2026-05-19-14-16-08,-10.370000,-3.680000,-3.380000,2.500000,-1.400000,-30.400000,1.000000
2026-05-19-14-16-09,-10.390000,-3.660000,-3.380000,2.000000,-1.000000,-31.299999,1.000000
2026-05-19-14-16-09,-10.400000,-3.650000,-3.380000,3.400000,-1.100000,-32.799999,1.000000
2026-05-19-14-16-09,-10.430000,-3.630000,-3.380000,2.800000,-1.400000,-33.599998,1.000000
2026-05-19-14-16-10,-10.440000,-3.620000,-3.380000,4.100000,-0.500000,-35.099998,1.000000
2026-05-19-14-16-10,-10.460000,-3.610000,-3.380000,3.000000,-1.400000,-35.900002,1.000000
2026-05-19-14-16-11,-10.480000,-3.590000,-3.370000,3.800000,-1.300000,-37.799999,1.000000
2026-05-19-14-16-11,-10.500000,-3.570000,-3.380000,3.200000,-0.900000,-38.900002,1.000000
2026-05-19-14-16-11,-10.510000,-3.560000,-3.380000,3.600000,-0.700000,-39.700001,1.000000
2026-05-19-14-16-11,-10.520000,-3.570000,-3.380000,4.000000,-0.500000,-40.500000,1.100000
2026-05-19-14-16-12,-10.540000,-3.540000,-3.380000,2.600000,-0.700000,-41.700001,1.100000
2026-05-19-14-16-12,-10.560000,-3.500000,-3.380000,3.400000,-0.900000,-43.099998,1.100000
2026-05-19-14-16-13,-10.580000,-3.500000,-3.380000,3.000000,-1.200000,-44.299999,1.100000
2026-05-19-14-16-13,-10.590000,-3.480000,-3.370000,3.700000,-1.200000,-46.099998,1.100000
2026-05-19-14-16-13,-10.610000,-3.460000,-3.370000,3.900000,-1.000000,-47.200001,1.100000
2026-05-19-14-16-14,-10.630000,-3.460000,-3.370000,4.400000,-0.400000,-48.299999,1.100000
2026-05-19-14-16-14,-10.640000,-3.430000,-3.390000,3.100000,-1.100000,-49.900002,1.100000
2026-05-19-14-16-14,-10.650000,-3.400000,-3.380000,4.600000,-1.100000,-51.599998,1.100000
2026-05-19-14-16-15,-10.680000,-3.390000,-3.370000,3.400000,-1.300000,-52.099998,1.100000
2026-05-19-14-16-15,-10.690000,-3.370000,-3.370000,3.600000,-0.900000,-54.000000,1.100000
2026-05-19-14-16-16,-10.710000,-3.360000,-3.370000,3.400000,-1.000000,-54.900002,1.100000
2026-05-19-14-16-16,-10.720000,-3.330000,-3.380000,4.100000,-1.200000,-56.700001,1.100000
2026-05-19-14-16-16,-10.740000,-3.320000,-3.380000,4.500000,-0.700000,-57.000000,1.100000
2026-05-19-14-16-17,-10.750000,-3.300000,-3.370000,4.200000,-1.200000,-59.000000,1.100000
2026-05-19-14-16-17,-10.770000,-3.270000,-3.370000,4.200000,-0.900000,-59.799999,1.100000
2026-05-19-14-16-18,-10.780000,-3.260000,-3.370000,4.000000,-0.900000,-61.599998,1.100000
2026-05-19-14-16-18,-10.800000,-3.240000,-3.370000,4.400000,-1.400000,-62.200001,1.100000
2026-05-19-14-16-18,-10.810000,-3.210000,-3.380000,4.400000,-0.600000,-64.000000,1.100000
2026-05-19-14-16-19,-10.820000,-3.000000,-3.000000,-0.053000,0.012000,0.078000,202.410004
2026-05-19-14-16-19,-10.840000,-3.190000,-3.340000,4.200000,-1.300000,-66.699997,1.100000
2026-05-19-14-16-20,-10.900000,-3.150000,-3.130000,8.000000,-6.700000,-69.599998,1.100000
2026-05-19-14-16-20,-10.940000,-3.120000,-2.980000,10.200000,-9.600000,-71.699997,1.100000
2026-05-19-14-16-21,-10.990000,-3.110000,-2.850000,11.100000,-11.700000,-73.300003,1.100000
2026-05-19-14-16-21,-11.020000,-3.110000,-2.770000,9.800000,-11.500000,-74.199997,1.100000
2026-05-19-14-16-21,-11.020000,-3.080000,-2.710000,9.300000,-11.800000,-74.500000,1.100000
2026-05-19-14-16-21,-11.010000,-3.010000,-2.610000,9.800000,-11.800000,-75.099998,1.100000
2026-05-19-14-16-22,-11.160000,-3.000000,-2.350000,13.000000,-13.400000,-77.900002,1.100000
2026-05-19-14-16-23,-11.240000,-2.970000,-2.190000,14.100000,-14.200000,-79.000000,1.100000
2026-05-19-14-16-23,-11.310000,-2.940000,-2.040000,15.000000,-14.900000,-80.099998,1.100000
2026-05-19-14-16-23,-11.370000,-2.920000,-1.950000,13.800000,-14.300000,-81.000000,1.100000
2026-05-19-14-16-24,-11.420000,-2.910000,-1.910000,13.700000,-12.300000,-80.400002,1.100000
2026-05-19-14-16-25,-11.480000,-3.430000,-1.820000,22.299999,2.400000,-60.400002,1.100000
2026-05-19-14-16-25,-11.460000,-3.550000,-1.840000,20.200001,1.100000,-57.200001,1.100000
2026-05-19-14-16-25,-11.440000,-3.660000,-1.860000,16.700001,-0.500000,-55.299999,1.100000
2026-05-19-14-16-26,-11.390000,-3.880000,-1.840000,7.700000,-5.600000,-52.700001,1.100000
2026-05-19-14-16-26,-11.330000,-4.050000,-1.790000,7.000000,-7.200000,-52.200001,1.100000
2026-05-19-14-16-26,-11.300000,-4.140000,-1.770000,8.700000,-6.400000,-53.799999,1.100000
2026-05-19-14-16-27,-11.260000,-4.220000,-1.760000,12.400000,-4.200000,-63.599998,1.100000
2026-05-19-14-16-27,-11.240000,-4.320000,-1.750000,16.200001,-2.300000,-68.500000,1.100000
2026-05-19-14-16-27,-11.200000,-4.430000,-1.760000,17.100000,-2.200000,-70.500000,1.100000
2026-05-19-14-16-27,-11.220000,-4.550000,-1.760000,15.500000,-3.000000,-71.500000,1.100000
2026-05-19-14-16-28,-11.220000,-4.660000,-1.760000,14.600000,-4.100000,-71.800003,1.100000
2026-05-19-14-16-28,-11.220000,-4.770000,-1.770000,12.500000,-5.600000,-72.000000,1.100000
2026-05-19-14-16-28,-11.230000,-4.890000,-1.760000,10.700000,-6.600000,-71.900002,1.100000
2026-05-19-14-16-28,-11.230000,-5.000000,-1.760000,8.600000,-7.900000,-71.599998,1.100000
2026-05-19-14-16-28,-11.240000,-5.120000,-1.750000,7.000000,-8.900000,-71.199997,1.100000
2026-05-19-14-16-29,-11.240000,-5.240000,-1.730000,6.200000,-9.700000,-70.900002,1.100000
2026-05-19-14-16-29,-11.240000,-5.360000,-1.710000,5.400000,-10.500000,-70.500000,1.100000
2026-05-19-14-16-29,-11.230000,-5.580000,-1.670000,4.500000,-11.300000,-69.900002,1.100000
2026-05-19-14-16-30,-11.240000,-5.700000,-1.640000,4.700000,-11.500000,-69.599998,1.100000
2026-05-19-14-16-30,-11.230000,-5.930000,-1.600000,5.500000,-11.200000,-69.099998,1.100000
2026-05-19-14-16-30,-11.240000,-6.040000,-1.570000,5.000000,-11.300000,-66.900002,1.100000
2026-05-19-14-16-30,-11.250000,-6.160000,-1.550000,4.400000,-11.300000,-60.599998,1.100000
2026-05-19-14-16-31,-11.260000,-6.270000,-1.530000,5.200000,-10.900000,-55.400002,1.100000
2026-05-19-14-16-31,-11.220000,-6.500000,-1.490000,5.900000,-9.600000,-51.799999,1.100000
2026-05-19-14-16-31,-11.160000,-6.620000,-1.500000,8.700000,-8.200000,-50.799999,1.100000
2026-05-19-14-16-32,-11.100000,-6.700000,-1.550000,10.700000,-7.500000,-50.000000,1.100000
2026-05-19-14-16-32,-11.070000,-6.770000,-1.600000,12.400000,-8.200000,-50.000000,1.100000
2026-05-19-14-16-32,-11.050000,-6.820000,-1.650000,12.600000,-11.100000,-51.500000,1.100000
2026-05-19-14-16-32,-11.040000,-6.850000,-1.680000,12.200000,-13.800000,-53.099998,1.100000
2026-05-19-14-16-32,-11.020000,-6.870000,-1.720000,12.500000,-15.400000,-55.500000,1.100000
2026-05-19-14-16-33,-11.020000,-6.890000,-1.750000,13.200000,-15.900000,-58.799999,1.100000
2026-05-19-14-16-33,-11.010000,-6.910000,-1.780000,13.300000,-15.400000,-61.000000,1.100000
2026-05-19-14-16-33,-11.000000,-6.920000,-1.810000,13.200000,-13.900000,-63.000000,1.100000
2026-05-19-14-16-33,-10.990000,-6.920000,-1.840000,12.800000,-11.700000,-64.599998,1.100000
2026-05-19-14-16-33,-10.980000,-6.930000,-1.860000,12.400000,-8.300000,-66.900002,1.100000
2026-05-19-14-16-34,-10.980000,-6.930000,-1.880000,12.300000,-5.400000,-69.099998,1.100000
2026-05-19-14-16-34,-10.970000,-6.940000,-1.910000,11.700000,-3.500000,-70.599998,1.100000
2026-05-19-14-16-34,-10.960000,-6.940000,-1.950000,11.100000,-2.200000,-71.900002,1.100000
2026-05-19-14-16-34,-10.950000,-6.940000,-1.980000,10.700000,-1.000000,-72.800003,1.100000
2026-05-19-14-16-35,-10.950000,-6.940000,-2.020000,10.000000,0.200000,-73.699997,1.100000
2026-05-19-14-16-35,-10.940000,-6.930000,-2.050000,9.600000,1.100000,-74.500000,1.100000
2026-05-19-14-16-35,-10.920000,-6.970000,-2.110000,9.600000,4.800000,-74.300003,1.100000
2026-05-19-14-16-35,-10.910000,-7.050000,-2.130000,10.300000,7.600000,-72.900002,1.100000
2026-05-19-14-16-36,-10.880000,-7.150000,-2.160000,10.800000,7.800000,-71.400002,1.100000
2026-05-19-14-16-36,-10.860000,-7.250000,-2.200000,11.200000,4.900000,-70.000000,1.100000
2026-05-19-14-16-37,-10.790000,-7.600000,-2.260000,11.900000,-7.600000,-67.599998,1.100000
2026-05-19-14-16-37,-10.770000,-7.700000,-2.260000,11.200000,-10.200000,-70.000000,1.100000
2026-05-19-14-16-37,-10.740000,-7.790000,-2.250000,12.800000,-11.500000,-80.400002,1.100000
2026-05-19-14-16-37,-10.740000,-7.870000,-2.240000,17.400000,-10.800000,-89.699997,1.100000
2026-05-19-14-16-37,-10.750000,-7.970000,-2.230000,18.700001,-9.800000,-93.500000,1.100000
2026-05-19-14-16-38,-10.780000,-8.070000,-2.220000,16.400000,-8.700000,-95.400002,1.100000
2026-05-19-14-16-38,-10.820000,-8.180000,-2.210000,14.300000,-8.000000,-95.900002,1.100000
2026-05-19-14-16-38,-10.860000,-8.290000,-2.200000,12.400000,-8.000000,-96.300003,1.100000
2026-05-19-14-16-38,-10.900000,-8.390000,-2.190000,11.100000,-8.300000,-96.500000,1.100000
2026-05-19-14-16-39,-10.980000,-8.590000,-2.170000,7.200000,-7.500000,-95.800003,1.100000
2026-05-19-14-16-39,-11.070000,-8.800000,-2.140000,4.900000,-6.100000,-94.900002,1.100000
2026-05-19-14-16-39,-11.120000,-8.910000,-2.130000,4.500000,-5.500000,-94.500000,1.100000
2026-05-19-14-16-40,-11.160000,-8.980000,-2.120000,3.500000,-6.400000,-94.900002,1.100000
2026-05-19-14-16-40,-11.180000,-9.040000,-2.130000,3.000000,-7.400000,-95.699997,1.100000
2026-05-19-14-16-40,-11.200000,-9.080000,-2.130000,3.600000,-8.100000,-96.900002,1.100000
2026-05-19-14-16-40,-11.220000,-9.110000,-2.140000,5.100000,-7.900000,-98.000000,1.100000
2026-05-19-14-16-40,-11.230000,-9.140000,-2.140000,6.700000,-7.100000,-98.800003,1.100000
2026-05-19-14-16-41,-11.250000,-9.160000,-2.150000,8.400000,-5.700000,-99.500000,1.100000
2026-05-19-14-16-41,-11.260000,-9.180000,-2.160000,9.200000,-4.300000,-99.800003,1.100000
2026-05-19-14-16-41,-11.270000,-9.200000,-2.170000,9.500000,-2.400000,-99.800003,1.100000
2026-05-19-14-16-41,-11.290000,-9.200000,-2.200000,10.400000,0.400000,-99.300003,1.100000
2026-05-19-14-16-42,-11.270000,-9.220000,-2.270000,11.100000,2.400000,-98.900002,1.100000
2026-05-19-14-16-42,-11.270000,-9.240000,-2.310000,11.300000,3.700000,-98.800003,1.100000
2026-05-19-14-16-42,-11.270000,-9.250000,-2.350000,11.100000,4.400000,-99.000000,1.100000
2026-05-19-14-16-42,-11.260000,-9.260000,-2.380000,10.600000,4.600000,-99.300003,1.100000
2026-05-19-14-16-42,-11.280000,-9.300000,-2.420000,10.900000,6.600000,-98.400002,1.100000
2026-05-19-14-16-43,-11.300000,-9.390000,-2.450000,11.600000,9.000000,-97.000000,1.100000
2026-05-19-14-16-43,-11.330000,-9.500000,-2.480000,12.600000,9.100000,-95.800003,1.100000
2026-05-19-14-16-43,-11.380000,-9.710000,-2.560000,13.600000,1.900000,-9.000000,1.000000
2026-05-19-14-16-44,-11.420000,-9.820000,-2.580000,12.200000,-3.200000,-95.099998,1.100000
2026-05-19-14-16-44,-11.500000,-10.040000,-2.590000,7.300000,-8.700000,-93.800003,1.100000
2026-05-19-14-16-44,-11.530000,-10.140000,-2.580000,4.700000,-10.600000,-93.500000,1.100000
2026-05-19-14-16-44,-11.560000,-10.200000,-2.580000,2.800000,-12.600000,-94.099998,1.100000
2026-05-19-14-16-45,-11.580000,-10.250000,-2.580000,2.300000,-13.400000,-94.900002,1.100000
2026-05-19-14-16-45,-11.600000,-10.290000,-2.580000,3.500000,-13.200000,-95.800003,1.100000
2026-05-19-14-16-45,-11.610000,-10.320000,-2.580000,5.400000,-12.100000,-96.699997,1.100000
2026-05-19-14-16-45,-11.620000,-10.340000,-2.580000,7.200000,-10.500000,-97.599998,1.100000
2026-05-19-14-16-46,-11.640000,-10.390000,-2.610000,9.400000,-6.000000,-99.300003,1.100000
2026-05-19-14-16-46,-11.630000,-10.410000,-2.670000,9.800000,-2.800000,-98.500000,1.100000
2026-05-19-14-16-46,-11.630000,-10.430000,-2.740000,10.900000,0.700000,-97.599998,1.100000
2026-05-19-14-16-46,-11.630000,-10.440000,-2.790000,11.800000,3.300000,-97.099998,1.100000
2026-05-19-14-16-47,-11.620000,-10.460000,-2.840000,11.900000,4.500000,-97.199997,1.100000
2026-05-19-14-16-47,-11.620000,-10.470000,-2.880000,11.500000,5.100000,-97.500000,1.100000
2026-05-19-14-16-47,-11.610000,-10.480000,-2.920000,10.700000,5.300000,-98.099998,1.100000
2026-05-19-14-16-47,-11.640000,-10.600000,-2.990000,12.100000,8.500000,-97.400002,1.100000
2026-05-19-14-16-48,-11.660000,-10.690000,-3.030000,12.600000,7.900000,-97.599998,1.100000
2026-05-19-14-16-48,-11.700000,-10.790000,-3.070000,12.700000,4.800000,-98.199997,1.100000
2026-05-19-14-16-48,-11.730000,-10.900000,-3.110000,12.500000,0.200000,-98.900002,1.100000
2026-05-19-14-16-48,-11.770000,-11.000000,-3.130000,10.900000,-5.100000,-99.699997,1.100000
2026-05-19-14-16-48,-11.810000,-11.100000,-3.140000,10.200000,-8.100000,-100.400002,1.100000
2026-05-19-14-16-49,-11.850000,-11.200000,-3.130000,10.600000,-9.900000,-101.900002,1.100000
2026-05-19-14-16-49,-11.900000,-11.290000,-3.120000,11.100000,-9.900000,-103.199997,1.100000
2026-05-19-14-16-49,-11.940000,-11.380000,-3.100000,11.100000,-9.400000,-104.500000,1.100000
2026-05-19-14-16-49,-11.980000,-11.470000,-3.090000,11.100000,-9.000000,-107.199997,1.100000
2026-05-19-14-16-50,-12.090000,-11.640000,-3.070000,13.800000,-8.100000,-117.199997,1.100000
2026-05-19-14-16-50,-1.000000,-1.000000,111.650002,-0.118000,0.018000,0.005000,0.495000
2026-05-19-14-16-50,-12.310000,-11.890000,-3.040000,10.900000,-6.400000,-117.900002,1.100000
2026-05-19-14-16-51,-12.380000,-11.970000,-3.030000,10.100000,-5.800000,-119.500000,1.100000
2026-05-19-14-16-51,-12.440000,-12.040000,-3.030000,11.100000,-4.500000,-129.300003,1.100000
2026-05-19-14-16-51,-12.490000,-12.090000,-3.030000,11.600000,-3.900000,-135.699997,1.100000
2026-05-19-14-16-51,-12.530000,-12.100000,-3.040000,9.400000,-3.900000,-140.800003,1.100000
2026-05-19-14-16-52,-12.570000,-12.160000,-3.050000,6.600000,-3.600000,-143.399994,1.100000
2026-05-19-14-16-52,-12.590000,-12.180000,-3.050000,4.200000,-2.900000,-145.300003,1.100000
2026-05-19-14-16-52,-12.620000,-12.200000,-3.060000,2.600000,-2.000000,-146.500000,1.100000
2026-05-19-14-16-52,-12.640000,-12.210000,-3.070000,1.900000,-0.900000,-147.500000,1.100000
2026-05-19-14-16-52,-12.660000,-12.220000,-3.090000,2.300000,0.200000,-148.000000,1.100000
2026-05-19-14-16-53,-12.670000,-12.220000,-3.100000,3.100000,1.200000,-148.399994,1.100000
2026-05-19-14-16-53,-12.690000,-12.230000,-3.120000,4.100000,1.900000,-148.399994,1.100000
2026-05-19-14-16-53,-12.700000,-12.230000,-3.140000,5.000000,2.200000,-148.399994,1.100000
2026-05-19-14-16-53,-12.710000,-12.230000,-3.160000,5.600000,2.300000,-148.100006,1.100000
2026-05-19-14-16-54,-12.720000,-12.230000,-3.180000,5.900000,2.300000,-147.800003,1.100000
2026-05-19-14-16-54,-12.720000,-12.240000,-3.210000,6.100000,2.000000,-147.399994,1.100000
2026-05-19-14-16-54,-12.730000,-12.240000,-3.230000,6.100000,1.600000,-147.000000,1.100000
2026-05-19-14-16-54,-12.730000,-12.240000,-3.260000,6.100000,1.200000,-146.600006,1.100000
2026-05-19-14-16-54,-12.730000,-12.240000,-3.290000,6.100000,0.700000,-146.300003,1.100000
2026-05-19-14-16-55,-12.730000,-12.230000,-3.320000,6.200000,0.200000,-145.899994,1.100000
2026-05-19-14-16-55,-12.730000,-12.230000,-3.350000,6.300000,-0.200000,-145.699997,1.100000
2026-05-19-14-16-55,-12.730000,-12.230000,-3.380000,6.300000,-0.400000,-145.600006,1.100000
2026-05-19-14-16-55,-12.730000,-12.220000,-3.410000,6.300000,-0.600000,-145.600006,1.100000
2026-05-19-14-16-55,-12.730000,-12.220000,-3.440000,6.300000,-0.600000,-145.699997,1.100000
2026-05-19-14-16-56,-12.720000,-12.220000,-3.470000,6.100000,-0.500000,-145.899994,1.100000
2026-05-19-14-16-56,-12.710000,-12.210000,-3.510000,6.100000,-0.400000,-146.199997,1.100000
2026-05-19-14-16-56,-12.710000,-12.210000,-3.540000,6.100000,-0.200000,-146.500000,1.100000
2026-05-19-14-16-56,-12.700000,-12.210000,-3.580000,6.100000,0.200000,-147.000000,1.100000
2026-05-19-14-16-57,-12.690000,-12.200000,-3.610000,6.100000,0.600000,-147.399994,1.100000
2026-05-19-14-16-57,-12.680000,-12.200000,-3.640000,6.300000,1.100000,-147.899994,1.100000
2026-05-19-14-16-57,-12.670000,-12.190000,-3.680000,6.500000,1.500000,-148.300003,1.100000
2026-05-19-14-16-57,-12.660000,-12.190000,-3.710000,6.600000,1.900000,-148.699997,1.100000
2026-05-19-14-16-57,-12.640000,-12.180000,-3.750000,6.700000,2.300000,-149.100006,1.100000
2026-05-19-14-16-58,-12.630000,-12.180000,-3.780000,6.700000,2.500000,-149.500000,1.100000
2026-05-19-14-16-58,-12.620000,-12.170000,-3.820000,6.700000,2.700000,-149.899994,1.100000
2026-05-19-14-16-58,-12.600000,-12.170000,-3.850000,6.600000,2.800000,-150.300003,1.100000
2026-05-19-14-16-58,-12.590000,-12.160000,-3.890000,6.500000,2.800000,-150.699997,1.100000
2026-05-19-14-16-59,-12.570000,-12.160000,-3.930000,6.400000,2.900000,-151.199997,1.100000
2026-05-19-14-16-59,-12.560000,-12.150000,-3.960000,6.300000,2.900000,-151.600006,1.100000
2026-05-19-14-16-59,-12.540000,-12.150000,-4.000000,6.300000,3.000000,-152.100006,1.100000
2026-05-19-14-16-59,-12.530000,-12.140000,-4.030000,6.300000,2.900000,-152.500000,1.100000
2026-05-19-14-17-00,-12.500000,-12.140000,-4.090000,6.500000,5.600000,-153.100006,1.100000
2026-05-19-14-17-00,-12.480000,-12.130000,-4.150000,6.600000,10.400000,-153.100006,1.100000
2026-05-19-14-17-00,-12.460000,-12.120000,-4.220000,6.700000,9.500000,-153.899994,1.100000
2026-05-19-14-17-01,-12.390000,-12.110000,-4.420000,9.800000,-38.299999,-161.300003,1.100000
2026-05-19-14-17-01,-12.400000,-12.120000,-4.560000,19.900000,-64.699997,-171.800003,1.100000
2026-05-19-14-17-02,-12.420000,-12.080000,-4.540000,29.100000,-73.000000,179.399994,1.100000
2026-05-19-14-17-02,-12.410000,-12.000000,-4.360000,17.799999,-61.099998,-167.600006,1.100000
2026-05-19-14-17-02,-12.410000,-11.930000,-4.100000,13.600000,-48.200001,-162.199997,1.100000
2026-05-19-14-17-03,-12.430000,-11.880000,-3.810000,11.000000,-31.299999,-158.100006,1.100000
2026-05-19-14-17-03,-12.460000,-11.850000,-3.450000,10.100000,-16.400000,-155.600006,1.200000
2026-05-19-14-17-03,-12.500000,-11.860000,-3.090000,9.600000,-4.400000,-154.100006,1.200000
2026-05-19-14-17-03,-12.550000,-11.910000,-2.720000,9.000000,4.100000,-153.300003,1.300000
2026-05-19-14-17-04,-12.590000,-11.990000,-2.300000,8.400000,8.400000,-153.199997,1.400000
2026-05-19-14-17-04,-12.620000,-12.090000,-1.940000,8.000000,9.900000,-154.000000,1.500000
2026-05-19-14-17-04,-12.290000,-11.510000,-3.700000,8.300000,6.400000,-155.000000,1.200000
2026-05-19-14-17-05,-12.260000,-11.490000,-3.680000,8.600000,4.000000,-157.100006,1.200000
2026-05-19-14-17-05,-12.240000,-11.500000,-3.750000,7.600000,5.000000,-155.800003,1.200000
2026-05-19-14-17-06,-12.210000,-11.490000,-3.780000,7.100000,7.900000,-154.300003,1.200000
2026-05-19-14-17-06,-12.190000,-11.490000,-3.710000,5.600000,5.400000,-153.699997,1.200000
2026-05-19-14-17-07,-12.130000,-11.480000,-3.470000,8.500000,-12.400000,-158.600006,1.200000
2026-05-19-14-17-07,-12.090000,-11.450000,-3.320000,11.800000,-14.000000,-161.100006,1.200000
2026-05-19-14-17-08,-12.060000,-11.420000,-3.180000,15.300000,-16.100000,-163.199997,1.200000
2026-05-19-14-17-08,-12.030000,-11.390000,-3.080000,15.600000,-15.600000,-163.300003,1.200000
2026-05-19-14-17-09,-11.990000,-11.370000,-2.980000,10.600000,-17.299999,-164.100006,1.200000
2026-05-19-14-17-09,-11.930000,-11.320000,-2.860000,11.100000,-17.400000,-164.899994,1.200000
2026-05-19-14-17-09,-11.890000,-11.290000,-2.790000,11.200000,-15.400000,-165.500000,1.200000
2026-05-19-14-17-10,-11.870000,-11.280000,-2.760000,9.200000,-16.000000,-166.000000,1.200000
2026-05-19-14-17-10,-11.800000,-11.210000,-2.620000,10.800000,-16.400000,-167.199997,1.200000
2026-05-19-14-17-10,-11.740000,-11.180000,-2.500000,12.600000,-16.500000,-168.500000,1.200000
2026-05-19-14-17-11,-11.690000,-11.150000,-2.440000,12.000000,-13.800000,-169.000000,1.200000
2026-05-19-14-17-11,-11.640000,-11.100000,-2.370000,8.700000,-12.000000,-170.000000,1.200000
2026-05-19-14-17-11,-11.610000,-11.090000,-2.290000,8.900000,-11.800000,-170.699997,1.200000
2026-05-19-14-17-12,-11.560000,-11.070000,-2.240000,9.600000,-11.400000,-171.699997,1.200000
2026-05-19-14-17-12,-11.560000,-11.050000,-2.190000,9.900000,-10.600000,-172.500000,1.200000
2026-05-19-14-17-12,-11.520000,-11.060000,-2.110000,12.600000,-4.600000,170.100006,1.200000
2026-05-19-14-17-13,-11.530000,-11.080000,-2.080000,11.900000,1.700000,145.000000,1.200000
2026-05-19-14-17-13,-11.540000,-11.090000,-2.050000,8.800000,4.600000,126.199997,1.200000
2026-05-19-14-17-13,-11.530000,-11.070000,-2.030000,4.900000,5.500000,115.699997,1.200000
2026-05-19-14-17-13,-11.520000,-11.060000,-2.020000,1.300000,5.600000,110.000000,1.200000
2026-05-19-14-17-13,-11.500000,-11.040000,-2.020000,-2.700000,5.300000,105.300003,1.200000
2026-05-19-14-17-14,-11.470000,-11.030000,-2.020000,-5.500000,4.800000,102.500000,1.200000
2026-05-19-14-17-14,-11.460000,-11.020000,-2.020000,-8.100000,3.500000,94.000000,1.200000
2026-05-19-14-17-14,-11.450000,-11.000000,-2.020000,-9.000000,1.900000,81.000000,1.200000
2026-05-19-14-17-14,-11.440000,-10.990000,-2.020000,-8.900000,0.800000,74.599998,1.200000
2026-05-19-14-17-14,-11.420000,-10.980000,-2.030000,-8.800000,-0.100000,69.199997,1.200000
2026-05-19-14-17-15,-11.400000,-10.970000,-2.040000,-8.700000,-0.800000,65.000000,1.200000
2026-05-19-14-17-15,-11.370000,-10.960000,-2.060000,-8.600000,-1.300000,61.900002,1.200000
2026-05-19-14-17-15,-11.360000,-10.950000,-2.080000,-9.000000,-2.600000,53.900002,1.200000
2026-05-19-14-17-15,-11.360000,-10.940000,-2.090000,-7.800000,-4.500000,40.000000,1.200000
2026-05-19-14-17-16,-11.350000,-10.930000,-2.110000,-7.100000,-5.500000,32.599998,1.200000
2026-05-19-14-17-16,-11.340000,-10.920000,-2.130000,-7.000000,-6.500000,27.000000,1.200000
2026-05-19-14-17-16,-11.320000,-10.920000,-2.160000,-7.200000,-7.300000,23.000000,1.200000
2026-05-19-14-17-16,-11.310000,-10.920000,-2.190000,-7.300000,-7.600000,21.600000,1.200000
2026-05-19-14-17-17,-11.240000,-10.970000,-2.210000,-11.800000,-7.700000,52.700001,1.200000
2026-05-19-14-17-17,-11.180000,-10.970000,-2.220000,-13.500000,-9.600000,74.199997,1.200000
2026-05-19-14-17-17,-11.140000,-10.970000,-2.230000,-15.500000,-11.500000,93.599998,1.200000
2026-05-19-14-17-17,-11.110000,-10.960000,-2.250000,-14.200000,-11.700000,101.900002,1.200000
2026-05-19-14-17-17,-11.090000,-10.950000,-2.260000,-10.200000,-10.700000,105.800003,1.200000
2026-05-19-14-17-18,-11.070000,-10.950000,-2.280000,-4.300000,-8.900000,109.300003,1.200000
2026-05-19-14-17-18,-11.030000,-10.900000,-2.330000,-1.400000,-12.200000,145.800003,1.200000
2026-05-19-14-17-18,-11.020000,-10.860000,-2.360000,-2.500000,-17.700001,166.300003,1.200000
2026-05-19-14-17-19,-11.020000,-10.830000,-2.380000,-4.100000,-20.299999,178.699997,1.200000
2026-05-19-14-17-19,-11.030000,-10.820000,-2.410000,-3.300000,-20.200001,-174.500000,1.200000
2026-05-19-14-17-19,-11.030000,-10.800000,-2.430000,0.100000,-18.299999,-169.800003,1.200000
2026-05-19-14-17-19,-11.040000,-10.800000,-2.460000,4.200000,-15.700000,-167.000000,1.200000
2026-05-19-14-17-19,-11.040000,-10.790000,-2.490000,7.700000,-12.700000,-164.699997,1.200000
2026-05-19-14-17-20,-11.050000,-10.770000,-2.520000,8.900000,-11.900000,-155.699997,1.200000
2026-05-19-14-17-20,-11.080000,-10.750000,-2.560000,5.900000,-14.400000,-135.199997,1.200000
2026-05-19-14-17-20,-11.110000,-10.750000,-2.580000,3.800000,-16.100000,-120.900002,1.200000
2026-05-19-14-17-20,-11.130000,-10.750000,-2.630000,3.600000,-16.000000,-108.800003,1.200000
2026-05-19-14-17-21,-11.150000,-10.760000,-2.700000,4.700000,-14.500000,-102.099998,1.200000
2026-05-19-14-17-21,-11.160000,-10.770000,-2.770000,6.200000,-12.900000,-98.599998,1.200000
2026-05-19-14-17-22,-11.150000,-10.780000,-2.820000,7.100000,-11.700000,-97.400002,1.200000
2026-05-19-14-17-22,-11.150000,-10.910000,-2.830000,7.400000,3.900000,-96.500000,1.200000
2026-05-19-14-17-22,-11.160000,-10.810000,-2.860000,6.600000,9.900000,-95.699997,1.200000
2026-05-19-14-17-22,-11.160000,-10.830000,-2.910000,5.500000,11.700000,-95.699997,1.200000
2026-05-19-14-17-23,-11.150000,-10.820000,-3.020000,5.700000,-9.200000,-96.300003,1.200000
2026-05-19-14-17-23,-11.160000,-10.840000,-3.190000,9.000000,-55.500000,-99.599998,1.200000
2026-05-19-14-17-23,-11.170000,-10.870000,-3.260000,13.600000,-68.699997,-104.699997,1.200000
2026-05-19-14-17-24,-11.160000,-10.920000,-3.260000,17.900000,-67.500000,-109.500000,1.200000
2026-05-19-14-17-24,-11.160000,-10.840000,-3.410000,14.500000,-52.400002,-105.199997,1.200000
2026-05-19-14-17-24,-11.160000,-10.810000,-3.470000,11.400000,-31.400000,-101.099998,1.200000
2026-05-19-14-17-25,-11.150000,-10.800000,-3.510000,9.300000,-13.500000,-99.599998,1.200000
2026-05-19-14-17-25,-11.130000,-10.780000,-3.570000,7.700000,0.200000,-99.699997,1.200000
2026-05-19-14-17-26,-11.120000,-10.770000,-3.620000,6.600000,7.500000,-101.500000,1.200000
2026-05-19-14-17-26,-11.100000,-10.750000,-3.690000,12.000000,6.100000,-104.599998,1.200000
2026-05-19-14-17-26,-11.000000,-10.700000,-3.720000,21.600000,1.400000,-108.599998,1.200000
2026-05-19-14-17-27,-11.130000,-10.710000,-3.660000,18.100000,2.900000,-111.400002,1.200000
2026-05-19-14-17-27,-11.170000,-10.700000,-3.570000,11.500000,3.000000,-114.400002,1.200000
2026-05-19-14-17-28,-11.200000,-10.690000,-3.490000,7.100000,1.100000,-117.400002,1.200000
2026-05-19-14-17-28,-11.230000,-10.660000,-3.370000,6.100000,-1.300000,-119.699997,1.200000
2026-05-19-14-17-28,-11.260000,-10.640000,-3.240000,7.000000,-3.600000,-121.599998,1.200000
2026-05-19-14-17-29,-11.280000,-10.610000,-3.180000,8.800000,-5.000000,-124.199997,1.200000
2026-05-19-14-17-30,-11.290000,-10.560000,-3.070000,13.500000,-5.900000,-129.600006,1.200000
2026-05-19-14-17-30,-11.310000,-10.450000,-2.800000,12.800000,-10.400000,-135.100006,1.200000
2026-05-19-14-17-31,-11.330000,-10.380000,-2.670000,11.500000,-12.300000,-138.000000,1.200000
2026-05-19-14-17-31,-11.340000,-10.330000,-2.550000,9.900000,-12.100000,-140.600006,1.200000
2026-05-19-14-17-31,-11.350000,-10.280000,-2.490000,9.600000,-9.400000,-143.399994,1.200000
2026-05-19-14-17-32,-11.340000,-10.240000,-2.440000,13.500000,-4.600000,-145.300003,1.200000
2026-05-19-14-17-32,-11.340000,-10.210000,-2.340000,15.500000,-2.700000,-146.600006,1.200000
2026-05-19-14-17-32,-11.350000,-10.170000,-2.270000,15.700000,-2.800000,-147.699997,1.200000
2026-05-19-14-17-32,-11.360000,-10.150000,-2.240000,14.400000,-3.000000,-148.699997,1.200000
2026-05-19-14-17-33,-11.360000,-10.120000,-2.210000,11.800000,-2.900000,-149.899994,1.200000
2026-05-19-14-17-33,-11.360000,-10.100000,-2.190000,8.900000,-2.700000,-151.100006,1.200000
2026-05-19-14-17-33,-11.360000,-10.080000,-2.160000,7.500000,-2.900000,-152.300003,1.200000
2026-05-19-14-17-33,-11.360000,-10.050000,-2.100000,7.400000,-3.100000,-153.800003,1.200000
2026-05-19-14-17-34,-11.360000,-10.020000,-2.030000,8.000000,-3.500000,-154.899994,1.200000
2026-05-19-14-17-34,-11.370000,-10.000000,-1.980000,8.600000,-4.300000,-156.100006,1.200000
2026-05-19-14-17-34,-11.370000,-9.980000,-1.950000,8.500000,-4.500000,-157.399994,1.200000
2026-05-19-14-17-34,-11.370000,-9.960000,-1.920000,8.200000,-4.300000,-158.500000,1.200000
2026-05-19-14-17-34,-11.370000,-9.950000,-1.900000,7.600000,-3.800000,-159.699997,1.200000
2026-05-19-14-17-35,-11.360000,-9.930000,-1.880000,7.100000,-2.900000,-161.100006,1.200000
2026-05-19-14-17-35,-11.350000,-9.920000,-1.870000,6.600000,-2.000000,-162.500000,1.200000
2026-05-19-14-17-35,-11.350000,-9.910000,-1.870000,6.100000,-1.000000,-164.000000,1.200000
2026-05-19-14-17-35,-11.340000,-9.890000,-1.860000,5.800000,-0.100000,-165.800003,1.200000
2026-05-19-14-17-35,-11.330000,-9.880000,-1.860000,5.800000,0.500000,-167.500000,1.200000
2026-05-19-14-17-36,-11.320000,-9.870000,-1.870000,5.700000,0.800000,-169.600006,1.200000
2026-05-19-14-17-36,-11.300000,-9.860000,-1.870000,5.600000,0.800000,-171.699997,1.200000
2026-05-19-14-17-36,-11.290000,-9.850000,-1.880000,5.500000,0.600000,-173.600006,1.200000
2026-05-19-14-17-36,-11.270000,-9.850000,-1.890000,5.300000,0.300000,-175.600006,1.200000
2026-05-19-14-17-37,-11.260000,-9.840000,-1.900000,5.000000,-0.100000,-177.699997,1.200000
2026-05-19-14-17-37,-11.240000,-9.840000,-1.920000,4.900000,-0.700000,-179.800003,1.200000
2026-05-19-14-17-37,-11.230000,-9.840000,-1.940000,4.900000,-1.100000,178.199997,1.200000
2026-05-19-14-17-37,-11.210000,-9.840000,-1.950000,5.000000,-1.600000,175.899994,1.200000
2026-05-19-14-17-37,-11.200000,-9.840000,-1.970000,5.100000,-1.900000,174.300003,1.200000
2026-05-19-14-17-38,-11.180000,-9.840000,-1.990000,5.300000,-2.100000,172.100006,1.200000
2026-05-19-14-17-38,-11.170000,-9.850000,-2.020000,5.400000,-2.100000,170.100006,1.200000
2026-05-19-14-17-38,-11.160000,-9.860000,-2.040000,5.400000,-2.000000,168.100006,1.200000
2026-05-19-14-17-38,-11.150000,-9.860000,-2.060000,5.200000,-1.700000,166.399994,1.200000
2026-05-19-14-17-38,-11.140000,-9.870000,-2.090000,5.100000,-1.400000,164.500000,1.200000
2026-05-19-14-17-39,-11.130000,-9.880000,-2.110000,4.900000,-1.000000,162.600006,1.200000
2026-05-19-14-17-39,-11.120000,-9.890000,-2.140000,4.700000,-0.600000,161.000000,1.200000
2026-05-19-14-17-39,-11.110000,-9.890000,-2.170000,4.500000,-0.300000,159.399994,1.200000
2026-05-19-14-17-39,-11.100000,-9.900000,-2.200000,4.400000,0.100000,157.800003,1.200000
2026-05-19-14-17-40,-11.090000,-9.910000,-2.230000,4.300000,0.300000,156.500000,1.200000
2026-05-19-14-17-40,-11.090000,-9.920000,-2.260000,4.300000,0.600000,155.100006,1.200000
2026-05-19-14-17-40,-11.080000,-9.930000,-2.290000,4.400000,0.800000,153.899994,1.200000
2026-05-19-14-17-40,-11.070000,-9.940000,-2.320000,4.400000,1.000000,152.800003,1.200000
2026-05-19-14-17-40,-11.060000,-9.950000,-2.360000,4.500000,1.200000,151.899994,1.200000
2026-05-19-14-17-41,-11.050000,-9.960000,-2.390000,4.500000,1.300000,151.000000,1.200000
2026-05-19-14-17-41,-11.050000,-9.970000,-2.420000,4.600000,1.400000,150.199997,1.200000
2026-05-19-14-17-41,-11.040000,-9.980000,-2.460000,4.500000,1.500000,149.500000,1.200000
2026-05-19-14-17-41,-11.030000,-9.990000,-2.490000,4.500000,1.600000,148.800003,1.200000
2026-05-19-14-17-42,-11.020000,-10.000000,-2.530000,4.400000,1.800000,148.100006,1.200000
2026-05-19-14-17-42,-11.010000,-10.020000,-2.580000,4.200000,2.000000,147.399994,1.200000
2026-05-19-14-17-42,-11.000000,-10.030000,-2.620000,4.200000,2.100000,146.500000,1.200000
2026-05-19-14-17-42,-11.000000,-10.040000,-2.660000,4.300000,2.200000,145.699997,1.200000
2026-05-19-14-17-43,-10.990000,-10.070000,-2.720000,4.500000,2.300000,144.100006,1.200000
2026-05-19-14-17-43,-10.980000,-10.090000,-2.780000,4.600000,2.400000,142.500000,1.200000
2026-05-19-14-17-43,-10.970000,-10.110000,-2.850000,4.500000,2.200000,140.699997,1.200000
2026-05-19-14-17-44,-10.960000,-10.130000,-2.920000,4.400000,2.000000,138.899994,1.200000
2026-05-19-14-17-44,-10.950000,-10.150000,-3.000000,4.200000,2.100000,137.000000,1.200000
2026-05-19-14-17-45,-10.950000,-10.170000,-3.070000,3.800000,2.200000,134.899994,1.200000
2026-05-19-14-17-45,-10.940000,-10.200000,-3.140000,3.500000,2.200000,133.100006,1.200000
2026-05-19-14-17-45,-10.930000,-10.220000,-3.210000,3.400000,2.100000,131.000000,1.200000
2026-05-19-14-17-46,-10.920000,-10.250000,-3.290000,3.300000,2.100000,128.699997,1.200000
2026-05-19-14-17-46,-10.910000,-10.280000,-3.370000,3.100000,2.400000,126.599998,1.200000
2026-05-19-14-17-46,-10.910000,-10.310000,-3.430000,3.000000,2.600000,124.500000,1.200000
2026-05-19-14-17-47,-10.910000,-10.340000,-3.510000,3.200000,2.600000,122.300003,1.200000
2026-05-19-14-17-47,-10.910000,-10.350000,-3.550000,3.300000,2.800000,120.900002,1.200000
2026-05-19-14-17-47,-10.910000,-10.370000,-3.590000,3.200000,3.100000,119.800003,1.200000
2026-05-19-14-17-48,-10.900000,-10.400000,-3.650000,3.400000,3.100000,117.500000,1.200000
2026-05-19-14-17-48,-10.890000,-10.420000,-3.670000,3.800000,4.500000,115.099998,1.200000
2026-05-19-14-17-49,-10.890000,-10.460000,-3.480000,5.100000,5.500000,109.300003,1.200000
2026-05-19-14-17-50,-10.850000,-10.420000,-3.130000,6.500000,4.200000,103.400002,1.200000
2026-05-19-14-17-51,-10.830000,-10.400000,-2.980000,6.800000,2.300000,101.300003,1.200000
2026-05-19-14-17-51,-10.810000,-10.380000,-2.890000,5.500000,0.400000,99.500000,1.200000
2026-05-19-14-17-51,-10.810000,-10.380000,-2.860000,4.500000,-0.400000,98.699997,1.200000
2026-05-19-14-17-52,-10.780000,-10.390000,-2.700000,-0.300000,-8.600000,94.699997,1.200000
2026-05-19-14-17-52,-10.720000,-10.400000,-2.600000,3.100000,-12.200000,92.699997,1.200000
2026-05-19-14-17-53,-10.700000,-10.440000,-2.500000,5.700000,-15.100000,90.900002,1.200000
2026-05-19-14-17-53,-10.680000,-10.470000,-2.450000,6.100000,-15.400000,89.199997,1.200000
2026-05-19-14-17-53,-10.670000,-10.500000,-2.420000,6.300000,-13.500000,87.199997,1.200000
2026-05-19-14-17-54,-10.640000,-10.550000,-2.330000,7.700000,-11.900000,85.500000,1.200000
2026-05-19-14-17-54,-10.610000,-10.610000,-2.190000,9.700000,-12.900000,83.900002,1.200000
2026-05-19-14-17-55,-10.580000,-10.660000,-2.060000,10.500000,-14.100000,82.300003,1.200000
2026-05-19-14-17-55,-10.550000,-10.700000,-2.000000,9.100000,-13.400000,81.400002,1.200000
2026-05-19-14-17-55,-10.540000,-10.730000,-1.970000,8.300000,-12.300000,80.800003,1.200000
2026-05-19-14-17-55,-10.530000,-10.760000,-1.950000,8.000000,-11.000000,80.099998,1.200000
2026-05-19-14-17-55,-10.510000,-10.780000,-1.910000,6.000000,-8.900000,79.500000,1.200000
2026-05-19-14-17-56,-10.500000,-10.820000,-1.850000,6.000000,-7.200000,78.800003,1.200000
2026-05-19-14-17-56,-10.480000,-10.850000,-1.780000,7.200000,-7.000000,77.900002,1.200000
2026-05-19-14-17-56,-10.460000,-10.860000,-1.720000,8.400000,-7.500000,76.900002,1.200000
2026-05-19-14-17-56,-10.450000,-10.880000,-1.670000,8.400000,-7.800000,76.000000,1.200000
2026-05-19-14-17-57,-10.440000,-10.900000,-1.640000,7.700000,-7.600000,75.199997,1.200000
2026-05-19-14-17-57,-10.430000,-10.920000,-1.620000,6.900000,-6.900000,74.400002,1.200000
2026-05-19-14-17-57,-10.430000,-10.940000,-1.600000,6.000000,-5.900000,73.400002,1.200000
2026-05-19-14-17-57,-10.420000,-10.970000,-1.580000,5.500000,-5.000000,72.400002,1.200000
2026-05-19-14-17-57,-10.410000,-10.990000,-1.560000,5.900000,-4.300000,71.099998,1.000000
2026-05-19-14-17-58,-10.400000,-11.050000,-1.440000,8.100000,-4.100000,69.300003,1.200000
2026-05-19-14-17-58,-10.370000,-11.080000,-1.370000,9.100000,-4.600000,68.599998,1.200000
2026-05-19-14-17-58,-10.360000,-11.090000,-1.310000,9.400000,-5.400000,67.699997,1.200000
2026-05-19-14-17-58,-10.350000,-11.110000,-1.270000,8.500000,-5.800000,67.099998,1.200000
2026-05-19-14-17-59,-10.340000,-11.130000,-1.240000,7.200000,-5.800000,66.500000,1.200000
2026-05-19-14-17-59,-10.330000,-11.150000,-1.220000,6.100000,-5.400000,65.900002,1.200000
2026-05-19-14-17-59,-10.320000,-11.160000,-1.200000,5.500000,-4.800000,65.400002,1.200000
2026-05-19-14-17-59,-10.320000,-11.180000,-1.180000,5.300000,-4.100000,64.500000,1.200000
2026-05-19-14-18-00,-10.310000,-11.210000,-1.170000,5.300000,-3.500000,63.500000,1.200000
2026-05-19-14-18-00,-10.310000,-11.230000,-1.160000,5.100000,-3.100000,62.200001,1.200000
2026-05-19-14-18-00,-10.310000,-11.250000,-1.150000,3.700000,-2.400000,61.000000,1.200000
2026-05-19-14-18-00,-10.300000,-11.270000,-1.100000,2.900000,-2.800000,60.000000,1.200000
2026-05-19-14-18-00,-10.300000,-11.290000,-1.050000,3.600000,-3.500000,59.200001,1.200000
2026-05-19-14-18-01,-10.290000,-11.310000,-1.020000,4.200000,-4.100000,58.500000,1.200000
2026-05-19-14-18-01,-10.290000,-11.330000,-1.000000,4.800000,-4.800000,57.500000,1.200000
2026-05-19-14-18-01,-10.290000,-11.350000,-0.980000,4.900000,-5.200000,56.599998,1.200000
2026-05-19-14-18-01,-10.290000,-11.370000,-0.970000,4.800000,-5.400000,55.799999,1.200000
2026-05-19-14-18-01,-10.290000,-11.390000,-0.970000,4.300000,-5.200000,54.900002,1.200000
2026-05-19-14-18-02,-10.290000,-11.410000,-0.960000,3.700000,-4.900000,53.900002,1.200000
2026-05-19-14-18-02,-10.310000,-11.440000,-0.960000,2.800000,-4.400000,52.500000,1.200000
2026-05-19-14-18-02,-10.300000,-11.450000,-0.960000,2.300000,-4.000000,51.500000,1.200000
2026-05-19-14-18-02,-10.300000,-11.470000,-0.970000,2.100000,-3.700000,50.299999,1.200000
2026-05-19-14-18-03,-10.310000,-11.490000,-0.980000,2.100000,-3.600000,49.000000,1.200000
2026-05-19-14-18-03,-10.320000,-11.500000,-0.990000,2.300000,-3.700000,47.700001,1.200000
2026-05-19-14-18-03,-10.330000,-11.520000,-1.010000,2.700000,-3.900000,46.500000,1.200000
2026-05-19-14-18-03,-10.340000,-11.530000,-1.020000,3.100000,-4.200000,45.400002,1.200000
2026-05-19-14-18-04,-10.350000,-11.550000,-1.040000,3.400000,-4.400000,44.000000,1.200000
2026-05-19-14-18-04,-10.360000,-11.560000,-1.060000,3.500000,-4.600000,42.500000,1.200000
2026-05-19-14-18-04,-10.380000,-11.560000,-1.070000,3.900000,-3.100000,34.599998,1.200000
2026-05-19-14-18-04,-10.390000,-11.570000,-1.080000,4.400000,-1.400000,27.100000,1.200000
2026-05-19-14-18-04,-10.400000,-11.570000,-1.100000,3.700000,-0.900000,22.400000,1.200000
2026-05-19-14-18-05,-10.410000,-11.570000,-1.110000,2.100000,-1.000000,17.799999,1.200000
2026-05-19-14-18-05,-10.430000,-11.580000,-1.130000,0.700000,-1.400000,14.800000,1.200000
2026-05-19-14-18-05,-10.440000,-11.580000,-1.160000,-0.600000,-1.800000,11.700000,1.200000
2026-05-19-14-18-05,-10.450000,-11.590000,-1.180000,-1.300000,-2.300000,8.800000,1.200000
2026-05-19-14-18-05,-10.460000,-11.590000,-1.210000,-1.400000,-2.700000,6.400000,1.200000
2026-05-19-14-18-06,-10.470000,-11.590000,-1.230000,-1.100000,-3.000000,4.500000,1.200000
2026-05-19-14-18-06,-10.480000,-11.600000,-1.260000,-0.500000,-3.200000,2.600000,1.200000
2026-05-19-14-18-06,-10.490000,-11.600000,-1.290000,0.200000,-3.300000,1.000000,1.200000
2026-05-19-14-18-06,-10.500000,-11.600000,-1.320000,0.800000,-3.400000,-0.400000,1.200000
2026-05-19-14-18-07,-10.510000,-11.600000,-1.350000,1.100000,-2.900000,-1.500000,1.200000
2026-05-19-14-18-07,-10.520000,-11.610000,-1.350000,1.900000,-2.100000,-2.800000,1.200000
2026-05-19-14-18-07,-10.540000,-11.610000,-1.310000,2.700000,-2.100000,-4.000000,1.200000
2026-05-19-14-18-07,-10.550000,-11.610000,-1.290000,3.000000,-2.400000,-5.100000,1.200000
2026-05-19-14-18-07,-10.560000,-11.620000,-1.280000,2.600000,-3.000000,-6.000000,1.200000
2026-05-19-14-18-08,-10.570000,-11.620000,-1.280000,-0.500000,-5.500000,-6.900000,1.200000
2026-05-19-14-18-08,-10.580000,-11.620000,-1.260000,-4.900000,-9.700000,-7.700000,1.200000
2026-05-19-14-18-08,-10.600000,-11.620000,-1.220000,-5.200000,-11.800000,-8.300000,1.200000
2026-05-19-14-18-08,-10.620000,-11.620000,-1.190000,-4.200000,-12.500000,-8.600000,1.200000
2026-05-19-14-18-09,-10.630000,-11.620000,-1.170000,-2.200000,-12.500000,-8.800000,1.200000
2026-05-19-14-18-09,-10.640000,-11.620000,-1.160000,0.100000,-11.700000,-9.100000,1.200000
2026-05-19-14-18-09,-10.660000,-11.620000,-1.150000,2.200000,-10.700000,-9.300000,1.200000
2026-05-19-14-18-09,-10.670000,-11.620000,-1.150000,3.700000,-9.400000,-9.500000,1.200000
2026-05-19-14-18-09,-10.680000,-11.620000,-1.140000,4.500000,-8.300000,-9.600000,1.200000
2026-05-19-14-18-10,-10.700000,-11.630000,-1.150000,4.600000,-7.600000,-7.300000,1.200000
2026-05-19-14-18-10,-10.710000,-11.640000,-1.150000,2.800000,-8.100000,0.900000,1.200000
2026-05-19-14-18-10,-10.720000,-11.640000,-1.150000,2.100000,-7.100000,5.400000,1.200000
2026-05-19-14-18-10,-10.730000,-11.640000,-1.150000,2.200000,-6.200000,8.700000,1.200000
2026-05-19-14-18-10,-10.740000,-11.640000,-1.160000,3.000000,-5.600000,11.200000,1.200000
2026-05-19-14-18-11,-10.750000,-11.640000,-1.170000,4.200000,-5.300000,13.500000,1.200000
2026-05-19-14-18-11,-10.760000,-11.650000,-1.180000,4.900000,-5.700000,20.400000,1.200000
2026-05-19-14-18-11,-10.740000,-11.670000,-1.190000,3.500000,-7.600000,40.400002,1.200000
2026-05-19-14-18-11,-10.720000,-11.670000,-1.190000,3.000000,-9.400000,53.000000,1.200000
2026-05-19-14-18-12,-10.720000,-11.670000,-1.210000,3.900000,-10.700000,61.599998,1.200000
2026-05-19-14-18-12,-10.710000,-11.660000,-1.220000,4.800000,-11.200000,65.599998,1.200000
2026-05-19-14-18-12,-10.720000,-11.600000,-1.240000,6.000000,-11.500000,70.500000,1.200000
2026-05-19-14-18-12,-10.710000,-11.650000,-1.260000,6.600000,-11.300000,73.300003,1.200000
2026-05-19-14-18-12,-10.710000,-11.640000,-1.280000,6.800000,-10.800000,75.300003,1.200000
2026-05-19-14-18-13,-10.710000,-11.630000,-1.340000,5.100000,-13.300000,86.099998,1.200000
2026-05-19-14-18-13,-10.680000,-11.620000,-1.360000,1.200000,-19.000000,103.500000,1.200000
2026-05-19-14-18-13,-10.670000,-11.600000,-1.370000,-0.700000,-21.200001,112.099998,1.200000
2026-05-19-14-18-14,-10.670000,-11.590000,-1.390000,-0.500000,-21.200001,117.900002,1.200000
2026-05-19-14-18-14,-10.670000,-11.580000,-1.410000,0.500000,-19.700001,122.300003,1.200000
2026-05-19-14-18-14,-10.670000,-11.570000,-1.420000,1.600000,-17.600000,124.900002,1.200000
2026-05-19-14-18-14,-10.670000,-11.570000,-1.440000,3.300000,-14.600000,127.099998,1.200000
2026-05-19-14-18-14,-10.680000,-11.570000,-1.470000,4.700000,-12.000000,128.300003,1.200000
2026-05-19-14-18-15,-10.680000,-11.560000,-1.490000,5.600000,-9.800000,128.899994,1.200000
2026-05-19-14-18-15,-10.690000,-11.560000,-1.520000,6.000000,-8.200000,129.199997,1.200000
2026-05-19-14-18-15,-10.690000,-11.560000,-1.550000,6.100000,-6.700000,129.100006,1.200000
2026-05-19-14-18-15,-10.690000,-11.570000,-1.600000,6.900000,-12.300000,127.300003,1.200000
2026-05-19-14-18-16,-10.710000,-11.580000,-1.670000,10.100000,-32.700001,123.400002,1.200000
2026-05-19-14-18-16,-10.710000,-11.570000,-1.740000,15.700000,-49.799999,118.300003,1.200000
2026-05-19-14-18-16,-10.730000,-11.530000,-1.750000,17.600000,-54.500000,117.099998,1.200000
2026-05-19-14-18-16,-10.800000,-11.450000,-1.710000,14.900000,-51.599998,119.900002,1.200000
2026-05-19-14-18-16,-10.680000,-11.570000,-1.840000,11.300000,-43.799999,123.500000,1.200000
2026-05-19-14-18-17,-10.670000,-11.580000,-1.870000,8.900000,-34.099998,126.000000,1.200000
2026-05-19-14-18-17,-10.660000,-11.600000,-1.900000,6.700000,-16.600000,128.100006,1.200000
2026-05-19-14-18-17,-10.650000,-11.610000,-1.930000,5.900000,-5.100000,128.300003,1.200000
2026-05-19-14-18-18,-10.650000,-11.620000,-1.950000,5.400000,1.200000,127.800003,1.200000
2026-05-19-14-18-18,-10.650000,-11.620000,-1.980000,5.100000,5.500000,126.800003,1.200000
2026-05-19-14-18-18,-10.650000,-11.630000,-2.010000,5.000000,7.900000,125.500000,1.200000
2026-05-19-14-18-18,-10.640000,-11.640000,-2.040000,5.000000,8.800000,124.000000,1.200000
2026-05-19-14-18-18,-10.640000,-11.650000,-2.080000,5.000000,8.700000,122.099998,1.200000
2026-05-19-14-18-19,-10.630000,-11.660000,-2.120000,4.900000,7.900000,120.099998,1.200000
2026-05-19-14-18-19,-10.630000,-11.670000,-2.160000,4.800000,6.600000,118.199997,1.200000
2026-05-19-14-18-19,-10.630000,-11.680000,-2.200000,4.500000,4.900000,116.199997,1.200000
2026-05-19-14-18-19,-10.620000,-11.690000,-2.240000,4.100000,3.300000,114.199997,1.200000
2026-05-19-14-18-20,-10.610000,-11.700000,-2.280000,3.700000,1.700000,112.400002,1.200000
2026-05-19-14-18-20,-10.610000,-11.710000,-2.330000,3.200000,0.100000,110.300003,1.200000
2026-05-19-14-18-20,-10.600000,-11.730000,-2.390000,2.500000,-1.900000,107.000000,1.200000
2026-05-19-14-18-21,-10.580000,-11.750000,-2.470000,2.100000,-2.900000,103.500000,1.200000
2026-05-19-14-18-21,-10.570000,-11.770000,-2.550000,1.900000,-2.900000,100.199997,1.200000
2026-05-19-14-18-21,-10.560000,-11.800000,-2.630000,1.700000,-2.300000,96.900002,1.200000
2026-05-19-14-18-22,-10.560000,-11.820000,-2.710000,1.600000,-1.100000,93.599998,1.200000
2026-05-19-14-18-22,-10.550000,-11.830000,-2.770000,1.600000,-0.300000,91.699997,1.200000
2026-05-19-14-18-22,-10.550000,-11.850000,-2.830000,1.600000,0.700000,88.400002,1.200000
2026-05-19-14-18-23,-10.550000,-11.860000,-2.910000,1.400000,1.500000,85.099998,1.200000
2026-05-19-14-18-23,-10.560000,-11.880000,-2.980000,1.200000,2.200000,81.500000,1.200000
2026-05-19-14-18-23,-10.570000,-11.890000,-3.060000,1.200000,2.200000,78.199997,1.200000
2026-05-19-14-18-24,-10.580000,-11.910000,-3.130000,1.600000,1.700000,74.599998,1.200000
2026-05-19-14-18-24,-10.590000,-11.920000,-3.210000,2.000000,1.400000,71.000000,1.200000
2026-05-19-14-18-25,-10.610000,-11.940000,-3.300000,2.200000,0.600000,68.000000,1.200000
2026-05-19-14-18-25,-10.630000,-11.950000,-3.380000,2.200000,0.700000,64.800003,1.200000
2026-05-19-14-18-25,-10.660000,-11.950000,-3.440000,2.300000,1.300000,62.599998,1.200000
2026-05-19-14-18-26,-10.670000,-11.960000,-3.450000,2.500000,3.700000,59.200001,1.200000
2026-05-19-14-18-26,-10.690000,-11.950000,-3.410000,1.500000,4.500000,57.099998,1.200000
2026-05-19-14-18-27,-10.700000,-11.960000,-3.390000,2.000000,2.500000,54.700001,1.200000
2026-05-19-14-18-27,-10.720000,-11.960000,-3.410000,1.300000,1.300000,51.000000,1.200000
2026-05-19-14-18-27,-10.750000,-11.940000,-3.420000,1.300000,0.900000,48.400002,1.200000
2026-05-19-14-18-28,-10.760000,-11.940000,-3.410000,-0.100000,2.000000,45.200001,1.200000
2026-05-19-14-18-28,-10.770000,-11.940000,-3.410000,-0.900000,2.300000,41.799999,1.200000
2026-05-19-14-18-28,-10.790000,-11.930000,-3.400000,-0.100000,2.000000,38.900002,1.200000
2026-05-19-14-18-29,-10.800000,-11.930000,-3.400000,0.200000,1.700000,37.000000,1.200000
2026-05-19-14-18-29,-10.820000,-11.920000,-3.410000,1.700000,0.700000,33.900002,1.200000
2026-05-19-14-18-29,-10.840000,-11.910000,-3.410000,1.700000,0.500000,29.200001,1.200000
2026-05-19-14-18-30,-10.840000,-11.890000,-3.410000,1.700000,1.300000,25.900000,1.200000
2026-05-19-14-18-30,-10.850000,-11.890000,-3.400000,1.400000,1.100000,22.799999,1.200000
2026-05-19-14-18-31,-10.880000,-11.890000,-3.410000,1.400000,0.700000,18.100000,1.200000
2026-05-19-14-18-31,-10.890000,-11.880000,-3.400000,1.300000,-0.200000,14.900000,1.200000
2026-05-19-14-18-31,-10.900000,-11.870000,-3.410000,1.800000,-0.200000,10.100000,1.200000
2026-05-19-14-18-32,-10.910000,-11.860000,-3.410000,1.400000,-0.200000,6.200000,1.200000
2026-05-19-14-18-32,-10.930000,-11.850000,-3.400000,1.600000,-0.200000,3.500000,1.200000
2026-05-19-14-18-32,-10.930000,-11.870000,-3.400000,1.900000,0.100000,-0.300000,1.200000
2026-05-19-14-18-33,-10.950000,-11.840000,-3.400000,1.500000,-0.400000,-4.700000,1.200000
2026-05-19-14-18-33,-10.970000,-11.820000,-3.410000,1.800000,-0.800000,-8.700000,1.200000
2026-05-19-14-18-33,-10.980000,-11.820000,-3.400000,2.600000,-0.700000,-13.200000,1.200000
2026-05-19-14-18-34,-11.000000,-11.820000,-3.390000,2.500000,-0.900000,-17.200001,1.200000
2026-05-19-14-18-34,-11.020000,-11.810000,-3.390000,2.500000,-0.200000,-21.200001,1.200000
2026-05-19-14-18-35,-11.030000,-11.800000,-3.400000,2.700000,-0.800000,-25.000000,1.200000
2026-05-19-14-18-35,-11.040000,-11.800000,-3.410000,2.700000,-0.800000,-28.700001,1.200000
2026-05-19-14-18-35,-11.050000,-11.790000,-3.400000,2.600000,-0.800000,-30.500000,1.200000
2026-05-19-14-18-36,-11.070000,-11.780000,-3.390000,3.100000,-1.000000,-33.700001,1.200000
2026-05-19-14-18-36,-11.090000,-11.780000,-3.400000,3.100000,-0.600000,-37.900002,1.200000
2026-05-19-14-18-36,-11.100000,-11.770000,-3.400000,3.500000,-1.300000,-40.400002,1.200000
2026-05-19-14-18-37,-11.110000,-11.760000,-3.400000,3.800000,-1.100000,-44.099998,1.200000
2026-05-19-14-18-37,-11.130000,-11.760000,-3.390000,3.600000,-1.000000,-47.099998,1.200000
2026-05-19-14-18-38,-11.150000,-11.740000,-3.400000,3.100000,-0.700000,-50.099998,1.200000
2026-05-19-14-18-38,-11.160000,-11.730000,-3.400000,3.900000,-0.900000,-53.700001,1.200000
2026-05-19-14-18-38,-11.180000,-11.730000,-3.390000,3.500000,-1.400000,-56.299999,1.200000
2026-05-19-14-18-39,-11.190000,-11.710000,-3.390000,4.400000,-1.700000,-59.500000,1.200000
2026-05-19-14-18-39,-11.210000,-11.700000,-3.400000,4.000000,-1.100000,-62.200001,1.200000
2026-05-19-14-18-40,-11.220000,-11.680000,-3.410000,4.300000,-0.600000,-64.599998,1.200000
2026-05-19-14-18-40,-11.230000,-11.670000,-3.400000,4.200000,-0.200000,-67.500000,1.200000
2026-05-19-14-18-40,-11.240000,-11.660000,-3.390000,5.000000,-0.800000,-69.800003,1.200000
2026-05-19-14-18-40,-11.260000,-11.660000,-3.390000,5.000000,-0.800000,-70.900002,1.200000
2026-05-19-14-18-41,-11.270000,-11.640000,-3.400000,4.600000,-0.800000,-73.400002,1.200000
2026-05-19-14-18-41,-11.270000,-11.620000,-3.400000,5.200000,-1.400000,-75.400002,1.200000
2026-05-19-14-18-42,-11.290000,-11.610000,-3.400000,4.500000,-0.600000,-78.000000,1.200000
2026-05-19-14-18-42,-11.310000,-11.590000,-3.400000,4.000000,-0.500000,-79.099998,1.200000
2026-05-19-14-18-42,-11.310000,-11.580000,-3.400000,4.100000,-0.400000,-79.400002,1.200000
2026-05-19-14-18-42,-11.330000,-11.580000,-3.400000,4.500000,-0.000000,-81.300003,1.200000
2026-05-19-14-18-43,-11.310000,-11.560000,-3.400000,4.600000,-1.100000,-82.500000,1.200000
2026-05-19-14-18-43,-11.320000,-11.540000,-3.400000,5.700000,-0.900000,-85.000000,1.200000
2026-05-19-14-18-44,-11.350000,-11.530000,-3.400000,5.200000,-0.700000,-85.500000,1.200000
2026-05-19-14-18-44,-11.340000,-11.500000,-3.400000,5.100000,-0.500000,-87.199997,1.200000
2026-05-19-14-18-44,-11.350000,-11.480000,-3.400000,5.200000,-0.100000,-88.699997,1.200000
2026-05-19-14-18-45,-11.360000,-11.470000,-3.400000,4.800000,-0.700000,-89.800003,1.200000
2026-05-19-14-18-45,-11.370000,-11.450000,-3.390000,4.800000,-0.500000,-90.900002,1.200000
2026-05-19-14-18-46,-11.380000,-11.430000,-3.400000,5.200000,-0.300000,-92.199997,1.200000
2026-05-19-14-18-46,-11.390000,-11.410000,-3.410000,5.100000,-0.200000,-92.800003,1.200000
2026-05-19-14-18-46,-11.390000,-11.380000,-3.410000,5.600000,-0.300000,-93.900002,1.200000
2026-05-19-14-18-47,-11.400000,-11.370000,-3.400000,5.100000,-0.300000,-94.599998,1.200000
2026-05-19-14-18-47,-11.410000,-11.360000,-3.390000,5.400000,-0.200000,-95.099998,1.200000
2026-05-19-14-18-47,-11.420000,-11.330000,-3.400000,4.900000,-0.700000,-96.099998,1.200000
2026-05-19-14-18-48,-11.420000,-11.310000,-3.400000,5.600000,-0.100000,-97.000000,1.200000
2026-05-19-14-18-48,-11.430000,-11.290000,-3.410000,5.500000,-0.700000,-97.300003,1.200000
2026-05-19-14-18-48,-11.450000,-11.260000,-3.400000,5.600000,-0.000000,-98.599998,1.200000
2026-05-19-14-18-49,-11.450000,-11.240000,-3.400000,4.800000,-0.200000,-98.900002,1.200000
2026-05-19-14-18-49,-11.440000,-11.220000,-3.400000,6.100000,-0.300000,-99.900002,1.200000
2026-05-19-14-18-50,-11.450000,-11.200000,-3.400000,4.900000,-0.300000,-99.900002,1.200000
2026-05-19-14-18-50,-11.450000,-11.180000,-3.400000,5.600000,0.000000,-101.199997,1.200000
2026-05-19-14-18-50,-11.470000,-11.150000,-3.400000,5.100000,-0.200000,-100.800003,1.200000
2026-05-19-14-18-51,-11.450000,-11.120000,-3.410000,5.100000,0.200000,-101.800003,1.200000
2026-05-19-14-18-51,-11.450000,-11.110000,-3.400000,6.000000,0.200000,-101.900002,1.200000
2026-05-19-14-18-52,-11.470000,-11.090000,-3.400000,5.200000,-0.300000,-102.699997,1.200000
2026-05-19-14-18-52,-11.470000,-11.060000,-3.410000,5.300000,-0.000000,-102.599998,1.200000
2026-05-19-14-18-52,-11.470000,-11.040000,-3.400000,5.100000,-0.200000,-102.900002,1.200000
2026-05-19-14-18-52,-11.470000,-11.030000,-3.400000,5.600000,-0.200000,-103.199997,1.200000
2026-05-19-14-18-53,-11.480000,-11.020000,-3.410000,6.300000,0.000000,-103.699997,1.200000
2026-05-19-14-18-53,-11.470000,-10.990000,-3.410000,5.700000,-0.300000,-103.599998,1.200000
2026-05-19-14-18-53,-11.460000,-10.980000,-3.400000,5.800000,-0.100000,-103.900002,1.200000
2026-05-19-14-18-53,-11.470000,-10.960000,-3.390000,5.800000,-0.000000,-104.199997,1.200000
2026-05-19-14-18-54,-11.480000,-10.930000,-3.400000,5.200000,0.500000,-104.800003,1.200000
2026-05-19-14-18-54,-11.470000,-10.910000,-3.410000,5.800000,-0.500000,-104.699997,1.200000
2026-05-19-14-18-55,-11.470000,-10.870000,-3.410000,5.800000,-0.600000,-105.099998,1.300000
2026-05-19-14-18-55,-11.460000,-10.860000,-3.390000,5.200000,0.100000,-106.000000,1.300000
2026-05-19-14-18-55,-11.460000,-10.840000,-3.390000,5.600000,0.400000,-105.500000,1.300000
2026-05-19-14-18-56,-11.470000,-10.810000,-3.400000,5.100000,0.100000,-106.699997,1.300000
2026-05-19-14-18-56,-11.460000,-10.780000,-3.410000,6.000000,-0.500000,-106.599998,1.300000
2026-05-19-14-18-57,-11.460000,-10.740000,-3.400000,5.900000,-0.100000,-107.699997,1.300000
2026-05-19-14-18-57,-11.450000,-10.740000,-3.390000,5.400000,0.300000,-107.800003,1.300000
2026-05-19-14-18-57,-11.450000,-10.720000,-3.390000,6.000000,0.100000,-108.599998,1.300000
2026-05-19-14-18-58,-11.450000,-10.680000,-3.400000,4.700000,0.100000,-109.099998,1.300000
2026-05-19-14-18-58,-11.440000,-10.660000,-3.400000,5.500000,-0.100000,-109.300003,1.300000
2026-05-19-14-18-59,-11.430000,-10.630000,-3.390000,6.200000,0.300000,-110.500000,1.300000
2026-05-19-14-18-59,-11.430000,-10.610000,-3.390000,6.400000,0.500000,-110.500000,1.300000
2026-05-19-14-18-59,-11.430000,-10.590000,-3.400000,5.700000,0.100000,-111.400002,1.300000
2026-05-19-14-19-00,-11.410000,-10.560000,-3.390000,5.800000,-0.400000,-112.300003,1.300000
2026-05-19-14-19-00,-11.400000,-10.540000,-3.400000,5.900000,-0.100000,-112.599998,1.300000
2026-05-19-14-19-00,-11.400000,-10.510000,-3.390000,5.500000,0.400000,-113.400002,1.300000
2026-05-19-14-19-01,-11.390000,-10.490000,-3.380000,6.100000,0.900000,-113.900002,1.300000
2026-05-19-14-19-01,-11.390000,-10.470000,-3.390000,5.900000,0.600000,-114.900002,1.300000
2026-05-19-14-19-01,-11.370000,-10.460000,-3.400000,6.000000,0.400000,-114.900002,1.300000
2026-05-19-14-19-02,-11.350000,-10.430000,-3.400000,6.000000,-0.000000,-115.699997,1.300000
2026-05-19-14-19-02,-11.350000,-10.400000,-3.390000,5.600000,-0.100000,-116.300003,1.300000
2026-05-19-14-19-02,-11.340000,-10.390000,-3.380000,5.400000,0.500000,-117.000000,1.300000
2026-05-19-14-19-03,-11.350000,-10.370000,-3.380000,6.000000,1.100000,-117.900002,1.300000
2026-05-19-14-19-03,-11.330000,-10.340000,-3.380000,5.900000,0.600000,-118.199997,1.300000
2026-05-19-14-19-04,-11.300000,-10.310000,-3.390000,6.100000,0.600000,-119.400002,1.300000
2026-05-19-14-19-04,-11.290000,-10.290000,-3.380000,6.800000,0.400000,-120.199997,1.300000
2026-05-19-14-19-04,-11.280000,-10.280000,-3.380000,5.700000,0.400000,-121.000000,1.300000
2026-05-19-14-19-05,-11.270000,-10.270000,-3.380000,6.100000,0.200000,-121.199997,1.300000
2026-05-19-14-19-05,-11.270000,-10.240000,-3.370000,5.500000,0.800000,-121.900002,1.300000
2026-05-19-14-19-05,-11.260000,-10.210000,-3.370000,5.300000,0.700000,-123.099998,1.300000
2026-05-19-14-19-06,-11.240000,-10.200000,-3.380000,5.400000,0.800000,-123.099998,1.300000
2026-05-19-14-19-06,-11.210000,-10.180000,-3.380000,6.800000,0.300000,-124.699997,1.300000
2026-05-19-14-19-07,-11.210000,-10.150000,-3.380000,6.600000,0.700000,-125.000000,1.300000
2026-05-19-14-19-07,-11.190000,-10.130000,-3.370000,6.100000,0.600000,-126.099998,1.300000
2026-05-19-14-19-07,-11.160000,-10.110000,-3.380000,5.500000,0.800000,-126.599998,1.300000
2026-05-19-14-19-08,-11.150000,-10.100000,-3.360000,6.400000,0.700000,-128.699997,1.300000
2026-05-19-14-19-08,-11.150000,-10.070000,-3.360000,5.500000,0.700000,-128.800003,1.300000
2026-05-19-14-19-08,-11.120000,-10.050000,-3.370000,6.300000,0.900000,-130.199997,1.300000
2026-05-19-14-19-09,-11.110000,-10.030000,-3.370000,5.400000,0.600000,-131.000000,1.300000
2026-05-19-14-19-09,-11.070000,-10.020000,-3.370000,5.700000,1.300000,-132.899994,1.300000
2026-05-19-14-19-10,-11.070000,-10.000000,-3.370000,5.700000,1.500000,-133.199997,1.300000
2026-05-19-14-19-10,-11.050000,-9.980000,-3.360000,5.500000,1.200000,-134.500000,1.300000
2026-05-19-14-19-10,-11.040000,-9.950000,-3.360000,6.000000,1.100000,-135.600006,1.300000
2026-05-19-14-19-11,-11.020000,-9.940000,-3.360000,6.000000,1.000000,-136.100006,1.300000
2026-05-19-14-19-11,-11.000000,-9.930000,-3.360000,6.200000,1.200000,-137.699997,1.300000
2026-05-19-14-19-12,-10.970000,-9.910000,-3.360000,6.500000,1.200000,-138.000000,1.300000
2026-05-19-14-19-12,-10.960000,-9.880000,-3.350000,5.900000,1.700000,-139.199997,1.300000
2026-05-19-14-19-12,-10.940000,-9.870000,-3.350000,5.500000,1.300000,-140.399994,1.300000
2026-05-19-14-19-12,-10.930000,-9.860000,-3.350000,5.800000,1.200000,-141.000000,1.300000
2026-05-19-14-19-13,-10.920000,-9.850000,-3.360000,6.000000,1.000000,-140.800003,1.300000
2026-05-19-14-19-13,-10.900000,-9.840000,-3.360000,6.400000,1.400000,-142.600006,1.300000
2026-05-19-14-19-13,-10.880000,-9.810000,-3.350000,5.700000,1.300000,-143.100006,1.300000
2026-05-19-14-19-14,-10.860000,-9.800000,-3.350000,6.000000,2.100000,-144.300003,1.300000
2026-05-19-14-19-14,-10.840000,-9.790000,-3.350000,5.500000,1.700000,-145.399994,1.300000
2026-05-19-14-19-15,-10.810000,-9.780000,-3.350000,5.900000,1.200000,-146.800003,1.300000
2026-05-19-14-19-15,-10.790000,-9.750000,-3.340000,5.800000,1.300000,-147.600006,1.300000
2026-05-19-14-19-15,-10.770000,-9.750000,-3.350000,5.400000,1.900000,-148.699997,1.300000
2026-05-19-14-19-16,-10.750000,-9.730000,-3.350000,6.100000,1.700000,-150.500000,1.300000
2026-05-19-14-19-16,-10.720000,-9.710000,-3.350000,5.200000,2.200000,-151.399994,1.300000
2026-05-19-14-19-17,-10.700000,-9.710000,-3.330000,6.600000,1.800000,-152.300003,1.300000
2026-05-19-14-19-17,-10.670000,-9.680000,-3.330000,5.500000,1.900000,-154.000000,1.300000
2026-05-19-14-19-17,-10.650000,-9.680000,-3.340000,5.800000,1.500000,-155.000000,1.300000
2026-05-19-14-19-18,-10.620000,-9.670000,-3.340000,5.400000,1.500000,-156.600006,1.300000
2026-05-19-14-19-18,-10.600000,-9.660000,-3.340000,5.500000,2.100000,-157.500000,1.300000
2026-05-19-14-19-18,-10.570000,-9.640000,-3.330000,6.100000,2.300000,-158.600006,1.300000
2026-05-19-14-19-19,-10.550000,-9.630000,-3.330000,5.900000,2.700000,-159.800003,1.300000
2026-05-19-14-19-19,-10.530000,-9.630000,-3.320000,6.000000,1.800000,-161.399994,1.300000
2026-05-19-14-19-20,-10.500000,-9.620000,-3.330000,5.700000,1.600000,-162.600006,1.300000
2026-05-19-14-19-20,-10.480000,-9.600000,-3.330000,5.600000,2.300000,-163.100006,1.300000
2026-05-19-14-19-20,-10.450000,-9.590000,-3.330000,5.100000,2.600000,-164.600006,1.300000
2026-05-19-14-19-21,-10.430000,-9.590000,-3.320000,6.000000,3.000000,-165.800003,1.300000
2026-05-19-14-19-21,-10.400000,-9.590000,-3.320000,5.600000,2.100000,-166.699997,1.300000
2026-05-19-14-19-22,-10.370000,-9.580000,-3.320000,6.200000,2.400000,-168.000000,1.300000
2026-05-19-14-19-22,-10.350000,-9.550000,-3.310000,4.600000,1.900000,-169.199997,1.300000
2026-05-19-14-19-22,-10.320000,-9.560000,-3.320000,5.100000,3.100000,-169.899994,1.300000
2026-05-19-14-19-22,-10.320000,-9.560000,-3.310000,5.300000,3.100000,-170.300003,1.300000
2026-05-19-14-19-23,-10.310000,-9.550000,-3.310000,5.600000,2.600000,-171.100006,1.300000
2026-05-19-14-19-23,-10.260000,-9.540000,-3.310000,5.500000,2.900000,-171.899994,1.300000
2026-05-19-14-19-24,-10.240000,-9.540000,-3.300000,6.000000,2.500000,-173.800003,1.300000
2026-05-19-14-19-24,-10.210000,-9.530000,-3.300000,5.800000,2.400000,-174.100006,1.300000
2026-05-19-14-19-24,-10.190000,-9.530000,-3.310000,5.000000,2.600000,-175.899994,1.300000
2026-05-19-14-19-25,-10.160000,-9.530000,-3.300000,5.600000,2.400000,-176.800003,1.300000
2026-05-19-14-19-25,-10.130000,-9.520000,-3.300000,5.100000,2.700000,-178.000000,1.300000
2026-05-19-14-19-25,-10.100000,-9.520000,-3.300000,5.700000,3.300000,-178.899994,1.300000
2026-05-19-14-19-26,-10.080000,-9.510000,-3.300000,4.700000,2.900000,-179.899994,1.300000
2026-05-19-14-19-26,-10.050000,-9.530000,-3.300000,5.600000,2.800000,178.500000,1.300000
2026-05-19-14-19-27,-10.030000,-9.510000,-3.290000,5.400000,2.600000,178.300003,1.300000
2026-05-19-14-19-27,-10.000000,-9.510000,-3.280000,5.200000,2.900000,176.500000,1.300000
2026-05-19-14-19-27,-9.980000,-9.500000,-3.290000,5.000000,3.300000,176.100006,1.300000
2026-05-19-14-19-28,-9.950000,-9.510000,-3.290000,5.100000,2.800000,174.699997,1.300000
2026-05-19-14-19-28,-9.920000,-9.520000,-3.290000,5.600000,2.700000,174.000000,1.300000
2026-05-19-14-19-29,-9.890000,-9.510000,-3.280000,4.900000,3.100000,172.199997,1.300000
2026-05-19-14-19-29,-9.870000,-9.510000,-3.270000,4.600000,3.100000,171.699997,1.300000
2026-05-19-14-19-29,-9.850000,-9.500000,-3.270000,5.100000,3.300000,170.399994,1.300000
2026-05-19-14-19-30,-9.820000,-9.510000,-3.280000,4.300000,2.700000,169.199997,1.300000
2026-05-19-14-19-30,-9.790000,-9.530000,-3.280000,5.700000,2.700000,167.899994,1.300000
2026-05-19-14-19-31,-9.750000,-9.520000,-3.270000,5.800000,3.000000,167.100006,1.300000
2026-05-19-14-19-31,-9.730000,-9.530000,-3.260000,4.400000,3.600000,165.600006,1.300000
2026-05-19-14-19-31,-9.710000,-9.540000,-3.260000,4.900000,3.400000,165.000000,1.300000
2026-05-19-14-19-32,-9.690000,-9.530000,-3.270000,4.500000,3.100000,163.699997,1.300000
2026-05-19-14-19-32,-9.650000,-9.550000,-3.280000,3.800000,2.800000,162.899994,1.300000
2026-05-19-14-19-32,-9.620000,-9.570000,-3.260000,5.600000,3.200000,161.300003,1.300000
2026-05-19-14-19-33,-9.610000,-9.570000,-3.250000,6.200000,3.400000,160.800003,1.300000
2026-05-19-14-19-33,-9.600000,-9.570000,-3.250000,6.100000,3.500000,160.399994,1.300000
2026-05-19-14-19-33,-9.580000,-9.570000,-3.250000,5.400000,3.600000,159.199997,1.300000
2026-05-19-14-19-34,-9.560000,-9.590000,-3.250000,4.700000,2.800000,157.899994,1.300000
2026-05-19-14-19-34,-9.520000,-9.610000,-3.250000,4.200000,2.700000,156.800003,1.300000
2026-05-19-14-19-34,-9.500000,-9.620000,-3.250000,4.300000,3.500000,155.500000,1.300000
2026-05-19-14-19-35,-9.480000,-9.610000,-3.230000,4.300000,3.800000,154.500000,1.300000
2026-05-19-14-19-35,-9.450000,-9.620000,-3.240000,4.400000,3.700000,153.500000,1.300000
2026-05-19-14-19-36,-9.420000,-9.640000,-3.240000,4.200000,2.700000,151.699997,1.300000
2026-05-19-14-19-36,-9.410000,-9.660000,-3.240000,4.500000,3.000000,151.399994,1.300000
2026-05-19-14-19-36,-9.390000,-9.660000,-3.230000,4.800000,3.400000,149.699997,1.300000
2026-05-19-14-19-37,-9.360000,-9.670000,-3.230000,4.200000,2.900000,149.399994,1.300000
2026-05-19-14-19-37,-9.350000,-9.680000,-3.230000,3.800000,4.100000,146.800003,1.300000
2026-05-19-14-19-37,-9.320000,-9.690000,-3.230000,4.100000,3.100000,146.399994,1.300000
2026-05-19-14-19-38,-9.290000,-9.710000,-3.220000,3.900000,3.200000,144.500000,1.300000
2026-05-19-14-19-38,-9.270000,-9.720000,-3.220000,4.200000,3.800000,143.300003,1.300000
2026-05-19-14-19-38,-9.250000,-9.740000,-3.220000,4.000000,3.300000,142.199997,1.300000
2026-05-19-14-19-39,-9.230000,-9.750000,-3.220000,3.800000,3.500000,140.699997,1.300000
2026-05-19-14-19-39,-9.200000,-9.770000,-3.210000,3.600000,3.300000,139.500000,1.300000
2026-05-19-14-19-40,-9.180000,-9.780000,-3.210000,3.800000,3.600000,137.899994,1.300000
2026-05-19-14-19-40,-9.160000,-9.790000,-3.210000,3.900000,3.700000,137.399994,1.300000
2026-05-19-14-19-40,-9.140000,-9.820000,-3.210000,3.700000,3.000000,135.500000,1.300000
2026-05-19-14-19-41,-9.120000,-9.830000,-3.210000,3.800000,3.600000,134.500000,1.300000
2026-05-19-14-19-41,-9.100000,-9.850000,-3.210000,3.300000,3.500000,133.500000,1.300000
2026-05-19-14-19-42,-9.080000,-9.860000,-3.200000,3.300000,3.700000,132.100006,1.300000
2026-05-19-14-19-42,-9.060000,-9.870000,-3.200000,3.200000,3.700000,130.899994,1.300000
2026-05-19-14-19-42,-9.050000,-9.900000,-3.190000,3.200000,3.200000,129.699997,1.300000
2026-05-19-14-19-43,-9.030000,-9.910000,-3.190000,3.700000,3.200000,129.300003,1.300000
2026-05-19-14-19-43,-9.020000,-9.920000,-3.200000,4.000000,3.300000,128.899994,1.300000
2026-05-19-14-19-43,-9.010000,-9.930000,-3.200000,3.400000,3.300000,127.900002,1.300000
2026-05-19-14-19-43,-9.000000,-9.950000,-3.190000,3.400000,3.500000,126.900002,1.300000
2026-05-19-14-19-44,-8.990000,-9.960000,-3.190000,3.300000,3.500000,125.500000,1.300000
2026-05-19-14-19-44,-8.970000,-9.990000,-3.190000,3.000000,3.000000,124.800003,1.300000
2026-05-19-14-19-45,-8.950000,-10.010000,-3.180000,3.300000,3.500000,123.300003,1.300000
2026-05-19-14-19-45,-8.930000,-10.020000,-3.170000,2.600000,3.700000,122.500000,1.300000
2026-05-19-14-19-45,-8.920000,-10.040000,-3.180000,3.000000,3.300000,121.199997,1.300000
2026-05-19-14-19-46,-8.900000,-10.070000,-3.180000,2.900000,3.300000,120.099998,1.300000
2026-05-19-14-19-46,-8.890000,-10.090000,-3.180000,3.200000,3.400000,119.000000,1.300000
2026-05-19-14-19-46,-8.880000,-10.100000,-3.170000,2.800000,3.500000,118.000000,1.300000
2026-05-19-14-19-47,-8.880000,-10.130000,-3.170000,-4.400000,3.500000,119.199997,1.300000
2026-05-19-14-19-47,-8.900000,-10.120000,-3.150000,-5.300000,5.300000,121.400002,1.300000
2026-05-19-14-19-48,-8.970000,-10.170000,-3.180000,-2.700000,2.600000,131.399994,1.300000
2026-05-19-14-19-48,-8.990000,-10.170000,-3.170000,2.500000,1.200000,135.800003,1.300000
2026-05-19-14-19-49,-9.000000,-10.170000,-3.160000,7.300000,0.600000,139.699997,1.300000
2026-05-19-14-19-49,-9.010000,-10.170000,-3.170000,9.900000,2.000000,142.500000,1.300000
2026-05-19-14-19-49,-9.030000,-10.180000,-3.170000,9.400000,2.500000,143.899994,1.300000
2026-05-19-14-19-50,-9.060000,-10.210000,-3.170000,6.200000,3.000000,145.699997,1.300000
2026-05-19-14-19-50,-9.070000,-10.220000,-3.160000,3.900000,3.100000,147.000000,1.300000
2026-05-19-14-19-50,-9.080000,-10.220000,-3.170000,3.300000,3.300000,148.100006,1.300000
2026-05-19-14-19-51,-9.100000,-10.260000,-3.160000,4.200000,2.900000,148.000000,1.300000
2026-05-19-14-19-51,-9.100000,-10.270000,-3.160000,5.700000,2.800000,148.699997,1.300000
2026-05-19-14-19-52,-9.110000,-10.270000,-3.160000,6.200000,3.600000,148.300003,1.300000
2026-05-19-14-19-52,-9.120000,-10.290000,-3.160000,5.800000,3.800000,148.600006,1.300000
2026-05-19-14-19-52,-9.130000,-10.320000,-3.160000,4.600000,4.000000,148.000000,1.300000
2026-05-19-14-19-53,-9.140000,-10.330000,-3.160000,4.100000,3.800000,147.300003,1.300000
2026-05-19-14-19-53,-9.150000,-10.350000,-3.150000,3.600000,3.800000,147.100006,1.300000
2026-05-19-14-19-53,-9.160000,-10.360000,-3.150000,4.000000,3.700000,146.500000,1.300000
2026-05-19-14-19-54,-9.160000,-10.370000,-3.150000,4.200000,3.800000,145.600006,1.300000
2026-05-19-14-19-54,-9.170000,-10.380000,-3.150000,4.800000,3.600000,145.199997,1.300000
2026-05-19-14-19-54,-9.160000,-10.390000,-3.150000,5.300000,3.300000,144.199997,1.300000
2026-05-19-14-19-55,-9.180000,-10.410000,-3.150000,4.300000,4.100000,142.800003,1.300000
2026-05-19-14-19-55,-9.200000,-10.440000,-3.150000,4.100000,3.900000,142.100006,1.300000
2026-05-19-14-19-56,-9.190000,-10.440000,-3.150000,3.500000,3.800000,140.500000,1.300000
2026-05-19-14-19-56,-9.200000,-10.460000,-3.150000,3.400000,3.800000,139.399994,1.300000
2026-05-19-14-19-56,-9.210000,-10.480000,-3.140000,4.200000,2.900000,138.300003,1.300000
2026-05-19-14-19-57,-9.220000,-10.490000,-3.130000,4.000000,3.800000,136.699997,1.300000
2026-05-19-14-19-57,-9.230000,-10.510000,-3.150000,4.000000,3.700000,135.600006,1.300000
2026-05-19-14-19-57,-9.220000,-10.530000,-3.140000,3.600000,3.200000,134.500000,1.300000
2026-05-19-14-19-58,-9.240000,-10.550000,-3.140000,3.100000,3.500000,132.899994,1.300000
2026-05-19-14-19-58,-9.240000,-10.560000,-3.130000,3.400000,3.500000,131.600006,1.300000
2026-05-19-14-19-59,-9.250000,-10.570000,-3.140000,3.500000,3.900000,130.399994,1.300000
2026-05-19-14-19-59,-9.260000,-10.590000,-3.130000,3.700000,3.200000,128.899994,1.300000
2026-05-19-14-19-59,-9.260000,-10.610000,-3.120000,3.500000,3.200000,127.699997,1.300000
2026-05-19-14-20-00,-9.260000,-10.620000,-3.130000,3.300000,3.500000,126.099998,1.300000
2026-05-19-14-20-00,-9.270000,-10.630000,-3.130000,3.000000,4.200000,125.000000,1.300000
2026-05-19-14-20-01,-9.280000,-10.660000,-3.130000,3.300000,3.400000,123.400002,1.300000
2026-05-19-14-20-01,-9.290000,-10.670000,-3.120000,3.100000,3.800000,122.099998,1.300000
2026-05-19-14-20-01,-9.300000,-10.690000,-3.120000,3.300000,3.200000,120.699997,1.300000
2026-05-19-14-20-02,-9.290000,-10.700000,-3.120000,2.700000,3.500000,119.500000,1.300000
2026-05-19-14-20-02,-9.320000,-10.720000,-3.090000,3.400000,3.300000,117.900002,1.300000
2026-05-19-14-20-03,-9.310000,-10.730000,-3.010000,6.200000,1.400000,116.599998,1.300000
2026-05-19-14-20-03,-9.290000,-10.750000,-2.910000,8.000000,-1.500000,115.599998,1.300000
2026-05-19-14-20-03,-9.270000,-10.840000,-2.810000,9.100000,-4.400000,114.300003,1.300000
2026-05-19-14-20-04,-9.130000,-10.900000,-2.670000,24.400000,-30.900000,106.099998,1.300000
2026-05-19-14-20-05,-9.110000,-10.930000,-2.610000,23.799999,-29.900000,106.500000,1.300000
2026-05-19-14-20-05,-9.100000,-10.970000,-2.550000,13.900000,-22.799999,109.699997,1.300000
2026-05-19-14-20-05,-9.090000,-11.000000,-2.520000,5.900000,-14.200000,111.900002,1.300000
2026-05-19-14-20-06,-9.090000,-10.930000,-2.460000,4.300000,-2.700000,115.199997,1.300000
2026-05-19-14-20-06,-9.110000,-10.800000,-2.410000,8.500000,4.400000,118.900002,1.300000
2026-05-19-14-20-07,-9.160000,-10.630000,-2.420000,12.400000,5.600000,123.500000,1.300000
2026-05-19-14-20-07,-9.250000,-10.440000,-2.450000,11.700000,3.600000,128.500000,1.300000
2026-05-19-14-20-07,-9.310000,-10.260000,-2.420000,9.400000,0.100000,132.199997,1.300000
2026-05-19-14-20-08,-9.390000,-10.100000,-2.410000,8.700000,-0.700000,134.399994,1.300000
2026-05-19-14-20-08,-9.480000,-9.960000,-2.410000,10.600000,1.700000,120.300003,1.300000
2026-05-19-14-20-09,-9.540000,-9.780000,-2.420000,12.900000,2.000000,111.599998,1.300000
2026-05-19-14-20-09,-9.570000,-9.580000,-2.450000,9.600000,-0.900000,109.900002,1.300000
2026-05-19-14-20-09,-9.590000,-9.370000,-2.460000,7.600000,-4.300000,110.500000,1.300000
2026-05-19-14-20-10,-9.610000,-8.960000,-2.440000,1.900000,-7.700000,115.099998,1.300000
2026-05-19-14-20-11,-9.630000,-8.750000,-2.420000,1.300000,-8.100000,117.500000,1.300000
2026-05-19-14-20-11,-9.660000,-8.540000,-2.390000,1.000000,-8.600000,120.099998,1.300000
2026-05-19-14-20-11,-9.700000,-8.340000,-2.360000,1.600000,-8.700000,123.000000,1.300000
2026-05-19-14-20-11,-9.740000,-8.230000,-2.340000,2.100000,-9.000000,123.500000,1.300000
2026-05-19-14-20-12,-9.780000,-8.120000,-2.320000,4.000000,-9.800000,117.099998,1.300000
2026-05-19-14-20-12,-9.820000,-8.030000,-2.310000,9.400000,-8.700000,106.400002,1.300000
2026-05-19-14-20-12,-9.820000,-7.930000,-2.300000,13.400000,-7.600000,100.900002,1.300000
2026-05-19-14-20-13,-9.810000,-7.700000,-2.290000,12.500000,-6.800000,97.400002,1.300000
2026-05-19-14-20-13,-9.790000,-7.550000,-2.280000,11.200000,-7.200000,97.400002,1.300000
2026-05-19-14-20-13,-9.720000,-7.410000,-2.270000,9.700000,-7.900000,97.900002,1.300000
2026-05-19-14-20-13,-9.700000,-7.300000,-2.260000,7.400000,-8.300000,98.599998,1.300000
2026-05-19-14-20-14,-9.680000,-7.190000,-2.250000,4.900000,-8.300000,99.599998,1.300000
2026-05-19-14-20-14,-9.660000,-7.070000,-2.240000,3.200000,-8.200000,100.599998,1.300000
2026-05-19-14-20-14,-9.630000,-6.830000,-2.200000,0.800000,-7.400000,103.400002,1.300000
2026-05-19-14-20-14,-9.610000,-6.720000,-2.190000,0.300000,-7.200000,104.800003,1.300000
2026-05-19-14-20-15,-9.610000,-6.600000,-2.170000,0.300000,-7.100000,106.099998,1.300000
2026-05-19-14-20-15,-9.610000,-6.490000,-2.150000,0.400000,-7.000000,107.400002,1.300000
2026-05-19-14-20-15,-9.600000,-6.370000,-2.130000,0.600000,-7.000000,108.900002,1.300000
2026-05-19-14-20-16,-9.610000,-6.020000,-2.080000,2.600000,-7.300000,112.900002,1.300000
2026-05-19-14-20-16,-9.620000,-5.900000,-2.060000,3.000000,-7.400000,114.099998,1.300000
2026-05-19-14-20-16,-9.620000,-5.790000,-2.040000,3.300000,-7.700000,115.000000,1.300000
2026-05-19-14-20-16,-9.630000,-5.710000,-2.030000,3.200000,-9.100000,114.900002,1.300000
2026-05-19-14-20-17,-9.630000,-5.650000,-2.030000,4.200000,-10.400000,114.400002,1.300000
2026-05-19-14-20-17,-9.630000,-5.600000,-2.040000,6.100000,-11.000000,113.800003,1.300000
2026-05-19-14-20-17,-9.630000,-5.560000,-2.040000,8.400000,-10.500000,113.300003,1.300000
2026-05-19-14-20-17,-9.630000,-5.520000,-2.040000,10.200000,-9.200000,113.099998,1.300000
2026-05-19-14-20-17,-9.630000,-5.490000,-2.050000,11.100000,-7.400000,113.199997,1.300000
2026-05-19-14-20-18,-9.630000,-5.460000,-2.060000,11.100000,-5.200000,113.500000,1.300000
2026-05-19-14-20-18,-9.630000,-5.440000,-2.070000,10.500000,-3.200000,113.699997,1.300000
2026-05-19-14-20-18,-9.630000,-5.410000,-2.080000,9.300000,-1.000000,113.900002,1.300000
2026-05-19-14-20-18,-9.630000,-5.390000,-2.090000,8.200000,0.600000,113.699997,1.300000
2026-05-19-14-20-18,-9.630000,-5.370000,-2.110000,7.300000,1.500000,113.500000,1.300000
2026-05-19-14-20-19,-9.650000,-5.270000,-2.140000,6.100000,6.700000,114.000000,1.300000
2026-05-19-14-20-19,-9.680000,-5.170000,-2.150000,6.000000,8.600000,115.099998,1.300000
2026-05-19-14-20-19,-9.710000,-5.060000,-2.170000,7.500000,9.100000,116.800003,1.300000
2026-05-19-14-20-20,-9.740000,-4.950000,-2.200000,9.000000,7.300000,118.500000,1.300000
2026-05-19-14-20-20,-9.770000,-4.830000,-2.220000,9.200000,4.400000,120.300003,1.300000
2026-05-19-14-20-20,-9.810000,-4.710000,-2.240000,7.800000,0.700000,122.500000,1.300000
2026-05-19-14-20-20,-9.860000,-4.600000,-2.250000,5.800000,-3.100000,123.000000,1.300000
2026-05-19-14-20-20,-9.900000,-4.490000,-2.250000,4.500000,-7.000000,122.900002,1.300000
2026-05-19-14-20-21,-9.940000,-4.390000,-2.250000,3.300000,-10.100000,123.400002,1.300000
2026-05-19-14-20-21,-9.960000,-4.320000,-2.250000,1.900000,-13.000000,123.300003,1.300000
2026-05-19-14-20-21,-9.980000,-4.270000,-2.250000,1.700000,-15.000000,122.900002,1.300000
2026-05-19-14-20-21,-9.990000,-4.230000,-2.250000,2.600000,-15.500000,122.500000,1.300000
2026-05-19-14-20-22,-10.000000,-4.190000,-2.250000,4.300000,-14.700000,122.000000,1.300000
2026-05-19-14-20-22,-10.010000,-4.160000,-2.260000,5.900000,-12.900000,121.599998,1.300000
2026-05-19-14-20-22,-10.020000,-4.130000,-2.270000,7.600000,-10.600000,121.300003,1.300000
2026-05-19-14-20-22,-10.030000,-4.110000,-2.310000,9.800000,-6.400000,122.099998,1.300000
2026-05-19-14-20-22,-10.050000,-4.090000,-2.380000,10.200000,-2.600000,123.500000,1.300000
2026-05-19-14-20-23,-10.060000,-4.070000,-2.430000,10.600000,0.800000,124.099998,1.300000
2026-05-19-14-20-23,-10.080000,-4.060000,-2.480000,10.600000,3.300000,123.900002,1.300000
2026-05-19-14-20-23,-10.120000,-4.020000,-2.520000,10.200000,5.800000,125.099998,1.300000
2026-05-19-14-20-23,-10.170000,-3.950000,-2.550000,11.000000,8.300000,126.800003,1.300000
2026-05-19-14-20-24,-10.230000,-3.860000,-2.590000,12.100000,7.800000,128.199997,1.300000
2026-05-19-14-20-24,-10.410000,-3.550000,-2.680000,9.600000,-5.900000,131.199997,1.300000
2026-05-19-14-20-24,-10.460000,-3.480000,-2.700000,6.600000,-11.400000,131.399994,1.300000
2026-05-19-14-20-25,-10.490000,-3.430000,-2.710000,4.300000,-15.500000,131.600006,1.300000
2026-05-19-14-20-25,-10.510000,-3.390000,-2.720000,3.700000,-17.200001,131.699997,1.300000
2026-05-19-14-20-25,-10.530000,-3.350000,-2.740000,5.200000,-17.000000,131.800003,1.300000
2026-05-19-14-20-25,-10.560000,-3.320000,-2.800000,6.600000,-14.600000,133.100006,1.300000
2026-05-19-14-20-26,-10.580000,-3.290000,-2.880000,7.400000,-11.100000,134.699997,1.300000
2026-05-19-14-20-26,-10.610000,-3.260000,-2.950000,8.400000,-7.400000,135.500000,1.300000
2026-05-19-14-20-26,-10.630000,-3.250000,-3.000000,9.600000,-4.300000,135.500000,1.300000
2026-05-19-14-20-26,-10.650000,-3.230000,-3.040000,10.800000,-1.500000,134.899994,1.300000
2026-05-19-14-20-26,-10.670000,-3.220000,-3.080000,11.600000,0.700000,133.899994,1.300000
2026-05-19-14-20-27,-10.690000,-3.210000,-3.120000,11.800000,2.300000,132.699997,1.300000
2026-05-19-14-20-27,-10.710000,-3.210000,-3.160000,11.600000,3.500000,131.300003,1.300000
2026-05-19-14-20-27,-10.740000,-3.190000,-3.200000,11.900000,5.300000,130.699997,1.300000
2026-05-19-14-20-27,-10.790000,-3.130000,-3.230000,1.000000,105.389999,0.515000,1.300000
2026-05-19-14-20-27,-10.860000,-3.040000,-3.270000,14.400000,8.100000,132.500000,1.300000
2026-05-19-14-20-28,-10.920000,-2.950000,-3.310000,14.700000,5.900000,133.699997,1.300000
2026-05-19-14-20-28,-10.990000,-2.860000,-3.340000,13.900000,1.300000,134.699997,1.300000
2026-05-19-14-20-28,-11.060000,-2.760000,-3.360000,12.000000,-3.900000,135.800003,1.300000
2026-05-19-14-20-28,-11.130000,-2.680000,-3.370000,10.600000,-8.100000,131.600006,1.300000
2026-05-19-14-20-29,-11.180000,-2.620000,-3.370000,11.100000,-11.400000,124.699997,1.300000
2026-05-19-14-20-29,-11.220000,-2.570000,-3.380000,10.800000,-13.500000,121.300003,1.300000
2026-05-19-14-20-29,-11.250000,-2.530000,-3.380000,9.700000,-14.300000,118.800003,1.300000
2026-05-19-14-20-29,-11.270000,-2.500000,-3.380000,8.400000,-13.200000,117.400002,1.300000
2026-05-19-14-20-29,-11.310000,-2.430000,-3.370000,7.000000,-9.900000,118.199997,1.300000
2026-05-19-14-20-30,-11.340000,-2.350000,-3.350000,6.100000,-7.100000,118.800003,1.300000
2026-05-19-14-20-30,-11.380000,-2.250000,-3.330000,7.300000,-4.000000,119.400002,1.300000
2026-05-19-14-20-30,-11.410000,-2.140000,-3.320000,9.500000,-3.200000,120.000000,1.300000
2026-05-19-14-20-30,-11.450000,-2.030000,-3.320000,11.100000,-3.500000,120.699997,1.300000
2026-05-19-14-20-30,-11.470000,-1.940000,-3.330000,10.700000,-4.900000,120.800003,1.300000
2026-05-19-14-20-31,-11.480000,-1.870000,-3.340000,8.300000,-6.600000,120.000000,1.300000
2026-05-19-14-20-31,-11.490000,-1.820000,-3.340000,5.700000,-7.800000,119.300003,1.300000
2026-05-19-14-20-31,-11.500000,-1.780000,-3.350000,4.200000,-8.000000,118.500000,1.300000
2026-05-19-14-20-31,-11.510000,-1.740000,-3.360000,3.600000,-7.400000,117.599998,1.300000
2026-05-19-14-20-32,-11.520000,-1.710000,-3.380000,4.000000,-6.100000,116.800003,1.300000
2026-05-19-14-20-32,-11.560000,-1.560000,-3.370000,6.600000,0.500000,117.800003,1.300000
2026-05-19-14-20-32,-11.580000,-1.470000,-3.380000,8.400000,2.600000,118.300003,1.300000
2026-05-19-14-20-32,-11.600000,-1.360000,-3.390000,11.100000,3.000000,118.900002,1.300000
2026-05-19-14-20-33,-11.630000,-1.250000,-3.400000,12.600000,1.500000,119.699997,1.300000
2026-05-19-14-20-33,-11.650000,-1.110000,-3.420000,11.900000,-0.500000,120.500000,1.300000
2026-05-19-14-20-33,-11.680000,-1.000000,-3.430000,9.700000,-2.200000,121.300003,1.300000
2026-05-19-14-20-33,-11.700000,-0.880000,-3.430000,7.500000,-3.500000,121.900002,1.300000
2026-05-19-14-20-34,-11.810000,-0.580000,-3.490000,5.700000,-3.700000,123.800003,1.300000
2026-05-19-14-20-34,-11.840000,-0.500000,-3.520000,6.600000,-3.900000,123.800003,1.300000
2026-05-19-14-20-34,-11.860000,-0.450000,-3.550000,6.900000,-6.200000,122.699997,1.300000
2026-05-19-14-20-35,-11.870000,-0.410000,-3.600000,8.100000,-12.100000,120.500000,1.300000
2026-05-19-14-20-35,-11.880000,-0.390000,-3.690000,7.400000,-14.700000,120.199997,1.300000
2026-05-19-14-20-35,-11.900000,-0.770000,-3.780000,7.900000,-13.500000,1.000000,1.300000
2026-05-19-14-20-35,-11.930000,-0.350000,-3.880000,9.400000,-10.900000,121.699997,1.300000
2026-05-19-14-20-36,-11.960000,-0.340000,-3.980000,11.000000,-7.500000,123.000000,1.300000
2026-05-19-14-20-36,-11.990000,-0.340000,-4.090000,12.500000,-3.700000,124.699997,1.300000
2026-05-19-14-20-36,-12.010000,-0.340000,-4.170000,14.300000,0.000000,125.900002,1.300000
2026-05-19-14-20-36,-12.030000,-0.340000,-4.230000,16.200001,3.600000,126.500000,1.300000
2026-05-19-14-20-36,-12.060000,-0.350000,-4.280000,17.600000,6.800000,126.599998,1.300000
2026-05-19-14-20-37,-12.080000,-0.360000,-4.320000,18.100000,9.400000,126.599998,1.300000
2026-05-19-14-20-37,-12.100000,-0.360000,-4.360000,18.000000,12.200000,126.900002,1.300000
2026-05-19-14-20-37,-12.240000,-0.180000,-4.540000,25.900000,16.100000,130.199997,1.300000
2026-05-19-14-20-38,-12.290000,-0.090000,-4.610000,25.299999,11.300000,127.800003,1.300000
2026-05-19-14-20-38,-12.350000,-0.010000,-4.670000,24.200001,7.400000,122.199997,1.300000
2026-05-19-14-20-38,-12.400000,0.090000,-4.720000,22.500000,2.500000,119.400002,1.300000
2026-05-19-14-20-38,-12.450000,0.200000,-4.750000,19.200001,-1.700000,118.300003,1.300000
2026-05-19-14-20-39,-12.470000,0.310000,-4.770000,14.800000,-4.600000,118.199997,1.300000
2026-05-19-14-20-39,-12.500000,0.430000,-4.770000,10.700000,-6.100000,118.400002,1.300000
2026-05-19-14-20-39,-12.520000,0.540000,-4.770000,7.000000,-6.700000,118.400002,1.300000
2026-05-19-14-20-39,-12.530000,0.620000,-4.770000,3.000000,-7.600000,117.300003,1.300000
2026-05-19-14-20-39,-12.530000,0.680000,-4.770000,0.200000,-7.700000,115.800003,1.300000
2026-05-19-14-20-40,-12.540000,0.750000,-4.770000,0.500000,-5.300000,113.099998,1.300000
2026-05-19-14-20-40,-12.540000,0.770000,-4.800000,1.800000,-2.600000,111.800003,1.300000
2026-05-19-14-20-40,-12.550000,0.790000,-4.850000,2.800000,0.200000,111.800003,1.300000
2026-05-19-14-20-41,-12.550000,0.810000,-4.890000,4.100000,2.900000,111.099998,1.300000
2026-05-19-14-20-41,-12.550000,0.830000,-4.930000,5.500000,5.300000,109.900002,1.300000
2026-05-19-14-20-41,-12.560000,0.860000,-4.960000,7.400000,8.000000,109.400002,1.300000
2026-05-19-14-20-41,-12.600000,1.050000,-5.030000,9.000000,13.200000,110.699997,1.300000
2026-05-19-14-20-42,-12.620000,1.150000,-5.070000,9.300000,11.800000,111.599998,1.300000
2026-05-19-14-20-42,-12.650000,1.260000,-5.110000,9.700000,7.600000,112.599998,1.300000
2026-05-19-14-20-42,-12.670000,1.380000,-5.140000,8.800000,3.100000,113.800003,1.300000
2026-05-19-14-20-42,-12.700000,1.500000,-5.160000,7.300000,-1.300000,115.099998,1.300000
2026-05-19-14-20-42,-12.720000,1.590000,-5.170000,5.200000,-6.300000,115.500000,1.300000
2026-05-19-14-20-43,-12.730000,1.640000,-5.190000,3.800000,-9.400000,115.199997,1.300000
2026-05-19-14-20-43,-12.740000,1.690000,-5.200000,3.800000,-11.500000,114.699997,1.300000
2026-05-19-14-20-43,-12.740000,1.720000,-5.210000,4.900000,-11.400000,114.099998,1.300000
2026-05-19-14-20-43,-12.750000,1.760000,-5.220000,7.000000,-9.000000,113.699997,1.300000
2026-05-19-14-20-44,-12.760000,1.830000,-5.220000,7.900000,-5.200000,114.800003,1.300000
2026-05-19-14-20-44,-12.790000,1.910000,-5.210000,7.600000,-2.200000,116.000000,1.300000
2026-05-19-14-20-44,-12.820000,2.010000,-5.210000,8.400000,-0.200000,117.599998,1.300000
2026-05-19-14-20-44,-12.840000,2.090000,-5.220000,9.200000,-1.800000,117.900002,1.300000
2026-05-19-14-20-44,-12.850000,2.140000,-5.240000,9.400000,-4.100000,117.400002,1.300000
2026-05-19-14-20-45,-12.870000,2.180000,-5.260000,9.500000,-6.600000,116.199997,1.300000
2026-05-19-14-20-45,-12.880000,2.210000,-5.280000,9.400000,-8.000000,114.800003,1.300000
2026-05-19-14-20-45,-12.910000,2.270000,-5.320000,8.900000,-7.000000,111.500000,1.300000
2026-05-19-14-20-46,-12.940000,2.360000,-5.320000,9.200000,-3.800000,111.400002,1.300000
2026-05-19-14-20-46,-12.970000,2.460000,-5.310000,9.600000,-1.000000,112.199997,1.300000
2026-05-19-14-20-46,-12.990000,2.560000,-5.320000,10.400000,-0.000000,113.099998,1.300000
2026-05-19-14-20-46,-13.010000,2.620000,-5.330000,10.400000,-1.900000,112.900002,1.300000
2026-05-19-14-20-46,-13.030000,2.670000,-5.350000,9.600000,-4.600000,111.800003,1.300000
2026-05-19-14-20-47,-13.040000,2.710000,-5.370000,8.700000,-6.400000,110.599998,1.300000
2026-05-19-14-20-47,-13.060000,2.740000,-5.390000,8.000000,-7.200000,109.500000,1.300000
2026-05-19-14-20-47,-13.070000,2.770000,-5.410000,7.900000,-7.000000,107.900002,1.300000
2026-05-19-14-20-47,-13.080000,2.790000,-5.470000,8.000000,-5.300000,107.800003,1.300000
2026-05-19-14-20-48,-13.100000,2.800000,-5.550000,8.100000,-2.600000,108.699997,1.300000
2026-05-19-14-20-48,-13.110000,2.810000,-5.650000,8.200000,0.500000,110.000000,1.300000
2026-05-19-14-20-48,-13.150000,2.790000,-5.860000,9.000000,8.600000,113.099998,1.300000
2026-05-19-14-20-49,-13.170000,2.740000,-6.070000,10.100000,16.900000,116.400002,1.300000
2026-05-19-14-20-49,-13.180000,2.700000,-6.130000,11.300000,20.299999,117.699997,1.300000
2026-05-19-14-20-49,-13.200000,2.680000,-6.160000,14.300000,17.600000,118.099998,1.300000
2026-05-19-14-20-50,-13.230000,2.660000,-6.130000,19.200001,13.200000,120.099998,1.300000
2026-05-19-14-20-50,-13.250000,2.650000,-6.120000,24.000000,8.900000,123.599998,1.300000
2026-05-19-14-20-50,-13.300000,2.630000,-6.120000,21.500000,6.000000,125.900002,1.300000
2026-05-19-14-20-51,-13.340000,2.630000,-6.110000,18.100000,5.000000,125.500000,1.300000
2026-05-19-14-20-51,-13.350000,2.660000,-6.120000,17.700001,7.300000,122.500000,1.300000
2026-05-19-14-20-52,-13.430000,2.650000,-6.110000,3.300000,13.300000,88.400002,1.300000
2026-05-19-14-20-52,-13.490000,2.680000,-6.110000,-1.600000,14.000000,66.900002,1.300000
2026-05-19-14-20-52,-13.530000,2.720000,-6.120000,-7.200000,8.900000,32.799999,1.300000
2026-05-19-14-20-53,-13.540000,2.780000,-6.140000,-7.200000,2.900000,2.900000,1.300000
2026-05-19-14-20-53,-13.530000,2.760000,-6.150000,-5.100000,-0.900000,-11.200000,1.300000
2026-05-19-14-20-53,-13.490000,2.770000,-6.140000,-3.700000,-0.900000,-13.900000,1.300000
2026-05-19-14-20-54,-13.400000,2.690000,-6.120000,-0.500000,1.400000,-10.900000,1.300000
2026-05-19-14-20-54,-13.310000,2.650000,-6.130000,-0.200000,1.100000,-8.400000,1.300000
2026-05-19-14-20-54,-13.210000,2.600000,-6.130000,-2.100000,-2.800000,-10.300000,1.300000
2026-05-19-14-20-55,-13.080000,2.570000,-6.110000,-1.500000,-5.000000,-22.400000,1.300000
2026-05-19-14-20-55,-12.980000,2.490000,-6.090000,-1.100000,-5.900000,-24.600000,1.300000
2026-05-19-14-20-55,-12.860000,2.410000,-6.090000,-3.000000,-10.200000,-31.299999,1.300000
2026-05-19-14-20-56,-12.740000,2.290000,-6.080000,3.000000,-14.600000,-43.099998,1.300000
2026-05-19-14-20-56,-12.640000,2.130000,-6.030000,1.600000,-16.799999,-47.200001,1.300000
2026-05-19-14-20-56,-12.550000,1.940000,-5.950000,-3.100000,-16.600000,-47.500000,1.300000
2026-05-19-14-20-57,-12.500000,1.790000,-5.910000,-5.300000,-17.900000,-47.299999,1.300000
2026-05-19-14-20-57,-12.480000,1.730000,-5.900000,-7.700000,-19.000000,-47.700001,1.300000
2026-05-19-14-20-57,-12.470000,1.680000,-5.000000,-8.800000,-1.000000,-4.000000,1.300000
2026-05-19-14-20-57,-12.460000,1.620000,-5.880000,-9.600000,-17.900000,-47.299999,1.300000
2026-05-19-14-20-57,-12.420000,1.550000,-5.850000,-9.600000,-14.300000,-44.299999,1.300000
2026-05-19-14-20-58,-12.360000,1.460000,-5.820000,-9.000000,-11.600000,-42.299999,1.300000
2026-05-19-14-20-58,-12.300000,1.360000,-5.780000,-7.200000,-9.900000,-40.200001,1.300000
2026-05-19-14-20-58,-12.230000,1.260000,-5.760000,-5.300000,-9.800000,-37.799999,1.300000
2026-05-19-14-20-58,-12.150000,1.160000,-5.740000,-4.700000,-10.100000,-35.099998,1.300000
2026-05-19-14-20-59,-12.070000,1.060000,-5.710000,-5.200000,-10.700000,-31.799999,1.300000
2026-05-19-14-20-59,-11.980000,0.970000,-5.680000,-6.200000,-11.100000,-29.200001,1.300000
2026-05-19-14-20-59,-11.900000,0.890000,-5.660000,-7.800000,-11.600000,-26.700001,1.300000
2026-05-19-14-20-59,-11.810000,0.810000,-5.630000,-9.300000,-12.900000,-23.700001,1.300000
2026-05-19-14-20-59,-11.720000,0.730000,-5.600000,-9.800000,-14.000000,-21.500000,1.300000
2026-05-19-14-21-00,-11.620000,0.670000,-5.580000,-9.800000,-15.200000,-19.299999,1.300000
2026-05-19-14-21-00,-11.430000,0.550000,-5.510000,-8.300000,-16.500000,-14.900000,1.300000
2026-05-19-14-21-00,-11.340000,0.490000,-5.480000,-6.100000,-17.299999,-13.100000,1.300000
2026-05-19-14-21-00,-11.290000,0.460000,-5.470000,-3.800000,-18.799999,-11.800000,1.300000
2026-05-19-14-21-01,-11.250000,0.420000,-5.470000,1.200000,-18.900000,-15.900000,1.300000
2026-05-19-14-21-01,-11.210000,0.400000,-5.460000,6.400000,-16.600000,-23.000000,1.300000
2026-05-19-14-21-01,-11.180000,0.370000,-5.450000,7.800000,-14.900000,-25.700001,1.300000
2026-05-19-14-21-01,-11.160000,0.350000,-5.450000,6.900000,-12.900000,-27.400000,1.300000
2026-05-19-14-21-02,-11.140000,0.330000,-5.460000,5.300000,-11.200000,-28.400000,1.300000
2026-05-19-14-21-02,-11.020000,0.240000,-5.460000,1.900000,-4.200000,-27.600000,1.300000
2026-05-19-14-21-02,-10.940000,0.170000,-5.450000,1.900000,-2.300000,-26.400000,1.300000
2026-05-19-14-21-02,-10.850000,0.100000,-5.450000,2.700000,-2.400000,-25.200001,1.300000
2026-05-19-14-21-03,-10.750000,0.030000,-5.450000,3.500000,-4.100000,-23.500000,1.300000
2026-05-19-14-21-03,-10.650000,-0.050000,-5.440000,3.500000,-6.300000,-21.700001,1.300000
2026-05-19-14-21-03,-10.500000,-0.100000,-5.460000,4.000000,-9.300000,-25.200001,1.300000
2026-05-19-14-21-03,-10.440000,-0.140000,-5.460000,7.000000,-11.300000,-36.200001,1.300000
2026-05-19-14-21-04,-10.380000,-0.180000,-5.450000,12.100000,-10.900000,-50.400002,1.300000
2026-05-19-14-21-04,-10.320000,-0.000000,-5.440000,13.600000,-9.600000,-55.500000,1.300000
2026-05-19-14-21-04,-10.220000,-0.450000,-5.400000,9.300000,-7.800000,-54.799999,1.300000
2026-05-19-14-21-04,-10.170000,-0.560000,-5.390000,6.800000,-8.100000,-51.500000,1.300000
2026-05-19-14-21-05,-10.130000,-0.660000,-5.390000,3.000000,-9.300000,-44.400002,1.300000
2026-05-19-14-21-05,-10.010000,-0.850000,-5.360000,-3.200000,-9.300000,-37.099998,1.300000
2026-05-19-14-21-05,-9.950000,-0.930000,-5.350000,-3.500000,-9.600000,-37.900002,1.300000
2026-05-19-14-21-06,-9.880000,-1.000000,-5.330000,-1.000000,-10.000000,-42.299999,1.300000
2026-05-19-14-21-06,-9.810000,-1.090000,-5.310000,0.800000,-10.000000,-42.500000,1.300000
2026-05-19-14-21-06,-9.680000,-1.270000,-5.270000,0.900000,-10.000000,-40.000000,1.300000
2026-05-19-14-21-06,-9.630000,-1.340000,-5.260000,1.100000,-11.100000,-38.700001,1.300000
2026-05-19-14-21-07,-9.600000,-1.390000,-5.260000,1.300000,-12.300000,-38.500000,1.300000
2026-05-19-14-21-07,-9.570000,-1.420000,-5.270000,2.300000,-13.000000,-38.700001,1.300000
2026-05-19-14-21-07,-9.560000,-1.450000,-5.270000,3.900000,-12.700000,-39.099998,1.300000
2026-05-19-14-21-07,-9.550000,-1.480000,-5.280000,5.300000,-11.800000,-39.400002,1.300000
2026-05-19-14-21-07,-9.540000,-1.500000,-5.290000,6.600000,-10.100000,-39.799999,1.300000
2026-05-19-14-21-08,-9.530000,-1.520000,-5.310000,7.000000,-8.400000,-39.900002,1.300000
2026-05-19-14-21-08,-9.520000,-1.530000,-5.330000,6.900000,-6.900000,-40.299999,1.300000
2026-05-19-14-21-08,-9.510000,-1.530000,-5.350000,7.300000,-4.100000,-50.700001,1.300000
2026-05-19-14-21-08,-9.490000,-1.530000,-5.360000,6.900000,-2.000000,-60.299999,1.300000
2026-05-19-14-21-09,-9.500000,-1.590000,-5.400000,6.500000,1.200000,-62.200001,1.300000
2026-05-19-14-21-09,-9.480000,-1.670000,-5.410000,5.700000,3.300000,-60.799999,1.300000
2026-05-19-14-21-09,-9.450000,-1.760000,-5.420000,3.900000,4.800000,-58.500000,1.300000
2026-05-19-14-21-09,-9.410000,-1.860000,-5.440000,3.000000,4.500000,-56.200001,1.300000
2026-05-19-14-21-10,-9.370000,-1.960000,-5.460000,2.800000,2.400000,-53.500000,1.300000
2026-05-19-14-21-10,-9.330000,-2.060000,-5.470000,2.700000,-0.600000,-51.700001,1.300000
2026-05-19-14-21-10,-9.310000,-2.130000,-5.490000,2.300000,-5.700000,-50.599998,1.300000
2026-05-19-14-21-10,-9.290000,-2.210000,-5.620000,5.000000,-9.600000,-48.000000,1.300000
2026-05-19-14-21-11,-9.270000,-2.230000,-5.720000,6.200000,-8.200000,-46.400002,1.300000
2026-05-19-14-21-11,-9.250000,-2.240000,-5.820000,8.100000,-5.600000,-44.900002,1.300000
2026-05-19-14-21-11,-9.230000,-2.250000,-5.930000,9.900000,-2.800000,-43.500000,1.300000
2026-05-19-14-21-11,-9.210000,-2.240000,-6.040000,11.900000,0.300000,-42.000000,1.300000
2026-05-19-14-21-12,-9.200000,-2.220000,-6.140000,13.600000,4.000000,-40.299999,1.300000
2026-05-19-14-21-12,-9.190000,-2.200000,-6.210000,15.100000,6.900000,-39.500000,1.300000
2026-05-19-14-21-12,-9.180000,-2.190000,-6.260000,16.500000,9.800000,-39.000000,1.300000
2026-05-19-14-21-12,-9.170000,-2.170000,-6.310000,17.400000,12.200000,-38.799999,1.300000
2026-05-19-14-21-12,-9.170000,-2.150000,-6.350000,16.799999,14.300000,-38.400002,1.300000
2026-05-19-14-21-13,-9.160000,-2.110000,-6.410000,12.300000,13.700000,-36.900002,1.300000
2026-05-19-14-21-13,-9.170000,-2.040000,-6.470000,9.200000,4.100000,-35.900002,1.300000
2026-05-19-14-21-13,-9.140000,-1.910000,-6.460000,10.200000,-1.200000,-32.500000,1.300000
2026-05-19-14-21-13,-9.190000,-1.990000,-6.420000,13.500000,0.700000,-29.400000,1.300000
2026-05-19-14-21-14,-9.180000,-1.980000,-6.360000,17.900000,2.600000,-24.400000,1.300000
2026-05-19-14-21-14,-9.180000,-1.980000,-6.350000,18.799999,2.900000,-22.200001,1.300000
2026-05-19-14-21-14,-9.180000,-1.970000,-6.350000,18.200001,2.900000,-21.100000,1.300000
2026-05-19-14-21-15,-9.170000,-1.960000,-6.360000,19.100000,3.700000,-26.500000,1.300000
2026-05-19-14-21-15,-9.180000,-2.000000,-6.370000,24.799999,6.400000,-29.500000,1.300000
2026-05-19-14-21-15,-9.170000,-2.000000,-6.380000,18.500000,10.500000,-44.400002,1.300000
2026-05-19-14-21-16,-9.100000,-2.000000,-6.380000,6.100000,14.900000,-82.500000,1.300000
2026-05-19-14-21-16,-9.070000,-2.010000,-6.390000,3.300000,11.100000,-93.099998,1.300000
2026-05-19-14-21-16,-9.060000,-2.010000,-6.400000,1.900000,7.500000,-99.000000,1.300000
2026-05-19-14-21-16,-9.060000,-2.020000,-6.410000,1.100000,4.400000,-103.099998,1.300000
2026-05-19-14-21-17,-9.060000,-2.040000,-6.410000,1.700000,3.900000,-105.199997,1.300000
2026-05-19-14-21-17,-9.110000,-2.130000,-6.400000,4.600000,6.600000,-106.199997,1.300000
2026-05-19-14-21-17,-9.170000,-2.230000,-6.410000,5.700000,7.600000,-106.199997,1.300000
2026-05-19-14-21-17,-9.210000,-2.320000,-6.430000,6.700000,7.500000,-105.500000,1.300000
2026-05-19-14-21-18,-9.260000,-2.410000,-6.450000,6.400000,6.500000,-104.000000,1.300000
2026-05-19-14-21-18,-9.320000,-2.500000,-6.470000,5.500000,5.300000,-102.599998,1.300000
2026-05-19-14-21-18,-9.380000,-2.590000,-6.480000,3.900000,4.100000,-100.699997,1.300000
2026-05-19-14-21-18,-9.430000,-2.680000,-6.480000,1.400000,2.500000,-99.300003,1.300000
2026-05-19-14-21-18,-9.490000,-2.770000,-6.490000,-0.700000,2.300000,-98.099998,1.300000
2026-05-19-14-21-19,-9.550000,-2.860000,-6.500000,-3.100000,2.000000,-96.599998,1.300000
2026-05-19-14-21-19,-9.600000,-2.960000,-6.510000,-4.800000,0.700000,-95.199997,1.300000
2026-05-19-14-21-19,-9.640000,-3.050000,-6.500000,-5.900000,-1.000000,-94.099998,1.300000
2026-05-19-14-21-19,-9.680000,-3.150000,-6.490000,-5.900000,-2.600000,-93.400002,1.300000
2026-05-19-14-21-20,-9.710000,-3.250000,-6.480000,-5.200000,-4.200000,-93.199997,1.300000
2026-05-19-14-21-20,-9.750000,-3.340000,-6.470000,-4.700000,-5.000000,-92.699997,1.300000
2026-05-19-14-21-20,-9.780000,-3.440000,-6.450000,-3.900000,-5.200000,-92.199997,1.300000
2026-05-19-14-21-20,-9.830000,-3.540000,-6.440000,-2.500000,-5.200000,-91.800003,1.300000
2026-05-19-14-21-20,-9.870000,-3.640000,-6.420000,-1.400000,-5.300000,-91.400002,1.300000
2026-05-19-14-21-21,-9.910000,-3.720000,-6.420000,-0.400000,-6.500000,-91.400002,1.300000
2026-05-19-14-21-21,-9.940000,-3.770000,-6.420000,0.300000,-8.100000,-91.800003,1.300000
2026-05-19-14-21-21,-9.950000,-3.820000,-6.420000,0.200000,-8.900000,-91.199997,1.300000
2026-05-19-14-21-21,-9.980000,-3.900000,-6.410000,1.000000,-7.300000,-89.099998,1.300000
2026-05-19-14-21-22,-10.010000,-4.000000,-6.400000,2.800000,-5.700000,-87.400002,1.300000
2026-05-19-14-21-22,-10.030000,-4.090000,-6.400000,5.000000,-4.400000,-86.300003,1.300000
2026-05-19-14-21-22,-10.040000,-4.190000,-6.390000,6.600000,-4.000000,-85.699997,1.300000
2026-05-19-14-21-22,-10.080000,-4.400000,-6.380000,6.300000,-4.000000,-84.800003,1.300000
2026-05-19-14-21-23,-10.100000,-4.470000,-6.380000,5.100000,-5.800000,-85.000000,1.300000
2026-05-19-14-21-23,-10.130000,-4.530000,-6.390000,3.900000,-7.600000,-85.800003,1.300000
2026-05-19-14-21-23,-10.150000,-4.580000,-6.410000,3.500000,-8.700000,-86.699997,1.300000
2026-05-19-14-21-23,-10.160000,-4.620000,-6.430000,4.200000,-8.600000,-87.900002,1.300000
2026-05-19-14-21-24,-10.180000,-4.640000,-6.450000,5.300000,-7.800000,-88.699997,1.300000
2026-05-19-14-21-24,-10.190000,-4.670000,-6.470000,6.700000,-5.700000,-89.300003,1.300000
2026-05-19-14-21-24,-10.210000,-4.750000,-6.470000,7.200000,-2.200000,-88.599998,1.300000
2026-05-19-14-21-24,-10.240000,-4.940000,-6.470000,8.400000,2.400000,-85.900002,1.300000
2026-05-19-14-21-25,-10.250000,-5.050000,-6.490000,9.800000,1.500000,-85.000000,1.300000
2026-05-19-14-21-25,-10.270000,-5.140000,-6.500000,10.200000,-1.900000,-84.599998,1.300000
2026-05-19-14-21-25,-10.280000,-5.200000,-6.530000,9.300000,-6.000000,-85.199997,1.300000
2026-05-19-14-21-25,-10.290000,-5.240000,-6.550000,7.700000,-10.100000,-86.199997,1.300000
2026-05-19-14-21-25,-10.290000,-5.280000,-6.570000,6.700000,-12.100000,-87.199997,1.300000
2026-05-19-14-21-26,-10.300000,-5.340000,-6.580000,6.800000,-11.700000,-87.599998,1.300000
2026-05-19-14-21-26,-10.310000,-5.430000,-6.570000,6.800000,-9.600000,-87.099998,1.300000
2026-05-19-14-21-26,-10.320000,-5.520000,-6.560000,6.000000,-7.100000,-86.300003,1.300000
2026-05-19-14-21-26,-10.330000,-5.630000,-6.550000,7.800000,-5.800000,-85.599998,1.300000
2026-05-19-14-21-27,-10.340000,-5.700000,-6.550000,8.600000,-6.400000,-86.300003,1.300000
2026-05-19-14-21-27,-10.340000,-5.750000,-6.560000,9.000000,-7.400000,-87.699997,1.300000
2026-05-19-14-21-27,-10.340000,-5.790000,-6.580000,9.400000,-7.500000,-89.800003,1.300000
2026-05-19-14-21-27,-10.340000,-5.810000,-6.590000,9.500000,-7.000000,-91.599998,1.300000
2026-05-19-14-21-27,-10.340000,-5.820000,-6.610000,9.500000,-5.800000,-93.400002,1.300000
2026-05-19-14-21-28,-10.340000,-5.820000,-6.630000,9.200000,-4.300000,-95.199997,1.300000
2026-05-19-14-21-28,-10.340000,-5.830000,-6.660000,8.700000,-2.600000,-96.699997,1.300000
2026-05-19-14-21-28,-10.340000,-5.830000,-6.680000,8.100000,-0.900000,-98.400002,1.300000
2026-05-19-14-21-28,-10.330000,-5.820000,-6.710000,7.600000,-0.200000,-99.699997,1.300000
2026-05-19-14-21-29,-10.320000,-5.820000,-6.740000,7.100000,0.100000,-101.000000,1.300000
2026-05-19-14-21-29,-10.310000,-5.820000,-6.770000,6.700000,0.300000,-102.300003,1.300000
2026-05-19-14-21-29,-10.310000,-5.810000,-6.790000,6.400000,0.400000,-103.199997,1.300000
2026-05-19-14-21-29,-10.310000,-5.800000,-6.820000,6.500000,0.200000,-103.800003,1.300000
2026-05-19-14-21-29,-10.310000,-5.790000,-6.860000,6.800000,0.000000,-104.500000,1.300000
2026-05-19-14-21-30,-10.310000,-5.790000,-6.900000,6.600000,0.100000,-105.000000,1.300000
2026-05-19-14-21-30,-10.300000,-5.780000,-6.940000,6.200000,0.400000,-105.300003,1.300000
2026-05-19-14-21-30,-10.290000,-5.780000,-6.970000,6.100000,0.800000,-105.500000,1.300000
2026-05-19-14-21-30,-10.300000,-5.760000,-6.990000,6.600000,1.700000,-105.599998,1.300000
2026-05-19-14-21-31,-10.290000,-5.740000,-6.990000,5.500000,2.500000,-106.300003,1.300000
2026-05-19-14-21-31,-10.300000,-5.750000,-6.970000,5.800000,3.100000,-106.300003,1.300000
2026-05-19-14-21-32,-10.300000,-5.740000,-6.960000,6.100000,0.800000,-106.699997,1.300000
2026-05-19-14-21-32,-10.290000,-5.730000,-6.970000,5.500000,-0.100000,-106.599998,1.300000
2026-05-19-14-21-32,-10.290000,-5.730000,-6.970000,5.400000,-0.400000,-106.500000,1.300000
2026-05-19-14-21-32,-10.290000,-5.730000,-6.970000,5.700000,-0.400000,-106.599998,1.300000
2026-05-19-14-21-33,-10.290000,-5.720000,-6.970000,5.900000,-0.100000,-106.400002,1.300000
2026-05-19-14-21-33,-10.300000,-5.710000,-6.970000,6.300000,1.200000,-106.000000,1.300000
2026-05-19-14-21-33,-10.290000,-5.720000,-6.970000,6.000000,1.300000,-106.000000,1.300000
2026-05-19-14-21-33,-10.300000,-5.720000,-6.970000,5.500000,1.000000,-106.099998,1.300000
2026-05-19-14-21-34,-10.280000,-5.690000,-6.960000,5.900000,0.700000,-106.199997,1.300000
2026-05-19-14-21-34,-10.290000,-5.680000,-6.960000,5.600000,0.200000,-106.400002,1.300000
2026-05-19-14-21-34,-10.280000,-5.680000,-6.960000,5.400000,0.200000,-106.500000,1.300000
2026-05-19-14-21-35,-10.270000,-5.670000,-6.960000,5.700000,0.100000,-106.800003,1.300000
2026-05-19-14-21-35,-10.280000,-5.670000,-6.970000,5.800000,0.200000,-107.099998,1.300000
2026-05-19-14-21-35,-10.270000,-5.670000,-6.970000,6.100000,0.700000,-107.199997,1.300000
2026-05-19-14-21-35,-10.270000,-5.660000,-6.890000,7.300000,0.300000,-108.000000,1.300000
2026-05-19-14-21-36,-10.280000,-5.650000,-6.830000,8.800000,-0.200000,-108.800003,1.300000
2026-05-19-14-21-36,-10.290000,-5.640000,-6.770000,10.500000,-1.500000,-109.800003,1.300000
2026-05-19-14-21-36,-10.300000,-5.630000,-6.730000,11.100000,-3.200000,-110.800003,1.300000
2026-05-19-14-21-36,-10.300000,-5.620000,-6.710000,8.700000,-6.300000,-112.500000,1.300000
2026-05-19-14-21-37,-10.310000,-5.610000,-6.700000,6.300000,-7.900000,-113.199997,1.300000
2026-05-19-14-21-37,-10.310000,-5.590000,-6.660000,6.100000,-9.800000,-114.000000,1.300000
2026-05-19-14-21-37,-10.320000,-5.570000,-6.600000,7.200000,-11.300000,-115.000000,1.300000
2026-05-19-14-21-37,-10.320000,-5.540000,-6.540000,8.700000,-12.800000,-116.199997,1.300000
2026-05-19-14-21-38,-10.330000,-5.520000,-6.470000,9.700000,-14.200000,-117.300003,1.300000
2026-05-19-14-21-38,-10.320000,-5.490000,-6.440000,9.700000,-14.900000,-118.000000,1.300000
2026-05-19-14-21-38,-10.320000,-5.480000,-6.420000,9.000000,-14.800000,-118.500000,1.300000
2026-05-19-14-21-38,-10.320000,-5.460000,-6.400000,8.000000,-13.900000,-119.000000,1.300000
2026-05-19-14-21-38,-10.310000,-5.000000,-6.300000,7.000000,-12.500000,-119.699997,1.300000
2026-05-19-14-21-39,-10.280000,-5.420000,-6.350000,10.600000,-3.400000,-149.699997,1.300000
2026-05-19-14-21-39,-10.270000,-5.430000,-6.340000,10.200000,1.000000,-167.199997,1.300000
2026-05-19-14-21-39,-10.270000,-5.420000,-6.340000,7.500000,1.900000,-176.399994,1.300000
2026-05-19-14-21-40,-10.270000,-5.410000,-6.350000,4.100000,1.900000,177.800003,1.300000
2026-05-19-14-21-40,-10.270000,-5.400000,-6.360000,0.700000,1.500000,173.100006,1.300000
2026-05-19-14-21-40,-10.270000,-5.380000,-6.370000,-1.900000,1.000000,169.100006,1.300000
2026-05-19-14-21-40,-10.270000,-5.370000,-6.380000,-3.000000,0.600000,166.399994,1.300000
2026-05-19-14-21-40,-10.270000,-5.350000,-6.400000,-3.500000,0.400000,164.300003,1.300000
2026-05-19-14-21-41,-10.270000,-5.340000,-6.420000,-3.400000,0.200000,162.699997,1.300000
2026-05-19-14-21-41,-10.260000,-5.320000,-6.450000,-2.900000,0.100000,161.600006,1.300000
2026-05-19-14-21-41,-10.260000,-5.310000,-6.470000,-1.800000,0.200000,160.699997,1.300000
2026-05-19-14-21-41,-10.250000,-5.300000,-6.500000,-0.700000,0.200000,160.199997,1.300000
2026-05-19-14-21-41,-10.250000,-5.290000,-6.530000,0.600000,0.300000,159.800003,1.300000
2026-05-19-14-21-42,-10.250000,-5.300000,-6.570000,1.600000,3.000000,141.000000,1.300000
2026-05-19-14-21-42,-10.260000,-5.300000,-6.580000,0.200000,4.600000,125.699997,1.300000
2026-05-19-14-21-42,-10.270000,-5.300000,-6.610000,-1.500000,4.400000,117.099998,1.300000
2026-05-19-14-21-43,-10.280000,-5.300000,-6.640000,-2.500000,3.800000,111.199997,1.300000
2026-05-19-14-21-43,-10.280000,-5.290000,-6.680000,-3.500000,3.100000,106.800003,1.300000
2026-05-19-14-21-43,-10.280000,-5.280000,-6.670000,-3.500000,1.200000,104.000000,1.300000
2026-05-19-14-21-43,-10.280000,-5.280000,-6.650000,-2.500000,-1.400000,102.199997,1.300000
2026-05-19-14-21-43,-10.240000,-5.260000,-6.600000,-2.100000,-4.200000,101.500000,1.300000
2026-05-19-14-21-44,-10.260000,-5.270000,-6.590000,-2.400000,-6.200000,101.699997,1.300000
2026-05-19-14-21-44,-10.260000,-5.260000,-6.590000,-3.000000,-7.700000,102.300003,1.300000
2026-05-19-14-21-44,-10.250000,-5.260000,-6.600000,-3.300000,-8.600000,102.900002,1.300000
2026-05-19-14-21-44,-10.240000,-5.260000,-6.620000,-3.300000,-9.200000,103.800003,1.300000
2026-05-19-14-21-45,-10.240000,-5.260000,-6.630000,-2.700000,-8.800000,105.000000,1.300000
2026-05-19-14-21-45,-10.230000,-5.260000,-6.640000,-1.700000,-7.500000,106.199997,1.300000
2026-05-19-14-21-45,-10.220000,-5.250000,-6.650000,-1.000000,-5.500000,111.800003,1.300000
2026-05-19-14-21-45,-10.190000,-5.220000,-6.650000,-1.600000,-2.800000,133.500000,1.300000
2026-05-19-14-21-45,-10.180000,-5.190000,-6.660000,-1.400000,-1.700000,147.699997,1.300000
2026-05-19-14-21-46,-10.180000,-5.180000,-6.680000,0.600000,-1.600000,157.399994,1.300000
2026-05-19-14-21-46,-10.180000,-5.170000,-6.700000,2.900000,-1.700000,163.500000,1.300000
2026-05-19-14-21-46,-10.180000,-5.160000,-6.700000,6.100000,-2.200000,168.000000,1.300000
2026-05-19-14-21-46,-10.180000,-5.150000,-6.680000,8.600000,-3.000000,169.399994,1.300000
2026-05-19-14-21-47,-10.180000,-5.150000,-6.680000,10.300000,-3.700000,170.100006,1.300000
2026-05-19-14-21-47,-10.180000,-5.140000,-6.690000,10.600000,-4.300000,170.600006,1.300000
2026-05-19-14-21-47,-10.180000,-5.140000,-6.710000,10.000000,-5.000000,171.399994,1.300000
2026-05-19-14-21-47,-10.170000,-5.130000,-6.730000,7.500000,-6.500000,-178.000000,1.300000
2026-05-19-14-21-47,-10.190000,-5.090000,-6.750000,3.800000,-7.400000,-155.899994,1.300000
2026-05-19-14-21-48,-10.220000,-5.070000,-6.760000,1.300000,-7.400000,-135.300003,1.300000
2026-05-19-14-21-48,-10.240000,-5.060000,-6.760000,0.500000,-7.600000,-124.099998,1.300000
2026-05-19-14-21-48,-10.260000,-5.060000,-6.780000,1.400000,-7.500000,-116.599998,1.300000
2026-05-19-14-21-48,-10.270000,-5.050000,-6.800000,3.100000,-7.600000,-112.800003,1.300000
2026-05-19-14-21-48,-10.270000,-5.050000,-6.820000,4.800000,-7.800000,-110.000000,1.300000
2026-05-19-14-21-49,-10.270000,-5.050000,-6.850000,6.200000,-7.900000,-108.099998,1.300000
2026-05-19-14-21-49,-10.260000,-5.050000,-6.890000,7.200000,-7.600000,-107.300003,1.300000
2026-05-19-14-21-49,-10.260000,-5.060000,-6.920000,7.800000,-7.000000,-106.900002,1.300000
2026-05-19-14-21-49,-10.250000,-5.060000,-6.950000,7.900000,-6.300000,-106.900002,1.300000
2026-05-19-14-21-50,-10.300000,-5.060000,-6.970000,2.800000,-5.800000,-70.800003,1.300000
2026-05-19-14-21-50,-10.320000,-5.080000,-6.980000,1.900000,-7.200000,-52.000000,1.300000
2026-05-19-14-21-51,-10.330000,-5.100000,-7.000000,2.500000,-9.000000,-44.299999,1.300000
2026-05-19-14-21-51,-10.320000,-5.100000,-7.000000,2.600000,-8.800000,-40.299999,1.300000
2026-05-19-14-21-51,-10.300000,-5.100000,-6.980000,2.900000,-7.700000,-38.900002,1.300000
2026-05-19-14-21-52,-10.310000,-5.090000,-6.920000,3.500000,-8.800000,-40.099998,1.300000
2026-05-19-14-21-52,-10.320000,-5.090000,-6.870000,4.100000,-10.500000,-41.599998,1.300000
2026-05-19-14-21-52,-10.330000,-5.080000,-6.820000,4.900000,-12.700000,-43.799999,1.300000
2026-05-19-14-21-52,-10.350000,-5.070000,-6.770000,5.400000,-14.700000,-45.700001,1.300000
2026-05-19-14-21-53,-10.370000,-5.060000,-6.740000,5.400000,-16.700001,-47.400002,1.300000
2026-05-19-14-21-53,-10.380000,-5.050000,-6.730000,5.100000,-18.400000,-49.200001,1.300000
2026-05-19-14-21-53,-10.390000,-5.040000,-6.730000,4.900000,-19.400000,-51.299999,1.300000
2026-05-19-14-21-53,-10.400000,-5.030000,-6.730000,5.000000,-19.100000,-53.500000,1.300000
2026-05-19-14-21-53,-10.400000,-5.020000,-6.730000,5.600000,-17.700001,-56.700001,1.300000
2026-05-19-14-21-54,-10.410000,-5.000000,-6.740000,6.500000,-16.200001,-59.799999,1.300000
2026-05-19-14-21-54,-10.430000,-4.970000,-6.690000,11.100000,-12.400000,-65.300003,1.300000
2026-05-19-14-21-54,-10.450000,-4.950000,-6.630000,11.400000,-12.200000,-67.400002,1.300000
2026-05-19-14-21-54,-10.470000,-4.930000,-6.600000,10.700000,-12.000000,-68.599998,1.300000
2026-05-19-14-21-55,-10.490000,-4.920000,-6.590000,8.600000,-11.600000,-70.500000,1.300000
2026-05-19-14-21-55,-10.510000,-4.880000,-6.560000,7.100000,-11.500000,-74.500000,1.300000
2026-05-19-14-21-55,-10.530000,-4.860000,-6.520000,7.600000,-11.600000,-76.000000,1.300000
2026-05-19-14-21-56,-10.540000,-4.840000,-6.460000,8.100000,-12.300000,-77.199997,1.300000
2026-05-19-14-21-56,-10.560000,-4.820000,-6.400000,8.300000,-12.600000,-78.400002,1.300000
2026-05-19-14-21-56,-10.570000,-4.810000,-6.370000,7.800000,-12.500000,-79.599998,1.300000
2026-05-19-14-21-56,-10.580000,-4.800000,-6.340000,7.400000,-12.100000,-81.099998,1.300000
2026-05-19-14-21-56,-10.590000,-4.780000,-6.330000,7.400000,-11.500000,-82.599998,1.300000
2026-05-19-14-21-57,-10.600000,-4.760000,-6.320000,7.600000,-10.600000,-84.500000,1.300000
2026-05-19-14-21-57,-10.600000,-4.740000,-6.310000,7.900000,-9.500000,-86.199997,1.300000
2026-05-19-14-21-57,-10.600000,-4.730000,-6.310000,8.300000,-8.100000,-88.400002,1.300000
2026-05-19-14-21-57,-10.600000,-4.710000,-6.310000,8.700000,-6.800000,-91.599998,1.300000
2026-05-19-14-21-58,-10.590000,-4.700000,-6.310000,10.400000,-3.400000,-106.400002,1.300000
2026-05-19-14-21-58,-10.580000,-4.700000,-6.300000,10.000000,-0.600000,-116.500000,1.300000
2026-05-19-14-21-58,-10.580000,-4.690000,-6.300000,8.000000,1.100000,-124.000000,1.300000
2026-05-19-14-21-58,-10.580000,-4.680000,-6.310000,5.800000,2.000000,-129.800003,1.300000
2026-05-19-14-21-58,-10.570000,-4.670000,-6.320000,4.000000,2.500000,-135.199997,1.300000
2026-05-19-14-21-59,-10.590000,-4.630000,-6.350000,2.400000,3.300000,-132.899994,1.300000
2026-05-19-14-21-59,-10.620000,-4.600000,-6.350000,3.400000,3.700000,-112.699997,1.300000
2026-05-19-14-21-59,-10.660000,-4.600000,-6.360000,5.600000,2.600000,-95.500000,1.300000
2026-05-19-14-22-00,-10.690000,-4.600000,-6.370000,7.400000,-0.100000,-79.000000,1.300000
2026-05-19-14-22-00,-10.700000,-4.600000,-6.380000,7.700000,-2.400000,-71.599998,1.300000
2026-05-19-14-22-00,-10.700000,-4.600000,-6.400000,7.900000,-4.600000,-67.099998,1.300000
2026-05-19-14-22-00,-10.700000,-4.590000,-6.420000,8.100000,-6.400000,-64.400002,1.300000
2026-05-19-14-22-00,-10.700000,-4.590000,-6.440000,8.500000,-7.900000,-62.500000,1.300000
2026-05-19-14-22-01,-10.690000,-4.580000,-6.470000,8.500000,-9.500000,-57.799999,1.300000
2026-05-19-14-22-01,-10.700000,-4.610000,-6.480000,5.100000,-11.400000,-39.799999,1.300000
2026-05-19-14-22-01,-10.700000,-4.640000,-6.490000,1.200000,-12.200000,-20.600000,1.300000
2026-05-19-14-22-01,-10.690000,-4.660000,-6.500000,-2.300000,-13.300000,-1.800000,1.300000
2026-05-19-14-22-01,-10.680000,-4.670000,-6.520000,-3.800000,-14.100000,7.200000,1.300000
2026-05-19-14-22-02,-10.660000,-4.670000,-6.540000,-3.400000,-15.100000,14.200000,1.300000
2026-05-19-14-22-02,-10.650000,-4.670000,-6.570000,-1.900000,-15.800000,18.400000,1.300000
2026-05-19-14-22-02,-10.630000,-4.680000,-6.590000,0.100000,-15.900000,21.299999,1.300000
2026-05-19-14-22-02,-10.620000,-4.670000,-6.610000,1.700000,-15.700000,22.900000,1.300000
2026-05-19-14-22-03,-10.600000,-4.670000,-6.640000,3.000000,-15.400000,24.100000,1.300000
2026-05-19-14-22-03,-10.600000,-4.660000,-6.670000,3.900000,-15.000000,22.900000,1.300000
2026-05-19-14-22-03,-10.600000,-4.640000,-6.690000,7.800000,-13.800000,8.100000,1.300000
2026-05-19-14-22-03,-10.590000,-4.620000,-6.710000,9.500000,-12.400000,-1.800000,1.300000
2026-05-19-14-22-03,-10.570000,-4.610000,-6.740000,8.800000,-10.900000,-10.200000,1.300000
2026-05-19-14-22-04,-10.560000,-4.600000,-6.770000,7.200000,-9.500000,-16.500000,1.300000
2026-05-19-14-22-04,-10.550000,-4.590000,-6.790000,5.500000,-8.500000,-21.600000,1.300000
2026-05-19-14-22-04,-10.550000,-4.580000,-6.830000,4.200000,-8.100000,-25.400000,1.300000
2026-05-19-14-22-04,-10.540000,-4.570000,-6.860000,3.200000,-7.600000,-29.799999,1.300000
2026-05-19-14-22-05,-10.540000,-4.570000,-6.900000,2.800000,-7.000000,-33.799999,1.300000
2026-05-19-14-22-05,-10.530000,-4.560000,-6.940000,3.100000,-6.600000,-38.700001,1.300000
2026-05-19-14-22-06,-10.430000,-4.510000,-7.020000,1.800000,3.300000,-94.500000,1.300000
2026-05-19-14-22-06,-10.390000,-4.530000,-7.010000,-0.100000,3.500000,-110.099998,1.300000
2026-05-19-14-22-06,-10.360000,-4.540000,-7.010000,-2.100000,1.100000,-124.300003,1.300000
2026-05-19-14-22-07,-10.340000,-4.550000,-7.010000,-1.500000,1.200000,-131.800003,1.300000
2026-05-19-14-22-07,-10.340000,-4.560000,-7.000000,-0.500000,2.300000,-135.399994,1.300000
2026-05-19-14-22-07,-10.340000,-4.560000,-6.990000,0.700000,3.000000,-138.600006,1.300000
2026-05-19-14-22-07,-10.330000,-4.560000,-7.000000,1.400000,3.200000,-141.800003,1.300000
2026-05-19-14-22-08,-10.320000,-4.570000,-7.000000,1.800000,3.300000,-145.399994,1.300000
2026-05-19-14-22-08,-10.310000,-4.580000,-7.020000,1.800000,3.200000,-147.800003,1.300000
2026-05-19-14-22-08,-10.300000,-4.570000,-7.070000,1.300000,3.900000,-148.600006,1.300000
2026-05-19-14-22-08,-10.290000,-4.580000,-7.050000,3.100000,5.900000,-150.300003,1.300000
2026-05-19-14-22-09,-10.320000,-4.580000,-6.810000,10.400000,6.000000,-154.199997,1.300000
2026-05-19-14-22-10,-10.340000,-4.550000,-6.670000,10.900000,-0.600000,-158.300003,1.300000
2026-05-19-14-22-10,-10.340000,-4.530000,-6.620000,9.400000,-3.700000,-160.100006,1.300000
2026-05-19-14-22-10,-10.350000,-4.520000,-6.590000,7.100000,-5.700000,-161.600006,1.300000
2026-05-19-14-22-10,-10.350000,-4.510000,-6.570000,4.500000,-6.800000,-163.300003,1.300000
2026-05-19-14-22-10,-10.360000,-4.490000,-6.550000,2.900000,-6.900000,-165.000000,1.300000
2026-05-19-14-22-11,-10.370000,-4.470000,-6.530000,2.500000,-6.200000,-166.600006,1.300000
2026-05-19-14-22-11,-10.380000,-4.460000,-6.520000,3.200000,-4.700000,-168.699997,1.300000
2026-05-19-14-22-11,-10.390000,-4.440000,-6.510000,4.300000,-3.100000,-170.500000,1.300000
2026-05-19-14-22-11,-10.390000,-4.420000,-6.510000,5.400000,-1.400000,-172.500000,1.300000
2026-05-19-14-22-11,-10.390000,-4.400000,-6.510000,6.400000,0.300000,-174.800003,1.300000
2026-05-19-14-22-12,-10.380000,-4.380000,-6.510000,6.800000,1.500000,-177.000000,1.300000
2026-05-19-14-22-12,-10.380000,-4.370000,-6.520000,6.800000,2.500000,-179.300003,1.300000
2026-05-19-14-22-12,-10.380000,-4.350000,-6.540000,6.500000,3.200000,178.500000,1.300000
2026-05-19-14-22-12,-10.370000,-4.340000,-6.550000,5.800000,3.700000,175.699997,1.300000
2026-05-19-14-22-13,-10.370000,-4.330000,-6.570000,5.000000,3.600000,173.300003,1.300000
2026-05-19-14-22-13,-10.360000,-4.330000,-6.590000,4.200000,3.200000,170.600006,1.300000
2026-05-19-14-22-13,-10.350000,-4.320000,-6.620000,3.500000,2.800000,168.100006,1.300000
2026-05-19-14-22-13,-10.340000,-4.320000,-6.640000,2.800000,2.200000,165.000000,1.300000
2026-05-19-14-22-13,-10.330000,-4.330000,-6.660000,2.300000,1.500000,162.000000,1.300000
2026-05-19-14-22-14,-10.330000,-4.360000,-6.670000,2.200000,0.900000,159.000000,1.300000
2026-05-19-14-22-14,-10.340000,-4.370000,-6.680000,2.400000,0.500000,156.300003,1.300000
2026-05-19-14-22-14,-10.350000,-4.380000,-6.700000,2.700000,0.200000,153.699997,1.300000
2026-05-19-14-22-14,-10.350000,-4.400000,-6.700000,3.000000,0.000000,151.300003,1.300000
2026-05-19-14-22-15,-10.340000,-4.440000,-6.710000,3.300000,0.100000,149.199997,1.300000
2026-05-19-14-22-15,-10.340000,-4.460000,-6.720000,3.400000,0.800000,147.199997,1.300000
2026-05-19-14-22-15,-10.340000,-4.430000,-6.730000,3.400000,1.200000,145.300003,1.300000
2026-05-19-14-22-15,-10.350000,-4.440000,-6.730000,3.600000,1.600000,143.300003,1.300000
2026-05-19-14-22-16,-10.370000,-4.440000,-6.730000,3.600000,2.300000,142.000000,1.300000
2026-05-19-14-22-16,-10.370000,-4.440000,-6.710000,3.800000,3.600000,140.800003,1.300000
2026-05-19-14-22-16,-10.380000,-4.440000,-6.690000,4.100000,5.100000,139.699997,1.300000
2026-05-19-14-22-16,-10.380000,-4.440000,-6.670000,4.300000,6.600000,138.500000,1.300000
2026-05-19-14-22-17,-10.370000,-4.430000,-6.650000,4.500000,7.200000,137.100006,1.300000
2026-05-19-14-22-17,-10.360000,-4.430000,-6.640000,4.100000,6.500000,135.600006,1.300000
2026-05-19-14-22-17,-10.350000,-4.440000,-6.640000,3.500000,5.400000,134.399994,1.300000
2026-05-19-14-22-17,-10.350000,-4.460000,-6.640000,2.500000,3.700000,132.800003,1.300000
2026-05-19-14-22-17,-10.350000,-4.470000,-6.640000,1.900000,2.700000,131.399994,1.300000
2026-05-19-14-22-18,-10.340000,-4.470000,-6.640000,1.500000,2.800000,129.500000,1.300000
2026-05-19-14-22-18,-10.330000,-4.460000,-6.650000,1.700000,3.300000,128.100006,1.300000
2026-05-19-14-22-18,-10.320000,-4.450000,-6.650000,1.700000,3.700000,127.000000,1.300000
2026-05-19-14-22-18,-10.320000,-4.460000,-6.650000,2.000000,4.000000,125.599998,1.300000
2026-05-19-14-22-18,-10.310000,-4.460000,-6.650000,2.500000,4.600000,124.199997,1.300000
2026-05-19-14-22-19,-10.310000,-4.460000,-6.640000,2.700000,4.700000,123.000000,1.300000
2026-05-19-14-22-19,-10.300000,-4.470000,-6.640000,2.700000,4.300000,121.599998,1.300000
2026-05-19-14-22-19,-10.300000,-4.480000,-6.640000,2.600000,4.000000,120.099998,1.300000
2026-05-19-14-22-19,-10.290000,-4.480000,-6.640000,2.600000,4.100000,119.199997,1.300000
2026-05-19-14-22-20,-10.280000,-4.480000,-6.640000,2.300000,3.600000,118.400002,1.300000
2026-05-19-14-22-20,-10.270000,-4.490000,-6.640000,1.800000,3.000000,117.400002,1.300000
2026-05-19-14-22-20,-10.270000,-4.500000,-6.640000,1.900000,2.900000,116.300003,1.300000
2026-05-19-14-22-20,-10.260000,-4.500000,-6.640000,2.200000,3.400000,114.900002,1.300000
2026-05-19-14-22-20,-10.250000,-4.500000,-6.640000,2.300000,3.800000,114.400002,1.300000
2026-05-19-14-22-21,-10.250000,-4.500000,-6.640000,2.400000,4.000000,113.900002,1.300000
2026-05-19-14-22-21,-10.240000,-4.510000,-6.630000,2.500000,3.800000,113.199997,1.300000
2026-05-19-14-22-21,-10.230000,-4.520000,-6.630000,2.400000,3.600000,112.099998,1.300000
2026-05-19-14-22-21,-10.230000,-4.520000,-6.630000,2.300000,3.800000,111.300003,1.300000
2026-05-19-14-22-22,-10.220000,-4.520000,-6.640000,2.500000,3.500000,110.800003,1.300000
2026-05-19-14-22-22,-10.210000,-4.520000,-6.640000,2.200000,3.100000,110.699997,1.300000
2026-05-19-14-22-22,-10.200000,-4.530000,-6.640000,1.900000,2.900000,109.800003,1.300000
2026-05-19-14-22-22,-10.200000,-4.540000,-6.640000,2.100000,3.200000,109.099998,1.300000
2026-05-19-14-22-22,-10.200000,-4.550000,-6.640000,2.200000,3.200000,109.099998,1.300000
2026-05-19-14-22-23,-10.180000,-4.560000,-6.630000,2.300000,3.500000,107.699997,1.300000
2026-05-19-14-22-23,-10.160000,-4.560000,-6.620000,2.500000,3.700000,108.000000,1.300000
2026-05-19-14-22-23,-10.150000,-4.560000,-6.620000,2.200000,3.500000,108.000000,1.300000
2026-05-19-14-22-23,-10.150000,-4.570000,-6.630000,2.000000,3.400000,107.099998,1.300000
2026-05-19-14-22-24,-10.150000,-4.580000,-6.630000,2.200000,3.500000,106.699997,1.300000
2026-05-19-14-22-24,-10.140000,-4.590000,-6.640000,2.500000,3.200000,106.900002,1.300000
2026-05-19-14-22-24,-10.130000,-4.600000,-6.640000,2.000000,3.200000,106.599998,1.300000
2026-05-19-14-22-25,-10.120000,-4.620000,-6.630000,2.000000,3.400000,106.500000,1.300000
2026-05-19-14-22-25,-10.120000,-4.630000,-6.630000,2.000000,3.300000,106.400002,1.300000
2026-05-19-14-22-25,-10.100000,-4.640000,-6.620000,2.000000,3.300000,105.900002,1.300000
2026-05-19-14-22-25,-10.090000,-4.640000,-6.620000,2.300000,3.200000,105.699997,1.300000
2026-05-19-14-22-26,-10.080000,-4.650000,-6.620000,2.200000,3.200000,106.000000,1.300000
2026-05-19-14-22-26,-10.080000,-4.670000,-6.630000,2.500000,3.000000,106.199997,1.300000
2026-05-19-14-22-26,-10.070000,-4.690000,-6.620000,2.300000,3.100000,105.599998,1.300000
2026-05-19-14-22-27,-10.060000,-4.710000,-6.620000,2.100000,3.400000,105.800003,1.300000
2026-05-19-14-22-27,-10.040000,-4.710000,-6.620000,1.700000,3.300000,105.400002,1.300000
2026-05-19-14-22-27,-10.040000,-4.730000,-6.610000,2.100000,2.700000,105.300003,1.300000
2026-05-19-14-22-28,-10.040000,-4.750000,-6.610000,2.800000,2.500000,105.199997,1.300000
2026-05-19-14-22-28,-10.020000,-4.760000,-6.610000,2.600000,3.000000,105.300003,1.300000
2026-05-19-14-22-28,-10.000000,-4.770000,-6.620000,2.200000,3.400000,104.900002,1.300000
2026-05-19-14-22-29,-10.000000,-4.800000,-6.620000,2.400000,3.000000,105.099998,1.300000
2026-05-19-14-22-29,-9.980000,-4.820000,-6.610000,2.300000,3.100000,104.599998,1.300000
2026-05-19-14-22-30,-9.980000,-4.830000,-6.610000,2.600000,2.600000,104.500000,1.300000
2026-05-19-14-22-30,-9.980000,-4.860000,-6.610000,1.900000,2.700000,104.500000,1.300000
2026-05-19-14-22-30,-9.980000,-4.870000,-6.610000,2.100000,3.000000,104.300003,1.300000
2026-05-19-14-22-31,-9.960000,-4.880000,-6.600000,2.400000,3.200000,103.699997,1.300000
2026-05-19-14-22-31,-9.940000,-4.900000,-6.600000,2.100000,3.200000,103.900002,1.300000
2026-05-19-14-22-31,-9.940000,-4.910000,-6.610000,2.300000,3.300000,103.699997,1.300000
2026-05-19-14-22-31,-9.940000,-4.920000,-6.600000,2.300000,3.400000,102.900002,1.300000
2026-05-19-14-22-31,-9.940000,-4.930000,-6.600000,2.300000,3.000000,102.599998,1.300000
2026-05-19-14-22-32,-9.940000,-4.950000,-6.600000,2.400000,2.600000,102.699997,1.300000
2026-05-19-14-22-32,-9.940000,-4.960000,-6.600000,2.500000,2.700000,101.900002,1.300000
2026-05-19-14-22-32,-9.930000,-4.960000,-6.600000,2.400000,3.100000,101.699997,1.300000
2026-05-19-14-22-32,-9.930000,-4.970000,-6.600000,1.900000,3.000000,101.800003,1.300000
2026-05-19-14-22-33,-9.920000,-4.990000,-6.600000,1.500000,3.000000,101.000000,1.300000
2026-05-19-14-22-33,-9.920000,-5.010000,-6.600000,1.700000,3.200000,100.500000,1.300000
2026-05-19-14-22-33,-9.920000,-5.020000,-6.590000,1.500000,3.500000,100.400002,1.300000
2026-05-19-14-22-33,-9.920000,-5.030000,-6.590000,1.700000,3.300000,99.599998,1.300000
2026-05-19-14-22-33,-9.910000,-5.040000,-6.590000,2.700000,3.200000,98.699997,1.300000
2026-05-19-14-22-34,-9.900000,-5.050000,-6.590000,2.300000,3.100000,98.800003,1.300000
2026-05-19-14-22-34,-9.900000,-5.070000,-6.590000,1.300000,2.600000,97.599998,1.000000
2026-05-19-14-22-34,-9.910000,-5.100000,-6.580000,1.500000,3.600000,96.599998,1.300000
2026-05-19-14-22-35,-9.890000,-5.120000,-6.510000,3.500000,2.000000,95.300003,1.300000
2026-05-19-14-22-35,-9.860000,-5.130000,-6.400000,5.100000,-0.300000,94.099998,1.300000
2026-05-19-14-22-35,-9.850000,-5.140000,-6.330000,5.700000,-1.100000,93.500000,1.300000
2026-05-19-14-22-36,-9.840000,-5.140000,-6.260000,6.300000,-3.100000,92.699997,1.300000
2026-05-19-14-22-36,-9.810000,-5.150000,-6.170000,7.400000,-5.200000,91.900002,1.300000
2026-05-19-14-22-36,-9.790000,-5.160000,-6.090000,8.900000,-7.000000,90.900002,1.300000
2026-05-19-14-22-36,-9.760000,-5.170000,-6.040000,9.100000,-7.900000,90.300003,1.300000
2026-05-19-14-22-36,-9.750000,-5.170000,-6.010000,8.400000,-8.400000,89.900002,1.300000
2026-05-19-14-22-37,-9.740000,-5.180000,-5.980000,7.600000,-8.100000,89.500000,1.300000
2026-05-19-14-22-37,-9.700000,-5.200000,-5.880000,9.200000,-7.700000,89.000000,1.300000
2026-05-19-14-22-37,-9.680000,-5.210000,-5.840000,9.300000,-7.600000,88.900002,1.300000
2026-05-19-14-22-37,-9.660000,-5.230000,-5.820000,8.400000,-7.300000,88.800003,1.300000
2026-05-19-14-22-38,-9.650000,-5.240000,-5.800000,7.100000,-6.800000,88.699997,1.300000
2026-05-19-14-22-38,-9.630000,-5.260000,-5.790000,6.200000,-6.200000,88.500000,1.300000
2026-05-19-14-22-38,-9.620000,-5.270000,-5.790000,5.900000,-5.500000,88.099998,1.300000
2026-05-19-14-22-38,-9.600000,-5.250000,-5.770000,6.800000,-2.700000,88.699997,1.300000
2026-05-19-14-22-39,-9.570000,-5.190000,-5.750000,9.100000,1.800000,89.500000,1.300000
2026-05-19-14-22-39,-9.510000,-5.030000,-5.740000,13.900000,8.900000,92.199997,1.300000
2026-05-19-14-22-39,-9.480000,-4.940000,-5.750000,15.300000,10.100000,93.500000,1.300000
2026-05-19-14-22-39,-9.450000,-4.890000,-5.780000,13.400000,8.900000,94.000000,1.300000
2026-05-19-14-22-40,-9.430000,-4.860000,-5.810000,10.400000,7.100000,94.400002,1.300000
2026-05-19-14-22-40,-9.420000,-4.830000,-5.840000,7.200000,4.600000,94.800003,1.300000
2026-05-19-14-22-40,-9.410000,-4.800000,-5.870000,4.900000,2.400000,95.000000,1.300000
2026-05-19-14-22-40,-9.400000,-4.780000,-5.900000,3.800000,0.600000,94.900002,1.300000
2026-05-19-14-22-41,-9.390000,-4.770000,-5.930000,3.400000,-0.900000,94.699997,1.300000
2026-05-19-14-22-41,-9.380000,-4.750000,-5.970000,3.600000,-0.800000,94.400002,1.300000
2026-05-19-14-22-41,-9.380000,-4.740000,-6.020000,4.000000,0.600000,94.800003,1.300000
2026-05-19-14-22-41,-9.380000,-4.740000,-6.060000,4.700000,1.700000,94.800003,1.300000
2026-05-19-14-22-41,-9.380000,-4.730000,-6.100000,5.500000,2.600000,94.500000,1.300000
2026-05-19-14-22-42,-9.370000,-4.710000,-6.140000,7.600000,4.400000,95.300003,1.300000
2026-05-19-14-22-42,-9.360000,-4.640000,-6.170000,9.800000,7.100000,96.599998,1.300000
2026-05-19-14-22-42,-9.340000,-4.460000,-6.240000,9.900000,7.100000,98.500000,1.300000
2026-05-19-14-22-42,-9.320000,-4.360000,-6.280000,9.400000,3.600000,99.599998,1.300000
2026-05-19-14-22-43,-9.300000,-4.250000,-6.300000,8.300000,-0.100000,100.599998,1.300000
2026-05-19-14-22-43,-9.260000,-3.910000,-6.310000,1.500000,-8.000000,104.400002,1.300000
2026-05-19-14-22-44,-9.260000,-3.780000,-6.290000,-0.100000,-8.900000,105.800003,1.300000
2026-05-19-14-22-44,-9.240000,-3.560000,-6.240000,-0.800000,-8.900000,107.800003,1.300000
2026-05-19-14-22-44,-9.240000,-3.450000,-6.220000,0.100000,-8.900000,108.900002,1.300000
2026-05-19-14-22-44,-9.240000,-3.330000,-6.210000,1.100000,-8.900000,109.699997,1.300000
2026-05-19-14-22-45,-9.240000,-3.230000,-6.190000,1.900000,-9.200000,110.400002,1.300000
2026-05-19-14-22-45,-9.240000,-3.120000,-6.170000,2.800000,-9.300000,111.199997,1.300000
2026-05-19-14-22-45,-9.250000,-3.000000,-6.160000,2.900000,-9.500000,111.800003,1.300000
2026-05-19-14-22-45,-9.260000,-2.900000,-6.140000,3.300000,-9.500000,112.000000,1.300000
2026-05-19-14-22-46,-9.270000,-2.780000,-6.130000,4.000000,-9.800000,112.599998,1.300000
2026-05-19-14-22-46,-9.280000,-2.670000,-6.110000,4.700000,-9.700000,112.099998,1.300000
2026-05-19-14-22-46,-9.300000,-2.570000,-6.090000,6.700000,-9.700000,106.900002,1.300000
2026-05-19-14-22-46,-9.320000,-2.470000,-6.080000,11.400000,-9.400000,98.900002,1.300000
2026-05-19-14-22-46,-9.310000,-2.370000,-6.070000,16.200001,-8.300000,92.300003,1.300000
2026-05-19-14-22-47,-9.300000,-2.300000,-6.080000,15.800000,-8.700000,88.199997,1.300000
2026-05-19-14-22-47,-9.290000,-2.240000,-6.090000,13.000000,-8.800000,85.500000,1.300000
2026-05-19-14-22-47,-9.280000,-2.200000,-6.090000,8.800000,-8.000000,83.300003,1.300000
2026-05-19-14-22-47,-9.260000,-2.130000,-6.090000,5.800000,-5.400000,82.800003,1.300000
2026-05-19-14-22-47,-9.230000,-2.030000,-6.080000,3.400000,-1.800000,82.900002,1.300000
2026-05-19-14-22-48,-9.210000,-1.920000,-6.080000,3.300000,0.700000,83.099998,1.300000
2026-05-19-14-22-48,-9.170000,-1.800000,-6.090000,5.300000,1.100000,83.900002,1.300000
2026-05-19-14-22-48,-9.130000,-1.680000,-6.090000,6.800000,-0.200000,85.099998,1.300000
2026-05-19-14-22-48,-9.100000,-1.580000,-6.100000,7.000000,-2.300000,86.599998,1.300000
2026-05-19-14-22-49,-9.070000,-1.500000,-6.110000,5.400000,-5.400000,87.400002,1.300000
2026-05-19-14-22-49,-9.050000,-1.440000,-6.120000,3.500000,-7.900000,87.800003,1.300000
2026-05-19-14-22-49,-9.040000,-1.400000,-6.150000,3.000000,-9.000000,88.000000,1.300000
2026-05-19-14-22-49,-9.030000,-1.360000,-6.210000,3.100000,-7.600000,89.099998,1.300000
2026-05-19-14-22-50,-9.020000,-1.310000,-6.380000,4.500000,-2.000000,90.800003,1.300000
2026-05-19-14-22-50,-9.020000,-1.300000,-6.460000,6.700000,1.300000,91.000000,1.300000
2026-05-19-14-22-50,-9.030000,-1.290000,-6.520000,8.400000,3.900000,90.800003,1.300000
2026-05-19-14-22-50,-9.030000,-1.280000,-6.570000,9.800000,6.400000,90.099998,1.300000
2026-05-19-14-22-51,-9.040000,-1.280000,-6.610000,10.200000,8.100000,89.099998,1.300000
2026-05-19-14-22-51,-9.050000,-1.280000,-6.660000,10.100000,9.400000,87.900002,1.300000
2026-05-19-14-22-51,-9.060000,-1.260000,-6.750000,9.400000,12.000000,87.300003,1.300000
2026-05-19-14-22-51,-9.060000,-1.200000,-6.800000,11.600000,15.200000,88.500000,1.300000
2026-05-19-14-22-52,-9.030000,-1.020000,-6.920000,14.200000,13.900000,88.800003,1.300000
2026-05-19-14-22-52,-9.000000,-0.830000,-7.020000,14.000000,4.000000,86.400002,1.300000
2026-05-19-14-22-52,-8.970000,-0.730000,-7.050000,14.000000,-0.900000,84.599998,1.300000
2026-05-19-14-22-53,-8.900000,-0.540000,-7.070000,13.400000,-5.600000,81.599998,1.300000
2026-05-19-14-22-53,-8.870000,-0.450000,-7.070000,12.300000,-5.600000,80.300003,1.300000
2026-05-19-14-22-54,-8.800000,-0.270000,-7.070000,8.200000,-3.900000,78.099998,1.300000
2026-05-19-14-22-54,-8.770000,-0.160000,-7.070000,6.700000,-2.800000,77.199997,1.300000
2026-05-19-14-22-54,-8.710000,-0.060000,-7.060000,6.100000,-2.200000,76.800003,1.300000
2026-05-19-14-22-54,-8.660000,0.010000,-7.060000,5.600000,-2.300000,75.699997,1.300000
2026-05-19-14-22-54,-8.620000,0.050000,-7.070000,4.100000,-3.000000,74.099998,1.300000
2026-05-19-14-22-55,-8.600000,0.080000,-7.080000,2.800000,-3.300000,72.300003,1.300000
2026-05-19-14-22-55,-8.590000,0.110000,-7.100000,2.200000,-2.800000,70.300003,1.300000
2026-05-19-14-22-55,-8.580000,0.120000,-7.110000,2.400000,-1.300000,68.300003,1.300000
2026-05-19-14-22-55,-8.550000,0.160000,-7.120000,3.000000,2.600000,67.500000,1.300000
2026-05-19-14-22-56,-8.460000,0.320000,-7.130000,5.200000,9.400000,68.400002,1.300000
2026-05-19-14-22-56,-8.400000,0.400000,-7.150000,6.400000,9.700000,69.199997,1.300000
2026-05-19-14-22-56,-8.350000,0.490000,-7.180000,7.600000,7.900000,70.000000,1.300000
2026-05-19-14-22-56,-8.290000,0.580000,-7.210000,7.600000,5.200000,70.800003,1.300000
2026-05-19-14-22-57,-8.240000,0.670000,-7.230000,6.700000,2.500000,71.500000,1.300000
2026-05-19-14-22-57,-8.180000,0.770000,-7.240000,5.700000,0.100000,72.300003,1.300000
2026-05-19-14-22-57,-8.110000,0.860000,-7.250000,4.700000,-2.000000,73.099998,1.300000
2026-05-19-14-22-58,-8.050000,0.970000,-7.270000,4.200000,-6.300000,70.699997,1.300000
2026-05-19-14-22-58,-8.030000,1.000000,-7.280000,7.600000,-6.600000,59.200001,1.300000
2026-05-19-14-22-58,-8.020000,1.030000,-7.290000,8.600000,-6.000000,52.700001,1.300000
2026-05-19-14-22-58,-8.010000,1.050000,-7.300000,7.600000,-4.700000,48.299999,1.300000
2026-05-19-14-22-58,-7.990000,1.080000,-7.310000,3.500000,-2.200000,46.299999,1.300000
2026-05-19-14-22-59,-7.940000,1.130000,-7.310000,1.100000,0.800000,47.000000,1.300000
2026-05-19-14-22-59,-7.870000,1.180000,-7.320000,0.500000,3.000000,48.000000,1.300000
2026-05-19-14-22-59,-7.790000,1.250000,-7.330000,1.500000,4.400000,49.599998,1.300000
2026-05-19-14-22-59,-7.700000,1.320000,-7.340000,2.900000,3.900000,51.000000,1.300000
2026-05-19-14-22-59,-7.610000,1.390000,-7.360000,3.700000,2.500000,52.299999,1.300000
2026-05-19-14-23-00,-7.520000,1.470000,-7.370000,3.000000,0.400000,54.000000,1.300000
2026-05-19-14-23-00,-7.430000,1.550000,-7.380000,1.100000,-1.400000,55.299999,1.300000
2026-05-19-14-23-00,-7.360000,1.620000,-7.380000,-0.100000,-3.000000,56.700001,1.300000
2026-05-19-14-23-00,-7.280000,1.700000,-7.390000,-1.100000,-4.200000,58.000000,1.300000
2026-05-19-14-23-01,-7.180000,1.790000,-7.400000,-0.900000,-7.700000,58.799999,1.300000
2026-05-19-14-23-01,-7.070000,1.890000,-7.390000,3.700000,-6.100000,59.900002,1.300000
2026-05-19-14-23-01,-7.000000,1.960000,-7.380000,5.100000,-4.300000,60.599998,1.300000
2026-05-19-14-23-02,-6.930000,2.040000,-7.380000,6.400000,-3.300000,61.000000,1.300000
2026-05-19-14-23-02,-6.850000,2.110000,-7.380000,7.800000,-3.200000,61.099998,1.300000
2026-05-19-14-23-02,-6.770000,2.190000,-7.380000,8.100000,-3.100000,61.200001,1.300000
2026-05-19-14-23-02,-6.700000,2.250000,-7.380000,7.900000,-3.500000,60.799999,1.300000
2026-05-19-14-23-03,-6.650000,2.290000,-7.390000,6.000000,-5.100000,59.500000,1.300000
2026-05-19-14-23-03,-6.610000,2.320000,-7.400000,4.100000,-6.000000,58.599998,1.300000
2026-05-19-14-23-03,-6.490000,2.470000,-7.380000,1.900000,-3.100000,57.099998,1.300000
2026-05-19-14-23-03,-6.460000,2.550000,-7.370000,2.300000,-1.400000,57.599998,1.300000
2026-05-19-14-23-04,-6.350000,2.630000,-7.370000,3.500000,-1.100000,58.299999,1.300000
2026-05-19-14-23-04,-6.260000,2.680000,-7.370000,3.500000,-4.100000,71.000000,1.300000
2026-05-19-14-23-04,-6.210000,2.710000,-7.380000,1.700000,-6.900000,82.199997,1.300000
2026-05-19-14-23-04,-6.180000,2.730000,-7.390000,1.100000,-8.400000,86.599998,1.300000
2026-05-19-14-23-05,-6.160000,2.750000,-7.400000,2.700000,-9.100000,88.699997,1.300000
2026-05-19-14-23-05,-6.140000,2.800000,-7.400000,5.100000,-7.300000,90.300003,1.300000
2026-05-19-14-23-05,-6.130000,2.870000,-7.390000,7.300000,-4.500000,91.099998,1.300000
2026-05-19-14-23-05,-6.110000,2.960000,-7.380000,8.600000,-2.600000,91.300003,1.300000
2026-05-19-14-23-06,-6.080000,3.160000,-7.390000,11.700000,-3.000000,90.699997,1.300000
2026-05-19-14-23-06,-6.060000,3.240000,-7.400000,12.800000,-5.800000,89.400002,1.300000
2026-05-19-14-23-06,-6.060000,3.280000,-7.420000,12.900000,-8.900000,81.699997,1.300000
2026-05-19-14-23-06,-6.060000,3.320000,-7.430000,14.000000,-10.300000,71.400002,1.300000
2026-05-19-14-23-06,-6.060000,3.350000,-7.440000,14.500000,-10.800000,67.000000,1.300000
2026-05-19-14-23-07,-6.030000,3.410000,-7.440000,17.000000,-7.300000,61.900002,1.300000
2026-05-19-14-23-07,-5.980000,3.480000,-7.430000,16.799999,-5.000000,59.900002,1.300000
2026-05-19-14-23-07,-5.920000,3.560000,-7.430000,15.600000,-3.500000,59.299999,1.300000
2026-05-19-14-23-08,-5.720000,3.810000,-7.430000,11.100000,-5.400000,58.400002,1.300000
2026-05-19-14-23-08,-5.650000,3.890000,-7.430000,10.300000,-6.500000,57.799999,1.300000
2026-05-19-14-23-08,-5.580000,3.970000,-7.430000,9.400000,-7.100000,57.299999,1.300000
2026-05-19-14-23-08,-5.530000,4.010000,-7.430000,7.200000,-7.900000,56.099998,1.300000
2026-05-19-14-23-09,-5.500000,4.050000,-7.440000,5.600000,-7.900000,54.900002,1.300000
2026-05-19-14-23-09,-5.480000,4.080000,-7.490000,4.800000,-6.200000,55.000000,1.300000
2026-05-19-14-23-09,-5.460000,4.100000,-7.570000,4.100000,-3.400000,55.599998,1.300000
2026-05-19-14-23-09,-5.450000,4.110000,-7.620000,4.200000,-0.100000,55.299999,1.300000
2026-05-19-14-23-09,-5.450000,4.120000,-7.670000,4.700000,2.600000,54.099998,1.300000
2026-05-19-14-23-10,-5.440000,4.130000,-7.710000,5.100000,4.600000,52.299999,1.300000
2026-05-19-14-23-10,-5.450000,4.140000,-7.750000,5.100000,5.800000,50.500000,1.300000
2026-05-19-14-23-10,-5.450000,4.150000,-7.790000,4.800000,6.400000,48.500000,1.300000
2026-05-19-14-23-10,-5.460000,4.150000,-7.830000,4.400000,6.700000,46.200001,1.300000
2026-05-19-14-23-11,-5.480000,4.150000,-7.870000,3.900000,6.700000,43.900002,1.300000
2026-05-19-14-23-11,-5.490000,4.150000,-7.900000,3.600000,6.600000,41.900002,1.300000
2026-05-19-14-23-11,-5.510000,4.150000,-7.940000,3.400000,6.500000,40.000000,1.300000
2026-05-19-14-23-11,-5.520000,4.140000,-7.980000,3.200000,6.400000,38.500000,1.300000
2026-05-19-14-23-11,-5.540000,4.130000,-8.010000,3.000000,6.200000,36.900002,1.300000
2026-05-19-14-23-12,-5.560000,4.130000,-8.050000,2.700000,6.200000,35.099998,1.300000
2026-05-19-14-23-12,-5.580000,4.120000,-8.090000,2.200000,6.400000,33.500000,1.300000
2026-05-19-14-23-12,-5.610000,4.110000,-8.130000,1.700000,6.500000,32.000000,1.300000
2026-05-19-14-23-12,-5.640000,4.100000,-8.160000,1.400000,6.700000,31.000000,1.300000
2026-05-19-14-23-12,-5.660000,4.080000,-8.200000,2.200000,7.200000,35.599998,1.300000
2026-05-19-14-23-13,-5.660000,4.060000,-8.220000,3.700000,8.600000,47.700001,1.300000
2026-05-19-14-23-13,-5.660000,4.050000,-8.240000,4.800000,9.400000,54.299999,1.300000
2026-05-19-14-23-13,-5.680000,4.050000,-8.260000,5.700000,9.100000,58.000000,1.300000
2026-05-19-14-23-13,-5.690000,4.040000,-8.290000,6.300000,8.200000,60.000000,1.300000
2026-05-19-14-23-14,-5.720000,4.030000,-8.330000,6.700000,7.100000,60.799999,1.300000
2026-05-19-14-23-14,-5.750000,4.020000,-8.370000,6.600000,5.600000,60.599998,1.300000
2026-05-19-14-23-14,-5.790000,4.000000,-8.400000,6.100000,4.300000,59.700001,1.300000
2026-05-19-14-23-14,-5.820000,3.990000,-8.430000,5.600000,3.200000,58.599998,1.300000
2026-05-19-14-23-15,-5.840000,3.990000,-8.460000,5.200000,2.800000,57.299999,1.300000
2026-05-19-14-23-15,-5.860000,3.980000,-8.490000,4.800000,3.200000,56.000000,1.300000
2026-05-19-14-23-15,-5.890000,3.980000,-8.520000,4.200000,3.400000,54.000000,1.300000
2026-05-19-14-23-15,-5.920000,3.970000,-8.550000,3.300000,2.400000,51.799999,1.300000
2026-05-19-14-23-15,-5.950000,3.950000,-8.580000,2.600000,1.900000,49.299999,1.300000
2026-05-19-14-23-16,-5.970000,3.950000,-8.600000,2.800000,3.000000,47.700001,1.300000
2026-05-19-14-23-16,-5.990000,3.940000,-8.600000,3.400000,4.300000,45.700001,1.300000
2026-05-19-14-23-16,-6.010000,3.940000,-8.590000,3.400000,5.000000,43.500000,1.300000
2026-05-19-14-23-16,-6.030000,3.940000,-8.570000,3.200000,4.700000,41.200001,1.300000
2026-05-19-14-23-16,-6.060000,3.940000,-8.560000,3.000000,3.700000,39.799999,1.300000
2026-05-19-14-23-17,-6.090000,3.940000,-8.560000,2.500000,2.500000,37.400002,1.300000
2026-05-19-14-23-17,-6.110000,3.950000,-8.560000,2.100000,1.800000,34.900002,1.300000
2026-05-19-14-23-17,-6.130000,3.950000,-8.550000,2.200000,1.300000,33.200001,1.300000
2026-05-19-14-23-17,-6.150000,3.950000,-8.550000,2.000000,0.700000,31.100000,1.300000
2026-05-19-14-23-18,-6.170000,3.940000,-8.560000,2.100000,0.700000,28.100000,1.300000
2026-05-19-14-23-18,-6.200000,3.940000,-8.570000,2.300000,1.100000,26.000000,1.300000
2026-05-19-14-23-18,-6.220000,3.940000,-8.560000,1.900000,1.500000,24.299999,1.300000
2026-05-19-14-23-18,-6.250000,3.950000,-8.560000,1.400000,2.100000,21.500000,1.300000
2026-05-19-14-23-18,-6.270000,3.960000,-8.550000,1.300000,2.500000,19.500000,1.300000
2026-05-19-14-23-19,-6.290000,3.950000,-8.540000,1.200000,2.200000,17.700001,1.300000
2026-05-19-14-23-19,-6.320000,3.950000,-8.540000,1.400000,1.600000,15.700000,1.300000
2026-05-19-14-23-19,-6.340000,3.950000,-8.540000,1.400000,1.100000,14.000000,1.300000
2026-05-19-14-23-19,-6.370000,3.950000,-8.550000,1.300000,0.300000,12.000000,1.300000
2026-05-19-14-23-20,-6.400000,3.960000,-8.550000,1.900000,-0.200000,10.200000,1.300000
2026-05-19-14-23-20,-6.410000,3.960000,-8.550000,2.200000,-0.100000,8.600000,1.300000
2026-05-19-14-23-20,-6.430000,3.960000,-8.550000,1.800000,0.400000,6.700000,1.300000
2026-05-19-14-23-20,-6.450000,3.970000,-8.540000,2.100000,1.100000,5.000000,1.300000
2026-05-19-14-23-20,-6.480000,3.970000,-8.540000,1.900000,1.400000,3.800000,1.300000
2026-05-19-14-23-21,-6.510000,3.980000,-8.540000,1.400000,0.900000,2.300000,1.300000
2026-05-19-14-23-21,-6.540000,3.990000,-8.540000,1.800000,0.200000,0.900000,1.300000
2026-05-19-14-23-21,-6.570000,3.990000,-8.540000,2.300000,-0.200000,-0.800000,1.300000
2026-05-19-14-23-21,-6.590000,3.980000,-8.540000,2.000000,-0.400000,-2.200000,1.300000
2026-05-19-14-23-21,-6.610000,3.980000,-8.540000,2.200000,-0.700000,-3.400000,1.300000
2026-05-19-14-23-22,-6.620000,3.990000,-8.540000,2.600000,-0.800000,-4.500000,1.300000
2026-05-19-14-23-22,-6.640000,4.010000,-8.540000,2.200000,-0.300000,-5.600000,1.300000
2026-05-19-14-23-22,-6.660000,4.020000,-8.530000,2.300000,-0.200000,-6.500000,1.300000
2026-05-19-14-23-22,-6.690000,4.020000,-8.530000,2.600000,-0.600000,-7.200000,1.300000
2026-05-19-14-23-23,-6.720000,4.020000,-8.530000,2.100000,-0.100000,-8.500000,1.300000
2026-05-19-14-23-23,-6.740000,4.020000,-8.530000,1.600000,0.200000,-9.900000,1.300000
2026-05-19-14-23-23,-6.760000,4.030000,-8.530000,1.700000,-0.100000,-10.600000,1.300000
2026-05-19-14-23-23,-6.790000,4.040000,-8.530000,2.000000,-0.800000,-11.300000,1.300000
2026-05-19-14-23-23,-6.830000,4.050000,-8.540000,2.100000,-2.600000,-12.600000,1.300000
2026-05-19-14-23-24,-6.910000,4.070000,-8.540000,2.900000,-4.000000,-14.400000,1.300000
2026-05-19-14-23-24,-7.000000,4.110000,-8.540000,3.100000,-3.800000,-16.600000,1.300000
2026-05-19-14-23-24,-7.110000,4.130000,-8.530000,3.100000,-2.300000,-19.000000,1.300000
2026-05-19-14-23-24,-7.200000,4.160000,-8.520000,3.300000,0.100000,-21.200001,1.300000
2026-05-19-14-23-25,-7.390000,4.220000,-8.510000,3.300000,4.500000,-25.200001,1.300000
2026-05-19-14-23-25,-7.460000,4.260000,-8.500000,2.500000,5.800000,-27.000000,1.300000
2026-05-19-14-23-25,-7.520000,4.290000,-8.500000,1.800000,5.600000,-29.200001,1.300000
2026-05-19-14-23-25,-7.570000,4.320000,-8.490000,0.100000,5.300000,-41.500000,1.300000
2026-05-19-14-23-26,-7.570000,4.350000,-8.480000,-2.100000,5.700000,-59.200001,1.300000
2026-05-19-14-23-26,-7.560000,4.360000,-8.470000,-5.400000,3.400000,-83.599998,1.300000
2026-05-19-14-23-26,-7.560000,4.350000,-8.480000,-6.000000,1.200000,-98.400002,1.300000
2026-05-19-14-23-26,-7.580000,4.340000,-8.490000,-5.400000,-1.000000,-106.400002,1.300000
2026-05-19-14-23-27,-7.600000,4.350000,-8.510000,-4.200000,-3.800000,-112.300003,1.300000
2026-05-19-14-23-27,-7.620000,4.360000,-8.520000,-2.900000,-5.800000,-116.099998,1.300000
2026-05-19-14-23-27,-7.640000,4.370000,-8.520000,-2.000000,-6.300000,-119.400002,1.300000
2026-05-19-14-23-27,-7.670000,4.350000,-8.510000,-1.200000,-3.700000,-121.599998,1.300000
2026-05-19-14-23-28,-7.790000,4.260000,-8.490000,-0.400000,3.800000,-123.400002,1.300000
2026-05-19-14-23-28,-7.880000,4.210000,-8.490000,-0.100000,4.600000,-123.300003,1.300000
2026-05-19-14-23-28,-7.960000,4.100000,-8.510000,0.500000,3.900000,-122.199997,1.300000
2026-05-19-14-23-28,-8.050000,4.090000,-8.520000,0.400000,1.700000,-119.900002,1.300000
2026-05-19-14-23-28,-8.140000,4.020000,-8.520000,-0.300000,0.300000,-118.000000,1.300000
2026-05-19-14-23-29,-8.200000,3.960000,-8.520000,-2.600000,-2.700000,-116.099998,1.300000
2026-05-19-14-23-29,-8.250000,3.920000,-8.520000,-4.700000,-5.600000,-114.699997,1.300000
2026-05-19-14-23-29,-8.300000,3.890000,-8.530000,-5.600000,-8.700000,-113.099998,1.300000
2026-05-19-14-23-29,-8.350000,3.860000,-8.540000,-4.700000,-10.900000,-111.699997,1.300000
2026-05-19-14-23-30,-8.390000,3.850000,-8.550000,-2.800000,-11.200000,-110.199997,1.300000
2026-05-19-14-23-30,-8.410000,3.830000,-8.570000,-0.700000,-10.900000,-108.900002,1.300000
2026-05-19-14-23-30,-8.430000,3.820000,-8.580000,1.700000,-10.100000,-107.699997,1.300000
2026-05-19-14-23-30,-8.460000,3.810000,-8.580000,3.300000,-7.000000,-106.000000,1.300000
2026-05-19-14-23-30,-8.480000,3.790000,-8.580000,4.500000,-2.800000,-103.699997,1.300000
2026-05-19-14-23-31,-8.510000,3.770000,-8.590000,5.100000,0.200000,-101.800003,1.300000
2026-05-19-14-23-31,-8.530000,3.760000,-8.600000,5.000000,3.000000,-99.800003,1.300000
2026-05-19-14-23-31,-8.550000,3.760000,-8.600000,4.600000,4.100000,-97.800003,1.300000
2026-05-19-14-23-31,-8.570000,3.760000,-8.600000,4.100000,3.500000,-96.500000,1.300000
2026-05-19-14-23-32,-8.600000,3.750000,-8.590000,3.900000,2.000000,-95.599998,1.300000
2026-05-19-14-23-32,-8.620000,3.740000,-8.590000,3.900000,0.400000,-94.599998,1.300000
2026-05-19-14-23-32,-8.640000,3.740000,-8.600000,3.800000,-1.400000,-93.599998,1.300000
2026-05-19-14-23-32,-8.650000,3.730000,-8.600000,3.900000,-2.000000,-93.099998,1.300000
2026-05-19-14-23-32,-8.670000,3.710000,-8.610000,4.300000,-1.300000,-92.300003,1.300000
2026-05-19-14-23-33,-8.690000,3.710000,-8.610000,4.600000,-1.100000,-91.199997,1.300000
2026-05-19-14-23-33,-8.710000,3.720000,-8.610000,4.900000,-1.300000,-90.699997,1.300000
2026-05-19-14-23-33,-8.720000,3.720000,-8.610000,5.200000,-0.700000,-90.199997,1.300000
2026-05-19-14-23-33,-8.740000,3.710000,-8.620000,5.200000,0.300000,-89.199997,1.300000
2026-05-19-14-23-33,-8.770000,3.710000,-8.620000,5.200000,0.600000,-88.400002,1.300000
2026-05-19-14-23-34,-8.790000,3.710000,-8.630000,5.200000,0.700000,-88.099998,1.300000
2026-05-19-14-23-34,-8.810000,3.700000,-8.620000,4.800000,0.300000,-87.199997,1.300000
2026-05-19-14-23-34,-8.820000,3.710000,-8.620000,4.100000,-0.500000,-86.500000,1.300000
2026-05-19-14-23-34,-8.820000,3.710000,-8.620000,4.300000,-0.500000,-86.800003,1.300000
2026-05-19-14-23-35,-8.850000,3.700000,-8.620000,4.500000,-0.200000,-86.300003,1.300000
2026-05-19-14-23-35,-8.870000,3.700000,-8.620000,4.400000,-0.200000,-85.199997,1.300000
2026-05-19-14-23-35,-8.890000,3.720000,-8.630000,4.700000,-0.500000,-84.699997,1.300000
2026-05-19-14-23-35,-8.890000,3.730000,-8.630000,4.800000,-1.200000,-84.599998,1.300000
2026-05-19-14-23-35,-8.910000,3.740000,-8.630000,4.600000,-0.900000,-84.300003,1.300000
2026-05-19-14-23-36,-8.920000,3.740000,-8.630000,4.800000,-0.300000,-84.099998,1.300000
2026-05-19-14-23-36,-8.940000,3.730000,-8.630000,4.900000,-0.100000,-83.800003,1.300000
2026-05-19-14-23-36,-8.950000,3.740000,-8.630000,4.600000,0.200000,-83.199997,1.300000
2026-05-19-14-23-36,-8.970000,3.740000,-8.630000,4.500000,0.300000,-83.000000,1.300000
2026-05-19-14-23-37,-8.980000,3.760000,-8.630000,4.600000,-0.200000,-83.300003,1.300000
2026-05-19-14-23-37,-9.000000,3.760000,-8.630000,4.600000,-0.600000,-83.099998,1.300000
2026-05-19-14-23-37,-9.010000,3.770000,-8.640000,4.600000,-0.600000,-82.699997,1.300000
2026-05-19-14-23-37,-9.020000,3.780000,-8.640000,4.500000,-0.600000,-82.900002,1.300000
2026-05-19-14-23-37,-9.030000,3.790000,-8.640000,4.400000,-0.800000,-82.699997,1.300000
2026-05-19-14-23-38,-9.040000,3.800000,-8.640000,4.700000,-0.600000,-82.699997,1.300000
2026-05-19-14-23-38,-9.060000,3.800000,-8.640000,4.800000,-0.400000,-83.300003,1.300000
2026-05-19-14-23-38,-9.080000,3.810000,-8.640000,4.700000,-0.500000,-83.000000,1.300000
2026-05-19-14-23-38,-9.090000,3.820000,-8.640000,4.500000,-0.600000,-82.400002,1.300000
2026-05-19-14-23-38,-9.090000,3.830000,-8.640000,4.500000,-0.300000,-82.800003,1.300000
2026-05-19-14-23-39,-9.100000,3.840000,-8.640000,4.800000,-0.100000,-83.400002,1.300000
2026-05-19-14-23-39,-9.120000,3.850000,-8.640000,4.800000,-0.300000,-83.199997,1.300000
2026-05-19-14-23-39,-9.130000,3.860000,-8.640000,4.600000,-0.500000,-83.199997,1.300000
2026-05-19-14-23-39,-9.140000,3.870000,-8.640000,4.600000,-0.500000,-83.400002,1.300000
2026-05-19-14-23-40,-9.150000,3.880000,-8.640000,4.600000,-0.600000,-83.500000,1.300000
2026-05-19-14-23-40,-9.160000,3.890000,-8.650000,4.500000,-0.500000,-83.699997,1.300000
2026-05-19-14-23-40,-9.170000,3.900000,-8.650000,4.700000,-0.300000,-83.900002,1.300000
2026-05-19-14-23-40,-9.190000,3.910000,-8.650000,4.900000,-0.200000,-83.599998,1.300000
2026-05-19-14-23-40,-9.200000,3.930000,-8.650000,4.900000,-0.700000,-83.800003,1.300000
2026-05-19-14-23-41,-9.210000,3.950000,-8.650000,4.700000,-0.600000,-84.300003,1.300000
2026-05-19-14-23-41,-9.210000,3.960000,-8.640000,4.700000,-0.200000,-84.599998,1.300000
2026-05-19-14-23-41,-9.220000,3.960000,-8.640000,5.100000,-0.200000,-84.500000,1.300000
2026-05-19-14-23-41,-9.240000,3.970000,-8.640000,5.200000,-0.300000,-84.500000,1.300000
2026-05-19-14-23-42,-9.250000,3.980000,-8.650000,4.800000,-0.300000,-84.699997,1.300000
2026-05-19-14-23-42,-9.250000,4.000000,-8.650000,4.600000,-0.900000,-85.099998,1.300000
2026-05-19-14-23-42,-9.260000,4.020000,-8.650000,4.700000,-1.000000,-85.199997,1.300000
2026-05-19-14-23-42,-9.260000,4.030000,-8.660000,5.000000,-0.500000,-85.500000,1.300000
2026-05-19-14-23-42,-9.270000,4.040000,-8.660000,4.900000,-0.500000,-85.699997,1.300000
2026-05-19-14-23-43,-9.280000,4.060000,-8.650000,4.700000,-0.600000,-85.400002,1.300000
2026-05-19-14-23-43,-9.290000,4.070000,-8.640000,4.900000,-0.100000,-85.800003,1.300000
2026-05-19-14-23-43,-9.300000,4.080000,-8.640000,5.300000,0.200000,-86.199997,1.300000
2026-05-19-14-23-43,-9.310000,4.090000,-8.640000,5.100000,-0.300000,-86.099998,1.300000
2026-05-19-14-23-43,-9.310000,4.110000,-8.640000,5.000000,-0.400000,-86.400002,1.300000
2026-05-19-14-23-44,-9.310000,4.120000,-8.650000,5.500000,-0.400000,-86.900002,1.300000
2026-05-19-14-23-44,-9.320000,4.130000,-8.650000,5.500000,-0.600000,-86.800003,1.300000
2026-05-19-14-23-44,-9.330000,4.160000,-8.650000,4.700000,-0.800000,-87.000000,1.300000
2026-05-19-14-23-44,-9.330000,4.170000,-8.650000,4.700000,-0.400000,-87.400002,1.300000
2026-05-19-14-23-45,-9.340000,4.180000,-8.650000,4.900000,-0.000000,-87.500000,1.300000
2026-05-19-14-23-45,-9.350000,4.190000,-8.650000,4.700000,-0.100000,-87.599998,1.300000
2026-05-19-14-23-45,-9.360000,4.210000,-8.640000,4.700000,-0.400000,-87.900002,1.300000
2026-05-19-14-23-45,-9.360000,4.220000,-8.640000,4.800000,-0.300000,-88.199997,1.300000
2026-05-19-14-23-45,-9.360000,4.230000,-8.640000,5.000000,-0.100000,-88.300003,1.300000
2026-05-19-14-23-46,-9.370000,4.250000,-8.650000,4.900000,-0.600000,-88.300003,1.300000
2026-05-19-14-23-46,-9.370000,4.260000,-8.650000,5.200000,-1.100000,-88.900002,1.300000
2026-05-19-14-23-46,-9.380000,4.280000,-8.650000,5.300000,-0.900000,-89.400002,1.300000
2026-05-19-14-23-46,-9.380000,4.290000,-8.650000,4.900000,-0.800000,-89.400002,1.300000
2026-05-19-14-23-47,-9.390000,4.300000,-8.650000,4.800000,-0.600000,-89.599998,1.300000
2026-05-19-14-23-47,-9.400000,4.320000,-8.640000,5.300000,-0.200000,-89.900002,1.300000
2026-05-19-14-23-47,-9.410000,4.330000,-8.650000,5.100000,-0.100000,-89.900002,1.300000
2026-05-19-14-23-47,-9.410000,4.350000,-8.650000,4.400000,-0.400000,-89.699997,1.300000
2026-05-19-14-23-47,-9.400000,4.370000,-8.650000,4.900000,-0.100000,-90.300003,1.300000
2026-05-19-14-23-48,-9.400000,4.380000,-8.640000,5.600000,0.200000,-91.099998,1.300000
2026-05-19-14-23-48,-9.410000,4.390000,-8.650000,5.200000,-0.300000,-91.099998,1.300000
2026-05-19-14-23-48,-9.420000,4.410000,-8.650000,5.200000,-0.600000,-90.900002,1.300000
2026-05-19-14-23-48,-9.430000,4.420000,-8.650000,5.000000,-0.600000,-91.500000,1.300000
2026-05-19-14-23-49,-9.430000,4.440000,-8.640000,4.600000,-0.700000,-91.500000,1.300000
2026-05-19-14-23-49,-9.430000,4.460000,-8.640000,5.000000,-0.700000,-91.400002,1.300000
2026-05-19-14-23-49,-9.440000,4.470000,-8.650000,5.200000,-0.500000,-91.699997,1.300000
2026-05-19-14-23-49,-9.450000,4.490000,-8.650000,5.000000,-0.500000,-92.000000,1.300000
2026-05-19-14-23-49,-9.450000,4.510000,-8.650000,4.800000,-0.600000,-92.099998,1.300000
2026-05-19-14-23-50,-9.450000,4.520000,-8.640000,5.200000,-0.500000,-92.199997,1.300000
2026-05-19-14-23-50,-9.450000,4.530000,-8.650000,5.500000,-0.400000,-92.400002,1.300000
2026-05-19-14-23-50,-9.450000,4.550000,-8.660000,5.300000,-0.400000,-92.300003,1.300000
2026-05-19-14-23-50,-9.450000,4.560000,-8.650000,5.300000,-0.300000,-92.400002,1.300000
2026-05-19-14-23-50,-9.450000,4.580000,-8.650000,5.500000,-0.200000,-92.599998,1.300000
2026-05-19-14-23-51,-9.460000,4.610000,-8.650000,5.100000,-0.200000,-93.000000,1.300000
2026-05-19-14-23-51,-9.470000,4.620000,-8.650000,5.100000,-0.200000,-93.099998,1.300000
2026-05-19-14-23-51,-9.470000,4.640000,-8.650000,5.000000,-0.300000,-93.300003,1.300000
2026-05-19-14-23-51,-9.470000,4.650000,-8.650000,4.600000,-0.500000,-93.599998,1.300000
2026-05-19-14-23-52,-9.460000,4.660000,-8.640000,4.900000,-0.400000,-93.699997,1.300000
2026-05-19-14-23-52,-9.460000,4.680000,-8.640000,5.500000,-0.500000,-93.800003,1.300000
2026-05-19-14-23-52,-9.480000,4.690000,-8.640000,5.900000,-0.600000,-94.199997,1.300000
2026-05-19-14-23-52,-9.490000,4.720000,-8.650000,5.500000,-0.300000,-94.300003,1.300000
2026-05-19-14-23-52,-9.480000,4.740000,-8.650000,4.800000,0.000000,-94.699997,1.300000
2026-05-19-14-23-53,-9.470000,4.750000,-8.650000,5.000000,0.000000,-95.000000,1.300000
2026-05-19-14-23-53,-9.470000,4.770000,-8.650000,5.900000,-0.400000,-95.199997,1.300000
2026-05-19-14-23-53,-9.480000,4.780000,-8.640000,5.700000,-0.400000,-95.400002,1.300000
2026-05-19-14-23-53,-9.480000,4.790000,-8.640000,5.100000,-0.100000,-95.900002,1.300000
2026-05-19-14-23-54,-9.480000,4.810000,-8.640000,5.000000,-0.200000,-96.500000,1.300000
2026-05-19-14-23-54,-9.490000,4.820000,-8.640000,4.900000,-0.100000,-96.699997,1.300000
2026-05-19-14-23-54,-9.490000,4.840000,-8.640000,4.700000,-0.200000,-96.900002,1.300000
2026-05-19-14-23-54,-9.480000,4.870000,-8.640000,5.000000,-0.400000,-97.599998,1.300000
2026-05-19-14-23-54,-9.480000,4.890000,-8.650000,5.200000,-0.100000,-98.099998,1.300000
2026-05-19-14-23-55,-9.480000,4.900000,-8.650000,5.100000,0.200000,-98.599998,1.300000
2026-05-19-14-23-55,-9.470000,4.920000,-8.640000,5.400000,-0.300000,-99.199997,1.300000
2026-05-19-14-23-55,-9.480000,4.940000,-8.640000,5.900000,-0.500000,-99.699997,1.300000
2026-05-19-14-23-55,-9.480000,4.960000,-8.640000,5.800000,-0.000000,-100.000000,1.300000
2026-05-19-14-23-56,-9.490000,4.970000,-8.640000,5.100000,0.100000,-100.599998,1.300000
2026-05-19-14-23-56,-9.480000,4.990000,-8.640000,5.000000,-0.200000,-101.199997,1.300000
2026-05-19-14-23-56,-9.480000,5.010000,-8.640000,5.300000,-0.400000,-101.800003,1.300000
2026-05-19-14-23-56,-9.480000,5.020000,-8.640000,5.300000,-0.300000,-102.300003,1.300000
2026-05-19-14-23-56,-9.480000,5.040000,-8.640000,5.200000,-0.100000,-103.099998,1.300000
2026-05-19-14-23-57,-9.480000,5.050000,-8.640000,5.100000,0.300000,-103.699997,1.300000
2026-05-19-14-23-57,-9.480000,5.070000,-8.640000,5.200000,0.300000,-104.199997,1.300000
2026-05-19-14-23-57,-9.480000,5.090000,-8.640000,5.100000,0.100000,-104.800003,1.300000
2026-05-19-14-23-57,-9.470000,5.110000,-8.640000,5.200000,0.300000,-105.800003,1.300000
2026-05-19-14-23-58,-9.470000,5.120000,-8.640000,5.500000,0.600000,-106.599998,1.300000
2026-05-19-14-23-58,-9.470000,5.130000,-8.640000,5.800000,0.200000,-106.900002,1.300000
2026-05-19-14-23-58,-9.470000,5.150000,-8.640000,5.500000,-0.200000,-107.599998,1.300000
2026-05-19-14-23-58,-9.470000,5.160000,-8.640000,5.000000,0.000000,-108.599998,1.300000
2026-05-19-14-23-58,-9.460000,5.170000,-8.640000,5.200000,0.200000,-109.400002,1.300000
2026-05-19-14-23-59,-9.460000,5.190000,-8.640000,5.700000,0.100000,-110.000000,1.300000
2026-05-19-14-23-59,-9.460000,5.210000,-8.640000,5.100000,0.300000,-110.800003,1.300000
2026-05-19-14-23-59,-9.450000,5.230000,-8.630000,5.300000,0.800000,-111.800003,1.300000
2026-05-19-14-23-59,-9.450000,5.250000,-8.630000,5.600000,0.600000,-112.300003,1.300000
2026-05-19-14-23-59,-9.440000,5.260000,-8.630000,5.400000,0.500000,-113.199997,1.300000
2026-05-19-14-24-00,-9.440000,5.270000,-8.630000,5.500000,1.000000,-114.500000,1.300000
2026-05-19-14-24-00,-9.440000,5.290000,-8.640000,5.800000,0.800000,-115.300003,1.300000
2026-05-19-14-24-00,-9.430000,5.300000,-8.640000,5.300000,-0.100000,-115.599998,1.300000
2026-05-19-14-24-00,-9.420000,5.320000,-8.640000,5.300000,0.100000,-116.500000,1.300000
2026-05-19-14-24-01,-9.420000,5.330000,-8.640000,5.700000,0.900000,-117.800003,1.300000
2026-05-19-14-24-01,-9.420000,5.350000,-8.640000,5.800000,0.800000,-118.500000,1.300000
2026-05-19-14-24-01,-9.420000,5.370000,-8.640000,5.400000,0.400000,-119.199997,1.300000
2026-05-19-14-24-01,-9.410000,5.380000,-8.630000,4.900000,0.500000,-120.000000,1.300000
2026-05-19-14-24-01,-9.400000,5.390000,-8.630000,5.400000,0.800000,-120.800003,1.300000
2026-05-19-14-24-02,-9.390000,5.400000,-8.620000,6.100000,0.800000,-121.900002,1.300000
2026-05-19-14-24-02,-9.390000,5.420000,-8.630000,6.000000,0.700000,-123.099998,1.300000
2026-05-19-14-24-02,-9.390000,5.440000,-8.630000,5.300000,0.600000,-123.800003,1.300000
2026-05-19-14-24-02,-9.380000,5.450000,-8.630000,5.700000,0.900000,-124.300003,1.300000
2026-05-19-14-24-02,-9.380000,5.470000,-8.630000,5.900000,1.000000,-125.300003,1.300000
2026-05-19-14-24-03,-9.370000,5.480000,-8.630000,5.200000,0.700000,-126.599998,1.300000
2026-05-19-14-24-03,-9.360000,5.500000,-8.630000,5.400000,1.000000,-127.500000,1.300000
2026-05-19-14-24-03,-9.360000,5.510000,-8.630000,5.900000,1.100000,-128.000000,1.300000
2026-05-19-14-24-03,-9.360000,5.530000,-8.630000,5.300000,1.000000,-129.000000,1.300000
2026-05-19-14-24-04,-9.350000,5.540000,-8.630000,5.100000,1.100000,-130.100006,1.300000
2026-05-19-14-24-04,-9.340000,5.550000,-8.630000,5.700000,1.100000,-130.899994,1.300000
2026-05-19-14-24-04,-9.340000,5.570000,-8.630000,5.700000,1.000000,-131.699997,1.300000
2026-05-19-14-24-04,-9.320000,5.580000,-8.630000,5.300000,0.900000,-132.899994,1.300000
2026-05-19-14-24-05,-9.320000,5.590000,-8.630000,5.700000,1.100000,-133.500000,1.300000
2026-05-19-14-24-05,-9.310000,5.610000,-8.630000,5.800000,1.100000,-134.300003,1.300000
2026-05-19-14-24-05,-9.310000,5.630000,-8.630000,5.500000,1.100000,-135.600006,1.300000
2026-05-19-14-24-05,-9.300000,5.650000,-8.630000,5.100000,1.400000,-136.300003,1.300000
2026-05-19-14-24-05,-9.290000,5.650000,-8.620000,4.900000,1.600000,-137.100006,1.300000
2026-05-19-14-24-06,-9.280000,5.660000,-8.620000,5.200000,1.300000,-138.100006,1.300000
2026-05-19-14-24-06,-9.270000,5.670000,-8.620000,5.800000,1.300000,-139.000000,1.300000
2026-05-19-14-24-06,-9.270000,5.690000,-8.620000,5.900000,1.600000,-139.699997,1.300000
2026-05-19-14-24-06,-9.270000,5.710000,-8.630000,5.400000,1.400000,-140.699997,1.300000
2026-05-19-14-24-06,-9.250000,5.720000,-8.630000,5.100000,0.800000,-141.699997,1.300000
2026-05-19-14-24-07,-9.230000,5.730000,-8.630000,5.100000,0.900000,-142.399994,1.300000
2026-05-19-14-24-07,-9.220000,5.740000,-8.630000,5.900000,1.700000,-143.300003,1.300000
2026-05-19-14-24-07,-9.230000,5.750000,-8.620000,6.000000,2.000000,-144.600006,1.300000
2026-05-19-14-24-07,-9.220000,5.760000,-8.620000,5.400000,1.700000,-145.399994,1.300000
2026-05-19-14-24-08,-9.220000,5.780000,-8.620000,5.300000,1.600000,-145.699997,1.300000
2026-05-19-14-24-08,-9.210000,5.790000,-8.620000,5.500000,1.800000,-147.000000,1.300000
2026-05-19-14-24-08,-9.200000,5.800000,-8.620000,5.400000,1.700000,-148.100006,1.300000
2026-05-19-14-24-08,-9.190000,5.810000,-8.620000,5.300000,1.600000,-148.500000,1.300000
2026-05-19-14-24-08,-9.180000,5.820000,-8.620000,5.600000,1.600000,-149.500000,1.300000
2026-05-19-14-24-09,-9.160000,5.830000,-8.620000,5.800000,1.300000,-150.699997,1.300000
2026-05-19-14-24-09,-9.150000,5.850000,-8.620000,5.600000,1.300000,-151.100006,1.300000
2026-05-19-14-24-09,-9.140000,5.860000,-8.620000,5.300000,2.000000,-152.000000,1.300000
2026-05-19-14-24-09,-9.140000,5.860000,-8.620000,5.500000,2.400000,-153.199997,1.300000
2026-05-19-14-24-09,-9.140000,5.870000,-8.620000,5.900000,2.400000,-154.199997,1.300000
2026-05-19-14-24-10,-9.130000,5.880000,-8.620000,5.300000,2.100000,-154.600006,1.300000
2026-05-19-14-24-10,-9.110000,5.890000,-8.620000,4.900000,1.700000,-155.199997,1.300000
2026-05-19-14-24-10,-9.090000,5.900000,-8.620000,5.700000,1.800000,-156.600006,1.300000
2026-05-19-14-24-10,-9.080000,5.910000,-8.620000,6.000000,2.000000,-157.600006,1.300000
2026-05-19-14-24-11,-9.080000,5.930000,-8.610000,5.400000,2.000000,-158.100006,1.300000
2026-05-19-14-24-11,-9.070000,5.940000,-8.610000,4.900000,1.700000,-159.000000,1.300000
2026-05-19-14-24-11,-9.050000,5.940000,-8.610000,5.400000,1.900000,-160.100006,1.300000
2026-05-19-14-24-11,-9.040000,5.950000,-8.620000,5.300000,2.400000,-160.500000,1.300000
2026-05-19-14-24-11,-9.030000,5.960000,-8.620000,5.000000,2.500000,-161.100006,1.300000
2026-05-19-14-24-12,-9.020000,5.960000,-8.610000,5.200000,2.300000,-162.399994,1.300000
2026-05-19-14-24-12,-9.000000,5.970000,-8.610000,5.400000,2.300000,-163.399994,1.300000
2026-05-19-14-24-12,-8.990000,5.980000,-8.610000,5.700000,2.300000,-163.800003,1.300000
2026-05-19-14-24-12,-8.980000,5.990000,-8.610000,5.600000,2.400000,-164.899994,1.300000
2026-05-19-14-24-13,-8.970000,6.000000,-8.610000,5.400000,2.200000,-165.699997,1.300000
2026-05-19-14-24-13,-8.960000,6.010000,-8.610000,5.300000,2.200000,-166.100006,1.300000
2026-05-19-14-24-13,-8.950000,6.020000,-8.600000,5.100000,2.300000,-167.199997,1.300000
2026-05-19-14-24-13,-8.940000,6.030000,-8.600000,5.100000,2.300000,-167.699997,1.300000
2026-05-19-14-24-13,-8.930000,6.030000,-8.610000,4.900000,2.300000,-168.199997,1.300000
2026-05-19-14-24-14,-8.910000,6.030000,-8.610000,5.100000,2.700000,-169.399994,1.300000
2026-05-19-14-24-14,-8.900000,6.040000,-8.610000,5.400000,3.000000,-170.300003,1.300000
2026-05-19-14-24-14,-8.880000,6.050000,-8.610000,5.300000,2.700000,-170.500000,1.300000
2026-05-19-14-24-14,-8.860000,6.060000,-8.610000,5.000000,2.600000,-171.300003,1.300000
2026-05-19-14-24-15,-8.850000,6.060000,-8.610000,4.800000,2.900000,-172.399994,1.300000
2026-05-19-14-24-15,-8.840000,6.070000,-8.600000,4.900000,2.700000,-172.800003,1.300000
2026-05-19-14-24-15,-8.830000,6.090000,-8.590000,5.000000,2.300000,-173.399994,1.300000
2026-05-19-14-24-15,-8.820000,6.090000,-8.600000,4.900000,2.400000,-174.399994,1.300000
2026-05-19-14-24-15,-8.810000,6.100000,-8.600000,5.000000,2.600000,-174.699997,1.300000
2026-05-19-14-24-16,-8.790000,6.100000,-8.600000,5.300000,2.400000,-175.199997,1.300000
2026-05-19-14-24-16,-8.780000,6.100000,-8.610000,5.200000,2.100000,-176.000000,1.300000
2026-05-19-14-24-16,-8.760000,6.100000,-8.610000,5.000000,2.400000,-176.800003,1.300000
2026-05-19-14-24-16,-8.750000,6.110000,-8.600000,5.000000,2.900000,-177.300003,1.300000
2026-05-19-14-24-16,-8.740000,6.120000,-8.600000,5.100000,2.900000,-177.800003,1.300000
2026-05-19-14-24-17,-8.730000,6.130000,-8.600000,5.000000,3.000000,-178.500000,1.300000
2026-05-19-14-24-17,-8.720000,6.140000,-8.600000,4.500000,3.000000,-179.100006,1.300000
2026-05-19-14-24-17,-8.710000,6.140000,-8.600000,4.300000,2.800000,-179.600006,1.300000
2026-05-19-14-24-17,-8.700000,6.140000,-8.590000,4.800000,2.700000,179.399994,1.300000
2026-05-19-14-24-18,-8.680000,6.140000,-8.600000,5.300000,2.700000,178.699997,1.300000
2026-05-19-14-24-18,-8.670000,6.140000,-8.600000,5.300000,2.800000,178.699997,1.300000
2026-05-19-14-24-18,-8.660000,6.140000,-8.600000,5.000000,2.600000,178.100006,1.300000
2026-05-19-14-24-18,-8.640000,6.150000,-8.600000,5.000000,2.500000,176.800003,1.300000
2026-05-19-14-24-18,-8.630000,6.150000,-8.600000,5.000000,2.900000,176.399994,1.300000
2026-05-19-14-24-19,-8.620000,6.160000,-8.600000,4.800000,3.200000,176.399994,1.300000
2026-05-19-14-24-19,-8.610000,6.160000,-8.590000,4.400000,3.000000,175.399994,1.300000
2026-05-19-14-24-19,-8.590000,6.170000,-8.590000,4.700000,2.800000,174.399994,1.300000
2026-05-19-14-24-19,-8.580000,6.170000,-8.590000,4.800000,2.800000,174.300003,1.300000
2026-05-19-14-24-20,-8.560000,6.170000,-8.590000,4.600000,2.700000,173.899994,1.300000
2026-05-19-14-24-20,-8.550000,6.160000,-8.590000,4.600000,2.800000,172.899994,1.300000
2026-05-19-14-24-20,-8.540000,6.160000,-8.590000,5.000000,3.100000,172.100006,1.300000
2026-05-19-14-24-20,-8.530000,6.170000,-8.590000,5.300000,3.000000,171.800003,1.300000
2026-05-19-14-24-20,-8.520000,6.170000,-8.590000,5.300000,3.100000,171.399994,1.300000
2026-05-19-14-24-21,-8.500000,6.180000,-8.580000,4.800000,3.300000,170.399994,1.300000
2026-05-19-14-24-21,-8.490000,6.180000,-8.580000,4.700000,2.900000,169.899994,1.300000
2026-05-19-14-24-21,-8.480000,6.180000,-8.580000,4.700000,3.000000,169.500000,1.300000
2026-05-19-14-24-21,-8.470000,6.180000,-8.580000,4.600000,3.300000,168.699997,1.300000
2026-05-19-14-24-21,-8.460000,6.180000,-8.580000,4.600000,3.300000,168.100006,1.300000
2026-05-19-14-24-22,-8.440000,6.180000,-8.580000,4.600000,2.900000,168.000000,1.300000
2026-05-19-14-24-22,-8.430000,6.170000,-8.590000,4.500000,2.800000,167.800003,1.300000
2026-05-19-14-24-22,-8.420000,6.170000,-8.580000,4.400000,3.100000,166.699997,1.300000
2026-05-19-14-24-22,-8.400000,6.170000,-8.580000,4.500000,3.100000,165.899994,1.300000
2026-05-19-14-24-23,-8.410000,6.600000,-8.570000,5.900000,5.000000,165.800003,1.300000
2026-05-19-14-24-23,-8.460000,6.240000,-8.560000,7.100000,8.800000,166.600006,1.300000
2026-05-19-14-24-24,-8.720000,6.320000,-8.610000,9.000000,6.500000,170.600006,1.300000
2026-05-19-14-24-24,-8.810000,6.360000,-8.630000,8.900000,2.000000,172.000000,1.300000
2026-05-19-14-24-24,-8.900000,6.390000,-8.650000,7.500000,-4.000000,172.500000,1.300000
2026-05-19-14-24-24,-8.950000,6.410000,-8.660000,5.000000,-6.700000,173.199997,1.300000
2026-05-19-14-24-25,-9.010000,6.460000,-8.630000,1.900000,-8.300000,175.600006,1.300000
2026-05-19-14-24-25,-9.010000,6.480000,-8.580000,1.600000,-10.700000,175.899994,1.300000
2026-05-19-14-24-25,-9.000000,6.490000,-8.520000,2.000000,-12.900000,175.399994,1.300000
2026-05-19-14-24-25,-8.980000,6.490000,-8.450000,3.300000,-15.500000,174.600006,1.300000
2026-05-19-14-24-26,-8.960000,6.490000,-8.420000,4.300000,-17.600000,173.600006,1.300000
2026-05-19-14-24-26,-8.940000,6.490000,-8.400000,5.100000,-18.500000,172.800003,1.300000
2026-05-19-14-24-26,-8.920000,6.480000,-8.390000,6.000000,-17.900000,172.100006,1.300000
2026-05-19-14-24-26,-8.940000,6.490000,-8.380000,7.400000,-14.500000,172.300003,1.300000
2026-05-19-14-24-26,-8.980000,6.500000,-8.340000,8.900000,-9.700000,173.300003,1.300000
2026-05-19-14-24-27,-9.040000,6.530000,-8.310000,9.700000,-4.700000,174.699997,1.300000
2026-05-19-14-24-27,-9.130000,6.560000,-8.290000,11.100000,-0.400000,176.399994,1.300000
2026-05-19-14-24-27,-9.210000,6.570000,-8.290000,12.700000,2.700000,173.199997,1.300000
2026-05-19-14-24-27,-9.290000,6.590000,-8.290000,14.500000,7.200000,164.000000,1.300000
2026-05-19-14-24-28,-9.440000,6.680000,-8.340000,15.700000,8.700000,155.199997,1.300000
2026-05-19-14-24-28,-9.530000,6.740000,-8.360000,13.400000,6.900000,153.699997,1.300000
2026-05-19-14-24-29,-9.780000,6.940000,-8.420000,5.200000,-0.800000,154.000000,1.300000
2026-05-19-14-24-29,-9.850000,7.000000,-8.420000,2.900000,-2.900000,154.600006,1.300000
2026-05-19-14-24-29,-9.930000,7.080000,-8.420000,1.600000,-4.600000,155.399994,1.300000
2026-05-19-14-24-29,-10.020000,7.160000,-8.410000,1.200000,-6.000000,156.199997,1.300000
2026-05-19-14-24-30,-10.110000,7.260000,-8.410000,0.500000,-9.700000,156.699997,1.300000
2026-05-19-14-24-30,-10.260000,7.410000,-8.410000,6.900000,-5.400000,152.300003,1.300000
2026-05-19-14-24-31,-10.340000,7.480000,-8.400000,6.300000,-3.500000,153.399994,1.300000
2026-05-19-14-24-31,-10.430000,7.550000,-8.390000,6.000000,-2.800000,155.199997,1.300000
2026-05-19-14-24-31,-10.530000,7.620000,-8.380000,6.400000,-3.300000,157.300003,1.300000
2026-05-19-14-24-31,-10.630000,7.700000,-8.380000,5.600000,-4.500000,159.800003,1.300000
2026-05-19-14-24-31,-10.730000,7.760000,-8.380000,4.700000,-5.500000,159.100006,1.300000
2026-05-19-14-24-32,-10.880000,7.840000,-8.380000,9.700000,-4.700000,138.199997,1.300000
2026-05-19-14-24-32,-11.030000,7.980000,-8.370000,12.600000,-0.800000,124.099998,1.300000
2026-05-19-14-24-33,-11.080000,8.080000,-8.360000,12.100000,-0.000000,122.800003,1.300000
2026-05-19-14-24-33,-11.120000,8.150000,-8.370000,9.400000,-0.900000,121.699997,1.300000
2026-05-19-14-24-33,-11.140000,8.210000,-8.380000,6.400000,-2.100000,120.800003,1.300000
2026-05-19-14-24-33,-11.160000,8.250000,-8.390000,3.100000,-3.200000,119.800003,1.300000
2026-05-19-14-24-33,-11.180000,8.280000,-8.410000,1.000000,-3.900000,113.400002,1.300000
2026-05-19-14-24-34,-11.210000,8.300000,-8.420000,-0.200000,-4.600000,100.199997,1.300000
2026-05-19-14-24-34,-11.240000,8.350000,-8.450000,-2.800000,-4.200000,87.699997,1.300000
2026-05-19-14-24-34,-11.230000,8.400000,-8.460000,-4.100000,-0.400000,86.800003,1.300000
2026-05-19-14-24-35,-11.280000,8.520000,-8.470000,-3.800000,2.200000,86.699997,1.300000
2026-05-19-14-24-35,-11.270000,8.620000,-8.480000,-2.800000,3.300000,87.099998,1.300000
2026-05-19-14-24-35,-11.250000,8.710000,-8.490000,-2.200000,2.500000,87.900002,1.300000
2026-05-19-14-24-35,-11.240000,8.770000,-8.510000,-2.200000,0.000000,88.599998,1.300000
2026-05-19-14-24-35,-11.230000,8.840000,-8.530000,-2.100000,-2.800000,86.900002,1.300000
2026-05-19-14-24-36,-11.220000,8.930000,-8.530000,-1.100000,-3.600000,86.599998,1.300000
2026-05-19-14-24-36,-11.200000,9.040000,-8.530000,-1.100000,-4.100000,87.199997,1.300000
2026-05-19-14-24-36,-11.180000,9.150000,-8.530000,-1.100000,-4.500000,88.400002,1.300000
2026-05-19-14-24-36,-11.150000,9.260000,-8.520000,-2.000000,-4.900000,89.900002,1.300000
2026-05-19-14-24-36,-11.120000,9.370000,-8.510000,-3.500000,-5.200000,90.300003,1.300000
2026-05-19-14-24-37,-11.110000,9.470000,-8.500000,-3.100000,-6.700000,84.500000,1.300000
2026-05-19-14-24-37,-11.080000,9.560000,-8.490000,1.200000,-7.600000,77.400002,1.300000
2026-05-19-14-24-37,-11.030000,9.660000,-8.480000,3.500000,-7.400000,72.900002,1.300000
2026-05-19-14-24-37,-10.980000,9.760000,-8.460000,2.100000,-7.500000,71.199997,1.300000
2026-05-19-14-24-38,-10.940000,9.830000,-8.460000,-0.700000,-8.600000,69.900002,1.300000
2026-05-19-14-24-38,-10.910000,9.880000,-8.460000,-3.300000,-9.500000,69.000000,1.300000
2026-05-19-14-24-38,-10.880000,9.920000,-8.460000,-4.800000,-9.500000,69.000000,1.300000
2026-05-19-14-24-38,-10.830000,9.980000,-8.460000,-5.400000,-6.800000,73.500000,1.300000
2026-05-19-14-24-38,-10.780000,10.070000,-8.440000,-5.600000,-3.600000,76.500000,1.300000
2026-05-19-14-24-39,-10.730000,10.160000,-8.430000,-4.600000,-1.500000,79.000000,1.300000
2026-05-19-14-24-39,-10.680000,10.270000,-8.420000,-3.200000,-1.500000,81.199997,1.300000
2026-05-19-14-24-39,-10.650000,10.330000,-8.430000,-2.300000,-3.300000,82.500000,1.300000
2026-05-19-14-24-39,-10.620000,10.380000,-8.440000,-1.000000,-5.400000,83.699997,1.300000
2026-05-19-14-24-40,-10.600000,10.420000,-8.450000,0.600000,-6.900000,84.800003,1.300000
2026-05-19-14-24-40,-10.570000,10.460000,-8.460000,2.200000,-7.400000,85.800003,1.300000
2026-05-19-14-24-40,-10.560000,10.490000,-8.470000,3.500000,-7.200000,86.699997,1.300000
2026-05-19-14-24-40,-10.540000,10.510000,-8.490000,4.400000,-6.100000,87.900002,1.300000
2026-05-19-14-24-40,-10.510000,10.560000,-8.500000,5.100000,-2.600000,90.300003,1.300000
2026-05-19-14-24-41,-10.490000,10.650000,-8.490000,4.500000,0.600000,92.900002,1.300000
2026-05-19-14-24-41,-10.480000,10.750000,-8.500000,3.800000,2.800000,95.800003,1.300000
2026-05-19-14-24-41,-10.460000,10.860000,-8.510000,4.400000,2.900000,98.599998,1.300000
2026-05-19-14-24-41,-10.460000,10.970000,-8.520000,4.700000,1.300000,101.199997,1.300000
2026-05-19-14-24-41,-10.450000,11.100000,-8.520000,4.000000,-0.400000,103.199997,1.300000
2026-05-19-14-24-42,-10.450000,11.210000,-8.530000,2.700000,-3.200000,105.599998,1.300000
2026-05-19-14-24-42,-10.470000,11.450000,-8.520000,-0.200000,-6.800000,109.800003,1.300000
2026-05-19-14-24-42,-10.480000,11.550000,-8.510000,-1.000000,-9.700000,111.000000,1.300000
2026-05-19-14-24-43,-10.480000,11.620000,-8.520000,-0.500000,-11.900000,111.199997,1.300000
2026-05-19-14-24-43,-10.490000,11.660000,-8.520000,1.600000,-13.500000,111.099998,1.300000
2026-05-19-14-24-43,-10.490000,11.700000,-8.530000,4.300000,-13.600000,110.800003,1.300000
2026-05-19-14-24-43,-10.500000,11.730000,-8.540000,6.800000,-12.600000,110.300003,1.300000
2026-05-19-14-24-44,-10.530000,11.790000,-8.560000,9.900000,-2.200000,90.500000,1.300000
2026-05-19-14-24-44,-10.540000,11.810000,-8.560000,8.800000,1.600000,77.199997,1.300000
2026-05-19-14-24-44,-10.550000,11.820000,-8.590000,5.800000,2.200000,68.800003,1.300000
2026-05-19-14-24-45,-10.550000,11.850000,-8.600000,2.500000,1.900000,63.500000,1.300000
2026-05-19-14-24-45,-10.550000,11.860000,-8.630000,0.100000,1.300000,60.000000,1.300000
2026-05-19-14-24-45,-10.560000,11.860000,-8.650000,-1.300000,0.900000,57.900002,1.300000
2026-05-19-14-24-45,-10.560000,11.860000,-8.680000,-2.300000,0.000000,55.900002,1.300000
2026-05-19-14-24-45,-10.560000,11.860000,-8.710000,-2.600000,-0.500000,54.299999,1.300000
2026-05-19-14-24-46,-10.560000,11.860000,-8.740000,-2.400000,-0.800000,54.099998,1.300000
2026-05-19-14-24-46,-10.550000,11.850000,-8.760000,-2.200000,-0.100000,65.300003,1.300000
2026-05-19-14-24-46,-10.520000,11.850000,-8.770000,-1.400000,1.200000,78.400002,1.300000
2026-05-19-14-24-46,-10.510000,11.860000,-8.790000,0.800000,1.400000,85.699997,1.300000
2026-05-19-14-24-47,-10.500000,11.860000,-8.820000,2.600000,0.800000,90.300003,1.300000
2026-05-19-14-24-47,-10.500000,11.860000,-8.840000,4.300000,-0.100000,95.099998,1.300000
2026-05-19-14-24-47,-10.500000,11.860000,-8.870000,5.500000,-0.900000,99.099998,1.300000
2026-05-19-14-24-47,-10.500000,11.870000,-8.910000,6.100000,-1.700000,102.000000,1.300000
2026-05-19-14-24-48,-10.500000,11.890000,-8.940000,6.300000,18.200001,107.099998,1.300000
2026-05-19-14-24-48,-10.510000,11.910000,-8.960000,6.000000,32.099998,109.400002,1.300000
2026-05-19-14-24-48,-10.510000,11.930000,-8.990000,5.900000,35.500000,110.599998,1.300000
2026-05-19-14-24-48,-10.510000,11.930000,-9.030000,5.700000,33.000000,110.900002,1.300000
2026-05-19-14-24-48,-10.510000,11.920000,-9.080000,5.300000,26.299999,110.300003,1.300000
2026-05-19-14-24-49,-10.500000,11.880000,-9.160000,5.600000,2.900000,108.400002,1.300000
2026-05-19-14-24-49,-10.500000,11.850000,-9.250000,7.600000,-19.400000,106.099998,1.300000
2026-05-19-14-24-49,-10.500000,11.840000,-9.300000,9.400000,-29.600000,105.099998,1.300000
2026-05-19-14-24-49,-10.500000,11.830000,-9.350000,10.000000,-32.700001,105.099998,1.300000
2026-05-19-14-24-50,-10.490000,11.820000,-9.390000,9.700000,-30.900000,105.900002,1.300000
2026-05-19-14-24-50,-10.490000,11.810000,-9.430000,9.000000,-26.200001,106.900002,1.300000
2026-05-19-14-24-50,-10.490000,11.780000,-9.490000,8.300000,-11.700000,102.199997,1.300000
2026-05-19-14-24-50,-10.490000,11.760000,-9.510000,8.400000,-5.100000,96.699997,1.300000
2026-05-19-14-24-51,-10.500000,11.750000,-9.540000,7.000000,1.200000,93.300003,1.300000
2026-05-19-14-24-51,-10.480000,11.770000,-9.570000,5.800000,7.000000,94.599998,1.300000
2026-05-19-14-24-51,-10.470000,11.830000,-9.600000,4.700000,13.000000,96.000000,1.300000
2026-05-19-14-24-51,-10.470000,11.910000,-9.640000,4.300000,16.799999,96.699997,1.300000
2026-05-19-14-24-52,-10.450000,12.000000,-9.690000,3.700000,17.000000,95.599998,1.300000
2026-05-19-14-24-52,-10.450000,12.080000,-9.740000,2.800000,13.200000,86.500000,1.300000
2026-05-19-14-24-52,-10.430000,12.150000,-9.790000,5.500000,8.300000,77.699997,1.300000
2026-05-19-14-24-52,-10.370000,12.240000,-9.830000,7.300000,3.600000,73.800003,1.300000
2026-05-19-14-24-52,-10.330000,12.330000,-9.870000,7.700000,0.100000,72.599998,1.300000
2026-05-19-14-24-53,-10.220000,12.520000,-9.870000,4.900000,-5.400000,73.800003,1.300000
2026-05-19-14-24-53,-10.110000,12.700000,-9.840000,-0.200000,-7.400000,75.099998,1.300000
2026-05-19-14-24-53,-10.040000,12.790000,-9.830000,-2.200000,-6.800000,75.599998,1.300000
2026-05-19-14-24-54,-9.980000,12.880000,-9.820000,-3.100000,-5.900000,76.300003,1.300000
2026-05-19-14-24-54,-9.930000,12.970000,-9.810000,-3.400000,-4.900000,77.000000,1.300000
2026-05-19-14-24-54,-9.870000,13.070000,-9.800000,-2.900000,-3.900000,78.000000,1.300000
2026-05-19-14-24-54,-9.800000,13.170000,-9.780000,-1.600000,-2.900000,79.099998,1.300000
2026-05-19-14-24-55,-9.720000,13.290000,-9.780000,-0.700000,-2.500000,79.800003,1.300000
2026-05-19-14-24-55,-9.670000,13.390000,-9.770000,0.200000,-2.200000,80.599998,1.300000
2026-05-19-14-24-55,-9.620000,13.490000,-9.760000,0.500000,-2.100000,81.199997,1.300000
2026-05-19-14-24-55,-9.580000,13.590000,-9.760000,1.000000,-2.200000,81.699997,1.300000
2026-05-19-14-24-55,-9.540000,13.700000,-9.750000,1.400000,-2.100000,82.000000,1.300000
2026-05-19-14-24-56,-9.500000,13.800000,-9.750000,2.000000,-2.000000,82.199997,1.300000
2026-05-19-14-24-56,-9.460000,13.900000,-9.750000,3.200000,-1.600000,82.500000,1.300000
2026-05-19-14-24-56,-9.410000,14.000000,-9.760000,4.000000,-1.200000,82.800003,1.300000
2026-05-19-14-24-56,-9.370000,14.100000,-9.760000,4.900000,-1.300000,80.800003,1.300000
2026-05-19-14-24-57,-9.300000,14.270000,-9.760000,9.900000,-1.500000,60.799999,1.300000
2026-05-19-14-24-57,-9.240000,14.340000,-9.770000,12.700000,-0.200000,53.799999,1.300000
2026-05-19-14-24-57,-9.160000,14.420000,-9.770000,11.700000,0.400000,51.700001,1.300000
2026-05-19-14-24-57,-9.080000,14.490000,-9.770000,8.400000,1.400000,51.599998,1.300000
2026-05-19-14-24-58,-8.990000,14.550000,-9.780000,6.700000,1.600000,52.500000,1.300000
2026-05-19-14-24-58,-8.900000,14.610000,-9.790000,4.500000,1.300000,54.400002,1.300000
2026-05-19-14-24-58,-8.810000,14.680000,-9.800000,2.300000,1.600000,57.500000,1.300000
2026-05-19-14-24-58,-8.640000,14.810000,-9.810000,-0.800000,2.900000,60.900002,1.300000
2026-05-19-14-24-59,-8.560000,14.880000,-9.810000,-1.600000,3.100000,62.299999,1.300000
2026-05-19-14-24-59,-8.470000,14.950000,-9.820000,-1.800000,2.800000,63.700001,1.300000
2026-05-19-14-24-59,-8.400000,15.030000,-9.820000,-2.000000,2.200000,65.099998,1.300000
2026-05-19-14-24-59,-8.320000,15.110000,-9.820000,-2.000000,1.100000,66.300003,1.300000
2026-05-19-14-25-00,-8.250000,15.190000,-9.820000,-1.800000,0.200000,67.099998,1.300000
2026-05-19-14-25-00,-8.120000,15.340000,-9.820000,-0.200000,0.200000,67.699997,1.300000
2026-05-19-14-25-00,-8.050000,15.420000,-9.820000,0.900000,0.400000,67.900002,1.300000
2026-05-19-14-25-00,-7.990000,15.490000,-9.830000,1.600000,0.000000,68.400002,1.300000
2026-05-19-14-25-01,-7.920000,15.580000,-9.830000,2.000000,-0.700000,68.900002,1.300000
2026-05-19-14-25-01,-7.860000,15.670000,-9.830000,2.300000,-1.600000,69.199997,1.300000
2026-05-19-14-25-01,-7.800000,15.760000,-9.830000,2.600000,-2.600000,69.400002,1.300000
2026-05-19-14-25-01,-7.730000,15.840000,-9.830000,2.900000,-3.500000,69.699997,1.300000
2026-05-19-14-25-02,-7.670000,15.930000,-9.820000,3.200000,-4.300000,70.000000,1.300000
2026-05-19-14-25-02,-7.540000,16.110001,-9.820000,4.200000,-5.700000,70.500000,1.300000
2026-05-19-14-25-02,-7.480000,16.209999,-9.810000,4.100000,-6.100000,70.800003,1.300000
2026-05-19-14-25-02,-7.420000,16.290001,-9.800000,4.000000,-6.400000,70.800003,1.300000
2026-05-19-14-25-03,-7.360000,16.389999,-9.790000,4.700000,-6.300000,70.500000,1.300000
2026-05-19-14-25-03,-7.300000,16.480000,-9.790000,6.300000,-6.000000,70.199997,1.300000
2026-05-19-14-25-03,-7.230000,16.580000,-9.790000,7.400000,-7.000000,67.900002,1.300000
2026-05-19-14-25-03,-7.200000,16.639999,-9.790000,7.300000,-5.000000,64.800003,1.300000
2026-05-19-14-25-04,-7.150000,16.719999,-9.780000,7.100000,-3.000000,64.099998,1.300000
2026-05-19-14-25-04,-7.100000,16.809999,-9.770000,6.500000,-1.100000,63.900002,1.300000
2026-05-19-14-25-04,-7.030000,16.900000,-9.770000,6.600000,-0.400000,6.000000,1.300000
2026-05-19-14-25-04,-6.950000,17.010000,-9.770000,7.300000,-1.000000,64.400002,1.300000
2026-05-19-14-25-05,-6.890000,17.080000,-9.780000,7.000000,-3.100000,63.700001,1.300000
2026-05-19-14-25-05,-6.840000,17.170000,-9.810000,5.500000,-6.800000,61.400002,1.300000
2026-05-19-14-25-05,-6.810000,17.209999,-9.820000,6.800000,-6.600000,59.700001,1.300000
2026-05-19-14-25-06,-6.670000,17.330000,-9.810000,8.200000,-1.500000,65.300003,1.300000
2026-05-19-14-25-06,-6.610000,17.410000,-9.810000,7.900000,0.200000,66.699997,1.300000
2026-05-19-14-25-06,-6.550000,17.490000,-9.810000,8.400000,0.200000,67.699997,1.300000
2026-05-19-14-25-06,-6.480000,17.580000,-9.820000,8.400000,-0.500000,68.800003,1.300000
2026-05-19-14-25-07,-6.430000,17.670000,-9.820000,8.100000,-1.400000,66.500000,1.300000
2026-05-19-14-25-07,-6.400000,17.750000,-9.830000,9.000000,-1.400000,56.900002,1.300000
2026-05-19-14-25-07,-6.360000,17.830000,-9.830000,10.900000,-0.400000,44.700001,1.300000
2026-05-19-14-25-07,-6.310000,17.900000,-9.830000,12.200000,1.000000,33.799999,1.300000
2026-05-19-14-25-07,-6.230000,17.950001,-9.840000,12.500000,1.500000,30.200001,1.300000
2026-05-19-14-25-08,-6.140000,17.990000,-9.840000,11.400000,1.500000,29.200001,1.300000
2026-05-19-14-25-08,-6.030000,18.030001,-9.850000,9.500000,1.000000,29.700001,1.300000
2026-05-19-14-25-08,-5.930000,18.070000,-9.860000,7.900000,-0.200000,30.400000,1.300000
2026-05-19-14-25-08,-5.870000,18.080000,-9.870000,4.500000,-2.500000,30.700001,1.300000
2026-05-19-14-25-09,-5.820000,18.090000,-9.880000,1.000000,-4.200000,30.900000,1.300000
2026-05-19-14-25-09,-5.750000,18.120001,-9.880000,-1.900000,-3.200000,31.100000,1.300000
2026-05-19-14-25-09,-5.660000,18.139999,-9.880000,-3.400000,-1.900000,32.400002,1.300000
2026-05-19-14-25-09,-5.560000,18.190001,-9.870000,-3.600000,-1.000000,34.000000,1.300000
2026-05-19-14-25-09,-5.450000,18.219999,-9.860000,-1.700000,-1.000000,35.599998,1.300000
2026-05-19-14-25-10,-5.350000,18.270000,-9.860000,-0.200000,-1.300000,36.900002,1.300000
2026-05-19-14-25-10,-5.270000,18.309999,-9.860000,1.200000,-2.600000,31.799999,1.300000
2026-05-19-14-25-10,-5.190000,18.340000,-9.860000,4.700000,-3.700000,23.700001,1.300000
2026-05-19-14-25-10,-5.130000,18.350000,-9.870000,6.600000,-5.200000,19.299999,1.300000
2026-05-19-14-25-10,-5.090000,18.360001,-9.880000,5.900000,-6.700000,16.700001,1.300000
2026-05-19-14-25-11,-5.050000,18.360001,-9.890000,3.700000,-7.300000,15.600000,1.300000
2026-05-19-14-25-11,-5.020000,18.360001,-9.900000,1.300000,-7.000000,15.600000,1.300000
2026-05-19-14-25-11,-5.000000,18.350000,-9.910000,-0.700000,-6.000000,16.200001,1.300000
2026-05-19-14-25-11,-4.970000,18.350000,-9.920000,-2.400000,-4.400000,17.299999,1.300000
2026-05-19-14-25-12,-4.960000,18.340000,-9.950000,-4.400000,-2.200000,19.000000,1.300000
2026-05-19-14-25-12,-4.940000,18.330000,-10.020000,-4.900000,0.000000,19.799999,1.300000
2026-05-19-14-25-12,-4.940000,18.320000,-10.100000,-4.000000,2.800000,20.100000,1.300000
2026-05-19-14-25-12,-4.930000,18.320000,-10.150000,-1.800000,5.000000,20.100000,1.300000
2026-05-19-14-25-13,-4.860000,18.320000,-10.230000,3.300000,9.700000,23.400000,1.300000
2026-05-19-14-25-13,-4.770000,18.330000,-10.270000,4.200000,11.000000,25.700001,1.300000
2026-05-19-14-25-13,-4.670000,18.350000,-10.320000,4.200000,9.000000,28.299999,1.300000
2026-05-19-14-25-13,-4.590000,18.370001,-10.360000,3.500000,3.900000,27.400000,1.300000
2026-05-19-14-25-14,-4.520000,18.410000,-10.400000,4.500000,-1.400000,18.299999,1.300000
2026-05-19-14-25-14,-4.440000,18.430000,-10.420000,5.900000,-5.200000,8.500000,1.300000
2026-05-19-14-25-14,-4.360000,18.450001,-10.420000,6.800000,-7.400000,5.100000,1.300000
2026-05-19-14-25-14,-4.260000,18.459999,-10.420000,5.900000,-8.600000,5.300000,1.300000
2026-05-19-14-25-14,-4.150000,18.469999,-10.410000,2.400000,-8.700000,8.000000,1.300000
2026-05-19-14-25-15,-4.050000,18.469999,-10.400000,0.400000,-8.400000,10.400000,1.300000
2026-05-19-14-25-15,-3.940000,18.459999,-10.390000,-1.400000,-7.600000,12.900000,1.300000
2026-05-19-14-25-15,-3.850000,18.469999,-10.380000,-1.300000,-7.600000,8.100000,1.300000
2026-05-19-14-25-15,-3.780000,18.469999,-10.370000,1.700000,-7.900000,-3.200000,1.300000
2026-05-19-14-25-16,-3.600000,18.450001,-10.350000,5.100000,-5.700000,-15.100000,1.300000
2026-05-19-14-25-16,-3.510000,18.410000,-10.340000,3.800000,-4.600000,-14.300000,1.300000
2026-05-19-14-25-16,-3.410000,18.360001,-10.330000,2.600000,-4.500000,-11.700000,1.300000
2026-05-19-14-25-16,-3.310000,18.320000,-10.320000,1.500000,-4.800000,-8.400000,1.300000
2026-05-19-14-25-17,-3.210000,18.270000,-10.310000,-0.100000,-4.700000,-4.800000,1.300000
2026-05-19-14-25-17,-3.110000,18.219999,-10.300000,-2.000000,-4.400000,-1.700000,1.300000
2026-05-19-14-25-17,-3.020000,18.200001,-10.290000,-2.500000,-4.900000,-4.700000,1.300000
2026-05-19-14-25-17,-2.940000,18.180000,-10.290000,-0.100000,-5.800000,-13.300000,1.300000
2026-05-19-14-25-17,-2.870000,18.160000,-10.280000,3.700000,-5.700000,-23.299999,1.300000
2026-05-19-14-25-18,-2.740000,18.070000,-10.270000,3.900000,-5.600000,-27.200001,1.300000
2026-05-19-14-25-18,-2.700000,18.049999,-10.300000,8.600000,-6.800000,-27.100000,1.300000
2026-05-19-14-25-18,-2.680000,18.030001,-10.370000,17.299999,-11.500000,-28.200001,1.300000
2026-05-19-14-25-19,-2.660000,18.030001,-10.430000,19.299999,-12.600000,-28.100000,1.300000
2026-05-19-14-25-19,-2.640000,18.020000,-10.470000,16.799999,-11.500000,-26.700001,1.300000
2026-05-19-14-25-19,-2.590000,17.990000,-10.490000,13.400000,-8.000000,-22.799999,1.300000
2026-05-19-14-25-19,-2.520000,17.940001,-10.500000,9.000000,-4.900000,-18.000000,1.300000
2026-05-19-14-25-19,-2.440000,17.879999,-10.510000,6.100000,-4.300000,-14.800000,1.300000
2026-05-19-14-25-20,-2.350000,17.830000,-10.530000,2.700000,-5.800000,-11.100000,1.300000
2026-05-19-14-25-20,-2.300000,17.790001,-10.550000,-0.700000,-9.000000,-9.100000,1.300000
2026-05-19-14-25-20,-2.250000,17.750000,-10.590000,-2.500000,-13.000000,-11.100000,1.300000
2026-05-19-14-25-20,-2.220000,17.760000,-10.600000,0.500000,-14.100000,-23.100000,1.300000
2026-05-19-14-25-21,-2.210000,17.740000,-10.600000,2.500000,-13.500000,-27.100000,1.300000
2026-05-19-14-25-21,-2.170000,17.700001,-10.600000,3.800000,-10.500000,-26.500000,1.300000
2026-05-19-14-25-21,-2.110000,17.639999,-10.590000,4.300000,-7.700000,-25.100000,1.300000
2026-05-19-14-25-21,-2.060000,17.570000,-10.580000,3.100000,-5.300000,-22.400000,1.300000
2026-05-19-14-25-22,-1.990000,17.510000,-10.580000,2.400000,-3.800000,-19.200001,1.300000
2026-05-19-14-25-22,-1.930000,17.440001,-10.580000,1.500000,-3.200000,-16.200001,1.300000
2026-05-19-14-25-22,-1.860000,17.370001,-10.570000,0.300000,-2.600000,-13.700000,1.300000
2026-05-19-14-25-22,-1.780000,17.309999,-10.570000,-1.100000,-1.800000,-13.500000,1.300000
2026-05-19-14-25-22,-1.720000,17.270000,-10.560000,-0.700000,-1.700000,-17.299999,1.300000
2026-05-19-14-25-23,-1.640000,17.209999,-10.560000,-0.400000,-1.600000,-17.799999,1.300000
2026-05-19-14-25-23,-1.560000,17.150000,-10.550000,0.000000,-1.600000,-17.100000,1.300000
2026-05-19-14-25-23,-1.490000,17.090000,-10.550000,1.100000,-1.900000,-16.100000,1.300000
2026-05-19-14-25-23,-1.410000,17.030001,-10.550000,2.100000,-2.300000,-14.500000,1.300000
2026-05-19-14-25-24,-1.330000,16.969999,-10.540000,2.300000,-2.800000,-13.000000,1.300000
2026-05-19-14-25-24,-1.250000,16.920000,-10.540000,2.700000,-3.200000,-12.000000,1.300000
2026-05-19-14-25-24,-1.200000,16.889999,-10.540000,2.500000,-5.300000,-11.800000,1.300000
2026-05-19-14-25-24,-1.170000,16.860001,-10.550000,2.500000,-7.400000,-12.300000,1.300000
2026-05-19-14-25-24,-1.140000,16.840000,-10.560000,2.700000,-8.300000,-13.800000,1.300000
2026-05-19-14-25-25,-1.080000,16.809999,-10.550000,2.200000,-5.900000,-12.000000,1.300000
2026-05-19-14-25-25,-1.000000,16.770000,-10.530000,2.400000,-3.500000,-10.100000,1.300000
2026-05-19-14-25-25,-0.910000,16.740000,-10.530000,3.400000,-2.000000,-8.300000,1.300000
2026-05-19-14-25-25,-0.820000,16.700001,-10.520000,4.600000,-1.700000,-6.900000,1.300000
2026-05-19-14-25-26,-0.720000,16.680000,-10.530000,6.700000,-2.700000,-12.300000,1.300000
2026-05-19-14-25-26,-0.590000,16.650000,-10.530000,12.500000,0.300000,-34.900002,1.300000
2026-05-19-14-25-27,-0.470000,16.549999,-10.540000,15.400000,3.300000,-48.500000,1.300000
2026-05-19-14-25-27,-0.420000,16.469999,-10.550000,12.600000,3.200000,-48.799999,1.300000
2026-05-19-14-25-27,-0.370000,16.370001,-10.560000,9.900000,2.600000,-47.200001,1.300000
2026-05-19-14-25-27,-0.330000,16.280001,-10.570000,7.800000,1.300000,-45.000000,1.300000
2026-05-19-14-25-27,-0.290000,16.190001,-10.580000,5.100000,0.100000,-42.299999,1.300000
2026-05-19-14-25-28,-0.260000,16.120001,-10.590000,1.800000,-1.700000,-40.500000,1.300000
2026-05-19-14-25-28,-0.250000,16.070000,-10.600000,-1.200000,-3.300000,-39.000000,1.300000
2026-05-19-14-25-28,-0.250000,16.040001,-10.610000,-2.700000,-4.300000,-37.700001,1.300000
2026-05-19-14-25-28,-0.240000,15.990000,-10.610000,-1.900000,-3.600000,-35.700001,1.300000
2026-05-19-14-25-28,-0.200000,15.920000,-10.600000,-0.700000,-1.300000,-34.000000,1.300000
2026-05-19-14-25-29,-0.160000,15.850000,-10.590000,-0.200000,0.800000,-32.900002,1.300000
2026-05-19-14-25-29,-0.110000,15.780000,-10.590000,1.900000,1.600000,-31.600000,1.300000
2026-05-19-14-25-29,-0.060000,15.710000,-10.600000,3.700000,1.500000,-30.799999,1.300000
2026-05-19-14-25-29,0.000000,15.650000,-10.610000,4.700000,1.000000,-34.700001,1.300000
2026-05-19-14-25-30,0.050000,15.590000,-10.610000,6.500000,0.100000,-42.299999,1.300000
2026-05-19-14-25-30,0.100000,15.510000,-10.620000,8.300000,-1.000000,-45.299999,1.300000
2026-05-19-14-25-30,0.140000,15.410000,-10.630000,8.100000,-2.200000,-45.200001,1.300000
2026-05-19-14-25-30,0.180000,15.320000,-10.630000,6.300000,-2.700000,-43.200001,1.300000
2026-05-19-14-25-30,0.200000,15.250000,-10.630000,4.800000,-3.400000,-41.599998,1.300000
2026-05-19-14-25-31,0.200000,15.160000,-10.650000,0.100000,-5.900000,-39.599998,1.300000
2026-05-19-14-25-31,0.200000,15.120000,-10.650000,0.600000,-5.500000,-38.200001,1.300000
2026-05-19-14-25-31,0.220000,15.050000,-10.640000,1.200000,-2.800000,-35.200001,1.300000
2026-05-19-14-25-31,0.270000,14.980000,-10.630000,0.800000,0.200000,-32.900002,1.300000
2026-05-19-14-25-32,0.330000,14.900000,-10.630000,1.500000,1.400000,-31.000000,1.300000
2026-05-19-14-25-32,0.400000,14.830000,-10.630000,2.900000,1.100000,-29.500000,1.300000
2026-05-19-14-25-32,0.460000,14.760000,-10.630000,4.000000,0.400000,-28.400000,1.300000
2026-05-19-14-25-32,0.530000,14.700000,-10.640000,4.700000,-1.200000,-28.700001,1.300000
2026-05-19-14-25-33,0.600000,14.670000,-10.650000,6.400000,-2.600000,-37.400002,1.300000
2026-05-19-14-25-33,0.630000,14.640000,-10.650000,8.800000,-3.200000,-46.799999,1.300000
2026-05-19-14-25-33,0.650000,14.620000,-10.670000,9.400000,-4.500000,-51.000000,1.300000
2026-05-19-14-25-33,0.650000,14.610000,-10.680000,8.100000,-5.600000,-52.500000,1.300000
2026-05-19-14-25-33,0.650000,14.610000,-10.700000,7.500000,-4.100000,-52.099998,1.300000
2026-05-19-14-25-34,0.650000,14.610000,-10.760000,7.600000,-3.000000,-50.599998,1.300000
2026-05-19-14-25-34,0.650000,14.610000,-10.840000,7.200000,-1.600000,-49.099998,1.300000
2026-05-19-14-25-34,0.660000,14.610000,-10.930000,7.600000,0.700000,-46.700001,1.300000
2026-05-19-14-25-34,0.660000,14.620000,-11.010000,8.400000,3.200000,-45.000000,1.300000
2026-05-19-14-25-35,0.660000,14.630000,-11.080000,9.300000,5.400000,-43.700001,1.300000
2026-05-19-14-25-35,0.660000,14.630000,-11.130000,9.600000,6.500000,-42.900002,1.300000
2026-05-19-14-25-35,0.660000,14.640000,-11.170000,9.500000,7.100000,-42.400002,1.300000
2026-05-19-14-25-35,0.660000,14.660000,-11.220000,9.100000,7.100000,-42.099998,1.300000
2026-05-19-14-25-35,0.650000,14.670000,-11.260000,8.300000,6.800000,-42.099998,1.300000
2026-05-19-14-25-36,0.650000,14.690000,-11.300000,7.600000,6.400000,-42.299999,1.300000
2026-05-19-14-25-36,0.640000,14.700000,-11.340000,6.900000,6.000000,-42.700001,1.300000
2026-05-19-14-25-36,0.630000,14.710000,-11.390000,6.200000,5.700000,-43.200001,1.300000
2026-05-19-14-25-36,0.630000,14.730000,-11.430000,5.700000,5.500000,-43.700001,1.300000
2026-05-19-14-25-37,0.620000,14.740000,-11.470000,5.300000,5.400000,-44.299999,1.300000
2026-05-19-14-25-37,0.610000,14.760000,-11.500000,5.100000,5.200000,-44.900002,1.300000
2026-05-19-14-25-37,0.590000,14.780000,-11.540000,4.900000,5.200000,-45.500000,1.300000
2026-05-19-14-25-37,0.580000,14.790000,-11.580000,4.800000,5.200000,-46.099998,1.300000
2026-05-19-14-25-37,0.570000,14.810000,-11.620000,4.700000,5.200000,-46.700001,1.300000
2026-05-19-14-25-38,0.560000,14.830000,-11.650000,4.500000,5.200000,-47.299999,1.300000
2026-05-19-14-25-38,0.550000,14.850000,-11.690000,4.400000,5.100000,-47.799999,1.300000
2026-05-19-14-25-38,0.530000,14.870000,-11.730000,4.200000,4.800000,-48.299999,1.300000
2026-05-19-14-25-38,0.520000,14.890000,-11.760000,4.100000,4.600000,-48.700001,1.300000
2026-05-19-14-25-38,0.510000,14.910000,-11.790000,4.100000,4.200000,-49.099998,1.300000
2026-05-19-14-25-39,0.490000,14.930000,-11.830000,4.000000,3.700000,-49.599998,1.300000
2026-05-19-14-25-39,0.480000,14.950000,-11.860000,4.000000,3.300000,-49.900002,1.300000
2026-05-19-14-25-39,0.460000,14.970000,-11.900000,4.000000,3.000000,-50.200001,1.300000
2026-05-19-14-25-39,0.450000,14.990000,-11.930000,4.000000,2.600000,-50.400002,1.300000
2026-05-19-14-25-40,0.430000,15.010000,-11.970000,4.000000,2.200000,-50.599998,1.300000
2026-05-19-14-25-40,0.420000,15.030000,-12.000000,4.000000,1.600000,-50.799999,1.300000
2026-05-19-14-25-40,0.410000,15.060000,-12.040000,3.900000,1.100000,-51.000000,1.300000
2026-05-19-14-25-40,0.400000,15.080000,-12.070000,3.800000,0.700000,-51.099998,1.300000
2026-05-19-14-25-40,0.390000,15.090000,-12.100000,3.800000,0.300000,-51.299999,1.300000
2026-05-19-14-25-41,0.370000,15.110000,-12.140000,3.700000,0.000000,-51.400002,1.300000
2026-05-19-14-25-41,0.360000,15.130000,-12.180000,3.700000,-0.400000,-51.599998,1.300000
2026-05-19-14-25-41,0.350000,15.150000,-12.210000,3.700000,-0.900000,-51.799999,1.300000
2026-05-19-14-25-41,0.330000,15.170000,-12.250000,3.500000,-1.400000,-52.200001,1.300000
2026-05-19-14-25-42,0.320000,15.190000,-12.290000,3.300000,-1.800000,-52.799999,1.300000
2026-05-19-14-25-42,0.310000,15.210000,-12.320000,3.100000,-1.800000,-53.099998,1.300000
2026-05-19-14-25-42,0.290000,15.240000,-12.390000,3.200000,-1.700000,-53.799999,1.300000
2026-05-19-14-25-43,0.270000,15.260000,-12.450000,3.400000,-1.700000,-54.500000,1.300000
2026-05-19-14-25-43,0.250000,15.290000,-12.520000,3.300000,-1.400000,-55.299999,1.300000
2026-05-19-14-25-43,0.230000,15.330000,-12.590000,3.200000,-1.300000,-56.099998,1.300000
2026-05-19-14-25-44,0.220000,15.350000,-12.650000,3.400000,-0.800000,-56.900002,1.300000
2026-05-19-14-25-44,0.200000,15.380000,-12.710000,3.300000,-0.600000,-57.500000,1.300000
2026-05-19-14-25-45,0.180000,15.410000,-12.760000,3.500000,-0.200000,-58.299999,1.300000
2026-05-19-14-25-45,0.170000,15.420000,-12.770000,3.600000,0.300000,-58.799999,1.300000
2026-05-19-14-25-45,0.160000,15.460000,-12.760000,3.700000,0.600000,-59.299999,1.300000
2026-05-19-14-25-45,0.150000,15.470000,-12.730000,3.200000,0.800000,-60.099998,1.300000
2026-05-19-14-25-46,0.130000,15.490000,-12.720000,3.200000,0.100000,-60.900002,1.300000
2026-05-19-14-25-46,0.110000,15.530000,-12.730000,3.200000,-1.400000,-61.700001,1.300000
2026-05-19-14-25-46,0.090000,15.560000,-12.740000,3.800000,-1.700000,-62.599998,1.300000
2026-05-19-14-25-47,0.070000,15.580000,-12.730000,4.000000,-0.400000,-63.599998,1.300000
2026-05-19-14-25-47,0.060000,15.610000,-12.720000,3.900000,0.300000,-64.300003,1.300000
2026-05-19-14-25-48,0.040000,15.650000,-12.730000,3.400000,-0.300000,-65.099998,1.300000
2026-05-19-14-25-48,0.030000,15.690000,-12.730000,3.800000,-0.700000,-66.800003,1.300000
2026-05-19-14-25-48,0.000000,15.720000,-12.730000,3.800000,-1.200000,-67.199997,1.300000
2026-05-19-14-25-49,-0.020000,15.750000,-12.730000,3.900000,-0.700000,-68.800003,1.300000
2026-05-19-14-25-49,-0.030000,15.780000,-12.720000,3.900000,-0.300000,-69.599998,1.300000
2026-05-19-14-25-50,-0.040000,15.820000,-12.720000,3.800000,-0.300000,-71.000000,1.300000
2026-05-19-14-25-50,-0.060000,15.860000,-12.730000,4.100000,-0.800000,-71.800003,1.300000
2026-05-19-14-25-50,-0.080000,15.900000,-12.730000,3.600000,-0.600000,-73.000000,1.300000
2026-05-19-14-25-51,-0.100000,15.930000,-12.720000,4.400000,-0.700000,-73.900002,1.300000
2026-05-19-14-25-51,-0.110000,15.970000,-12.720000,3.900000,-0.400000,-74.900002,1.300000
2026-05-19-14-25-52,-0.120000,16.010000,-12.720000,5.100000,-0.900000,-75.500000,1.300000
2026-05-19-14-25-52,-0.150000,16.049999,-12.720000,4.000000,-1.100000,-76.699997,1.300000
2026-05-19-14-25-52,-0.150000,16.080000,-12.720000,4.400000,-0.600000,-77.300003,1.300000
2026-05-19-14-25-53,-0.160000,16.120001,-12.720000,4.100000,-0.200000,-78.300003,1.300000
2026-05-19-14-25-53,-0.160000,16.090000,-12.700000,6.300000,5.400000,-75.800003,1.300000
2026-05-19-14-25-53,-0.170000,15.960000,-12.700000,8.900000,8.200000,-73.599998,1.300000
2026-05-19-14-25-54,-0.180000,15.880000,-12.730000,8.100000,1.900000,-73.900002,1.300000
2026-05-19-14-25-54,-0.170000,15.850000,-12.750000,5.200000,-3.600000,-74.500000,1.300000
2026-05-19-14-25-55,-0.180000,15.820000,-12.730000,3.300000,-4.700000,-74.800003,1.300000
2026-05-19-14-25-55,-0.160000,15.830000,-12.640000,5.400000,-7.100000,-75.599998,1.300000
2026-05-19-14-25-55,-0.180000,15.840000,-12.530000,7.600000,-11.000000,-76.699997,1.300000
2026-05-19-14-25-56,-0.210000,15.870000,-12.410000,10.000000,-13.900000,-78.400002,1.300000
2026-05-19-14-25-56,-0.260000,15.890000,-12.280000,11.400000,-15.800000,-79.900002,1.300000
2026-05-19-14-25-56,-0.280000,15.910000,-12.220000,12.100000,-16.400000,-80.900002,1.300000
2026-05-19-14-25-56,-0.290000,15.930000,-12.180000,11.700000,-16.500000,-81.800003,1.300000
2026-05-19-14-25-57,-0.300000,15.940000,-12.150000,10.600000,-15.900000,-82.400002,1.300000
2026-05-19-14-25-57,-0.320000,15.900000,-12.080000,9.700000,-10.100000,-79.800003,1.300000
2026-05-19-14-25-57,-0.320000,15.830000,-12.040000,10.400000,-5.000000,-77.900002,1.300000
2026-05-19-14-25-58,-0.320000,15.730000,-12.010000,11.500000,0.200000,-75.400002,1.300000
2026-05-19-14-25-58,-0.320000,15.630000,-12.000000,13.200000,4.300000,-72.699997,1.300000
2026-05-19-14-25-58,-0.300000,15.520000,-12.010000,14.700000,6.900000,-70.000000,1.300000
2026-05-19-14-25-58,-0.280000,15.420000,-12.020000,15.000000,7.100000,-68.599998,1.300000
2026-05-19-14-25-59,-0.220000,15.250000,-12.070000,13.800000,5.800000,-82.900002,1.300000
2026-05-19-14-25-59,-0.220000,15.150000,-12.090000,15.700000,6.000000,-92.400002,1.300000
2026-05-19-14-25-59,-0.260000,14.950000,-12.140000,15.100000,3.000000,-101.300003,1.300000
2026-05-19-14-26-00,-0.290000,14.850000,-12.160000,11.200000,0.300000,-101.900002,1.300000
2026-05-19-14-26-00,-0.370000,14.630000,-12.180000,6.700000,-3.900000,-100.199997,1.300000
2026-05-19-14-26-00,-0.440000,14.420000,-12.190000,2.400000,-7.200000,-96.300003,1.300000
2026-05-19-14-26-01,-0.480000,14.310000,-12.180000,0.400000,-8.000000,-94.699997,1.300000
2026-05-19-14-26-01,-0.510000,14.210000,-12.170000,-0.900000,-8.100000,-93.199997,1.300000
2026-05-19-14-26-01,-0.550000,14.100000,-12.150000,-1.100000,-8.000000,-91.900002,1.300000
2026-05-19-14-26-01,-0.580000,13.990000,-12.140000,-0.300000,-7.900000,-90.400002,1.300000
2026-05-19-14-26-01,-0.600000,13.890000,-12.130000,1.100000,-7.500000,-89.199997,1.300000
2026-05-19-14-26-02,-0.620000,13.780000,-12.120000,2.300000,-7.300000,-87.599998,1.300000
2026-05-19-14-26-02,-0.630000,13.670000,-12.100000,3.400000,-7.700000,-86.800003,1.300000
2026-05-19-14-26-02,-0.630000,13.580000,-12.100000,6.600000,-8.700000,-93.400002,1.300000
2026-05-19-14-26-02,-0.620000,13.500000,-12.090000,10.800000,-6.500000,-103.900002,1.300000
2026-05-19-14-26-03,-0.630000,13.420000,-12.080000,15.500000,-2.600000,-116.800003,1.300000
2026-05-19-14-26-03,-0.660000,13.350000,-12.080000,18.500000,2.100000,-126.500000,1.300000
2026-05-19-14-26-03,-0.720000,13.270000,-12.090000,17.900000,4.000000,-128.199997,1.300000
2026-05-19-14-26-03,-0.880000,13.130000,-12.110000,12.100000,4.100000,-125.599998,1.300000
2026-05-19-14-26-04,-0.960000,13.050000,-12.130000,9.800000,2.300000,-123.599998,1.300000
2026-05-19-14-26-04,-1.040000,12.980000,-12.140000,7.000000,0.500000,-121.599998,1.300000
2026-05-19-14-26-04,-1.120000,12.900000,-12.150000,4.900000,-0.700000,-120.599998,1.300000
2026-05-19-14-26-04,-1.180000,12.840000,-12.160000,3.600000,-2.100000,-125.500000,1.300000
2026-05-19-14-26-05,-1.230000,12.780000,-12.170000,4.900000,-2.500000,-137.399994,1.300000
2026-05-19-14-26-05,-1.310000,12.730000,-12.170000,5.700000,-1.800000,-146.100006,1.300000
2026-05-19-14-26-05,-1.400000,12.650000,-12.190000,5.200000,-1.100000,-147.500000,1.300000
2026-05-19-14-26-05,-1.500000,12.600000,-12.180000,3.400000,-0.700000,-145.500000,1.300000
2026-05-19-14-26-05,-1.600000,12.560000,-12.180000,2.100000,-1.200000,-142.800003,1.300000
2026-05-19-14-26-06,-1.710000,12.510000,-12.180000,1.000000,-1.800000,-140.199997,1.300000
2026-05-19-14-26-06,-1.820000,12.450000,-12.180000,-1.000000,-1.700000,-137.300003,1.300000
2026-05-19-14-26-06,-1.920000,12.400000,-12.170000,-2.200000,-1.700000,-134.699997,1.300000
2026-05-19-14-26-06,-2.010000,12.340000,-12.170000,-2.600000,-1.400000,-132.000000,1.300000
2026-05-19-14-26-07,-2.090000,12.290000,-12.170000,-1.600000,-2.100000,-135.100006,1.300000
2026-05-19-14-26-07,-2.160000,12.230000,-12.160000,1.200000,-2.300000,-140.899994,1.300000
2026-05-19-14-26-07,-2.240000,12.190000,-12.160000,2.600000,-2.000000,-142.100006,1.300000
2026-05-19-14-26-07,-2.340000,12.140000,-12.160000,2.200000,-1.100000,-140.399994,1.300000
2026-05-19-14-26-07,-2.430000,12.100000,-12.160000,1.300000,-0.700000,-137.800003,1.300000
2026-05-19-14-26-08,-2.520000,12.050000,-12.150000,0.600000,-0.900000,-135.300003,1.300000
2026-05-19-14-26-08,-2.610000,11.990000,-12.150000,0.100000,-1.600000,-138.600006,1.300000
2026-05-19-14-26-08,-2.670000,11.940000,-12.160000,1.700000,-1.200000,-147.000000,1.300000
2026-05-19-14-26-08,-2.730000,11.900000,-12.160000,4.800000,-1.400000,-159.300003,1.300000
2026-05-19-14-26-08,-2.820000,11.860000,-12.160000,6.700000,-0.500000,-164.500000,1.300000
2026-05-19-14-26-09,-2.930000,11.840000,-12.160000,7.000000,0.500000,-165.100006,1.300000
2026-05-19-14-26-09,-3.040000,11.830000,-12.160000,5.800000,0.900000,-163.500000,1.300000
2026-05-19-14-26-09,-3.000000,11.800000,-12.100000,4.700000,0.200000,-160.899994,1.300000
2026-05-19-14-26-09,-3.270000,11.800000,-12.170000,3.200000,-1.100000,-158.199997,1.300000
2026-05-19-14-26-10,-3.380000,11.790000,-12.170000,0.700000,-1.900000,-155.500000,1.300000
2026-05-19-14-26-10,-3.480000,11.760000,-12.170000,-1.000000,-3.000000,-158.000000,1.300000
2026-05-19-14-26-10,-3.570000,11.730000,-12.170000,0.500000,-3.000000,-166.000000,1.300000
2026-05-19-14-26-10,-3.650000,11.700000,-12.170000,3.800000,-2.300000,-177.300003,1.300000
2026-05-19-14-26-10,-3.740000,11.700000,-12.170000,7.100000,-1.000000,174.600006,1.300000
2026-05-19-14-26-11,-3.960000,11.750000,-12.160000,4.700000,0.300000,173.699997,1.300000
2026-05-19-14-26-11,-4.070000,11.780000,-12.160000,2.600000,-0.200000,176.300003,1.300000
2026-05-19-14-26-11,-4.180000,11.810000,-12.170000,1.200000,-1.200000,178.699997,1.300000
2026-05-19-14-26-12,-4.410000,11.870000,-12.160000,-2.000000,-2.400000,-176.199997,1.300000
2026-05-19-14-26-12,-4.520000,11.890000,-12.150000,-3.100000,-2.600000,-173.100006,1.300000
2026-05-19-14-26-12,-4.630000,11.900000,-12.140000,-3.600000,-2.600000,-170.300003,1.300000
2026-05-19-14-26-13,-4.850000,11.910000,-12.130000,-3.000000,-2.800000,-165.399994,1.300000
2026-05-19-14-26-13,-4.960000,11.900000,-12.120000,-2.200000,-3.500000,-162.899994,1.300000
2026-05-19-14-26-13,-5.090000,11.900000,-12.120000,1.100000,-6.800000,-160.300003,1.300000
2026-05-19-14-26-13,-5.150000,11.890000,-12.120000,2.100000,-6.600000,-156.100006,1.300000
2026-05-19-14-26-14,-5.240000,11.870000,-12.100000,3.100000,-4.900000,-153.000000,1.300000
2026-05-19-14-26-14,-5.340000,11.840000,-12.090000,4.300000,-3.200000,-150.100006,1.300000
2026-05-19-14-26-14,-5.440000,11.800000,-12.090000,5.800000,-3.000000,-148.300003,1.300000
2026-05-19-14-26-14,-5.530000,11.760000,-12.080000,6.500000,-3.300000,-146.699997,1.300000
2026-05-19-14-26-15,-5.620000,11.720000,-12.080000,6.900000,-4.200000,-145.399994,1.300000
2026-05-19-14-26-15,-5.720000,11.640000,-12.080000,8.200000,-5.400000,-152.500000,1.300000
2026-05-19-14-26-15,-5.790000,11.620000,-12.070000,11.400000,-3.800000,-164.500000,1.300000
2026-05-19-14-26-15,-5.940000,11.580000,-12.070000,16.700001,0.900000,178.199997,1.300000
2026-05-19-14-26-16,-6.040000,11.580000,-12.070000,16.400000,2.100000,177.199997,1.300000
2026-05-19-14-26-16,-6.150000,11.600000,-12.070000,14.100000,2.300000,178.199997,1.300000
2026-05-19-14-26-16,-6.260000,11.610000,-12.080000,11.900000,1.500000,179.899994,1.300000
2026-05-19-14-26-16,-6.370000,11.630000,-12.090000,10.000000,-0.100000,-178.199997,1.300000
2026-05-19-14-26-17,-6.480000,11.640000,-12.100000,7.300000,-1.900000,-176.000000,1.300000
2026-05-19-14-26-17,-6.570000,11.660000,-12.100000,4.700000,-3.700000,-174.500000,1.300000
2026-05-19-14-26-17,-6.630000,11.670000,-12.110000,2.300000,-5.600000,-173.500000,1.300000
2026-05-19-14-26-17,-6.670000,11.690000,-12.120000,1.200000,-6.500000,-172.600006,1.300000
2026-05-19-14-26-17,-6.710000,11.700000,-12.120000,1.600000,-6.100000,-170.600006,1.300000
2026-05-19-14-26-18,-6.780000,11.710000,-12.110000,2.900000,-4.300000,-168.000000,1.300000
2026-05-19-14-26-18,-6.870000,11.720000,-12.100000,4.100000,-1.800000,-165.899994,1.300000
2026-05-19-14-26-18,-6.960000,11.720000,-12.100000,5.600000,-0.200000,-164.500000,1.300000
2026-05-19-14-26-18,-7.070000,11.710000,-12.100000,7.200000,0.000000,-163.800003,1.300000
2026-05-19-14-26-18,-7.170000,11.710000,-12.100000,8.400000,-0.500000,-163.300003,1.300000
2026-05-19-14-26-19,-7.280000,11.710000,-12.100000,8.400000,-1.300000,-162.699997,1.300000
2026-05-19-14-26-19,-7.380000,11.700000,-12.100000,8.300000,-2.300000,-162.399994,1.300000
2026-05-19-14-26-19,-7.490000,11.690000,-12.100000,8.100000,-3.200000,-162.000000,1.300000
2026-05-19-14-26-19,-7.590000,11.690000,-12.100000,8.000000,-4.100000,-161.800003,1.300000
2026-05-19-14-26-20,-7.700000,11.670000,-12.090000,8.400000,-4.600000,-163.199997,1.300000
2026-05-19-14-26-20,-7.800000,11.660000,-12.080000,10.100000,-4.900000,-169.100006,1.300000
2026-05-19-14-26-20,-7.900000,11.650000,-12.080000,11.500000,-5.400000,-172.800003,1.300000
2026-05-19-14-26-20,-7.990000,11.660000,-12.080000,11.700000,-6.300000,-174.600006,1.300000
2026-05-19-14-26-20,-8.050000,11.670000,-12.080000,10.000000,-7.800000,-176.600006,1.300000
2026-05-19-14-26-21,-8.090000,11.680000,-12.090000,8.100000,-8.500000,-177.600006,1.300000
2026-05-19-14-26-21,11.000000,-12.090000,1.300000,-7.900000,-172.300003,0.000000,4.200000
2026-05-19-14-26-21,-8.230000,11.700000,-12.070000,3.900000,-5.800000,-169.100006,1.300000
2026-05-19-14-26-22,-8.430000,11.700000,-12.060000,6.300000,-2.700000,-164.899994,1.300000
2026-05-19-14-26-22,-8.640000,11.690000,-12.050000,7.400000,-2.900000,-162.600006,1.300000
2026-05-19-14-26-22,-8.740000,11.680000,-12.040000,7.500000,-3.800000,-161.899994,1.300000
2026-05-19-14-26-22,-8.850000,11.650000,-12.040000,7.700000,-4.500000,-161.600006,1.300000
2026-05-19-14-26-23,-8.960000,11.640000,-12.040000,7.900000,-5.600000,-161.699997,1.300000
2026-05-19-14-26-23,-9.030000,11.620000,-12.040000,7.900000,-7.800000,-162.899994,1.700000
2026-05-19-14-26-23,-9.070000,11.610000,-12.050000,8.600000,-9.200000,-164.500000,1.300000
2026-05-19-14-26-23,-9.110000,11.590000,-12.100000,9.800000,-8.700000,-164.399994,1.300000
2026-05-19-14-26-24,-9.140000,11.570000,-12.180000,10.300000,-6.300000,-163.500000,1.300000
2026-05-19-14-26-24,-9.150000,11.550000,-12.260000,11.000000,-3.300000,-162.500000,1.300000
2026-05-19-14-26-24,-9.160000,11.520000,-12.360000,11.800000,-0.000000,-161.199997,1.300000
2026-05-19-14-26-24,-9.140000,11.470000,-12.550000,13.500000,7.400000,-158.000000,1.300000
2026-05-19-14-26-25,-9.100000,11.450000,-12.660000,14.200000,11.100000,-156.500000,1.300000
2026-05-19-14-26-25,-9.040000,11.420000,-12.790000,15.000000,16.600000,-154.199997,1.300000
2026-05-19-14-26-25,-9.000000,11.410000,-12.890000,15.700000,21.600000,-151.800003,1.300000
2026-05-19-14-26-25,-8.940000,11.400000,-12.980000,16.600000,26.400000,-149.300003,1.300000
2026-05-19-14-26-25,-8.890000,11.380000,-13.060000,17.400000,30.799999,-146.899994,1.300000
2026-05-19-14-26-26,-8.850000,11.370000,-13.120000,18.000000,33.599998,-145.600006,1.300000
2026-05-19-14-26-26,-8.780000,11.310000,-13.230000,7.300000,39.400002,-162.199997,1.300000
2026-05-19-14-26-27,-8.780000,11.240000,-13.270000,-18.000000,43.400002,148.000000,1.300000
2026-05-19-14-26-27,-8.750000,11.200000,-13.330000,-18.200001,33.700001,133.500000,1.300000
2026-05-19-14-26-28,-8.710000,11.180000,-13.400000,-11.000000,22.700001,128.899994,1.300000
2026-05-19-14-26-28,-8.690000,11.170000,-13.440000,-7.700000,18.200001,128.199997,1.300000
2026-05-19-14-26-28,-8.730000,11.270000,-13.520000,-7.800000,19.000000,127.800003,1.300000
2026-05-19-14-26-28,-8.770000,11.350000,-13.580000,-9.400000,19.600000,129.600006,1.000000
2026-05-19-14-26-29,-8.820000,11.490000,-13.660000,-10.800000,13.700000,134.399994,1.300000
2026-05-19-14-26-29,-8.840000,11.570000,-13.720000,-10.600000,7.200000,137.500000,1.300000
2026-05-19-14-26-29,-8.850000,11.640000,-13.770000,-7.200000,-2.600000,142.500000,1.300000
2026-05-19-14-26-30,-8.850000,11.710000,-13.810000,-1.400000,-6.800000,147.100006,1.300000
2026-05-19-14-26-30,-8.850000,11.760000,-13.840000,2.900000,-6.000000,151.600006,1.300000
2026-05-19-14-26-31,-8.840000,11.810000,-13.870000,5.000000,-2.400000,156.100006,1.300000
2026-05-19-14-26-31,-8.820000,11.850000,-13.900000,5.200000,1.500000,160.199997,1.300000
2026-05-19-14-26-31,-8.800000,11.880000,-13.940000,4.700000,4.100000,162.899994,1.300000
2026-05-19-14-26-32,-8.770000,11.900000,-13.970000,4.100000,5.300000,164.199997,1.300000
2026-05-19-14-26-32,-8.740000,11.920000,-14.010000,3.800000,5.500000,164.300003,1.300000
2026-05-19-14-26-33,-8.710000,11.940000,-14.060000,3.900000,5.200000,163.399994,1.300000
2026-05-19-14-26-33,-8.680000,11.950000,-14.110000,4.300000,4.600000,161.699997,1.300000
2026-05-19-14-26-33,-8.650000,11.950000,-14.160000,4.400000,4.400000,159.600006,1.300000
2026-05-19-14-26-34,-8.620000,11.950000,-14.210000,4.400000,4.600000,157.199997,1.300000
2026-05-19-14-26-34,-8.580000,11.950000,-14.270000,4.400000,4.700000,155.000000,1.300000
2026-05-19-14-26-34,-8.550000,11.940000,-14.330000,4.300000,4.700000,152.800003,1.300000
2026-05-19-14-26-35,-8.520000,11.940000,-14.380000,4.200000,5.200000,150.800003,1.300000
2026-05-19-14-26-35,-8.510000,11.940000,-14.410000,4.200000,5.500000,150.000000,1.300000
2026-05-19-14-26-35,-8.520000,11.980000,-14.460000,4.300000,5.800000,149.000000,1.300000
2026-05-19-14-26-36,-8.450000,11.890000,-14.500000,4.700000,6.000000,147.899994,1.300000
2026-05-19-14-26-36,-8.430000,11.880000,-14.570000,4.700000,5.000000,146.800003,1.300000
2026-05-19-14-26-37,-8.430000,11.920000,-14.680000,6.700000,10.300000,147.399994,1.300000
2026-05-19-14-26-37,-8.520000,12.000000,-14.750000,7.700000,9.900000,149.199997,1.300000
2026-05-19-14-26-38,-8.560000,12.050000,-14.820000,6.200000,2.500000,149.000000,1.300000
2026-05-19-14-26-38,-8.590000,12.080000,-14.870000,5.400000,-2.800000,148.500000,1.300000
2026-05-19-14-26-38,-8.620000,12.110000,-14.920000,4.900000,-3.800000,147.699997,1.300000
2026-05-19-14-26-39,-8.650000,12.190000,-14.910000,5.200000,26.700001,149.399994,1.300000
2026-05-19-14-26-40,-8.650000,12.200000,-14.890000,4.600000,23.100000,149.000000,1.300000
2026-05-19-14-26-40,-8.630000,12.210000,-14.890000,3.300000,7.200000,146.800003,1.300000
2026-05-19-14-26-40,-8.610000,12.210000,-14.970000,6.400000,-27.100000,144.199997,1.300000
2026-05-19-14-26-41,-8.610000,12.230000,-14.970000,9.400000,-40.099998,142.300003,1.300000
2026-05-19-14-26-41,-8.590000,12.260000,-14.900000,7.900000,-33.000000,144.399994,1.300000
2026-05-19-14-26-41,-8.570000,12.280000,-14.870000,6.700000,-18.299999,147.000000,1.300000
2026-05-19-14-26-42,-8.550000,12.280000,-14.900000,7.800000,-20.900000,147.000000,1.300000
2026-05-19-14-26-42,-8.510000,12.270000,-14.900000,8.000000,-12.500000,147.699997,1.300000
2026-05-19-14-26-43,-8.420000,12.280000,-14.950000,11.200000,-15.000000,146.199997,1.300000
2026-05-19-14-26-43,-8.390000,12.270000,-14.970000,14.100000,-31.200001,141.399994,1.300000
2026-05-19-14-26-44,-8.380000,12.270000,-14.920000,11.600000,-25.200001,142.600006,1.300000
2026-05-19-14-26-45,-8.330000,12.260000,-14.850000,8.300000,3.400000,123.500000,1.300000
2026-05-19-14-26-45,-8.310000,12.260000,-14.840000,2.800000,10.500000,113.000000,1.300000
2026-05-19-14-26-45,-8.290000,12.280000,-14.850000,1.000000,11.600000,110.500000,1.300000
2026-05-19-14-26-45,-8.270000,12.300000,-14.860000,-2.000000,12.400000,106.599998,1.300000
2026-05-19-14-26-46,-8.240000,12.280000,-14.860000,-4.200000,12.400000,103.199997,1.300000
2026-05-19-14-26-46,-8.200000,12.280000,-14.850000,-4.000000,12.800000,101.699997,1.300000
2026-05-19-14-26-46,-8.160000,12.360000,-14.850000,-2.700000,15.200000,100.800003,1.300000
2026-05-19-14-26-46,-8.150000,12.460000,-14.850000,-2.100000,16.500000,100.400002,1.300000
2026-05-19-14-26-47,-8.160000,12.560000,-14.870000,-0.500000,14.600000,101.599998,1.300000
2026-05-19-14-26-47,-8.150000,12.600000,-14.870000,-0.400000,9.200000,102.699997,1.300000
2026-05-19-14-26-47,-8.140000,12.630000,-14.870000,-1.400000,4.500000,104.500000,1.300000
2026-05-19-14-26-47,-8.130000,12.680000,-14.860000,-1.900000,3.200000,106.199997,1.300000
2026-05-19-14-26-48,-8.090000,12.730000,-14.840000,-2.300000,4.800000,110.000000,1.300000
2026-05-19-14-26-48,-8.120000,12.850000,-14.850000,-0.000000,9.300000,115.300003,1.300000
2026-05-19-14-26-48,-8.130000,13.000000,-14.870000,2.400000,7.900000,115.599998,1.300000
2026-05-19-14-26-49,-8.120000,13.050000,-14.970000,4.500000,-26.400000,114.699997,1.300000
2026-05-19-14-26-49,-8.120000,13.080000,-14.980000,4.700000,-45.299999,116.000000,1.300000
2026-05-19-14-26-50,-8.070000,13.210000,-14.840000,7.800000,-25.000000,128.500000,1.300000
2026-05-19-14-26-50,-8.070000,13.340000,-14.780000,12.800000,-10.400000,136.399994,1.300000
2026-05-19-14-26-51,-8.130000,13.460000,-14.760000,17.900000,3.700000,124.900002,1.300000
2026-05-19-14-26-51,-8.180000,13.610000,-14.790000,17.000000,10.200000,116.800003,1.300000
2026-05-19-14-26-51,-8.200000,13.790000,-14.840000,12.500000,9.400000,114.099998,1.300000
2026-05-19-14-26-52,-8.190000,13.960000,-14.920000,9.700000,-5.900000,111.599998,1.300000
2026-05-19-14-26-52,-8.170000,14.060000,-14.990000,10.100000,-38.299999,105.900002,1.300000
2026-05-19-14-26-53,-8.150000,14.140000,-14.950000,9.500000,-39.599998,105.800003,1.300000
2026-05-19-14-26-53,-8.130000,14.250000,-14.880000,13.000000,-25.600000,97.099998,1.300000
2026-05-19-14-26-53,-8.110000,14.340000,-14.830000,14.000000,-7.100000,80.099998,1.300000
2026-05-19-14-26-54,-8.030000,14.470000,-14.810000,8.100000,4.700000,75.400002,1.300000
2026-05-19-14-26-54,-7.960000,14.550000,-14.820000,3.700000,7.900000,74.900002,1.300000
2026-05-19-14-26-54,-7.850000,14.700000,-14.860000,-0.900000,8.400000,71.199997,1.300000
2026-05-19-14-26-55,-7.760000,14.810000,-14.900000,-2.200000,6.500000,53.900002,1.300000
2026-05-19-14-26-55,-7.660000,14.910000,-14.920000,-1.400000,6.400000,38.299999,1.300000
2026-05-19-14-26-55,-7.600000,14.910000,-14.940000,-2.500000,4.800000,36.200001,1.300000
2026-05-19-14-26-55,-7.510000,14.800000,-14.960000,-5.600000,1.900000,34.400002,1.300000
2026-05-19-14-26-56,-7.550000,15.070000,-15.020000,-9.800000,-1.800000,34.599998,1.300000
2026-05-19-14-26-56,-7.490000,15.080000,-15.060000,-11.000000,-3.700000,37.099998,1.300000
2026-05-19-14-26-57,-7.440000,15.070000,-15.090000,-8.600000,-3.200000,40.700001,1.300000
2026-05-19-14-26-57,-7.390000,15.060000,-15.130000,-5.300000,-2.000000,44.299999,1.300000
2026-05-19-14-26-57,-7.340000,15.040000,-15.180000,-1.800000,-0.200000,48.500000,1.300000
2026-05-19-14-26-58,-7.310000,15.030000,-15.300000,0.700000,4.200000,52.500000,1.300000
2026-05-19-14-26-58,-7.300000,15.020000,-15.460000,2.100000,9.800000,55.900002,1.300000
2026-05-19-14-26-59,-7.310000,15.020000,-15.500000,-0.400000,7.900000,59.900002,1.300000
2026-05-19-14-26-59,-7.270000,15.020000,-15.450000,2.600000,7.500000,64.199997,1.300000
2026-05-19-14-26-59,-7.230000,15.010000,-15.420000,4.500000,5.000000,69.400002,1.300000
2026-05-19-14-27-00,-7.200000,15.000000,-15.410000,3.900000,3.500000,73.699997,1.300000
2026-05-19-14-27-00,-7.180000,14.970000,-15.430000,1.700000,2.500000,78.699997,1.300000
2026-05-19-14-27-01,-7.170000,14.970000,-15.490000,6.500000,6.700000,83.599998,1.300000
2026-05-19-14-27-01,-7.120000,14.970000,-15.450000,9.100000,8.300000,86.900002,1.300000
2026-05-19-14-27-01,-7.080000,14.950000,-15.410000,9.800000,5.600000,89.400002,1.300000
2026-05-19-14-27-02,-7.060000,14.920000,-15.390000,6.100000,0.700000,90.300003,1.300000
2026-05-19-14-27-02,-7.040000,14.890000,-15.380000,1.700000,-1.700000,91.000000,1.300000
2026-05-19-14-27-02,-7.010000,14.860000,-15.390000,1.100000,-3.000000,90.800003,1.300000
2026-05-19-14-27-03,-6.980000,14.820000,-15.430000,2.400000,-1.000000,90.699997,1.300000
2026-05-19-14-27-03,-6.960000,14.780000,-15.450000,5.000000,6.600000,89.500000,1.300000
2026-05-19-14-27-04,-6.950000,14.760000,-15.420000,12.500000,13.300000,90.599998,1.300000
2026-05-19-14-27-04,-6.940000,14.690000,-15.450000,11.000000,8.100000,91.300003,1.300000
2026-05-19-14-27-04,-6.940000,14.650000,-15.420000,9.100000,3.900000,90.500000,1.300000
2026-05-19-14-27-05,-6.930000,14.610000,-15.400000,6.400000,2.900000,89.199997,1.300000
2026-05-19-14-27-05,-6.930000,14.550000,-15.390000,3.100000,1.400000,87.500000,1.300000
2026-05-19-14-27-05,-6.930000,14.510000,-15.380000,2.200000,0.800000,86.800003,1.300000
2026-05-19-14-27-06,-6.950000,14.490000,-15.380000,1.600000,0.800000,80.099998,1.300000
2026-05-19-14-27-06,-7.050000,14.550000,-15.430000,-0.600000,6.300000,42.400002,1.300000
2026-05-19-14-27-06,-7.050000,14.580000,-15.440000,-7.600000,2.300000,6.400000,1.300000
2026-05-19-14-27-07,-7.020000,14.550000,-15.440000,-9.800000,-2.200000,-6.200000,1.300000
2026-05-19-14-27-07,-7.000000,14.500000,-15.450000,-11.200000,-3.100000,-8.900000,1.300000
2026-05-19-14-27-08,-6.980000,14.440000,-15.460000,-11.800000,-1.200000,-7.300000,1.300000
2026-05-19-14-27-08,-6.970000,14.380000,-15.470000,-10.300000,2.500000,-4.100000,1.300000
2026-05-19-14-27-08,-6.970000,14.320000,-15.450000,-7.600000,3.300000,0.200000,1.300000
2026-05-19-14-27-09,-6.960000,14.270000,-15.450000,-5.500000,2.500000,5.100000,1.300000
2026-05-19-14-27-09,-6.950000,14.200000,-15.440000,-3.300000,1.300000,10.200000,1.300000
2026-05-19-14-27-09,-6.960000,14.150000,-15.440000,-1.000000,0.500000,15.500000,1.300000
2026-05-19-14-27-10,-6.950000,14.100000,-15.440000,-0.200000,1.000000,21.299999,1.300000
2026-05-19-14-27-10,-6.940000,14.050000,-15.460000,0.000000,2.600000,26.799999,1.300000
2026-05-19-14-27-11,-6.940000,13.970000,-15.470000,0.300000,1.400000,32.400002,1.300000
2026-05-19-14-27-11,-6.950000,13.910000,-15.450000,0.400000,1.600000,32.799999,1.300000
2026-05-19-14-27-12,-6.910000,13.930000,-15.430000,-4.600000,-3.300000,-31.900000,1.300000
2026-05-19-14-27-12,-6.860000,13.910000,-15.440000,-2.600000,-8.600000,-51.700001,1.300000
2026-05-19-14-27-13,-6.790000,13.780000,-15.450000,-3.000000,-9.000000,-61.200001,1.300000
2026-05-19-14-27-13,-6.710000,13.630000,-15.440000,-0.700000,-8.700000,-72.300003,1.300000
2026-05-19-14-27-14,-6.580000,13.190000,-15.450000,4.400000,-5.200000,-84.699997,1.300000
2026-05-19-14-27-15,-6.550000,12.840000,-15.520000,4.100000,-12.700000,-80.500000,1.300000
2026-05-19-14-27-15,-6.540000,12.670000,-15.530000,1.900000,-11.200000,-78.199997,1.300000
2026-05-19-14-27-16,-6.650000,12.480000,-15.510000,0.300000,-5.700000,-75.900002,1.300000
2026-05-19-14-27-16,-6.480000,12.140000,-15.490000,-0.800000,1.100000,-72.199997,1.300000
2026-05-19-14-27-17,-6.420000,11.740000,-15.430000,-1.600000,-1.800000,-67.800003,1.300000
2026-05-19-14-27-18,-6.370000,11.530000,-15.410000,-1.300000,-3.300000,-65.900002,1.300000
2026-05-19-14-27-18,-6.320000,11.330000,-15.390000,-0.200000,-7.500000,-69.199997,1.300000
2026-05-19-14-27-18,-6.250000,11.170000,-15.380000,9.600000,-10.400000,-90.099998,1.300000
2026-05-19-14-27-19,-6.270000,10.800000,-15.340000,14.000000,-8.900000,-102.599998,1.300000
2026-05-19-14-27-20,-6.330000,10.600000,-15.310000,10.600000,-10.500000,-103.300003,1.300000
2026-05-19-14-27-20,-6.430000,10.420000,-15.300000,5.600000,-12.200000,-103.199997,1.300000
2026-05-19-14-27-20,-6.530000,10.250000,-15.250000,0.900000,-12.800000,-102.900002,1.300000
2026-05-19-14-27-21,-6.610000,10.060000,-15.210000,-0.800000,-13.300000,-102.400002,1.300000
2026-05-19-14-27-21,-6.670000,9.950000,-15.160000,-0.800000,-13.400000,-102.000000,1.300000
2026-05-19-14-27-21,-6.660000,9.800000,-15.090000,0.700000,-14.200000,-100.699997,1.400000
2026-05-19-14-27-22,-6.560000,9.660000,-15.020000,2.200000,-14.500000,-98.900002,1.400000
2026-05-19-14-27-22,-6.510000,9.610000,-14.970000,2.600000,-14.600000,-97.900002,1.400000
2026-05-19-14-27-22,-6.440000,9.560000,-14.910000,2.700000,-14.500000,-97.000000,1.400000
2026-05-19-14-27-23,-6.220000,9.510000,-14.780000,10.600000,-17.900000,-97.599998,1.500000
2026-05-19-14-27-23,-5.990000,9.400000,-14.710000,12.500000,-17.799999,-96.099998,1.600000
2026-05-19-14-27-24,-7.110000,8.280000,-15.170000,12.300000,-30.200001,-89.400002,1.500000
2026-05-19-14-27-25,-7.120000,8.100000,-15.190000,8.300000,-29.799999,-85.300003,1.500000
2026-05-19-14-27-25,-7.120000,8.040000,-15.190000,7.100000,-30.900000,-84.900002,1.500000
2026-05-19-14-27-25,-7.130000,7.960000,-15.220000,6.600000,-30.299999,-84.500000,1.500000
2026-05-19-14-27-25,-7.120000,7.910000,-15.210000,11.600000,-30.600000,-85.099998,1.500000
2026-05-19-14-27-26,-7.030000,7.840000,-15.160000,18.299999,-29.299999,-84.099998,1.500000
2026-05-19-14-27-26,-6.990000,7.780000,-15.240000,18.700001,-24.400000,-78.800003,1.500000
2026-05-19-14-27-27,-6.830000,7.670000,-15.570000,20.400000,-11.500000,-68.099998,1.500000
2026-05-19-14-27-27,-6.730000,7.660000,-15.730000,20.799999,-2.900000,-62.400002,1.500000
2026-05-19-14-27-28,-6.630000,7.680000,-15.810000,11.600000,4.600000,-56.400002,1.500000
2026-05-19-14-27-28,-6.590000,7.700000,-15.750000,15.500000,-0.700000,-51.099998,1.500000
2026-05-19-14-27-28,-6.540000,7.670000,-15.690000,23.400000,-4.600000,-45.500000,1.500000
2026-05-19-14-27-29,-6.480000,7.640000,-15.670000,22.900000,-8.300000,-41.200001,1.500000
2026-05-19-14-27-29,-6.420000,7.620000,-15.690000,16.500000,-9.800000,-36.900002,1.500000
2026-05-19-14-27-30,-6.350000,7.610000,-15.750000,8.100000,-2.000000,-30.400000,1.500000
2026-05-19-14-27-30,-6.280000,7.570000,-15.680000,4.100000,1.800000,-27.400000,1.500000
2026-05-19-14-27-30,-6.240000,7.530000,-15.620000,2.400000,-3.100000,-26.600000,1.500000
2026-05-19-14-27-31,-6.170000,7.540000,-15.600000,5.900000,-7.300000,-41.299999,1.500000
2026-05-19-14-27-31,-6.100000,7.560000,-15.580000,13.400000,-5.400000,-81.699997,1.500000
2026-05-19-14-27-31,-6.050000,7.530000,-15.570000,14.800000,-1.600000,-97.300003,1.500000
2026-05-19-14-27-32,-6.010000,7.510000,-15.550000,9.900000,1.000000,-104.199997,1.500000
2026-05-19-14-27-32,-5.970000,7.480000,-15.570000,4.500000,2.400000,-107.000000,1.500000
2026-05-19-14-27-33,-5.900000,7.440000,-15.700000,4.200000,10.500000,-106.300003,1.500000
2026-05-19-14-27-33,-5.930000,7.430000,-15.700000,7.700000,12.100000,-106.199997,1.500000
2026-05-19-14-27-33,-5.890000,7.380000,-15.610000,5.000000,9.800000,-109.300003,1.500000
2026-05-19-14-27-34,-5.850000,7.340000,-15.580000,1.900000,8.600000,-138.600006,1.500000
2026-05-19-14-27-34,-5.830000,7.270000,-15.570000,1.100000,5.600000,-157.000000,1.500000
2026-05-19-14-27-35,-5.810000,7.230000,-15.580000,-0.300000,2.300000,-165.199997,1.500000
2026-05-19-14-27-35,-5.790000,7.200000,-15.590000,-1.900000,-0.600000,-169.500000,1.500000
2026-05-19-14-27-35,-5.780000,7.180000,-15.620000,-3.400000,-1.600000,-172.000000,1.500000
2026-05-19-14-27-35,-5.780000,7.170000,-15.630000,-3.400000,-1.200000,-172.600006,1.500000
2026-05-19-14-27-36,-5.780000,7.170000,-15.640000,-3.300000,0.400000,-173.199997,1.500000
2026-05-19-14-27-36,-5.750000,7.190000,-15.630000,-2.400000,2.700000,-173.300003,1.500000
2026-05-19-14-27-36,-5.760000,7.180000,-15.610000,-0.700000,6.200000,-172.699997,1.500000
2026-05-19-14-27-37,-5.780000,7.190000,-15.600000,0.400000,8.400000,-170.699997,1.500000
2026-05-19-14-27-37,-5.750000,7.210000,-15.610000,2.100000,6.800000,-169.399994,1.500000
2026-05-19-14-27-37,-5.760000,7.210000,-15.580000,4.700000,7.300000,-167.899994,1.500000
2026-05-19-14-27-37,-5.780000,7.200000,-15.540000,4.500000,9.000000,-166.300003,1.500000
2026-05-19-14-27-38,-5.780000,7.200000,-15.490000,4.100000,7.600000,-165.199997,1.500000
2026-05-19-14-27-38,-5.790000,7.190000,-15.470000,3.600000,5.100000,-163.100006,1.500000
2026-05-19-14-27-38,-5.790000,7.180000,-15.460000,2.500000,3.300000,-161.100006,1.500000
2026-05-19-14-27-38,-5.790000,7.190000,-15.450000,1.400000,1.100000,-158.800003,1.500000
2026-05-19-14-27-39,-5.800000,7.180000,-15.460000,1.000000,-0.600000,-156.100006,1.500000
2026-05-19-14-27-39,-5.780000,7.190000,-15.460000,1.400000,-2.000000,-153.100006,1.500000
2026-05-19-14-27-39,-5.770000,7.190000,-15.470000,2.300000,-3.400000,-150.100006,1.500000
2026-05-19-14-27-39,-5.760000,7.180000,-15.480000,3.300000,-4.100000,-147.199997,1.500000
2026-05-19-14-27-40,-5.750000,7.170000,-15.490000,4.400000,-3.400000,-144.199997,1.500000
2026-05-19-14-27-40,-5.800000,7.150000,-15.480000,6.400000,0.100000,-139.699997,1.500000
2026-05-19-14-27-40,-5.880000,7.100000,-15.470000,8.200000,3.200000,-136.300003,1.500000
2026-05-19-14-27-40,-5.960000,7.040000,-15.460000,10.200000,4.000000,-133.399994,1.500000
2026-05-19-14-27-41,-6.060000,6.970000,-15.470000,11.300000,2.600000,-131.600006,1.500000
2026-05-19-14-27-41,-6.180000,6.900000,-15.460000,11.200000,0.100000,-129.800003,1.500000
2026-05-19-14-27-41,-6.310000,6.790000,-15.440000,5.400000,-6.400000,-126.400002,1.500000
2026-05-19-14-27-41,-6.360000,6.720000,-15.410000,2.000000,-7.700000,-119.699997,1.500000
2026-05-19-14-27-42,-6.340000,6.580000,-15.320000,2.100000,-7.200000,-114.500000,1.500000
2026-05-19-14-27-42,-6.460000,6.530000,-15.300000,3.800000,-7.400000,-110.699997,1.500000
2026-05-19-14-27-43,-6.560000,6.360000,-15.270000,4.900000,-9.700000,-109.199997,1.500000
2026-05-19-14-27-43,-6.660000,6.190000,-15.240000,5.300000,-12.500000,-107.699997,1.500000
2026-05-19-14-27-43,-6.710000,6.100000,-15.230000,6.300000,-13.300000,-109.699997,1.500000
2026-05-19-14-27-43,-6.790000,5.920000,-15.210000,10.200000,-15.100000,-116.099998,1.500000
2026-05-19-14-27-44,-6.910000,5.760000,-15.180000,9.900000,-16.500000,-116.800003,1.500000
2026-05-19-14-27-44,-6.970000,5.680000,-15.160000,9.600000,-16.299999,-116.199997,1.500000
2026-05-19-14-27-44,-7.110000,5.510000,-15.100000,8.200000,-15.800000,-115.300003,1.500000
2026-05-19-14-27-45,-7.230000,5.360000,-15.040000,6.800000,-15.100000,-114.800003,1.500000
2026-05-19-14-27-45,-7.460000,5.060000,-14.950000,7.500000,-14.200000,-113.699997,1.500000
2026-05-19-14-27-46,-7.600000,4.930000,-14.900000,8.400000,-13.600000,-114.599998,1.500000
2026-05-19-14-27-46,-7.760000,4.840000,-14.910000,12.900000,-12.800000,-123.400002,1.500000
2026-05-19-14-27-47,-7.900000,4.700000,-14.880000,13.000000,-12.800000,-125.500000,1.500000
2026-05-19-14-27-47,-8.060000,4.560000,-14.850000,12.400000,-12.800000,-125.300003,1.500000
2026-05-19-14-27-47,-8.220000,4.430000,-14.810000,10.200000,-11.700000,-124.599998,1.500000
2026-05-19-14-27-48,-8.390000,4.320000,-14.700000,8.200000,-10.800000,-124.000000,1.500000
2026-05-19-14-27-48,-8.540000,4.190000,-14.750000,8.200000,-10.200000,-123.400002,1.500000
2026-05-19-14-27-49,-8.690000,4.060000,-14.720000,11.100000,-9.600000,-130.300003,1.500000
2026-05-19-14-27-49,-8.840000,3.940000,-14.700000,12.900000,-9.900000,-133.500000,1.500000
2026-05-19-14-27-49,-9.000000,3.830000,-14.670000,32.099998,-10.200000,-134.000000,1.500000
2026-05-19-14-27-50,-9.170000,3.730000,-14.640000,10.400000,-9.800000,-133.800003,1.500000
2026-05-19-14-27-50,-9.340000,3.630000,-14.610000,8.400000,-9.300000,-133.500000,1.500000
2026-05-19-14-27-50,-9.520000,3.530000,-14.590000,7.900000,-8.800000,-133.000000,1.500000
2026-05-19-14-27-51,-9.700000,3.440000,-14.550000,7.800000,-8.600000,-132.300003,1.500000
2026-05-19-14-27-51,-9.860000,3.340000,-14.530000,9.500000,-8.900000,-137.000000,1.500000
2026-05-19-14-27-52,-10.040000,3.250000,-14.510000,10.200000,-9.900000,-139.800003,1.500000
2026-05-19-14-27-52,-10.220000,3.180000,-14.490000,10.200000,-10.100000,-140.399994,1.500000
2026-05-19-14-27-52,-10.400000,3.110000,-14.460000,9.200000,-9.100000,-139.899994,1.500000
2026-05-19-14-27-53,-10.590000,3.050000,-14.430000,8.300000,-8.600000,-139.500000,1.500000
2026-05-19-14-27-53,-10.770000,2.980000,-14.410000,8.100000,-8.200000,-139.000000,1.500000
2026-05-19-14-27-54,-10.960000,2.910000,-14.380000,8.000000,-7.900000,-138.300003,1.500000
2026-05-19-14-27-54,-11.150000,2.870000,-14.360000,7.800000,-8.000000,-137.899994,1.500000
2026-05-19-14-27-54,-11.320000,2.780000,-14.330000,7.700000,-8.500000,-137.800003,1.500000
2026-05-19-14-27-55,-11.500000,2.700000,-14.300000,8.300000,-9.000000,-137.800003,1.500000
2026-05-19-14-27-56,-11.860000,2.560000,-14.250000,9.500000,-8.900000,-136.699997,1.500000
2026-05-19-14-27-56,-11.940000,2.510000,-14.230000,9.500000,-8.800000,-136.500000,1.500000
2026-05-19-14-27-56,-12.100000,2.490000,-14.210000,9.600000,-8.600000,-136.600006,1.500000
2026-05-19-14-27-56,-12.250000,2.410000,-14.190000,10.000000,-8.500000,-136.600006,1.500000
2026-05-19-14-27-57,-12.430000,2.350000,-14.160000,10.200000,-8.200000,-136.899994,1.500000
2026-05-19-14-27-57,-12.630000,2.270000,-14.140000,10.700000,-8.500000,-137.600006,1.500000
2026-05-19-14-27-57,-12.710000,2.230000,-14.130000,10.900000,-8.700000,-137.899994,1.500000
2026-05-19-14-27-58,-12.890000,2.170000,-14.110000,11.600000,-8.600000,-138.199997,1.500000
2026-05-19-14-27-58,-13.010000,2.130000,-14.090000,12.000000,-8.400000,-138.600006,1.500000
2026-05-19-14-27-58,-13.180000,2.070000,-14.070000,11.900000,-8.300000,-139.100006,1.500000
2026-05-19-14-27-58,-13.280000,2.040000,-14.060000,12.200000,-8.200000,-140.600006,1.500000
2026-05-19-14-27-59,-13.390000,2.010000,-14.050000,12.700000,-7.600000,-143.399994,1.500000
2026-05-19-14-27-59,-13.480000,1.970000,-14.040000,13.100000,-7.100000,-146.800003,1.500000
2026-05-19-14-27-59,-13.580000,1.940000,-14.030000,13.700000,-6.500000,-152.199997,1.500000
2026-05-19-14-27-59,-13.690000,1.920000,-14.020000,13.300000,-6.700000,-154.800003,1.500000
2026-05-19-14-28-00,-13.800000,1.900000,-14.010000,12.400000,-7.100000,-155.899994,1.500000
2026-05-19-14-28-00,-13.910000,1.900000,-14.000000,11.600000,-7.000000,-156.500000,1.500000
2026-05-19-14-28-00,-14.020000,1.890000,-13.990000,10.900000,-6.400000,-156.600006,1.500000
2026-05-19-14-28-00,-14.120000,1.880000,-13.980000,9.700000,-5.700000,-156.300003,1.500000
2026-05-19-14-28-00,-14.230000,1.880000,-13.970000,8.300000,-5.200000,-154.500000,1.500000
2026-05-19-14-28-01,-14.340000,1.870000,-13.960000,7.100000,-4.800000,-152.300003,1.500000
2026-05-19-14-28-01,-14.460000,1.870000,-13.950000,6.600000,-4.800000,-150.399994,1.500000
2026-05-19-14-28-01,-14.570000,1.860000,-13.940000,6.000000,-4.900000,-148.500000,1.500000
2026-05-19-14-28-01,-14.680000,1.850000,-13.920000,5.900000,-5.000000,-147.699997,1.500000
2026-05-19-14-28-01,-14.790000,1.830000,-13.910000,6.200000,-5.300000,-147.600006,1.500000
2026-05-19-14-28-02,-14.900000,1.820000,-13.900000,6.500000,-5.700000,-147.899994,1.500000
2026-05-19-14-28-02,-15.010000,1.800000,-13.890000,6.900000,-6.200000,-148.199997,1.500000
2026-05-19-14-28-02,-15.110000,1.770000,-13.870000,7.500000,-6.800000,-148.500000,1.500000
2026-05-19-14-28-02,-15.220000,1.760000,-13.860000,8.300000,-7.400000,-148.899994,1.500000
2026-05-19-14-28-03,-15.330000,1.740000,-13.850000,9.200000,-8.100000,-149.199997,1.500000
2026-05-19-14-28-03,-15.440000,1.730000,-13.840000,9.600000,-8.500000,-149.500000,1.500000
2026-05-19-14-28-03,-15.560000,1.720000,-13.820000,9.700000,-8.900000,-149.899994,1.500000
2026-05-19-14-28-03,-15.670000,1.710000,-13.800000,9.600000,-9.000000,-150.500000,1.500000
2026-05-19-14-28-03,-15.780000,1.690000,-13.790000,9.800000,-9.100000,-150.899994,1.500000
2026-05-19-14-28-04,-15.880000,1.680000,-13.770000,9.900000,-8.900000,-152.399994,1.500000
2026-05-19-14-28-04,-15.990000,1.670000,-13.750000,10.200000,-8.800000,-154.100006,1.500000
2026-05-19-14-28-04,-16.100000,1.660000,-13.730000,10.200000,-8.600000,-155.199997,1.500000
2026-05-19-14-28-04,-16.200001,1.650000,-13.720000,10.800000,-8.300000,-157.199997,1.500000
2026-05-19-14-28-04,-16.309999,1.650000,-13.700000,11.300000,-8.500000,-158.399994,1.500000
2026-05-19-14-28-05,-16.420000,1.650000,-13.690000,11.600000,-8.500000,-159.399994,1.500000
2026-05-19-14-28-05,-16.520000,1.650000,-13.670000,11.700000,-8.600000,-160.000000,1.500000
2026-05-19-14-28-05,-16.629999,1.660000,-13.660000,11.400000,-8.700000,-160.800003,1.500000
2026-05-19-14-28-06,-16.870001,1.660000,-13.620000,11.000000,-8.800000,-162.000000,1.500000
2026-05-19-14-28-06,-16.990000,1.680000,-13.620000,10.500000,-8.600000,-162.399994,1.500000
2026-05-19-14-28-06,-17.090000,1.680000,-13.600000,10.100000,-8.400000,-162.800003,1.500000
2026-05-19-14-28-06,-17.200001,1.700000,-13.580000,9.900000,-8.300000,-163.199997,1.500000
2026-05-19-14-28-06,-17.309999,1.710000,-13.570000,10.100000,-8.000000,-163.699997,1.500000
2026-05-19-14-28-07,-17.389999,1.730000,-13.560000,9.600000,-8.500000,-164.500000,1.500000
2026-05-19-14-28-07,-17.500000,1.750000,-13.560000,7.900000,-9.300000,-166.899994,1.500000
2026-05-19-14-28-07,-17.540001,1.760000,-13.610000,8.700000,-8.000000,-166.500000,1.500000
2026-05-19-14-28-08,-17.570000,1.760000,-13.670000,9.600000,-5.500000,-165.800003,1.500000
2026-05-19-14-28-08,-17.590000,1.760000,-13.750000,11.000000,-2.100000,-165.300003,1.500000
2026-05-19-14-28-08,-17.600000,1.750000,-13.840000,12.600000,1.400000,-164.300003,1.500000
2026-05-19-14-28-08,-17.580000,1.720000,-14.040000,16.700001,8.700000,-160.500000,1.500000
2026-05-19-14-28-09,-17.559999,1.690000,-14.130000,18.900000,12.400000,-158.300003,1.500000
2026-05-19-14-28-09,-17.520000,1.670000,-14.230000,21.100000,16.600000,-155.600006,1.500000
2026-05-19-14-28-09,-17.480000,1.650000,-14.320000,22.799999,20.700001,-152.699997,1.500000
2026-05-19-14-28-09,-17.420000,1.620000,-14.410000,24.400000,25.000000,-149.000000,1.500000
2026-05-19-14-28-09,-17.360001,1.600000,-14.490000,25.200001,27.700001,-146.100006,1.500000
2026-05-19-14-28-10,-17.290001,1.590000,-14.570000,26.100000,31.299999,-141.899994,1.500000
2026-05-19-14-28-10,-17.209999,1.570000,-14.650000,26.400000,33.299999,-139.199997,1.500000
2026-05-19-14-28-10,-17.120001,1.560000,-14.740000,25.799999,35.599998,-135.300003,1.500000
2026-05-19-14-28-11,-17.030001,1.560000,-14.830000,20.700001,33.700001,-135.300003,1.500000
2026-05-19-14-28-11,-16.940001,1.550000,-14.910000,11.000000,31.200001,-135.800003,1.500000
2026-05-19-14-28-11,-16.840000,1.590000,-15.050000,7.100000,29.700001,-134.300003,1.500000
2026-05-19-14-28-12,-16.740000,1.660000,-15.220000,4.100000,29.799999,-132.600006,1.500000
2026-05-19-14-28-12,-16.650000,1.730000,-15.410000,1.400000,29.700001,-131.199997,1.500000
2026-05-19-14-28-13,-16.580000,1.820000,-15.590000,-0.400000,29.600000,-129.399994,1.500000
2026-05-19-14-28-13,-16.520000,1.900000,-15.790000,-1.200000,28.600000,-127.500000,1.500000
2026-05-19-14-28-13,-16.459999,2.000000,-15.980000,-0.900000,26.700001,-125.500000,1.500000
2026-05-19-14-28-14,-16.420000,2.090000,-16.180000,0.700000,23.700001,-124.099998,1.500000
2026-05-19-14-28-14,-16.379999,2.140000,-16.320000,3.400000,16.600000,-124.400002,1.500000
2026-05-19-14-28-15,-16.320000,2.200000,-16.549999,6.100000,2.900000,-127.800003,1.500000
2026-05-19-14-28-15,-16.290001,2.220000,-16.719999,7.400000,0.700000,-126.900002,1.500000
2026-05-19-14-28-16,-16.270000,2.200000,-16.930000,7.500000,0.100000,-125.000000,1.500000
2026-05-19-14-28-16,-16.290001,2.190000,-17.059999,7.600000,-0.100000,-124.199997,1.500000
2026-05-19-14-28-16,-16.290001,1.970000,-17.120001,7.700000,-0.600000,-123.099998,1.500000
2026-05-19-14-28-16,-16.290001,1.750000,-17.270000,7.900000,-0.800000,-121.500000,1.500000
2026-05-19-14-28-17,-16.280001,1.720000,-17.490000,8.400000,-0.500000,-120.099998,1.500000
2026-05-19-14-28-17,-16.270000,1.690000,-17.690001,8.200000,2.000000,-118.199997,1.500000
2026-05-19-14-28-18,-16.270000,1.670000,-17.730000,9.600000,-0.000000,-118.900002,1.500000
2026-05-19-14-28-18,-16.290001,1.620000,-17.690001,11.700000,-1.700000,-121.599998,1.500000
2026-05-19-14-28-18,-16.309999,1.570000,-17.680000,14.700000,-1.800000,-125.099998,1.500000
2026-05-19-14-28-19,-16.299999,1.520000,-17.690001,10.800000,2.200000,-126.400002,1.500000
2026-05-19-14-28-19,-16.290001,1.440000,-17.700001,5.700000,10.000000,-126.699997,1.500000
2026-05-19-14-28-20,-16.309999,1.440000,-17.670000,6.100000,5.200000,-130.100006,1.500000
2026-05-19-14-28-20,-16.309999,1.410000,-17.620001,3.000000,2.200000,-133.699997,1.500000
2026-05-19-14-28-20,-16.320000,1.370000,-17.610001,3.300000,-0.100000,-136.600006,1.500000
2026-05-19-14-28-21,-16.299999,1.330000,-17.700001,7.700000,3.400000,-137.699997,1.500000
2026-05-19-14-28-21,-16.320000,1.290000,-17.700001,9.700000,11.100000,-137.500000,1.500000
2026-05-19-14-28-21,-16.350000,1.250000,-17.639999,10.700000,10.300000,-138.600006,1.500000
2026-05-19-14-28-22,-16.400000,1.250000,-17.610001,16.900000,8.500000,-141.600006,1.500000
2026-05-19-14-28-22,-16.459999,1.280000,-17.610001,23.200001,8.500000,-149.199997,1.500000
2026-05-19-14-28-23,-16.500000,1.270000,-17.629999,14.100000,10.100000,-156.699997,1.500000
2026-05-19-14-28-23,-16.520000,1.220000,-17.650000,1.100000,10.900000,166.500000,1.500000
2026-05-19-14-28-24,-16.650000,1.140000,-17.709999,-5.400000,-4.700000,114.800003,1.500000
2026-05-19-14-28-24,-16.690001,1.140000,-17.760000,-8.800000,7.700000,108.599998,1.500000
2026-05-19-14-28-25,-16.730000,1.180000,-17.740000,-6.900000,10.200000,104.199997,1.500000
2026-05-19-14-28-25,-16.799999,1.180000,-17.680000,-8.500000,3.300000,88.599998,1.500000
2026-05-19-14-28-25,-16.860001,1.200000,-17.670000,-5.100000,-4.400000,59.200001,1.500000
2026-05-19-14-28-26,-16.879999,1.240000,-17.690001,-3.200000,-7.400000,46.200001,1.500000
2026-05-19-14-28-26,-16.820000,1.250000,-17.680000,-2.100000,-6.500000,45.299999,1.500000
2026-05-19-14-28-26,-16.840000,1.270000,-17.650000,-1.500000,-5.100000,43.799999,1.500000
2026-05-19-14-28-26,-16.780001,1.330000,-17.620001,-0.800000,-3.800000,43.599998,1.500000
2026-05-19-14-28-27,-16.719999,1.400000,-17.600000,-0.500000,-3.500000,44.200001,1.500000
2026-05-19-14-28-27,-16.590000,1.430000,-17.580000,-0.600000,-5.800000,45.500000,1.500000
2026-05-19-14-28-28,-16.100000,1.620000,-17.549999,-3.900000,-9.900000,51.700001,1.500000
2026-05-19-14-28-28,-15.820000,1.720000,-17.459999,-3.300000,2.300000,53.000000,1.500000
2026-05-19-14-28-29,-15.800000,1.890000,-17.480000,-3.000000,0.800000,53.200001,1.500000
2026-05-19-14-28-29,-15.670000,2.060000,-17.440001,-3.100000,-3.200000,55.099998,1.500000
2026-05-19-14-28-29,-15.500000,2.240000,-17.400000,-3.800000,-3.500000,56.599998,1.500000
2026-05-19-14-28-30,-15.450000,2.360000,-17.370001,-4.400000,-2.700000,57.500000,1.500000
2026-05-19-14-28-30,-15.310000,2.500000,-17.360001,-5.300000,-5.900000,58.599998,1.500000
2026-05-19-14-28-30,-15.230000,2.600000,-17.370001,-6.400000,-11.300000,58.900002,1.500000
2026-05-19-14-28-31,-15.150000,2.650000,-17.389999,-6.300000,-15.600000,66.699997,1.500000
2026-05-19-14-28-31,-15.100000,2.690000,-17.420000,-23.500000,-16.500000,71.000000,1.500000
2026-05-19-14-28-31,-15.030000,2.740000,-17.480000,-14.900000,-1.900000,66.900002,1.500000
2026-05-19-14-28-32,-14.990000,2.790000,-17.510000,-3.900000,8.800000,63.200001,1.500000
2026-05-19-14-28-32,-14.940000,2.830000,-17.490000,-4.300000,6.000000,60.599998,1.500000
2026-05-19-14-28-33,-14.870000,2.870000,-17.459999,-3.200000,1.800000,58.700001,1.500000
2026-05-19-14-28-33,-14.820000,2.880000,-17.459999,-3.700000,-4.800000,66.500000,1.500000
2026-05-19-14-28-33,-14.780000,2.910000,-17.530001,-0.300000,-7.800000,69.400002,1.500000
2026-05-19-14-28-34,-14.750000,2.990000,-17.540001,3.300000,6.700000,70.800003,1.500000
2026-05-19-14-28-34,-14.700000,3.030000,-17.490000,2.200000,7.500000,71.199997,1.500000
2026-05-19-14-28-35,-14.660000,3.060000,-17.469999,1.400000,3.700000,69.400002,1.500000
2026-05-19-14-28-35,-14.640000,3.090000,-17.469999,0.600000,-1.100000,67.099998,1.500000
2026-05-19-14-28-35,-14.620000,3.110000,-17.480000,1.600000,-2.500000,68.400002,1.500000
2026-05-19-14-28-36,-14.530000,3.180000,-17.000000,3.600000,-0.000000,74.800003,1.500000
2026-05-19-14-28-36,-14.470000,3.300000,-17.459999,3.000000,1.700000,76.800003,1.500000
2026-05-19-14-28-36,-14.400000,3.450000,-17.490000,4.200000,2.600000,79.800003,1.500000
2026-05-19-14-28-37,-14.270000,3.600000,-17.480000,3.200000,1.000000,82.699997,1.500000
2026-05-19-14-28-38,-14.110000,4.120000,-17.610001,1.600000,-7.100000,90.500000,1.500000
2026-05-19-14-28-38,-14.100000,4.280000,-17.700001,4.600000,-5.200000,93.099998,1.500000
2026-05-19-14-28-38,-14.090000,4.450000,-17.719999,6.600000,4.500000,96.599998,1.500000
2026-05-19-14-28-39,-14.080000,4.630000,-17.700001,4.700000,2.100000,98.800003,1.500000
2026-05-19-14-28-39,-14.090000,4.820000,-17.680000,2.900000,-1.500000,98.900002,1.500000
2026-05-19-14-28-40,-14.120000,4.990000,-17.670000,4.200000,-0.800000,81.199997,1.500000
2026-05-19-14-28-40,-14.140000,5.120000,-17.680000,8.400000,-2.600000,66.500000,1.500000
2026-05-19-14-28-40,-14.130000,5.200000,-17.690001,8.300000,-2.900000,58.400002,1.500000
2026-05-19-14-28-41,-14.140000,5.270000,-17.709999,4.400000,-3.000000,53.799999,1.500000
2026-05-19-14-28-41,-14.160000,5.320000,-17.740000,0.700000,-2.400000,51.400002,1.500000
2026-05-19-14-28-42,-14.150000,5.370000,-17.750000,-0.700000,1.900000,49.000000,1.500000
2026-05-19-14-28-42,-14.110000,5.430000,-17.760000,3.800000,9.900000,47.200001,1.700000
2026-05-19-14-28-43,-13.830000,5.620000,-17.799999,13.200000,6.300000,64.800003,1.500000
2026-05-19-14-28-43,-13.740000,5.710000,-17.830000,5.700000,1.600000,72.500000,1.500000
2026-05-19-14-28-44,-13.600000,5.780000,-17.840000,-2.800000,0.000000,77.900002,1.500000
2026-05-19-14-28-44,-13.590000,5.900000,-17.850000,-6.500000,3.100000,83.900002,1.500000
2026-05-19-14-28-44,-13.530000,6.060000,-17.889999,-4.900000,5.100000,89.400002,1.500000
2026-05-19-14-28-45,-13.490000,6.210000,-17.950001,-4.700000,2.800000,93.699997,1.500000
2026-05-19-14-28-45,-13.480000,6.400000,-17.940001,-7.400000,-3.100000,98.599998,1.500000
2026-05-19-14-28-45,-13.450000,6.540000,-17.930000,-3.400000,-7.800000,90.599998,1.500000
2026-05-19-14-28-46,-13.500000,6.640000,-17.920000,5.600000,-6.900000,53.099998,1.500000
2026-05-19-14-28-46,-13.530000,6.670000,-17.900000,8.300000,-5.100000,35.700001,1.500000
2026-05-19-14-28-46,-13.580000,6.640000,-17.840000,10.000000,-1.500000,12.400000,1.500000
2026-05-19-14-28-47,-13.460000,6.900000,-17.830000,6.700000,4.300000,-33.500000,1.500000
2026-05-19-14-28-47,-13.410000,6.920000,-17.850000,4.300000,5.100000,-57.799999,1.500000
2026-05-19-14-28-47,-13.340000,6.810000,-17.870001,2.800000,3.700000,-64.400002,1.500000
2026-05-19-14-28-48,-13.300000,6.650000,-17.900000,2.500000,-3.400000,-62.500000,1.500000
2026-05-19-14-28-48,-13.230000,6.460000,-17.900000,-0.100000,-10.600000,-59.900002,1.500000
2026-05-19-14-28-49,-13.130000,6.290000,-17.879999,-4.000000,-14.900000,-58.700001,1.500000
2026-05-19-14-28-49,-13.050000,6.140000,-17.820000,-6.000000,-17.500000,-59.700001,1.500000
2026-05-19-14-28-49,-13.010000,6.050000,-17.799999,-7.000000,-19.400000,-62.400002,1.500000
2026-05-19-14-28-50,-12.950000,5.870000,-18.020000,-1.400000,-0.200000,-65.199997,1.500000
2026-05-19-14-28-51,-12.910000,5.820000,-18.000000,0.700000,8.600000,-65.000000,1.500000
2026-05-19-14-28-51,-12.890000,5.780000,-17.940001,0.700000,2.500000,-63.700001,1.500000
2026-05-19-14-28-51,-12.890000,5.750000,-17.920000,1.400000,-0.300000,-63.599998,1.500000
2026-05-19-14-28-52,-12.890000,5.690000,-17.920000,0.600000,-4.900000,-51.400002,1.500000
2026-05-19-14-28-52,-12.920000,5.610000,-17.910000,-4.700000,-9.600000,-22.299999,1.500000
2026-05-19-14-28-53,-12.920000,5.560000,-17.910000,-5.800000,-10.800000,-9.700000,1.500000
2026-05-19-14-28-53,-12.870000,5.510000,-17.910000,-2.300000,-5.500000,-3.000000,1.500000
2026-05-19-14-28-53,-12.730000,5.470000,-17.900000,-2.700000,-2.200000,1.400000,1.500000
2026-05-19-14-28-54,-12.570000,5.440000,-17.889999,-0.900000,-4.400000,6.600000,1.500000
2026-05-19-14-28-54,-12.380000,5.440000,-17.879999,0.700000,-8.900000,11.200000,1.500000
2026-05-19-14-28-55,-12.200000,5.460000,-17.860001,-0.300000,-13.500000,13.600000,1.500000
2026-05-19-14-28-55,-12.090000,5.470000,-17.860001,-0.300000,-17.700001,15.200000,1.500000
2026-05-19-14-28-55,-12.010000,5.470000,-17.870001,2.800000,-18.100000,15.900000,1.500000
2026-05-19-14-28-56,-11.890000,5.530000,-18.030001,7.300000,-8.600000,20.700001,1.500000
2026-05-19-14-28-56,-11.890000,5.550000,-18.070000,5.600000,6.200000,24.500000,1.500000
2026-05-19-14-28-57,-11.910000,5.650000,-18.020000,4.400000,6.200000,26.100000,1.500000
2026-05-19-14-28-57,-12.060000,5.300000,-17.959999,4.300000,2.500000,26.799999,1.500000
2026-05-19-14-28-57,-12.110000,5.250000,-17.900000,4.900000,0.200000,27.000000,1.500000
2026-05-19-14-28-57,-12.090000,5.290000,-17.879999,5.300000,-2.000000,27.799999,1.500000
2026-05-19-14-28-57,-12.080000,5.320000,-17.870001,5.700000,-4.500000,26.799999,1.500000
2026-05-19-14-28-58,-12.030000,5.310000,-17.870001,5.600000,-5.700000,26.600000,1.500000
2026-05-19-14-28-58,-11.950000,5.310000,-17.860001,6.700000,-6.200000,31.600000,1.500000
2026-05-19-14-28-58,-11.880000,5.300000,-17.840000,6.900000,-4.600000,37.900002,1.500000
2026-05-19-14-28-58,-11.900000,5.350000,-17.820000,5.300000,-2.500000,42.599998,1.500000
2026-05-19-14-28-59,-11.960000,5.500000,-17.799999,4.400000,-3.200000,46.799999,1.500000
2026-05-19-14-28-59,-11.720000,5.400000,-17.799999,4.000000,-4.800000,49.000000,1.500000
2026-05-19-14-28-59,-11.550000,5.540000,-17.799999,1.800000,-7.800000,54.099998,1.500000
2026-05-19-14-29-00,-11.390000,5.700000,-17.780001,-1.300000,-9.700000,57.900002,1.500000
2026-05-19-14-29-00,-11.270000,5.870000,-17.750000,-2.600000,-12.800000,61.500000,1.500000
2026-05-19-14-29-00,-11.200000,5.960000,-17.719999,-2.800000,-13.700000,63.299999,1.500000
2026-05-19-14-29-01,-11.120000,6.100000,-17.709999,-1.300000,-17.299999,65.099998,1.500000
2026-05-19-14-29-01,-11.070000,6.190000,-17.709999,3.500000,-18.299999,65.300003,1.500000
2026-05-19-14-29-02,-10.920000,6.430000,-17.660000,8.000000,-8.600000,70.500000,1.500000
2026-05-19-14-29-02,-10.820000,6.610000,-17.639999,9.400000,-7.800000,74.199997,1.500000
2026-05-19-14-29-03,-10.740000,6.820000,-17.629999,7.000000,-9.700000,77.199997,1.500000
2026-05-19-14-29-03,-10.670000,6.990000,-17.610001,6.600000,-12.000000,69.800003,1.500000
2026-05-19-14-29-03,-10.640000,7.170000,-17.590000,14.500000,-9.900000,44.900002,1.500000
2026-05-19-14-29-04,-10.530000,7.330000,-17.559999,16.500000,-5.900000,36.000000,1.500000
2026-05-19-14-29-04,-10.380000,7.450000,-17.530001,12.900000,-4.900000,34.700001,1.500000
2026-05-19-14-29-05,-10.200000,7.570000,-17.520000,10.500000,-7.200000,34.400002,1.500000
2026-05-19-14-29-05,-10.020000,7.660000,-17.500000,7.000000,-9.100000,36.099998,1.500000
2026-05-19-14-29-05,-9.840000,7.760000,-17.480000,1.900000,-9.900000,38.299999,1.500000
2026-05-19-14-29-06,-9.650000,7.890000,-17.450001,-2.100000,-11.300000,40.700001,1.500000
2026-05-19-14-29-06,-9.520000,7.980000,-17.410000,-2.500000,-12.000000,41.000000,1.500000
2026-05-19-14-29-06,-9.420000,8.000000,-17.320000,0.200000,-12.800000,36.900002,1.500000
2026-05-19-14-29-07,-9.200000,8.110000,-17.309999,5.700000,-12.500000,29.600000,1.500000
2026-05-19-14-29-07,-8.820000,8.290000,-17.219999,4.200000,-11.300000,31.100000,1.500000
2026-05-19-14-29-08,-8.630000,8.370000,-17.180000,2.400000,-11.800000,33.000000,1.500000
2026-05-19-14-29-08,-8.440000,8.450000,-17.129999,2.000000,-11.000000,34.099998,1.500000
2026-05-19-14-29-09,-8.270000,8.540000,-17.110001,4.900000,-11.100000,25.500000,1.500000
2026-05-19-14-29-09,-8.090000,8.610000,-17.070000,7.900000,-10.300000,19.500000,1.500000
2026-05-19-14-29-09,-7.880000,8.640000,-17.030001,7.000000,-9.100000,20.000000,1.500000
2026-05-19-14-29-10,-7.670000,8.690000,-17.010000,4.600000,-10.200000,21.700001,1.500000
2026-05-19-14-29-10,-7.460000,8.730000,-16.969999,2.900000,-10.800000,24.200001,1.500000
2026-05-19-14-29-11,-7.250000,8.780000,-16.930000,1.000000,-10.300000,27.000000,1.500000
2026-05-19-14-29-11,-7.070000,8.830000,-16.910000,3.000000,-11.700000,20.799999,1.500000
2026-05-19-14-29-11,-6.880000,8.880000,-16.870001,4.100000,-12.200000,17.299999,1.500000
2026-05-19-14-29-12,-6.570000,8.930000,-16.799999,3.100000,-12.600000,19.299999,1.500000
2026-05-19-14-29-12,-6.360000,8.970000,-16.760000,2.500000,-12.500000,21.900000,1.500000
2026-05-19-14-29-13,-6.150000,9.000000,-16.719999,2.100000,-12.600000,24.500000,1.500000
2026-05-19-14-29-13,-6.000000,9.030000,-16.680000,2.600000,-14.300000,25.900000,1.500000
2026-05-19-14-29-14,-5.910000,9.040000,-16.680000,4.100000,-14.100000,25.900000,1.500000
2026-05-19-14-29-14,-5.840000,9.040000,-16.680000,5.500000,-11.700000,25.799999,1.500000
2026-05-19-14-29-14,-5.820000,9.040000,-16.650000,6.000000,-10.700000,26.100000,1.500000
2026-05-19-14-29-14,-5.800000,9.040000,-16.629999,5.700000,-9.600000,26.400000,1.500000
2026-05-19-14-29-15,-5.760000,9.020000,-16.620001,5.100000,-7.100000,26.200001,1.500000
2026-05-19-14-29-15,-5.740000,9.020000,-16.650000,4.600000,-4.000000,26.600000,1.500000
2026-05-19-14-29-15,-5.720000,9.030000,-16.780001,4.900000,0.700000,28.299999,1.500000
2026-05-19-14-29-16,-5.700000,9.030000,-16.870001,6.400000,3.000000,29.400000,1.500000
2026-05-19-14-29-16,-5.690000,9.050000,-17.049999,9.600000,7.300000,32.299999,1.500000
2026-05-19-14-29-16,-5.700000,9.070000,-17.160000,10.300000,8.500000,33.000000,1.500000
2026-05-19-14-29-17,-5.840000,9.220000,-17.430000,12.400000,14.300000,36.099998,1.500000
2026-05-19-14-29-17,-5.970000,9.320000,-17.600000,13.300000,19.400000,38.700001,1.500000
2026-05-19-14-29-17,-5.890000,9.150000,-17.650000,14.700000,25.900000,42.500000,1.500000
2026-05-19-14-29-18,-5.980000,9.140000,-17.830000,15.900000,31.299999,46.799999,1.500000
2026-05-19-14-29-18,-6.090000,9.120000,-18.000000,16.299999,35.400002,51.700001,1.500000
2026-05-19-14-29-18,-6.150000,9.120000,-18.090000,15.800000,36.200001,53.700001,1.500000
2026-05-19-14-29-19,-6.240000,9.090000,-18.230000,12.800000,35.700001,56.099998,1.500000
2026-05-19-14-29-19,-6.300000,9.080000,-18.330000,8.400000,29.700001,55.200001,1.500000
2026-05-19-14-29-20,-6.360000,9.040000,-18.440001,7.800000,20.500000,54.400002,1.500000
2026-05-19-14-29-20,-6.440000,8.980000,-18.610001,4.300000,11.500000,55.700001,1.500000
2026-05-19-14-29-20,-6.470000,8.910000,-18.670000,2.800000,-0.500000,57.799999,1.500000
2026-05-19-14-29-21,-6.460000,8.900000,-18.629999,3.100000,7.800000,60.900002,1.500000
2026-05-19-14-29-21,-6.500000,8.870000,-18.600000,6.200000,10.700000,62.900002,1.500000
2026-05-19-14-29-22,-6.540000,8.850000,-18.570000,6.600000,7.400000,63.299999,1.500000
2026-05-19-14-29-22,-6.560000,8.810000,-18.570000,5.500000,3.600000,64.199997,1.500000
2026-05-19-14-29-22,-6.570000,8.790000,-18.600000,5.500000,3.900000,66.900002,1.500000
2026-05-19-14-29-23,-6.590000,8.770000,-18.660000,6.000000,4.700000,70.500000,1.500000
2026-05-19-14-29-23,-6.620000,8.770000,-18.590000,3.300000,4.800000,73.300003,1.500000
2026-05-19-14-29-23,-6.630000,8.770000,-18.530001,3.900000,3.800000,75.300003,1.500000
2026-05-19-14-29-24,-6.660000,8.760000,-18.559999,7.100000,4.800000,78.800003,1.500000
2026-05-19-14-29-25,-6.680000,8.750000,-18.629999,9.100000,7.000000,82.300003,1.500000
2026-05-19-14-29-25,-6.700000,8.750000,-18.580000,10.700000,5.400000,84.500000,1.500000
2026-05-19-14-29-25,-6.700000,8.750000,-18.549999,11.000000,3.900000,84.500000,1.500000
2026-05-19-14-29-26,-6.730000,8.770000,-18.510000,9.100000,6.500000,62.900002,1.500000
2026-05-19-14-29-26,-6.780000,8.820000,-18.480000,2.800000,8.100000,23.799999,1.500000
2026-05-19-14-29-26,-6.780000,8.840000,-18.480000,1.300000,8.500000,11.600000,1.500000
2026-05-19-14-29-26,-6.710000,8.880000,-18.450001,-1.000000,7.700000,1.700000,1.500000
2026-05-19-14-29-27,-6.690000,8.910000,-18.420000,-2.400000,7.900000,-4.200000,1.500000
2026-05-19-14-29-27,-6.620000,8.940000,-18.389999,-2.700000,5.100000,-6.700000,1.500000
2026-05-19-14-29-27,-6.550000,8.890000,-18.389999,-3.200000,5.900000,-7.000000,1.500000
2026-05-19-14-29-28,-6.520000,8.810000,-18.379999,-5.200000,7.600000,-6.100000,1.500000
2026-05-19-14-29-28,-6.440000,8.750000,-18.379999,-3.800000,5.700000,-5.400000,1.500000
2026-05-19-14-29-28,-6.440000,8.790000,-18.330000,-5.900000,5.300000,-23.700001,1.500000
2026-05-19-14-29-29,-6.380000,8.850000,-18.309999,-8.400000,1.700000,-63.700001,1.500000
2026-05-19-14-29-29,-6.310000,8.850000,-18.309999,-5.100000,-4.400000,-101.300003,1.500000
2026-05-19-14-29-29,-6.290000,8.810000,-18.330000,-0.000000,-7.900000,-121.900002,1.500000
2026-05-19-14-29-30,-6.290000,8.800000,-18.350000,2.000000,-10.100000,-132.800003,1.500000
2026-05-19-14-29-30,-6.310000,8.790000,-18.440001,-0.700000,-7.800000,-137.699997,1.500000
2026-05-19-14-29-31,-6.310000,8.740000,-18.430000,-0.900000,4.400000,-139.199997,1.500000
2026-05-19-14-29-31,-6.310000,8.720000,-18.370001,-0.400000,2.600000,-141.899994,1.500000
2026-05-19-14-29-31,-6.310000,8.690000,-18.350000,2.300000,-2.700000,-170.699997,1.500000
2026-05-19-14-29-32,-6.320000,8.620000,-18.340000,7.700000,-4.900000,146.000000,1.500000
2026-05-19-14-29-32,-6.400000,8.580000,-18.320000,12.700000,0.000000,109.199997,1.500000
2026-05-19-14-29-33,-6.430000,8.570000,-18.320000,10.100000,0.100000,93.800003,1.500000
2026-05-19-14-29-33,-6.480000,8.570000,-18.440001,-1.300000,2.600000,79.000000,1.500000
2026-05-19-14-29-34,-6.510000,8.590000,-18.440001,0.900000,6.800000,76.199997,1.500000
2026-05-19-14-29-34,-6.520000,8.580000,-18.370001,2.400000,4.200000,74.300003,1.500000
2026-05-19-14-29-34,-6.530000,8.580000,-18.330000,1.500000,1.800000,70.199997,1.500000
2026-05-19-14-29-35,-6.560000,8.600000,-18.320000,2.000000,0.900000,37.099998,1.500000
2026-05-19-14-29-35,-6.560000,8.660000,-18.309999,1.800000,2.000000,-6.600000,1.500000
2026-05-19-14-29-36,-6.510000,8.710000,-18.299999,0.400000,2.800000,-42.799999,1.500000
2026-05-19-14-29-36,-6.470000,8.700000,-18.320000,-1.200000,0.900000,-59.400002,1.500000
2026-05-19-14-29-36,-6.480000,8.670000,-18.360001,-4.400000,-3.000000,-66.199997,1.500000
2026-05-19-14-29-36,-6.490000,8.590000,-18.350000,-3.000000,-9.600000,-69.000000,1.500000
2026-05-19-14-29-37,-6.510000,8.540000,-18.320000,7.100000,-9.600000,-71.000000,1.500000
2026-05-19-14-29-37,-6.550000,8.530000,-18.270000,13.500000,-3.700000,-71.500000,1.500000
2026-05-19-14-29-37,-6.540000,8.510000,-18.200001,15.700000,-1.000000,-71.400002,1.500000
2026-05-19-14-29-37,-6.530000,8.510000,-18.150000,16.100000,-1.100000,-70.800003,1.500000
2026-05-19-14-29-38,-6.530000,8.480000,-18.120001,13.300000,-1.300000,-73.199997,1.500000
2026-05-19-14-29-38,-6.520000,8.480000,-18.100000,9.500000,-1.300000,-93.199997,1.500000
2026-05-19-14-29-38,-6.510000,8.470000,-18.070000,6.100000,-4.100000,-107.000000,1.500000
2026-05-19-14-29-38,-6.510000,8.450000,-18.059999,2.200000,-6.400000,-114.199997,1.500000
2026-05-19-14-29-39,-6.510000,8.430000,-18.049999,-0.300000,-6.700000,-120.000000,1.500000
2026-05-19-14-29-39,-6.510000,8.420000,-18.040001,-0.800000,-6.400000,-123.500000,1.500000
2026-05-19-14-29-39,-6.550000,8.370000,-18.010000,-0.300000,-4.200000,-125.099998,1.500000
2026-05-19-14-29-39,-6.630000,8.290000,-17.980000,0.600000,-2.200000,-125.500000,1.500000
2026-05-19-14-29-40,-6.720000,8.210000,-17.959999,1.800000,-1.500000,-124.699997,1.500000
2026-05-19-14-29-40,-6.820000,8.120000,-17.940001,2.700000,-2.800000,-123.000000,1.500000
2026-05-19-14-29-40,-6.950000,7.910000,-17.940001,0.900000,-7.600000,-118.500000,1.500000
2026-05-19-14-29-41,-7.070000,7.660000,-18.080000,2.200000,-1.400000,-112.000000,1.500000
2026-05-19-14-29-41,-7.160000,7.490000,-18.059999,1.000000,-4.800000,-108.300003,1.500000
2026-05-19-14-29-42,-7.250000,7.310000,-18.010000,-0.700000,-6.000000,-104.800003,1.500000
2026-05-19-14-29-42,-7.310000,7.110000,-17.990000,-1.300000,-6.800000,-103.099998,1.500000
2026-05-19-14-29-43,-7.350000,6.920000,-17.980000,-1.300000,-12.100000,-101.000000,1.500000
2026-05-19-14-29-43,-7.400000,6.720000,-17.950001,-1.500000,-15.300000,-98.199997,1.500000
2026-05-19-14-29-43,-7.450000,6.520000,-17.889999,4.900000,-19.500000,-96.699997,1.500000
2026-05-19-14-29-44,-7.480000,6.330000,-17.900000,10.300000,-21.500000,-95.000000,1.500000
2026-05-19-14-29-44,-7.480000,6.150000,-17.959999,9.400000,-21.799999,-91.599998,1.500000
2026-05-19-14-29-45,-7.450000,5.970000,-18.040001,8.400000,-24.000000,-87.300003,1.500000
2026-05-19-14-29-45,-7.420000,5.790000,-18.100000,7.300000,-27.400000,-83.400002,1.500000
2026-05-19-14-29-45,-7.410000,5.620000,-18.070000,4.500000,-32.500000,-77.500000,1.500000
2026-05-19-14-29-46,-7.400000,5.480000,-18.030001,0.200000,-35.900002,-72.000000,1.500000
2026-05-19-14-29-46,-7.400000,5.410000,-18.010000,0.200000,-32.700001,-68.400002,1.500000
2026-05-19-14-29-46,-7.380000,5.350000,-17.980000,1.700000,-27.000000,-66.400002,1.500000
2026-05-19-14-29-47,-7.250000,5.270000,-17.889999,2.100000,-20.000000,-64.099998,1.500000
2026-05-19-14-29-47,-7.300000,5.140000,-17.889999,4.400000,-16.100000,-62.299999,1.500000
2026-05-19-14-29-48,-7.200000,5.040000,-18.120001,9.900000,-7.300000,-55.799999,1.500000
2026-05-19-14-29-48,-7.180000,4.980000,-18.219999,10.600000,1.700000,-50.599998,1.500000
2026-05-19-14-29-49,-7.150000,4.940000,-18.150000,9.400000,0.400000,-48.000000,1.500000
2026-05-19-14-29-49,-7.130000,4.900000,-18.120001,9.600000,-3.000000,-59.799999,1.500000
2026-05-19-14-29-49,-7.050000,4.860000,-18.110001,9.700000,-1.500000,-97.800003,1.500000
2026-05-19-14-29-50,-6.990000,4.790000,-18.100000,9.800000,1.000000,-130.699997,1.500000
2026-05-19-14-29-50,-6.980000,4.720000,-18.080000,6.900000,0.800000,-162.100006,1.500000
2026-05-19-14-29-51,-6.980000,4.670000,-18.110001,2.400000,-3.100000,-174.000000,1.500000
2026-05-19-14-29-51,-6.990000,4.640000,-18.139999,-2.000000,-3.300000,179.300003,1.500000
2026-05-19-14-29-51,-7.020000,4.570000,-18.139999,-2.200000,-0.500000,158.300003,1.500000
2026-05-19-14-29-52,-7.080000,4.590000,-18.129999,3.200000,6.000000,149.100006,1.500000
2026-05-19-14-29-52,-7.200000,4.660000,-18.150000,3.900000,6.500000,146.600006,1.500000
2026-05-19-14-29-53,-7.430000,4.860000,-18.160000,-1.700000,-0.900000,175.300003,1.500000
2026-05-19-14-29-53,-7.590000,4.920000,-18.150000,-5.300000,0.600000,-179.300003,1.500000
2026-05-19-14-29-54,4.980000,-18.280001,1.500000,2.300000,-173.500000,0.000000,-7.000000
2026-05-19-14-29-54,-8.020000,4.990000,-18.309999,-6.500000,2.400000,-170.500000,1.500000
2026-05-19-14-29-55,-8.380000,5.000000,-18.340000,-12.200000,5.500000,-163.100006,1.500000
2026-05-19-14-29-56,-8.540000,4.980000,-18.360001,-10.800000,3.900000,-161.399994,1.500000
2026-05-19-14-29-56,-8.890000,4.930000,-18.379999,3.400000,-7.900000,-159.899994,1.500000
2026-05-19-14-29-57,-9.080000,4.980000,-18.500000,5.600000,-9.100000,-158.000000,1.500000
2026-05-19-14-29-58,-9.420000,4.810000,-18.490000,5.700000,-10.500000,-156.300003,1.500000
2026-05-19-14-29-58,-9.600000,4.770000,-18.450001,3.900000,-11.100000,-155.300003,1.500000
2026-05-19-14-29-58,-9.770000,4.730000,-18.420000,2.500000,-12.100000,-155.000000,1.500000
2026-05-19-14-29-59,-9.940000,4.690000,-18.389999,4.900000,-13.800000,-155.300003,1.500000
2026-05-19-14-29-59,-10.250000,4.570000,-18.500000,11.400000,-13.300000,-154.199997,1.500000
2026-05-19-14-30-00,-10.390000,4.520000,-18.590000,1.000000,-14.000000,-152.800003,1.500000
2026-05-19-14-30-00,-10.520000,4.450000,-18.680000,12.200000,-14.800000,-150.000000,1.500000
2026-05-19-14-30-01,-10.670000,4.360000,-18.719999,10.800000,-5.400000,-145.399994,1.500000
2026-05-19-14-30-01,-10.830000,4.280000,-18.740000,10.400000,-3.400000,-142.899994,1.500000
2026-05-19-14-30-01,-10.940000,4.170000,-18.740000,12.800000,-2.600000,-159.100006,1.500000
2026-05-19-14-30-02,-11.060000,4.060000,-18.730000,17.200001,2.600000,176.699997,1.500000
2026-05-19-14-30-02,-11.210000,4.050000,-18.730000,19.200001,7.100000,160.000000,1.500000
2026-05-19-14-30-03,-11.330000,4.100000,-18.740000,13.100000,4.700000,160.000000,1.500000
2026-05-19-14-30-03,-11.450000,4.160000,-18.770000,8.700000,-0.100000,168.399994,1.500000
2026-05-19-14-30-04,-11.720000,4.310000,-18.860001,13.300000,-6.300000,167.899994,1.500000
2026-05-19-14-30-04,-11.850000,4.350000,-18.950001,11.800000,-6.300000,169.100006,1.500000
2026-05-19-14-30-05,-11.980000,4.360000,-19.020000,6.300000,-4.300000,171.300003,1.500000
2026-05-19-14-30-05,-12.050000,4.400000,-19.049999,4.000000,-4.600000,174.000000,1.500000
2026-05-19-14-30-05,-12.110000,4.460000,-19.049999,1.500000,-5.000000,-166.199997,1.500000
2026-05-19-14-30-06,-12.160000,4.500000,-19.040001,1.500000,-3.100000,-153.399994,1.500000
2026-05-19-14-30-06,-12.200000,4.520000,-19.059999,5.100000,-0.300000,-145.300003,1.500000
2026-05-19-14-30-06,-12.220000,4.510000,-19.059999,8.500000,3.100000,-158.600006,1.500000
2026-05-19-14-30-07,-12.220000,4.500000,-19.049999,8.800000,3.700000,-160.899994,1.500000
2026-05-19-14-30-07,-12.190000,4.440000,-19.059999,8.700000,4.700000,-165.199997,1.500000
2026-05-19-14-30-07,-12.290000,4.530000,-19.059999,9.700000,8.200000,-169.199997,1.500000
2026-05-19-14-30-08,-12.610000,4.500000,-19.110001,9.200000,7.200000,-168.699997,1.500000
2026-05-19-14-30-08,-12.790000,4.490000,-19.139999,9.000000,1.600000,-166.300003,1.500000
2026-05-19-14-30-09,-13.180000,4.450000,-19.129999,4.100000,-7.600000,-164.000000,1.500000
2026-05-19-14-30-10,-13.280000,4.420000,-19.150000,2.800000,-13.400000,-164.199997,1.500000
2026-05-19-14-30-10,-13.350000,4.410000,-19.170000,5.800000,-14.200000,-163.899994,1.500000
2026-05-19-14-30-10,-13.400000,4.390000,-19.190001,9.100000,-11.300000,-163.199997,1.500000
2026-05-19-14-30-11,-13.430000,4.370000,-19.209999,9.900000,-8.200000,-162.899994,1.500000
2026-05-19-14-30-11,-13.470000,4.360000,-19.240000,9.500000,-2.900000,-161.699997,1.500000
2026-05-19-14-30-11,-13.490000,4.330000,-19.250000,8.200000,2.400000,-160.500000,1.500000
2026-05-19-14-30-12,-13.520000,4.310000,-19.270000,7.100000,6.000000,-159.899994,1.500000
2026-05-19-14-30-12,-13.560000,4.300000,-19.270000,6.300000,5.900000,-160.399994,1.500000
2026-05-19-14-30-13,-13.590000,4.290000,-19.260000,5.600000,3.000000,-161.100006,1.500000
2026-05-19-14-30-13,-13.620000,4.280000,-19.260000,5.000000,1.200000,-163.000000,1.500000
2026-05-19-14-30-13,-13.630000,4.240000,-19.260000,5.300000,0.300000,-169.399994,1.500000
2026-05-19-14-30-14,-13.660000,4.230000,-19.270000,5.400000,2.600000,-172.300003,1.500000
2026-05-19-14-30-14,-13.690000,4.220000,-19.270000,5.100000,3.700000,-174.600006,1.500000
2026-05-19-14-30-15,-13.720000,4.200000,-19.270000,4.400000,4.300000,-176.500000,1.500000
2026-05-19-14-30-15,-13.740000,4.160000,-19.270000,2.700000,4.300000,170.300003,1.500000
2026-05-19-14-30-15,-13.780000,4.130000,-19.270000,2.800000,4.600000,156.699997,1.500000
2026-05-19-14-30-16,-13.810000,4.100000,-19.270000,2.500000,4.300000,146.100006,1.500000
2026-05-19-14-30-16,-13.840000,4.080000,-19.290001,1.700000,4.200000,139.800003,1.500000
2026-05-19-14-30-17,-13.870000,4.080000,-19.280001,1.200000,3.800000,144.000000,1.500000
2026-05-19-14-30-17,-13.880000,4.090000,-19.280001,0.900000,3.700000,147.000000,1.500000
2026-05-19-14-30-17,-13.880000,4.130000,-19.280001,0.800000,4.200000,150.000000,1.500000
2026-05-19-14-30-17,-13.930000,4.090000,-19.270000,2.500000,5.200000,153.300003,1.500000
2026-05-19-14-30-18,-13.960000,4.110000,-19.280001,5.400000,7.300000,154.699997,1.500000
2026-05-19-14-30-18,-14.070000,4.170000,-19.270000,8.600000,8.600000,159.000000,1.500000
2026-05-19-14-30-18,-14.200000,4.230000,-19.299999,11.100000,5.500000,172.600006,1.500000
2026-05-19-14-30-19,-14.380000,4.310000,-19.320000,10.100000,4.700000,-179.399994,1.500000
2026-05-19-14-30-19,-14.570000,4.380000,-19.340000,5.700000,1.400000,-175.000000,1.500000
2026-05-19-14-30-20,-14.760000,4.390000,-19.350000,0.900000,-2.800000,-171.800003,1.500000
2026-05-19-14-30-20,-14.960000,4.400000,-19.350000,-1.800000,-6.600000,-170.199997,1.500000
2026-05-19-14-30-20,-15.160000,4.400000,-19.330000,-1.700000,-11.200000,-168.500000,1.500000
2026-05-19-14-30-21,-15.360000,4.420000,-19.299999,0.700000,-14.200000,-167.100006,1.500000
2026-05-19-14-30-21,-15.570000,4.400000,-19.260000,3.300000,-16.299999,-165.899994,1.500000
2026-05-19-14-30-22,-15.740000,4.380000,-19.200001,4.500000,-17.799999,-164.500000,1.500000
2026-05-19-14-30-22,-15.810000,4.370000,-19.180000,4.500000,-18.700001,-164.399994,1.500000
2026-05-19-14-30-22,-15.910000,4.370000,-19.180000,6.600000,-18.400000,-164.199997,1.500000
2026-05-19-14-30-23,-15.980000,4.360000,-19.180000,9.400000,-14.600000,-163.500000,1.500000
2026-05-19-14-30-23,-16.040001,4.350000,-19.200001,10.200000,-9.100000,-162.699997,1.500000
2026-05-19-14-30-23,-16.080000,4.340000,-19.219999,9.900000,-4.200000,-161.800003,1.500000
2026-05-19-14-30-24,-16.110001,4.330000,-19.230000,9.500000,-1.800000,-161.399994,1.500000
2026-05-19-14-30-24,-16.139999,4.320000,-19.260000,8.700000,1.100000,-161.000000,1.500000
2026-05-19-14-30-24,-16.180000,4.300000,-19.309999,8.400000,2.500000,-160.899994,1.500000
2026-05-19-14-30-25,-16.209999,4.280000,-19.370001,8.600000,2.900000,-161.199997,1.500000
2026-05-19-14-30-25,-16.230000,4.260000,-19.430000,8.400000,1.900000,-161.699997,1.500000
2026-05-19-14-30-25,-16.250000,4.250000,-19.480000,8.000000,0.600000,-161.899994,1.500000
2026-05-19-14-30-26,-16.270000,4.230000,-19.530001,7.200000,0.800000,-162.600006,1.500000
2026-05-19-14-30-26,-16.290001,4.210000,-19.570000,6.900000,3.000000,-163.000000,1.500000
2026-05-19-14-30-27,-16.320000,4.200000,-19.570000,7.100000,5.000000,-163.000000,1.500000
2026-05-19-14-30-27,-16.340000,4.200000,-19.570000,6.900000,5.200000,-162.899994,1.500000
2026-05-19-14-30-27,-16.370001,4.210000,-19.559999,6.600000,4.500000,-163.399994,1.500000
2026-05-19-14-30-27,-16.370001,4.170000,-19.540001,5.600000,2.500000,-163.300003,1.500000
2026-05-19-14-30-28,-16.400000,4.150000,-19.549999,5.200000,1.100000,-163.199997,1.500000
2026-05-19-14-30-28,-16.430000,4.160000,-19.559999,5.100000,1.100000,-162.100006,1.500000
2026-05-19-14-30-29,-16.459999,4.150000,-19.559999,5.300000,2.500000,-161.699997,1.500000
2026-05-19-14-30-29,-16.500000,4.150000,-19.559999,5.400000,3.500000,-160.100006,1.500000
2026-05-19-14-30-29,-16.530001,4.140000,-19.559999,5.300000,2.600000,-159.300003,1.500000
2026-05-19-14-30-30,-16.559999,4.150000,-19.570000,4.900000,1.600000,-157.500000,1.500000
2026-05-19-14-30-30,-16.570000,4.150000,-19.580000,4.600000,1.000000,-156.800003,1.500000
2026-05-19-14-30-30,-16.590000,4.150000,-19.580000,4.900000,1.100000,-156.600006,1.500000
2026-05-19-14-30-31,-16.629999,4.170000,-19.580000,5.400000,1.600000,-153.699997,1.500000
2026-05-19-14-30-31,-16.660000,4.170000,-19.580000,5.700000,2.500000,-152.800003,1.500000
2026-05-19-14-30-31,-16.690001,4.170000,-19.580000,5.600000,2.400000,-150.100006,1.500000
2026-05-19-14-30-32,-16.709999,4.170000,-19.590000,5.700000,1.500000,-148.300003,1.500000
2026-05-19-14-30-32,-16.750000,4.190000,-19.600000,5.500000,1.300000,-146.300003,1.500000
2026-05-19-14-30-32,-16.780001,4.200000,-19.600000,5.400000,1.300000,-143.899994,1.500000
2026-05-19-14-30-33,-16.799999,4.200000,-19.600000,5.000000,1.500000,-141.300003,1.500000
2026-05-19-14-30-33,-16.830000,4.210000,-19.600000,6.100000,1.600000,-139.000000,1.500000
2026-05-19-14-30-33,-16.850000,4.230000,-19.610001,5.800000,0.900000,-137.600006,1.500000
2026-05-19-14-30-34,-16.879999,4.250000,-19.620001,5.900000,0.400000,-134.899994,1.500000
2026-05-19-14-30-34,-16.920000,4.260000,-19.620001,6.900000,3.300000,-132.100006,1.500000
2026-05-19-14-30-35,-17.020000,4.180000,-19.610001,8.500000,8.500000,-129.100006,1.500000
2026-05-19-14-30-35,-17.090000,4.130000,-19.620001,9.000000,8.900000,-127.699997,1.500000
2026-05-19-14-30-35,-17.180000,4.080000,-19.650000,7.000000,1.800000,-127.099998,1.500000
2026-05-19-14-30-36,-17.280001,3.960000,-19.650000,5.100000,2.500000,-165.000000,1.500000
2026-05-19-14-30-36,-17.340000,3.880000,-19.660000,2.500000,4.600000,158.199997,1.500000
2026-05-19-14-30-37,-17.430000,3.850000,-19.680000,1.400000,4.800000,116.300003,1.500000
2026-05-19-14-30-37,-17.450001,3.870000,-19.680000,1.300000,4.400000,104.099998,1.500000
2026-05-19-14-30-37,-17.379999,3.960000,-19.690001,1.600000,2.400000,88.800003,1.500000
2026-05-19-14-30-37,-17.690001,3.890000,-19.730000,-0.800000,-2.500000,75.800003,1.500000
2026-05-19-14-30-38,-17.740000,3.930000,-19.750000,-3.900000,-3.900000,76.099998,1.500000
2026-05-19-14-30-38,-17.750000,3.970000,-19.740000,-5.300000,-1.700000,77.199997,1.500000
2026-05-19-14-30-39,-17.780001,4.010000,-19.719999,-7.200000,0.900000,95.500000,1.500000
2026-05-19-14-30-39,-17.770000,4.050000,-19.730000,-5.500000,0.400000,124.099998,1.500000
2026-05-19-14-30-39,-17.809999,4.120000,-19.750000,-2.400000,-0.600000,131.800003,1.500000
2026-05-19-14-30-40,-18.000000,4.310000,-19.740000,5.200000,-1.800000,105.199997,1.500000
2026-05-19-14-30-41,-18.080000,4.460000,-19.750000,8.900000,-1.800000,95.699997,1.500000
2026-05-19-14-30-41,-18.110001,4.650000,-19.760000,8.600000,-5.000000,92.800003,1.500000
2026-05-19-14-30-41,-18.110001,4.840000,-19.750000,5.700000,-10.100000,91.699997,1.500000
2026-05-19-14-30-42,-18.090000,5.030000,-19.730000,2.300000,-12.800000,91.199997,1.500000
2026-05-19-14-30-42,-18.059999,5.230000,-19.690001,-1.200000,-14.500000,91.900002,1.500000
2026-05-19-14-30-42,-18.059999,5.320000,-19.670000,-2.600000,-15.200000,92.500000,1.500000
2026-05-19-14-30-43,-18.030001,5.520000,-19.610001,-4.800000,-15.400000,93.199997,1.500000
2026-05-19-14-30-43,-18.010000,5.720000,-19.559999,-4.800000,-15.200000,93.599998,1.500000
2026-05-19-14-30-43,-18.000000,5.900000,-19.500000,-1.700000,-15.700000,88.599998,1.500000
2026-05-19-14-30-44,-17.969999,6.070000,-19.450001,4.900000,-15.600000,78.800003,1.500000
2026-05-19-14-30-45,-17.840000,6.430000,-19.350000,5.700000,-14.100000,75.400002,1.500000
2026-05-19-14-30-45,-17.740000,6.610000,-19.299999,4.200000,-14.200000,75.199997,1.500000
2026-05-19-14-30-46,-17.530001,6.950000,-19.200001,-0.300000,-11.900000,75.599998,1.500000
2026-05-19-14-30-46,-17.440001,7.140000,-19.150000,-0.900000,-11.600000,75.599998,1.500000
2026-05-19-14-30-47,-17.360001,7.330000,-19.110001,-0.200000,-10.900000,75.599998,1.500000
2026-05-19-14-30-47,-17.280001,7.480000,-19.070000,-1.500000,-10.300000,81.300003,1.500000
2026-05-19-14-30-47,-17.219999,7.610000,-19.000000,-2.800000,-8.400000,94.300003,1.500000
2026-05-19-14-30-48,-17.120001,7.790000,-18.969999,-3.200000,-5.200000,102.199997,1.500000
2026-05-19-14-30-48,-17.080000,7.990000,-18.940001,-3.100000,-4.200000,106.000000,1.500000
2026-05-19-14-30-48,-17.059999,8.200000,-18.920000,-1.400000,-4.400000,109.199997,1.500000
2026-05-19-14-30-49,-17.080000,8.410000,-18.900000,0.700000,-6.000000,112.900002,1.500000
2026-05-19-14-30-49,-17.090000,8.620000,-18.879999,2.100000,-8.000000,111.900002,1.500000
2026-05-19-14-30-49,-17.120001,8.800000,-18.870001,9.700000,-8.700000,100.199997,1.500000
2026-05-19-14-30-50,-17.110001,9.000000,-18.850000,11.300000,-9.900000,97.599998,1.500000
2026-05-19-14-30-50,-17.110001,9.140000,-18.850000,7.800000,-12.600000,95.099998,1.500000
2026-05-19-14-30-51,-17.110001,9.230000,-18.860001,5.300000,-12.600000,93.199997,1.500000
2026-05-19-14-30-51,-17.110001,9.310000,-18.870001,5.100000,-9.700000,91.500000,1.500000
2026-05-19-14-30-51,-17.110001,9.450000,-18.860001,6.800000,-3.100000,91.800003,1.500000
2026-05-19-14-30-52,-17.080000,9.640000,-18.840000,9.800000,-0.200000,92.199997,1.500000
2026-05-19-14-30-52,-17.070000,9.840000,-18.850000,12.700000,-2.000000,92.599998,1.500000
2026-05-19-14-30-53,-17.020000,10.050000,-18.860001,10.700000,-5.200000,93.699997,1.500000
2026-05-19-14-30-53,-16.969999,10.260000,-18.860001,5.900000,-7.800000,95.099998,1.500000
2026-05-19-14-30-53,-16.930000,10.460000,-18.840000,2.200000,-9.300000,96.500000,1.500000
2026-05-19-14-30-54,-16.889999,10.670000,-18.809999,1.300000,-9.900000,97.699997,1.500000
2026-05-19-14-30-54,-16.860001,10.870000,-18.770000,1.700000,-10.600000,98.599998,1.500000
2026-05-19-14-30-55,-16.830000,11.050000,-18.740000,2.300000,-12.400000,98.000000,1.500000
2026-05-19-14-30-55,-16.820000,11.170000,-18.730000,4.900000,-13.800000,97.900002,1.500000
2026-05-19-14-30-56,-16.830000,11.320000,-18.950001,11.900000,-5.600000,101.900002,1.500000
2026-05-19-14-30-56,-16.860001,11.360000,-19.110001,14.100000,1.000000,105.300003,1.500000
2026-05-19-14-30-56,-16.889999,11.350000,-19.280001,16.299999,9.000000,109.699997,1.500000
2026-05-19-14-30-57,-16.940001,11.330000,-19.440001,18.700001,16.600000,114.099998,1.500000
2026-05-19-14-30-57,-16.980000,11.310000,-19.500000,17.900000,18.100000,115.300003,1.500000
2026-05-19-14-30-57,-17.090000,11.250000,-19.590000,13.400000,18.000000,117.300003,1.500000
2026-05-19-14-30-58,-16.959999,11.190000,-19.700001,13.900000,22.500000,122.300003,1.500000
2026-05-19-14-30-58,-16.969999,11.110000,-19.870001,14.700000,26.400000,126.400002,1.500000
2026-05-19-14-30-58,-16.980000,11.020000,-20.049999,14.300000,29.100000,129.899994,1.500000
2026-05-19-14-30-59,-16.969999,10.920000,-20.230000,12.600000,30.799999,132.100006,1.500000
2026-05-19-14-30-59,-16.959999,10.850000,-20.370001,9.800000,28.500000,131.600006,1.500000
2026-05-19-14-30-59,-16.950001,10.790000,-20.480000,9.300000,24.600000,131.100006,1.500000
2026-05-19-14-31-00,-16.940001,10.730000,-20.629999,11.700000,21.200001,131.699997,1.500000
2026-05-19-14-31-00,-16.920000,10.680000,-20.760000,8.000000,11.300000,131.600006,1.500000
2026-05-19-14-31-01,-16.900000,10.640000,-20.730000,6.500000,6.600000,131.199997,1.500000
2026-05-19-14-31-01,-16.920000,10.600000,-20.690001,-0.000000,14.000000,106.500000,1.500000
2026-05-19-14-31-01,-16.950001,10.580000,-20.670000,-10.500000,12.200000,75.400002,1.500000
2026-05-19-14-31-02,-16.969999,10.590000,-20.670000,-13.200000,6.100000,52.299999,1.500000
2026-05-19-14-31-02,-16.920000,10.620000,-20.670000,-11.700000,7.800000,48.900002,1.500000
2026-05-19-14-31-03,-16.809999,10.700000,-20.680000,-11.100000,8.100000,47.299999,1.500000
2026-05-19-14-31-03,-16.680000,10.810000,-20.709999,-9.700000,5.500000,48.599998,1.500000
2026-05-19-14-31-03,-16.530001,10.910000,-20.709999,-7.300000,1.600000,52.500000,1.500000
2026-05-19-14-31-04,-16.400000,11.030000,-20.730000,-5.400000,-4.800000,47.500000,1.500000
2026-05-19-14-31-04,-16.299999,11.170000,-20.730000,4.500000,-9.700000,28.299999,1.500000
2026-05-19-14-31-04,-16.139999,11.240000,-20.709999,11.500000,-8.400000,19.500000,1.500000
2026-05-19-14-31-05,-15.970000,11.270000,-20.690001,7.500000,-8.500000,17.799999,1.500000
2026-05-19-14-31-05,-15.770000,11.310000,-20.670000,3.500000,-10.200000,17.299999,1.500000
2026-05-19-14-31-06,-15.600000,11.350000,-20.650000,5.000000,-9.900000,5.300000,1.500000
2026-05-19-14-31-06,-15.410000,11.330000,-20.620001,4.400000,-7.700000,1.100000,1.500000
2026-05-19-14-31-06,-15.210000,11.340000,-20.590000,1.100000,-7.000000,1.100000,1.500000
2026-05-19-14-31-07,-15.010000,11.300000,-20.570000,-1.600000,-7.600000,4.300000,1.500000
2026-05-19-14-31-07,-14.870000,13.160000,-20.520000,-9.400000,-4.600000,23.700001,1.500000
2026-05-19-14-31-08,-14.650000,11.160000,-20.520000,-10.300000,1.400000,37.400002,1.500000
2026-05-19-14-31-08,-14.460000,11.200000,-20.490000,-9.900000,3.800000,43.500000,1.500000
2026-05-19-14-31-09,-14.130000,11.330000,-20.620001,-9.200000,9.100000,55.799999,1.500000
2026-05-19-14-31-09,-14.030000,11.390000,-20.740000,-4.100000,3.400000,59.900002,1.500000
2026-05-19-14-31-09,-13.920000,11.480000,-20.799999,3.300000,-5.300000,54.799999,1.500000
2026-05-19-14-31-10,-13.820000,11.590000,-20.840000,12.700000,-10.700000,42.400002,1.500000
2026-05-19-14-31-10,-13.690000,11.680000,-20.850000,12.400000,-14.300000,39.599998,1.500000
2026-05-19-14-31-11,-13.530000,11.750000,-20.840000,8.200000,-14.400000,38.099998,1.500000
2026-05-19-14-31-11,-13.390000,11.820000,-20.820000,10.500000,-12.700000,21.400000,1.500000
2026-05-19-14-31-11,-13.220000,11.860000,-20.790001,11.000000,-10.800000,15.500000,1.500000
2026-05-19-14-31-12,-12.840000,11.880000,-20.740000,6.200000,-11.100000,13.100000,1.500000
2026-05-19-14-31-13,-12.640000,11.860000,-20.719999,3.900000,-11.700000,14.800000,1.500000
2026-05-19-14-31-13,-12.450000,11.830000,-20.690001,1.800000,-11.800000,17.100000,1.500000
2026-05-19-14-31-14,-12.110000,11.820000,-20.780001,1.400000,-7.200000,23.200001,1.500000
2026-05-19-14-31-15,-11.690000,11.960000,-21.150000,6.700000,-18.600000,30.000000,1.500000
2026-05-19-14-31-16,-11.290000,12.200000,-21.400000,13.600000,-32.299999,36.900002,1.500000
2026-05-19-14-31-16,-11.190000,12.270000,-21.389999,18.799999,-30.900000,31.700001,1.500000
2026-05-19-14-31-17,-11.100000,12.330000,-21.350000,24.100000,-18.299999,19.900000,1.500000
2026-05-19-14-31-17,-11.040000,12.380000,-21.330000,25.299999,-10.300000,14.600000,1.500000
2026-05-19-14-31-17,-11.070000,12.450000,-21.350000,19.200001,-6.400000,15.400000,1.500000
2026-05-19-14-31-18,-10.550000,12.490000,-21.450001,11.500000,-0.800000,20.299999,1.500000
2026-05-19-14-31-19,-10.400000,12.510000,-21.500000,11.400000,-3.900000,12.300000,1.500000
2026-05-19-14-31-19,-10.270000,12.550000,-21.530001,14.700000,-6.900000,-10.300000,1.500000
2026-05-19-14-31-19,-10.140000,12.540000,-21.530001,17.299999,-7.600000,-24.000000,1.500000
2026-05-19-14-31-20,-9.860000,12.000000,-21.650000,-17.700001,-18.600000,-65.800003,1.500000
2026-05-19-14-31-20,-9.760000,12.320000,-21.670000,-19.700001,-21.200001,-27.400000,1.500000
2026-05-19-14-31-21,-9.680000,12.250000,-21.650000,-10.000000,-23.299999,-31.799999,1.500000
2026-05-19-14-31-21,-9.640000,12.210000,-21.670000,-2.200000,-22.299999,-35.500000,1.500000
2026-05-19-14-31-22,-9.620000,12.180000,-21.690001,1.600000,-18.100000,-33.000000,1.500000
2026-05-19-14-31-22,-9.600000,12.150000,-21.700001,0.200000,-12.500000,-17.799999,1.500000
2026-05-19-14-31-22,-9.600000,12.130000,-21.719999,2.300000,-9.000000,-10.800000,1.500000
2026-05-19-14-31-23,-9.590000,12.120000,-21.760000,5.000000,-4.200000,-5.900000,1.500000
2026-05-19-14-31-23,-9.470000,12.110000,-21.770000,6.100000,2.100000,-0.500000,1.500000
2026-05-19-14-31-24,-9.300000,12.080000,-21.809999,6.900000,0.200000,2.400000,1.500000
2026-05-19-14-31-24,-9.110000,12.060000,-21.820000,6.900000,-4.900000,4.900000,1.500000
2026-05-19-14-31-24,-8.940000,12.060000,-21.809999,4.900000,-10.800000,5.100000,1.500000
2026-05-19-14-31-25,-8.860000,12.060000,-21.840000,2.600000,-16.799999,4.600000,1.500000
2026-05-19-14-31-25,-8.790000,1.000000,-21.860001,2.300000,-17.700001,5.400000,1.500000
2026-05-19-14-31-26,-8.790000,12.060000,-21.889999,2.200000,-19.299999,5.400000,1.500000
2026-05-19-14-31-26,-8.790000,12.080000,-21.900000,5.500000,-20.400000,15.300000,1.500000
2026-05-19-14-31-26,-8.770000,12.090000,-21.889999,12.700000,-17.600000,34.099998,1.500000
2026-05-19-14-31-27,-8.750000,12.100000,-21.879999,12.900000,-11.800000,45.099998,1.500000
2026-05-19-14-31-27,-8.740000,12.130000,-21.870001,9.000000,-7.900000,50.500000,1.500000
2026-05-19-14-31-27,-8.710000,12.280000,-21.879999,3.200000,-4.300000,56.099998,1.500000
2026-05-19-14-31-28,-8.690000,12.120000,-21.889999,10.500000,-2.500000,58.700001,1.500000
2026-05-19-14-31-28,-8.670000,12.110000,-21.920000,26.100000,-2.200000,58.400002,1.500000
2026-05-19-14-31-28,-8.670000,12.080000,-21.930000,40.299999,-1.900000,59.099998,1.500000
2026-05-19-14-31-29,-8.640000,12.000000,-21.969999,46.799999,-3.600000,67.699997,1.500000
2026-05-19-14-31-29,-8.630000,11.910000,-21.950001,50.400002,1.500000,76.000000,1.500000
2026-05-19-14-31-30,-8.640000,11.840000,-21.889999,33.700001,5.200000,80.300003,1.500000
2026-05-19-14-31-30,-8.640000,11.790000,-21.920000,37.799999,3.000000,83.300003,1.500000
2026-05-19-14-31-30,-8.640000,11.750000,-21.920000,39.599998,4.600000,86.800003,1.500000
2026-05-19-14-31-31,-8.650000,11.710000,-21.920000,45.099998,5.000000,89.500000,1.500000
2026-05-19-14-31-31,-8.650000,11.680000,-21.920000,43.500000,4.700000,91.599998,1.500000
2026-05-19-14-31-32,-8.660000,11.670000,-21.920000,48.400002,6.300000,94.400002,1.500000
2026-05-19-14-31-32,-8.640000,11.660000,-21.940001,58.400002,8.400000,94.300003,1.500000
2026-05-19-14-31-32,-8.590000,11.600000,-22.010000,79.500000,13.100000,92.900002,1.500000
2026-05-19-14-31-33,-8.540000,11.540000,-22.129999,101.500000,9.800000,92.900002,1.500000
2026-05-19-14-31-33,-8.590000,11.490000,-22.340000,100.000000,7.300000,87.599998,1.500000
2026-05-19-14-31-33,-8.730000,11.450000,-22.730000,100.699997,10.000000,84.199997,1.600000
2026-05-19-14-31-33,-8.840000,11.400000,-23.049999,94.800003,17.799999,82.099998,1.600000
2026-05-19-14-31-34,-9.020000,11.240000,-23.520000,108.900002,20.200001,87.800003,1.600000
2026-05-19-14-31-34,-9.580000,10.820000,-24.190001,98.900002,11.600000,99.699997,1.700000
2026-05-19-14-31-34,-9.970000,10.520000,-24.610001,103.300003,15.900000,104.800003,1.700000
2026-05-19-14-31-35,-10.540000,10.040000,-25.240000,106.800003,13.700000,112.199997,1.800000
2026-05-19-14-31-35,-11.360000,9.310000,-26.100000,105.400002,13.700000,116.599998,1.900000
2026-05-19-14-31-35,-12.050000,8.670000,-26.809999,105.900002,14.000000,117.599998,2.000000
2026-05-19-14-31-36,-12.650000,8.100000,-27.410000,106.500000,15.400000,119.599998,2.100000
2026-05-19-14-31-36,-13.650000,7.050000,-28.420000,105.699997,17.600000,128.699997,2.300000
2026-05-19-14-31-36,-14.500000,6.070000,-29.340000,108.400002,12.700000,138.899994,2.500000
2026-05-19-14-31-37,-15.380000,5.040000,-30.250000,106.000000,9.800000,149.899994,2.600000
2026-05-19-14-31-37,-16.510000,3.670000,-31.459999,107.300003,12.400000,165.600006,2.800000
2026-05-19-14-31-37,-17.920000,1.890000,-33.049999,112.199997,6.700000,178.800003,3.100000
2026-05-19-14-31-38,-19.059999,0.350000,-34.340000,111.599998,6.700000,-179.199997,3.400000
2026-05-19-14-31-38,-19.900000,-0.850000,-35.279999,107.599998,10.600000,-177.300003,3.500000
2026-05-19-14-31-38,-21.250000,-2.910000,-36.919998,107.599998,11.200000,-177.399994,3.800000
2026-05-19-14-31-38,-22.330000,-4.630000,-38.290001,107.199997,7.200000,-176.699997,4.100000
2026-05-19-14-31-39,-23.370001,-6.300000,-39.599998,107.199997,6.800000,-175.600006,4.300000
2026-05-19-14-31-39,-24.680000,-8.550000,-41.380001,100.099998,9.500000,-175.800003,4.600000
2026-05-19-14-31-40,-26.219999,-11.350000,-43.650002,92.500000,8.500000,-171.300003,5.000000
2026-05-19-14-31-40,-27.400000,-13.670000,-45.560001,91.599998,8.600000,-171.100006,5.300000
2026-05-19-14-31-40,-28.200001,-15.290000,-46.939999,92.300003,7.700000,-167.699997,5.500000
2026-05-19-14-31-40,-29.469999,-17.959999,-49.220001,92.800003,9.300000,-162.500000,5.900000
2026-05-19-14-31-41,-30.469999,-20.180000,-51.169998,92.699997,9.200000,-160.100006,6.200000
2026-05-19-14-31-41,-31.340000,-22.219999,-53.000000,92.500000,9.500000,-156.899994,6.500000
2026-05-19-14-31-41,-32.380001,-24.750000,-55.349998,92.500000,10.300000,-155.100006,6.800000
2026-05-19-14-31-42,-33.580002,-27.920000,-58.360001,97.699997,12.600000,-150.899994,7.300000
2026-05-19-14-31-42,-34.380001,-30.290001,-60.680000,100.400002,12.900000,-149.800003,7.600000
2026-05-19-14-31-42,-34.990002,-32.160000,-62.560001,106.900002,11.100000,-142.699997,7.900000
2026-05-19-14-31-42,-35.830002,-35.040001,-65.550003,102.800003,7.500000,-135.899994,8.300000
2026-05-19-14-31-43,-36.450001,-37.430000,-68.099998,102.500000,7.100000,-141.600006,8.700000
2026-05-19-14-31-43,-36.980000,-39.580002,-70.419998,99.599998,5.900000,-150.300003,9.000000
2026-05-19-14-31-43,-37.650002,-42.349998,-73.449997,105.400002,16.400000,-155.800003,9.400000
2026-05-19-14-31-44,-38.330002,-45.529999,-77.110001,103.599998,12.100000,-151.899994,9.900000
2026-05-19-14-31-44,-38.759998,-47.830002,-79.849998,103.800003,9.700000,-149.300003,10.300000
2026-05-19-14-31-44,-39.090000,-49.689999,-82.089996,104.199997,7.200000,-145.800003,10.600000
2026-05-19-14-31-45,-39.570000,-52.560001,-85.570000,100.199997,10.700000,-143.500000,11.100000
2026-05-19-14-31-45,-39.939999,-54.889999,-88.480003,98.300003,11.800000,-141.800003,11.500000
2026-05-19-14-31-45,-40.209999,-57.000000,-91.209999,98.400002,10.600000,-141.699997,11.800000
2026-05-19-14-31-45,-40.470001,-59.730000,-94.739998,99.300003,9.900000,-140.600006,12.300000
2026-05-19-14-31-46,-40.689999,-62.919998,-99.000000,93.699997,10.700000,-140.000000,12.900000
2026-05-19-14-31-46,-40.759998,-65.160004,-102.120003,92.500000,10.900000,-139.899994,13.300000
2026-05-19-14-31-46,-40.740002,-66.980003,-104.709999,90.000000,11.200000,-139.600006,13.600000
2026-05-19-14-31-47,-40.599998,-69.680000,-108.690002,87.199997,11.400000,-139.300003,14.200000
2026-05-19-14-31-47,-40.369999,-71.889999,-112.059998,86.699997,11.300000,-139.100006,14.600000
2026-05-19-14-31-47,-40.090000,-73.870003,-115.209999,84.400002,11.200000,-139.000000,15.000000
2026-05-19-14-31-48,-39.639999,-76.349998,-119.279999,76.099998,11.000000,-138.800003,15.500000
2026-05-19-14-31-48,-38.919998,-79.260002,-124.279999,74.900002,10.700000,-138.699997,16.200001
2026-05-19-14-31-48,-38.220001,-81.589996,-128.460007,73.900002,10.700000,-138.600006,16.700001
2026-05-19-14-31-48,-37.669998,-83.180000,-131.399994,71.699997,10.300000,-138.600006,17.100000
2026-05-19-14-31-49,-36.720001,-85.639999,-136.059998,73.300003,9.700000,-138.699997,17.600000
2026-05-19-14-31-49,-35.849998,-87.629997,-139.970001,69.599998,9.800000,-138.300003,18.100000
2026-05-19-14-31-49,-34.959999,-89.410004,-143.570007,59.900002,6.200000,-136.800003,18.600000
2026-05-19-14-31-50,-33.740002,-91.650002,-148.220001,46.099998,2.100000,-126.400002,19.200001
2026-05-19-14-31-50,-32.270000,-94.320000,-153.970001,39.900002,7.900000,-114.500000,19.900000
2026-05-19-14-31-50,-31.110001,-96.260002,-158.259995,39.400002,8.500000,-113.800003,20.400000
2026-05-19-14-31-50,-30.200001,-97.690002,-161.520004,35.700001,8.700000,-113.400002,20.799999
2026-05-19-14-31-51,-28.700001,-99.900002,-166.699997,30.900000,8.900000,-113.500000,21.400000
2026-05-19-14-31-51,-27.469999,-101.629997,-170.899994,27.400000,9.400000,-113.300003,21.900000
2026-05-19-14-31-51,-26.299999,-103.169998,-174.789993,21.000000,10.100000,-116.900002,22.400000
2026-05-19-14-31-52,-24.799999,-105.059998,-179.740005,14.900000,10.200000,-117.199997,23.000000
2026-05-19-14-31-52,-22.900000,-107.309998,-185.860001,7.500000,9.200000,-112.099998,23.799999
2026-05-19-14-31-52,-21.430000,-108.949997,-190.470001,7.300000,9.000000,-111.199997,24.400000
2026-05-19-14-31-53,-20.330000,-110.129997,-193.869995,7.100000,9.000000,-111.800003,24.799999
