time,position_x,position_y,position_z,angle_x,angle_y,angle_z,pos_std
2026-05-19-14-40-00,0.020000,0.060000,0.020000,-0.300000,-0.300000,-0.700000,0.800000
2026-05-19-14-40-00,0.070000,0.150000,0.030000,-0.300000,-0.300000,-0.700000,1.800000
2026-05-19-14-40-01,0.070000,0.150000,0.030000,-0.300000,-0.300000,-0.700000,2.000000
2026-05-19-14-40-01,0.070000,0.150000,0.030000,-0.300000,-0.400000,-0.700000,2.200000
2026-05-19-14-40-01,0.070000,0.150000,0.030000,-0.300000,-0.400000,-0.700000,2.200000
2026-05-19-14-40-01,-0.000000,0.000000,0.000000,-0.200000,-0.500000,-0.800000,0.000000
2026-05-19-14-40-01,0.000000,0.010000,0.000000,-0.200000,-0.500000,-0.900000,0.100000
2026-05-19-14-40-01,-0.000000,0.010000,-0.000000,-0.200000,-0.500000,-0.900000,0.200000
2026-05-19-14-40-02,-0.010000,0.020000,-0.000000,-0.100000,-0.300000,-0.900000,0.300000
2026-05-19-14-40-02,-0.010000,0.030000,0.010000,-0.000000,-0.400000,-0.900000,0.500000
2026-05-19-14-40-02,-0.010000,0.050000,0.030000,0.100000,-0.500000,-1.000000,0.600000
2026-05-19-14-40-03,-0.010000,0.060000,0.040000,0.100000,-0.700000,-1.000000,0.700000
2026-05-19-14-40-03,0.000000,0.060000,0.030000,0.100000,-0.600000,-1.100000,0.900000
2026-05-19-14-40-03,0.010000,0.060000,0.030000,-0.000000,-0.400000,-1.100000,1.100000
2026-05-19-14-40-04,0.020000,0.060000,0.030000,-0.000000,-0.400000,-1.100000,1.300000
2026-05-19-14-40-04,0.030000,0.060000,0.030000,-0.000000,-0.200000,-1.100000,1.400000
2026-05-19-14-40-04,0.050000,0.070000,0.030000,-0.000000,-0.200000,-1.200000,1.600000
2026-05-19-14-40-05,0.060000,0.080000,0.040000,0.100000,-0.300000,-1.200000,1.800000
2026-05-19-14-40-05,0.070000,0.100000,0.050000,0.100000,-0.400000,-1.300000,2.000000
2026-05-19-14-40-05,0.080000,0.120000,0.070000,0.000000,-0.500000,-1.400000,2.200000
2026-05-19-14-40-06,0.100000,0.170000,0.080000,-0.000000,-0.300000,-1.400000,2.600000
2026-05-19-14-40-06,0.110000,0.200000,0.100000,-0.100000,-0.200000,-1.400000,2.800000
2026-05-19-14-40-06,0.110000,0.220000,0.110000,-0.100000,-0.200000,-1.400000,3.000000
2026-05-19-14-40-06,0.120000,0.260000,0.140000,-0.100000,-0.100000,-1.500000,3.300000
2026-05-19-14-40-07,0.130000,0.300000,0.170000,-0.100000,-0.200000,-1.600000,3.500000
2026-05-19-14-40-07,0.130000,0.330000,0.200000,-0.000000,-0.300000,-1.700000,3.700000
2026-05-19-14-40-07,0.140000,0.380000,0.230000,0.100000,-0.500000,-1.800000,4.000000
2026-05-19-14-40-08,0.150000,0.440000,0.270000,0.200000,-0.400000,-1.800000,4.400000
2026-05-19-14-40-08,0.160000,0.490000,0.300000,0.100000,-0.400000,-1.900000,4.700000
2026-05-19-14-40-08,0.160000,0.520000,0.320000,0.000000,-0.300000,-1.900000,4.900000
2026-05-19-14-40-08,0.170000,0.580000,0.370000,-0.100000,-0.300000,-2.000000,5.200000
2026-05-19-14-40-09,0.180000,0.630000,0.410000,-0.100000,-0.300000,-2.100000,5.500000
2026-05-19-14-40-09,0.180000,0.670000,0.450000,0.100000,-0.400000,-2.200000,5.800000
2026-05-19-14-40-09,0.200000,0.720000,0.490000,0.400000,-0.600000,-2.200000,6.100000
2026-05-19-14-40-10,0.210000,0.780000,0.540000,0.300000,-0.600000,-2.300000,6.600000
2026-05-19-14-40-10,0.230000,0.830000,0.570000,0.300000,-0.500000,-2.300000,6.900000
2026-05-19-14-40-10,0.240000,0.860000,0.600000,0.100000,-0.400000,-2.300000,7.100000
2026-05-19-14-40-11,0.250000,0.930000,0.640000,-0.100000,-0.200000,-2.400000,7.500000
2026-05-19-14-40-11,0.260000,0.980000,0.680000,-0.100000,-0.200000,-2.500000,7.800000
2026-05-19-14-40-11,0.270000,1.050000,0.710000,-0.100000,-0.500000,-2.600000,8.100000
2026-05-19-14-40-12,0.270000,1.140000,0.770000,0.100000,-0.800000,-2.700000,8.500000
2026-05-19-14-40-12,0.300000,1.250000,0.840000,0.200000,-0.900000,-2.900000,9.000000
2026-05-19-14-40-12,0.320000,1.320000,0.910000,0.200000,-0.900000,-2.900000,9.400000
2026-05-19-14-40-12,0.340000,1.380000,0.950000,0.200000,-0.900000,-2.900000,9.700000
2026-05-19-14-40-13,0.380000,1.470000,1.030000,0.200000,-0.600000,-3.000000,10.100000
2026-05-19-14-40-13,0.420000,1.550000,1.090000,0.100000,-0.500000,-3.100000,10.500000
2026-05-19-14-40-13,0.450000,1.600000,1.150000,0.000000,-0.400000,-3.200000,10.800000
2026-05-19-14-40-14,0.490000,1.670000,1.240000,-0.100000,-0.400000,-3.300000,11.200000
2026-05-19-14-40-14,0.540000,1.750000,1.350000,0.100000,-0.700000,-3.500000,11.800000
2026-05-19-14-40-14,0.570000,1.810000,1.420000,0.200000,-0.800000,-3.500000,12.200000
2026-05-19-14-40-14,0.610000,1.860000,1.470000,0.400000,-1.000000,-3.900000,12.500000
2026-05-19-14-40-15,0.650000,1.940000,1.530000,0.600000,-0.800000,-5.000000,13.000000
2026-05-19-14-40-15,0.690000,2.000000,1.600000,0.200000,-0.300000,-5.200000,13.400000
2026-05-19-14-40-15,0.720000,2.050000,1.660000,-0.100000,-0.100000,-5.300000,13.700000
2026-05-19-14-40-16,0.750000,2.120000,1.740000,-0.200000,-0.200000,-5.400000,14.200000
2026-05-19-14-40-16,0.790000,2.200000,1.840000,0.200000,-0.700000,-5.600000,14.800000
2026-05-19-14-40-16,0.810000,2.250000,1.890000,0.300000,-0.900000,-5.700000,15.200000
2026-05-19-14-40-17,0.830000,2.300000,1.950000,0.500000,-1.000000,-5.800000,15.600000
2026-05-19-14-40-17,0.860000,2.370000,2.030000,0.600000,-0.800000,-5.900000,16.100000
2026-05-19-14-40-17,0.890000,2.440000,2.100000,0.400000,-0.600000,-5.900000,16.500000
2026-05-19-14-40-18,0.910000,2.500000,2.170000,0.200000,-0.400000,-6.000000,16.900000
2026-05-19-14-40-18,0.940000,2.580000,2.270000,0.100000,-0.400000,-6.100000,17.500000
2026-05-19-14-40-18,0.960000,2.680000,2.380000,0.200000,-0.600000,-6.200000,18.100000
2026-05-19-14-40-19,0.980000,2.750000,2.460000,0.300000,-0.700000,-6.300000,18.600000
2026-05-19-14-40-19,1.000000,2.800000,2.510000,0.500000,-0.900000,-6.400000,18.900000
2026-05-19-14-40-19,1.020000,2.880000,2.600000,0.600000,-0.800000,-6.500000,19.500000
2026-05-19-14-40-19,1.040000,2.950000,2.680000,0.500000,-0.600000,-6.600000,20.000000
2026-05-19-14-40-20,1.060000,3.010000,2.750000,0.400000,-0.400000,-6.700000,20.400000
2026-05-19-14-40-20,1.080000,3.080000,2.850000,0.200000,-0.300000,-6.800000,21.000000
2026-05-19-14-40-21,1.100000,3.170000,2.970000,0.300000,-0.600000,-6.900000,21.700001
2026-05-19-14-40-21,1.110000,3.240000,3.060000,0.400000,-0.600000,-6.900000,22.200001
2026-05-19-14-40-21,1.120000,3.290000,3.120000,0.500000,-0.800000,-7.000000,22.600000
2026-05-19-14-40-21,1.130000,3.360000,3.210000,0.600000,-0.800000,-7.100000,23.200001
2026-05-19-14-40-22,1.140000,3.420000,3.290000,0.600000,-0.600000,-7.200000,23.700001
2026-05-19-14-40-22,1.150000,3.480000,3.370000,0.300000,-0.300000,-7.300000,24.200001
2026-05-19-14-40-22,1.160000,3.560000,3.460000,-0.100000,-0.200000,-7.400000,24.799999
2026-05-19-14-40-23,1.180000,3.660000,3.580000,0.200000,-0.600000,-7.900000,25.600000
2026-05-19-14-40-23,1.190000,3.720000,3.650000,0.300000,-0.700000,-7.900000,26.100000
2026-05-19-14-40-23,1.200000,3.770000,3.710000,0.600000,-0.800000,-8.000000,26.500000
2026-05-19-14-40-23,1.210000,3.850000,3.790000,0.600000,-0.900000,-8.200000,27.100000
2026-05-19-14-40-24,1.220000,3.910000,3.870000,0.600000,-0.800000,-8.300000,27.700001
2026-05-19-14-40-24,1.230000,3.960000,3.950000,0.400000,-0.700000,-8.400000,28.200001
2026-05-19-14-40-24,1.240000,4.030000,4.040000,0.400000,-0.700000,-8.500000,28.900000
2026-05-19-14-40-25,1.250000,4.110000,4.150000,0.600000,-0.700000,-8.700000,29.700001
2026-05-19-14-40-25,1.250000,4.160000,4.220000,0.600000,-0.700000,-8.700000,30.200001
2026-05-19-14-40-25,1.250000,4.200000,4.280000,0.800000,-0.800000,-8.800000,30.700001
2026-05-19-14-40-25,1.260000,4.260000,4.370000,0.800000,-0.900000,-8.900000,31.400000
2026-05-19-14-40-26,1.260000,4.320000,4.460000,0.600000,-1.000000,-9.000000,32.000000
2026-05-19-14-40-26,1.270000,4.370000,4.540000,0.500000,-0.800000,-9.100000,32.500000
2026-05-19-14-40-26,1.270000,4.430000,4.640000,0.500000,-0.700000,-9.300000,33.200001
2026-05-19-14-40-27,1.280000,4.500000,4.740000,0.600000,-0.700000,-9.400000,34.000000
2026-05-19-14-40-27,1.280000,4.560000,4.840000,0.500000,-0.800000,-9.400000,34.799999
2026-05-19-14-40-27,1.280000,4.600000,4.900000,0.700000,-0.800000,-9.500000,35.299999
2026-05-19-14-40-28,1.290000,4.660000,5.010000,0.600000,-1.000000,-9.700000,36.099998
2026-05-19-14-40-28,1.290000,4.710000,5.100000,0.600000,-0.900000,-9.800000,36.700001
2026-05-19-14-40-28,1.290000,4.760000,5.200000,0.500000,-0.800000,-9.900000,37.299999
2026-05-19-14-40-29,1.300000,4.810000,5.310000,0.400000,-0.600000,-10.000000,38.000000
2026-05-19-14-40-29,1.300000,4.870000,5.450000,0.600000,-0.600000,-10.200000,38.900002
2026-05-19-14-40-29,1.300000,4.910000,5.540000,0.700000,-0.600000,-10.200000,39.599998
2026-05-19-14-40-29,1.290000,4.940000,5.620000,0.800000,-0.700000,-10.300000,40.099998
2026-05-19-14-40-30,1.290000,4.990000,5.740000,1.000000,-0.700000,-10.400000,40.900002
2026-05-19-14-40-30,1.290000,5.030000,5.850000,0.900000,-0.600000,-10.500000,41.599998
2026-05-19-14-40-30,1.300000,5.050000,5.960000,0.700000,-0.500000,-10.700000,42.200001
2026-05-19-14-40-31,1.300000,5.080000,6.090000,0.500000,-0.200000,-10.800000,43.000000
2026-05-19-14-40-31,1.310000,5.120000,6.250000,0.600000,-0.300000,-10.900000,43.900002
2026-05-19-14-40-31,1.320000,5.150000,6.370000,0.700000,-0.300000,-11.000000,44.700001
2026-05-19-14-40-32,1.330000,5.170000,6.460000,0.800000,-0.400000,-11.100000,45.200001
2026-05-19-14-40-32,1.340000,5.210000,6.590000,0.900000,-0.500000,-11.300000,46.099998
2026-05-19-14-40-32,1.340000,5.250000,6.710000,0.900000,-0.500000,-11.400000,46.799999
2026-05-19-14-40-32,1.350000,5.290000,6.810000,0.800000,-0.400000,-11.500000,47.400002
2026-05-19-14-40-33,1.360000,5.340000,6.930000,0.700000,-0.300000,-11.600000,48.299999
2026-05-19-14-40-33,1.370000,5.400000,7.080000,0.600000,-0.400000,-11.800000,49.299999
2026-05-19-14-40-33,1.370000,5.450000,7.210000,0.600000,-0.400000,-11.800000,50.000000
2026-05-19-14-40-34,1.370000,5.490000,7.310000,0.600000,-0.400000,-11.900000,50.599998
2026-05-19-14-40-34,1.370000,5.540000,7.450000,0.700000,-0.500000,-12.100000,51.500000
2026-05-19-14-40-34,1.370000,5.580000,7.570000,0.700000,-0.500000,-12.200000,52.299999
2026-05-19-14-40-35,1.370000,5.620000,7.690000,0.700000,-0.500000,-12.300000,53.000000
2026-05-19-14-40-35,1.370000,5.670000,7.830000,0.700000,-0.500000,-12.500000,53.900002
2026-05-19-14-40-35,1.380000,5.730000,7.990000,0.900000,-0.500000,-12.600000,55.000000
2026-05-19-14-40-36,1.380000,5.770000,8.100000,0.900000,-0.500000,-12.600000,55.799999
2026-05-19-14-40-36,1.380000,5.800000,8.200000,0.900000,-0.500000,-12.700000,56.400002
2026-05-19-14-40-36,1.370000,5.860000,8.350000,0.800000,-0.600000,-12.900000,57.400002
2026-05-19-14-40-36,1.360000,5.900000,8.470000,0.700000,-0.600000,-13.100000,58.200001
2026-05-19-14-40-37,1.350000,5.930000,8.580000,0.900000,-0.700000,-13.200000,58.900002
2026-05-19-14-40-37,1.350000,5.980000,8.710000,1.100000,-0.800000,-13.400000,59.900002
2026-05-19-14-40-38,1.340000,6.040000,8.870000,1.100000,-0.900000,-13.600000,61.000000
2026-05-19-14-40-38,1.340000,6.070000,8.980000,1.100000,-0.900000,-13.600000,61.799999
2026-05-19-14-40-38,1.330000,6.100000,9.070000,1.000000,-0.800000,-13.700000,62.400002
2026-05-19-14-40-38,1.320000,6.140000,9.220000,1.000000,-0.700000,-13.900000,63.400002
2026-05-19-14-40-39,1.310000,6.170000,9.340000,1.000000,-0.700000,-14.000000,64.300003
2026-05-19-14-40-39,1.300000,6.200000,9.440000,1.100000,-0.800000,-14.100000,65.000000
2026-05-19-14-40-39,1.290000,6.240000,9.560000,1.300000,-1.000000,-14.400000,66.000000
2026-05-19-14-40-40,1.280000,6.290000,9.720000,1.600000,-1.300000,-14.500000,67.199997
2026-05-19-14-40-40,1.270000,6.320000,9.840000,1.600000,-1.400000,-14.600000,68.099998
2026-05-19-14-40-40,1.270000,6.350000,9.930000,1.600000,-1.400000,-14.700000,68.800003
2026-05-19-14-40-40,1.250000,6.380000,10.080000,1.200000,-1.000000,-14.900000,69.900002
2026-05-19-14-40-41,1.230000,6.410000,10.210000,1.100000,-0.800000,-15.000000,70.800003
2026-05-19-14-40-41,1.220000,6.430000,10.320000,1.100000,-0.800000,-15.000000,71.599998
2026-05-19-14-40-41,1.200000,6.450000,10.450000,1.500000,-1.100000,-13.900000,72.599998
2026-05-19-14-40-42,1.170000,6.490000,10.630000,1.700000,-1.300000,-14.000000,73.900002
2026-05-19-14-40-42,1.160000,6.520000,10.760000,1.700000,-1.300000,-14.100000,74.800003
2026-05-19-14-40-42,1.150000,6.540000,10.860000,1.600000,-1.300000,-13.900000,75.500000
2026-05-19-14-40-43,1.140000,6.580000,11.030000,1.400000,-1.100000,-14.100000,76.699997
2026-05-19-14-40-43,1.120000,6.600000,11.160000,1.400000,-0.900000,-14.100000,77.599998
2026-05-19-14-40-43,1.090000,6.620000,11.280000,1.400000,-0.900000,-14.300000,78.500000
2026-05-19-14-40-44,1.050000,6.660000,11.440000,1.600000,-1.000000,-14.400000,79.500000
2026-05-19-14-40-44,0.990000,6.710000,11.640000,1.700000,-1.200000,-14.500000,80.900002
2026-05-19-14-40-44,0.940000,6.740000,11.780000,1.700000,-1.200000,-14.500000,81.900002
2026-05-19-14-40-44,0.910000,6.770000,11.890000,1.600000,-1.100000,-14.600000,82.599998
2026-05-19-14-40-45,0.850000,6.800000,12.060000,1.500000,-1.000000,-14.800000,83.800003
2026-05-19-14-40-45,0.810000,6.840000,12.190000,1.500000,-0.900000,-14.900000,84.800003
2026-05-19-14-40-45,0.770000,6.870000,12.310000,1.500000,-0.800000,-15.000000,85.699997
2026-05-19-14-40-46,0.720000,6.900000,12.460000,1.700000,-1.000000,-15.100000,86.800003
2026-05-19-14-40-46,0.650000,6.940000,12.640000,1.700000,-1.200000,-15.200000,88.199997
2026-05-19-14-40-46,0.600000,6.970000,12.770000,1.700000,-1.200000,-15.200000,89.199997
2026-05-19-14-40-46,0.560000,6.990000,12.880000,1.600000,-1.100000,-15.300000,90.000000
2026-05-19-14-40-47,0.500000,7.030000,13.030000,1.400000,-0.900000,-15.500000,91.300003
2026-05-19-14-40-47,0.450000,7.060000,13.150000,1.400000,-0.700000,-15.500000,92.300003
2026-05-19-14-40-47,0.410000,7.090000,13.260000,1.400000,-0.700000,-15.600000,93.199997
2026-05-19-14-40-48,0.360000,7.120000,13.400000,1.400000,-0.700000,-15.600000,94.400002
2026-05-19-14-40-48,0.290000,7.160000,13.570000,1.400000,-0.700000,-15.700000,95.900002
2026-05-19-14-40-48,0.240000,7.190000,13.700000,1.300000,-0.700000,-15.700000,97.000000
2026-05-19-14-40-48,0.200000,7.220000,13.800000,1.300000,-0.700000,-15.800000,97.800003
2026-05-19-14-40-49,0.140000,7.250000,13.950000,1.300000,-0.500000,-15.800000,99.199997
2026-05-19-14-40-49,0.090000,7.280000,14.090000,1.100000,-0.400000,-15.900000,100.199997
2026-05-19-14-40-49,0.050000,7.310000,14.220000,1.100000,-0.200000,-15.900000,101.199997
2026-05-19-14-40-50,-0.010000,7.340000,14.370000,1.200000,-0.200000,-16.000000,102.500000
2026-05-19-14-40-50,-0.080000,7.390000,14.550000,1.200000,-0.400000,-16.100000,104.000000
2026-05-19-14-40-50,-0.130000,7.420000,14.700000,1.200000,-0.500000,-16.100000,105.199997
2026-05-19-14-40-51,-0.170000,7.450000,14.810000,1.100000,-0.500000,-16.200001,106.099998
2026-05-19-14-40-51,-0.240000,7.480000,14.970000,1.200000,-0.600000,-16.400000,107.400002
2026-05-19-14-40-51,-0.290000,7.520000,15.100000,1.300000,-0.600000,-16.500000,108.599998
2026-05-19-14-40-52,-0.330000,7.540000,15.210000,1.300000,-0.500000,-16.600000,109.599998
2026-05-19-14-40-52,-0.390000,7.580000,15.360000,1.300000,-0.500000,-16.600000,110.900002
2026-05-19-14-40-52,-0.450000,7.610000,15.550000,1.300000,-0.400000,-16.700001,112.500000
2026-05-19-14-40-53,-0.500000,7.640000,15.690000,1.200000,-0.400000,-16.799999,113.800003
2026-05-19-14-40-53,-0.540000,7.660000,15.800000,1.300000,-0.500000,-16.799999,114.699997
2026-05-19-14-40-53,-0.600000,7.680000,15.960000,1.400000,-0.600000,-16.900000,116.199997
2026-05-19-14-40-53,-0.650000,7.700000,16.080000,1.500000,-0.700000,-17.000000,117.300003
2026-05-19-14-40-54,-0.690000,7.710000,16.200001,1.500000,-0.700000,-17.000000,118.500000
2026-05-19-14-40-54,-0.740000,7.730000,16.340000,1.400000,-0.600000,-17.100000,119.900002
2026-05-19-14-40-55,-0.800000,7.750000,16.520000,1.300000,-0.500000,-17.200001,121.599998
2026-05-19-14-40-55,-0.840000,7.770000,16.639999,1.300000,-0.500000,-17.200001,122.900002
2026-05-19-14-40-55,-0.870000,7.780000,16.740000,1.300000,-0.600000,-17.200001,123.800003
2026-05-19-14-40-55,-0.910000,7.800000,16.879999,1.500000,-0.800000,-17.200001,125.300003
2026-05-19-14-40-56,-0.950000,7.820000,17.010000,1.500000,-0.800000,-17.200001,126.599998
2026-05-19-14-40-56,-0.990000,7.830000,17.129999,1.400000,-0.800000,-17.299999,127.699997
2026-05-19-14-40-56,-1.030000,7.850000,17.270000,1.300000,-0.600000,-17.299999,129.199997
2026-05-19-14-40-57,-1.080000,7.860000,17.440001,1.300000,-0.500000,-17.400000,131.000000
2026-05-19-14-40-57,-1.120000,7.870000,17.549999,1.400000,-0.500000,-17.400000,132.300003
2026-05-19-14-40-57,-1.150000,7.880000,17.650000,1.400000,-0.500000,-17.400000,133.300003
2026-05-19-14-40-57,-1.190000,7.900000,17.790001,1.400000,-0.700000,-17.400000,134.899994
2026-05-19-14-40-58,-1.220000,7.910000,17.910000,1.400000,-0.700000,-17.400000,136.199997
2026-05-19-14-40-58,-1.260000,7.930000,18.020000,1.400000,-0.800000,-17.500000,137.399994
2026-05-19-14-40-58,-1.300000,7.950000,18.160000,1.300000,-0.600000,-17.500000,138.899994
2026-05-19-14-40-59,-1.350000,7.960000,18.330000,1.300000,-0.500000,-17.500000,140.699997
2026-05-19-14-40-59,-1.380000,7.970000,18.459999,1.300000,-0.500000,-17.500000,142.100006
2026-05-19-14-40-59,-1.410000,7.970000,18.559999,1.400000,-0.500000,-17.500000,143.100006
2026-05-19-14-40-59,-1.450000,7.980000,18.719999,1.400000,-0.600000,-17.600000,144.800003
2026-05-19-14-41-00,-1.480000,7.980000,18.850000,1.400000,-0.600000,-17.600000,146.100006
2026-05-19-14-41-00,-1.510000,7.980000,18.959999,1.300000,-0.600000,-17.600000,147.399994
2026-05-19-14-41-00,-1.540000,7.990000,19.110001,1.300000,-0.500000,-17.500000,149.000000
2026-05-19-14-41-01,-1.580000,8.000000,19.290001,1.300000,-0.400000,-17.500000,150.899994
2026-05-19-14-41-01,-1.610000,8.010000,19.430000,1.300000,-0.400000,-17.500000,152.300003
2026-05-19-14-41-01,-1.640000,8.010000,19.530001,1.300000,-0.500000,-17.600000,153.399994
2026-05-19-14-41-02,-1.680000,8.020000,19.690001,1.300000,-0.500000,-17.600000,155.100006
2026-05-19-14-41-02,-1.710000,8.030000,19.820000,1.300000,-0.500000,-17.600000,156.600006
2026-05-19-14-41-02,-1.730000,8.040000,19.940001,1.400000,-0.500000,-17.600000,157.899994
2026-05-19-14-41-03,-1.770000,8.050000,20.100000,1.300000,-0.600000,-17.600000,159.500000
2026-05-19-14-41-03,-1.810000,8.070000,20.309999,1.200000,-0.500000,-17.600000,161.500000
2026-05-19-14-41-03,-1.840000,8.080000,20.459999,1.200000,-0.500000,-17.600000,163.199997
2026-05-19-14-41-03,-1.860000,8.090000,20.570000,1.300000,-0.500000,-17.600000,164.300003
2026-05-19-14-41-04,-1.890000,8.110000,20.740000,1.300000,-0.500000,-17.600000,166.100006
2026-05-19-14-41-04,-1.920000,8.120000,20.879999,1.300000,-0.400000,-17.600000,167.600006
2026-05-19-14-41-04,-1.940000,8.120000,21.010000,1.300000,-0.500000,-17.600000,168.899994
2026-05-19-14-41-05,-1.970000,8.140000,21.180000,1.300000,-0.600000,-17.500000,170.699997
2026-05-19-14-41-05,-2.020000,8.150000,21.370001,1.300000,-0.700000,-17.500000,172.800003
2026-05-19-14-41-05,-2.040000,8.170000,21.510000,1.300000,-0.700000,-17.500000,174.399994
2026-05-19-14-41-05,-2.060000,8.180000,21.610001,1.400000,-0.700000,-17.500000,175.600006
2026-05-19-14-41-06,-2.080000,8.200000,21.770000,1.500000,-0.600000,-17.500000,177.500000
2026-05-19-14-41-06,-2.110000,8.210000,21.910000,1.400000,-0.500000,-17.400000,179.000000
2026-05-19-14-41-06,-2.120000,8.230000,22.040001,1.300000,-0.400000,-17.400000,180.399994
2026-05-19-14-41-07,-2.150000,8.240000,22.200001,1.200000,-0.500000,-17.299999,182.300003
2026-05-19-14-41-07,-2.180000,8.260000,22.389999,1.300000,-0.600000,-17.299999,184.399994
2026-05-19-14-41-07,-2.200000,8.280000,22.520000,1.300000,-0.600000,-17.299999,186.000000
2026-05-19-14-41-08,-2.210000,8.290000,22.620001,1.300000,-0.700000,-17.299999,187.300003
2026-05-19-14-41-08,-2.230000,8.310000,22.780001,1.400000,-0.600000,-17.299999,189.199997
2026-05-19-14-41-08,-2.240000,8.320000,22.910000,1.400000,-0.600000,-17.200001,190.800003
2026-05-19-14-41-09,-2.260000,8.340000,23.040001,1.200000,-0.500000,-17.200001,192.199997
2026-05-19-14-41-09,-2.280000,8.350000,23.209999,1.100000,-0.500000,-17.200001,194.100006
2026-05-19-14-41-09,-2.300000,8.370000,23.389999,1.400000,-0.700000,-17.200001,196.399994
2026-05-19-14-41-09,-2.310000,8.380000,23.510000,1.500000,-0.700000,-17.100000,198.000000
2026-05-19-14-41-10,-2.320000,8.390000,23.620001,1.600000,-0.900000,-17.100000,199.300003
2026-05-19-14-41-10,-2.330000,8.400000,23.780001,1.400000,-0.800000,-17.100000,201.300003
2026-05-19-14-41-10,-2.350000,8.410000,23.930000,1.200000,-0.600000,-17.000000,203.000000
2026-05-19-14-41-11,-2.360000,8.420000,24.049999,1.100000,-0.500000,-17.000000,204.500000
2026-05-19-14-41-11,-2.370000,8.440000,24.200001,1.200000,-0.500000,-16.799999,206.500000
2026-05-19-14-41-11,-2.380000,8.450000,24.389999,1.400000,-0.800000,-16.799999,208.899994
2026-05-19-14-41-12,-2.400000,8.460000,24.520000,1.500000,-0.800000,-16.799999,210.699997
2026-05-19-14-41-12,-2.400000,8.470000,24.629999,1.400000,-0.700000,-16.700001,212.000000
2026-05-19-14-41-12,-2.410000,8.480000,24.790001,1.300000,-0.700000,-16.700001,214.100006
2026-05-19-14-41-12,-2.410000,8.500000,24.930000,1.300000,-0.600000,-16.600000,215.899994
2026-05-19-14-41-13,-2.420000,8.500000,25.049999,1.100000,-0.600000,-16.600000,217.500000
2026-05-19-14-41-13,-2.430000,8.520000,25.219999,1.200000,-0.500000,-16.500000,219.600006
2026-05-19-14-41-14,-2.430000,8.530000,25.410000,1.300000,-0.700000,-16.400000,222.100006
2026-05-19-14-41-14,-2.430000,8.540000,25.549999,1.300000,-0.700000,-16.400000,223.899994
2026-05-19-14-41-14,-2.440000,8.540000,25.660000,1.400000,-0.800000,-16.400000,225.399994
2026-05-19-14-41-14,-2.440000,8.550000,25.820000,1.300000,-0.700000,-16.400000,227.600006
2026-05-19-14-41-15,-2.440000,8.550000,25.959999,1.300000,-0.600000,-16.299999,229.399994
2026-05-19-14-41-15,-2.440000,8.560000,26.090000,1.300000,-0.600000,-16.299999,231.100006
2026-05-19-14-41-15,-2.440000,8.560000,26.250000,1.200000,-0.600000,-16.200001,233.100006
2026-05-19-14-41-16,-2.440000,8.550000,26.440001,1.200000,-0.700000,-16.100000,235.600006
2026-05-19-14-41-16,-2.430000,8.540000,26.580000,1.200000,-0.700000,-16.100000,237.399994
2026-05-19-14-41-16,-2.430000,8.540000,26.680000,1.200000,-0.800000,-16.100000,238.899994
2026-05-19-14-41-16,-2.430000,8.530000,26.850000,1.300000,-0.800000,-16.100000,241.100006
2026-05-19-14-41-17,-2.430000,8.530000,27.000000,1.300000,-0.700000,-16.100000,243.000000
2026-05-19-14-41-17,-2.430000,8.520000,27.129999,1.300000,-0.700000,-16.000000,244.699997
2026-05-19-14-41-17,-2.430000,8.510000,27.290001,1.100000,-0.600000,-16.000000,246.899994
2026-05-19-14-41-18,-2.420000,8.500000,27.490000,1.100000,-0.600000,-16.000000,249.600006
2026-05-19-14-41-18,-2.420000,8.490000,27.639999,1.100000,-0.600000,-16.000000,251.600006
2026-05-19-14-41-18,-2.420000,8.490000,27.750000,1.200000,-0.700000,-16.000000,253.100006
2026-05-19-14-41-19,-2.410000,8.480000,27.910000,1.300000,-0.900000,-15.900000,255.399994
2026-05-19-14-41-19,-2.420000,8.480000,28.040001,1.300000,-0.900000,-15.900000,257.399994
2026-05-19-14-41-19,-2.420000,8.480000,28.170000,1.300000,-0.800000,-15.900000,259.200012
2026-05-19-14-41-20,-2.420000,8.480000,28.320000,1.200000,-0.600000,-15.800000,261.399994
2026-05-19-14-41-20,-2.420000,8.490000,28.510000,1.100000,-0.500000,-15.800000,264.200012
2026-05-19-14-41-20,-2.420000,8.500000,28.650000,1.100000,-0.600000,-15.800000,266.299988
2026-05-19-14-41-20,-2.420000,8.510000,28.760000,1.100000,-0.600000,-15.800000,267.899994
2026-05-19-14-41-21,-2.410000,8.510000,28.930000,1.100000,-0.700000,-15.700000,270.200012
2026-05-19-14-41-21,-2.410000,8.520000,29.080000,1.200000,-0.800000,-15.700000,272.299988
2026-05-19-14-41-21,-2.410000,8.520000,29.209999,1.200000,-0.700000,-15.700000,274.100006
2026-05-19-14-41-22,-2.400000,8.520000,29.370001,1.200000,-0.600000,-15.700000,276.500000
2026-05-19-14-41-22,-2.400000,8.520000,29.559999,1.100000,-0.500000,-15.700000,279.299988
2026-05-19-14-41-22,-2.390000,8.530000,29.690001,1.100000,-0.500000,-15.700000,281.399994
2026-05-19-14-41-22,-2.380000,8.530000,29.799999,1.100000,-0.600000,-15.700000,283.000000
2026-05-19-14-41-23,-2.370000,8.540000,29.969999,1.200000,-0.800000,-15.700000,285.600006
2026-05-19-14-41-23,-2.360000,8.540000,30.110001,1.200000,-0.800000,-15.700000,287.700012
2026-05-19-14-41-23,-2.350000,8.550000,30.230000,1.100000,-0.700000,-15.700000,289.600006
2026-05-19-14-41-24,-2.330000,8.550000,30.389999,1.100000,-0.500000,-15.600000,292.200012
2026-05-19-14-41-24,-2.320000,8.560000,30.570000,1.200000,-0.600000,-15.600000,295.100006
2026-05-19-14-41-24,-2.320000,8.570000,30.709999,1.200000,-0.600000,-15.600000,297.399994
2026-05-19-14-41-25,-2.300000,8.600000,30.820000,1.200000,-0.700000,-15.600000,299.100006
2026-05-19-14-41-25,-2.270000,8.660000,30.990000,1.300000,-0.800000,-15.700000,301.700012
2026-05-19-14-41-25,-2.250000,8.700000,31.120001,1.400000,-0.900000,-15.600000,303.899994
2026-05-19-14-41-26,-2.230000,8.730000,31.240000,1.400000,-0.800000,-15.600000,305.899994
2026-05-19-14-41-26,-2.210000,8.770000,31.389999,1.300000,-0.600000,-15.600000,308.399994
2026-05-19-14-41-26,-2.190000,8.820000,31.590000,1.300000,-0.600000,-15.600000,311.399994
2026-05-19-14-41-26,-2.170000,8.860000,31.740000,1.300000,-0.600000,-15.600000,313.799988
2026-05-19-14-41-27,-2.170000,8.890000,31.840000,1.300000,-0.700000,-15.600000,315.500000
2026-05-19-14-41-27,-2.170000,8.920000,31.990000,1.500000,-0.900000,-15.600000,318.299988
2026-05-19-14-41-27,-2.170000,8.960000,32.110001,1.500000,-0.900000,-15.600000,320.500000
2026-05-19-14-41-28,-2.160000,8.990000,32.220001,1.500000,-0.800000,-15.600000,322.600006
2026-05-19-14-41-28,-2.160000,9.040000,32.360001,1.400000,-0.600000,-15.600000,325.200012
2026-05-19-14-41-28,-2.160000,9.090000,32.540001,1.300000,-0.600000,-15.600000,328.299988
2026-05-19-14-41-29,-2.160000,9.140000,32.669998,1.300000,-0.600000,-15.600000,330.700012
2026-05-19-14-41-29,-2.170000,9.170000,32.759998,1.300000,-0.700000,-15.600000,332.500000
2026-05-19-14-41-29,-2.170000,9.220000,32.910000,1.400000,-0.700000,-15.600000,335.299988
2026-05-19-14-41-29,-2.170000,9.270000,33.020000,1.500000,-0.800000,-15.600000,337.600006
2026-05-19-14-41-30,-2.170000,9.310000,33.139999,1.400000,-0.800000,-15.500000,339.799988
2026-05-19-14-41-30,-2.170000,9.370000,33.290001,1.300000,-0.900000,-15.500000,342.500000
2026-05-19-14-41-31,-2.170000,9.430000,33.459999,1.300000,-0.800000,-15.500000,345.700012
2026-05-19-14-41-31,-2.170000,9.480000,33.580002,1.300000,-0.800000,-15.500000,348.100006
2026-05-19-14-41-31,-2.170000,9.510000,33.669998,1.400000,-0.700000,-15.500000,350.000000
2026-05-19-14-41-31,-2.180000,9.570000,33.810001,1.400000,-0.700000,-15.500000,352.899994
2026-05-19-14-41-32,-2.180000,9.620000,33.930000,1.400000,-0.700000,-15.500000,355.200012
2026-05-19-14-41-32,-2.180000,9.660000,34.040001,1.300000,-0.700000,-15.600000,357.399994
2026-05-19-14-41-32,-2.190000,9.720000,34.189999,1.200000,-0.800000,-15.500000,360.200012
2026-05-19-14-41-33,-2.190000,9.790000,34.349998,1.300000,-0.900000,-15.500000,363.500000
2026-05-19-14-41-33,-2.190000,9.840000,34.459999,1.300000,-0.800000,-15.500000,365.899994
2026-05-19-14-41-33,-2.190000,9.880000,34.549999,1.300000,-0.800000,-15.500000,367.799988
2026-05-19-14-41-33,-2.200000,9.940000,34.689999,1.200000,-0.700000,-15.500000,370.799988
2026-05-19-14-41-34,-2.210000,10.000000,34.799999,1.200000,-0.600000,-15.500000,373.299988
2026-05-19-14-41-34,-2.220000,10.050000,34.900002,1.100000,-0.600000,-15.500000,375.600006
2026-05-19-14-41-34,-2.230000,10.120000,35.029999,1.200000,-0.800000,-15.500000,378.500000
2026-05-19-14-41-35,-2.260000,10.200000,35.189999,1.300000,-0.900000,-15.600000,382.000000
2026-05-19-14-41-35,-2.270000,10.250000,35.299999,1.300000,-0.900000,-15.600000,384.600006
2026-05-19-14-41-35,-2.280000,10.290000,35.389999,1.300000,-0.800000,-15.600000,386.500000
2026-05-19-14-41-36,-2.290000,10.360000,35.509998,1.200000,-0.600000,-15.600000,389.600006
2026-05-19-14-41-36,-2.290000,10.420000,35.610001,1.300000,-0.600000,-15.600000,392.100006
2026-05-19-14-41-36,-2.300000,10.470000,35.709999,1.300000,-0.700000,-15.600000,394.500000
2026-05-19-14-41-37,-2.310000,10.540000,35.840000,1.300000,-0.800000,-15.600000,397.500000
2026-05-19-14-41-37,-2.320000,10.620000,35.990002,1.200000,-0.800000,-15.700000,401.000000
2026-05-19-14-41-37,-2.330000,10.680000,36.090000,1.200000,-0.800000,-15.700000,403.600006
2026-05-19-14-41-37,-2.330000,10.720000,36.180000,1.200000,-0.800000,-15.700000,405.600006
2026-05-19-14-41-38,-2.340000,10.790000,36.310001,1.200000,-0.800000,-15.800000,408.799988
2026-05-19-14-41-38,-2.350000,10.850000,36.410000,1.200000,-0.800000,-15.800000,411.399994
2026-05-19-14-41-38,-2.360000,10.900000,36.509998,1.200000,-0.700000,-15.800000,413.799988
2026-05-19-14-41-39,-2.360000,10.970000,36.630001,1.400000,-0.800000,-15.800000,416.899994
2026-05-19-14-41-39,-2.360000,11.060000,36.790001,1.300000,-0.900000,-15.900000,420.600006
2026-05-19-14-41-39,-2.360000,11.120000,36.900002,1.300000,-0.900000,-15.900000,423.299988
2026-05-19-14-41-39,-2.350000,11.180000,36.990002,1.300000,-0.900000,-15.900000,425.399994
2026-05-19-14-41-40,-2.340000,11.270000,37.130001,1.200000,-0.700000,-16.000000,428.700012
2026-05-19-14-41-40,-2.330000,11.340000,37.250000,1.100000,-0.600000,-16.000000,431.399994
2026-05-19-14-41-40,-2.320000,11.410000,37.360001,1.100000,-0.500000,-16.100000,433.899994
2026-05-19-14-41-41,-2.300000,11.500000,37.490002,1.300000,-0.800000,-16.100000,437.100006
2026-05-19-14-41-41,-2.280000,11.600000,37.639999,1.400000,-1.000000,-16.200001,440.799988
2026-05-19-14-41-41,-2.270000,11.660000,37.750000,1.400000,-0.900000,-16.200001,443.299988
2026-05-19-14-41-41,-2.260000,11.710000,37.840000,1.300000,-0.800000,-16.200001,445.500000
2026-05-19-14-41-42,-2.240000,11.790000,37.980000,1.100000,-0.700000,-16.299999,448.899994
2026-05-19-14-41-42,-2.230000,11.850000,38.090000,1.200000,-0.600000,-16.299999,451.600006
2026-05-19-14-41-42,-2.230000,11.900000,38.189999,1.300000,-0.700000,-16.400000,454.200012
2026-05-19-14-41-43,-2.220000,11.960000,38.310001,1.300000,-0.900000,-16.500000,457.399994
2026-05-19-14-41-43,-2.200000,12.040000,38.450001,1.500000,-0.900000,-16.600000,461.299988
2026-05-19-14-41-43,-2.190000,12.100000,38.560001,1.500000,-0.800000,-16.600000,464.299988
2026-05-19-14-41-44,-2.180000,12.150000,38.650002,1.400000,-0.800000,-16.700001,466.500000
2026-05-19-14-41-44,-2.170000,12.220000,38.799999,1.200000,-0.700000,-16.799999,470.000000
2026-05-19-14-41-44,-2.170000,12.270000,38.910000,1.200000,-0.700000,-16.799999,472.899994
2026-05-19-14-41-45,-2.160000,12.320000,39.020000,1.200000,-0.600000,-16.900000,475.500000
2026-05-19-14-41-45,-2.150000,12.390000,39.150002,1.400000,-0.700000,-17.000000,478.899994
2026-05-19-14-41-45,-2.130000,12.460000,39.299999,1.500000,-0.700000,-17.100000,483.000000
2026-05-19-14-41-45,-2.120000,12.520000,39.419998,1.500000,-0.700000,-17.100000,485.899994
2026-05-19-14-41-46,-2.120000,12.560000,39.509998,1.400000,-0.800000,-17.200001,488.299988
2026-05-19-14-41-46,-2.100000,12.630000,39.660000,1.200000,-0.800000,-17.299999,491.899994
2026-05-19-14-41-46,-2.090000,12.690000,39.779999,1.200000,-0.800000,-17.400000,494.799988
2026-05-19-14-41-47,-2.080000,12.750000,39.880001,1.300000,-0.700000,-17.400000,497.600006
2026-05-19-14-41-47,-2.070000,12.820000,40.009998,1.400000,-0.800000,-17.600000,501.100006
2026-05-19-14-41-47,-2.050000,12.900000,40.160000,1.500000,-0.900000,-17.700001,505.100006
2026-05-19-14-41-48,-2.040000,12.950000,40.279999,1.400000,-0.900000,-17.700001,508.200012
2026-05-19-14-41-48,-2.030000,13.000000,40.380001,1.300000,-0.800000,-17.799999,510.700012
2026-05-19-14-41-48,-2.010000,13.060000,40.520000,1.300000,-0.700000,-18.000000,514.400024
2026-05-19-14-41-49,-1.990000,13.110000,40.630001,1.400000,-0.800000,-18.000000,517.400024
2026-05-19-14-41-49,-1.970000,13.160000,40.730000,1.500000,-0.900000,-18.100000,520.099976
2026-05-19-14-41-49,-1.950000,13.220000,40.849998,1.600000,-0.900000,-18.299999,523.700012
2026-05-19-14-41-50,-1.920000,13.290000,41.009998,1.300000,-0.800000,-18.400000,527.900024
2026-05-19-14-41-50,-1.910000,13.340000,41.130001,1.300000,-0.700000,-18.400000,530.900024
2026-05-19-14-41-50,-1.890000,13.380000,41.220001,1.300000,-0.600000,-18.500000,533.400024
2026-05-19-14-41-50,-1.870000,13.450000,41.349998,1.300000,-0.600000,-18.600000,537.200012
2026-05-19-14-41-51,-1.840000,13.500000,41.450001,1.500000,-0.700000,-18.700001,540.299988
2026-05-19-14-41-51,-1.820000,13.540000,41.540001,1.700000,-0.800000,-18.799999,543.099976
2026-05-19-14-41-51,-1.800000,13.600000,41.680000,1.600000,-1.000000,-18.900000,546.799988
2026-05-19-14-41-52,-1.770000,13.660000,41.840000,1.400000,-0.800000,-19.000000,551.299988
2026-05-19-14-41-52,-1.740000,13.700000,41.950001,1.300000,-0.800000,-19.000000,554.599976
2026-05-19-14-41-52,-1.720000,13.730000,42.029999,1.300000,-0.600000,-19.100000,557.099976
2026-05-19-14-41-52,-1.690000,13.790000,42.160000,1.500000,-0.600000,-19.299999,561.099976
2026-05-19-14-41-53,-1.670000,13.830000,42.259998,1.600000,-0.700000,-19.400000,564.299988
2026-05-19-14-41-53,-1.640000,13.860000,42.349998,1.700000,-0.900000,-19.500000,567.299988
2026-05-19-14-41-53,-1.620000,13.910000,42.480000,1.500000,-0.900000,-19.600000,571.000000
2026-05-19-14-41-54,-1.590000,13.970000,42.610001,1.400000,-0.700000,-19.799999,575.400024
2026-05-19-14-41-54,-1.560000,14.010000,42.709999,1.400000,-0.700000,-19.799999,578.799988
2026-05-19-14-41-54,-1.540000,14.040000,42.790001,1.600000,-0.600000,-19.799999,581.299988
2026-05-19-14-41-55,-1.510000,14.090000,42.919998,1.700000,-0.800000,-20.000000,585.200012
2026-05-19-14-41-55,-1.490000,14.130000,43.029999,1.600000,-0.800000,-20.100000,588.500000
2026-05-19-14-41-55,-1.470000,14.170000,43.130001,1.500000,-0.800000,-20.200001,591.500000
2026-05-19-14-41-56,-1.440000,14.210000,43.259998,1.600000,-0.700000,-20.299999,595.299988
2026-05-19-14-41-56,-1.410000,14.260000,43.389999,1.700000,-0.800000,-20.400000,600.000000
2026-05-19-14-41-56,-1.380000,14.300000,43.490002,1.800000,-0.800000,-20.500000,603.400024
2026-05-19-14-41-56,-1.360000,14.330000,43.570000,1.800000,-0.800000,-20.500000,606.099976
2026-05-19-14-41-57,-1.320000,14.370000,43.709999,1.800000,-0.700000,-20.700001,610.200012
2026-05-19-14-41-57,-1.300000,14.400000,43.820000,1.600000,-0.600000,-20.799999,613.500000
2026-05-19-14-41-58,-1.270000,14.440000,43.919998,1.600000,-0.600000,-20.900000,616.599976
2026-05-19-14-41-58,-1.240000,14.480000,44.049999,1.600000,-0.600000,-21.000000,620.500000
2026-05-19-14-41-58,-1.210000,14.530000,44.189999,1.800000,-0.700000,-21.100000,625.299988
2026-05-19-14-41-58,-1.190000,14.570000,44.290001,1.800000,-0.700000,-21.100000,628.599976
2026-05-19-14-41-58,-1.170000,14.600000,44.380001,1.800000,-0.800000,-21.200001,631.299988
2026-05-19-14-41-59,-1.150000,14.650000,44.509998,1.800000,-0.800000,-21.400000,635.500000
2026-05-19-14-41-59,-1.130000,14.700000,44.619999,1.700000,-0.800000,-21.400000,639.000000
2026-05-19-14-41-59,-1.110000,14.740000,44.720001,1.700000,-0.700000,-21.500000,642.200012
2026-05-19-14-42-00,-1.090000,14.790000,44.849998,1.700000,-0.600000,-21.600000,646.299988
2026-05-19-14-42-00,-1.070000,14.850000,45.020000,1.600000,-0.700000,-21.799999,651.200012
2026-05-19-14-42-00,-1.060000,14.890000,45.119999,1.700000,-0.700000,-21.799999,654.400024
2026-05-19-14-42-00,-1.050000,14.920000,45.209999,1.800000,-0.800000,-21.900000,657.200012
2026-05-19-14-42-01,-1.030000,14.980000,45.330002,2.000000,-0.900000,-22.100000,661.500000
2026-05-19-14-42-01,-1.010000,15.020000,45.439999,1.900000,-0.800000,-22.100000,665.000000
2026-05-19-14-42-01,-0.990000,15.060000,45.549999,1.800000,-0.600000,-22.200001,668.299988
2026-05-19-14-42-02,-0.970000,15.110000,45.680000,1.600000,-0.600000,-22.299999,672.400024
2026-05-19-14-42-02,-0.940000,15.170000,45.840000,1.800000,-0.800000,-22.400000,677.500000
2026-05-19-14-42-02,-0.920000,15.220000,45.950001,1.800000,-0.900000,-22.400000,681.299988
2026-05-19-14-42-03,-0.910000,15.250000,46.020000,1.900000,-0.900000,-22.500000,684.099976
2026-05-19-14-42-03,-0.890000,15.300000,46.139999,1.900000,-0.800000,-22.700001,688.500000
2026-05-19-14-42-03,-0.860000,15.340000,46.230000,1.800000,-0.700000,-22.700001,692.000000
2026-05-19-14-42-04,-0.840000,15.370000,46.320000,1.900000,-0.700000,-22.799999,695.299988
2026-05-19-14-42-04,-0.820000,15.420000,46.439999,1.800000,-0.700000,-22.900000,699.599976
2026-05-19-14-42-04,-0.790000,15.470000,46.580002,1.800000,-0.700000,-23.100000,704.700012
2026-05-19-14-42-05,-0.780000,15.500000,46.680000,1.800000,-0.700000,-23.200001,708.200012
2026-05-19-14-42-05,-0.760000,15.530000,46.759998,1.900000,-0.700000,-23.200001,711.200012
2026-05-19-14-42-05,-0.740000,15.580000,46.869999,2.000000,-0.800000,-23.400000,715.799988
2026-05-19-14-42-05,-0.720000,15.620000,46.980000,1.900000,-0.700000,-23.400000,719.599976
2026-05-19-14-42-06,-0.710000,15.650000,47.070000,1.800000,-0.700000,-23.500000,723.000000
2026-05-19-14-42-06,-0.690000,15.700000,47.200001,1.900000,-0.800000,-23.600000,727.400024
2026-05-19-14-42-07,-0.680000,15.750000,47.340000,1.900000,-0.700000,-23.700001,732.700012
2026-05-19-14-42-07,-0.660000,15.780000,47.430000,1.900000,-0.700000,-23.799999,736.500000
2026-05-19-14-42-07,-0.650000,15.810000,47.509998,1.900000,-0.700000,-23.900000,739.500000
2026-05-19-14-42-07,-0.640000,15.850000,47.630001,1.900000,-0.700000,-24.000000,744.099976
2026-05-19-14-42-08,-0.620000,15.880000,47.730000,1.900000,-0.700000,-24.100000,747.900024
2026-05-19-14-42-08,-0.610000,15.920000,47.820000,1.900000,-0.700000,-24.200001,751.400024
2026-05-19-14-42-08,-0.600000,15.950000,47.939999,1.900000,-0.600000,-24.299999,755.799988
2026-05-19-14-42-09,-0.580000,16.000000,48.060001,1.900000,-0.500000,-24.400000,761.200012
2026-05-19-14-42-09,-0.560000,16.030001,48.150002,2.000000,-0.600000,-24.500000,765.000000
2026-05-19-14-42-09,-0.550000,16.049999,48.220001,2.000000,-0.700000,-24.600000,768.000000
2026-05-19-14-42-09,-0.530000,16.100000,48.340000,2.000000,-0.800000,-24.700001,772.900024
2026-05-19-14-42-10,-0.520000,16.129999,48.450001,2.000000,-0.800000,-24.799999,776.799988
2026-05-19-14-42-10,-0.500000,16.150000,48.540001,2.000000,-0.700000,-24.900000,780.400024
2026-05-19-14-42-10,-0.490000,16.180000,48.639999,1.900000,-0.500000,-25.000000,785.000000
2026-05-19-14-42-11,-0.470000,16.219999,48.770000,2.000000,-0.600000,-25.100000,790.500000
2026-05-19-14-42-11,-0.460000,16.250000,48.860001,2.000000,-0.600000,-25.200001,794.500000
2026-05-19-14-42-11,-0.440000,16.270000,48.930000,2.100000,-0.800000,-25.299999,797.599976
2026-05-19-14-42-11,-0.430000,16.309999,49.040001,2.200000,-0.900000,-25.400000,802.500000
2026-05-19-14-42-12,-0.410000,16.330000,49.130001,2.100000,-0.800000,-25.500000,806.400024
2026-05-19-14-42-12,-0.400000,16.350000,49.220001,1.900000,-0.500000,-25.600000,810.000000
2026-05-19-14-42-12,-0.380000,16.370001,49.330002,1.700000,-0.200000,-25.700001,814.799988
2026-05-19-14-42-13,-0.360000,16.400000,49.459999,1.800000,-0.200000,-25.799999,820.400024
2026-05-19-14-42-13,-0.350000,16.420000,49.549999,1.900000,-0.400000,-25.799999,824.599976
2026-05-19-14-42-13,-0.330000,16.440001,49.610001,2.100000,-0.600000,-25.900000,827.700012
2026-05-19-14-42-14,-0.320000,16.459999,49.720001,2.300000,-0.900000,-26.100000,832.700012
2026-05-19-14-42-14,-0.300000,16.480000,49.810001,2.200000,-0.900000,-26.200001,836.799988
2026-05-19-14-42-14,-0.280000,16.500000,49.889999,2.100000,-0.700000,-26.299999,840.599976
2026-05-19-14-42-15,-0.260000,16.520000,50.000000,1.900000,-0.500000,-26.400000,845.500000
2026-05-19-14-42-15,-0.230000,16.549999,50.119999,1.800000,-0.400000,-26.500000,851.400024
2026-05-19-14-42-15,-0.210000,16.559999,50.220001,1.900000,-0.400000,-26.500000,855.900024
2026-05-19-14-42-15,-0.200000,16.580000,50.290001,2.000000,-0.500000,-26.600000,859.200012
2026-05-19-14-42-16,-0.180000,16.590000,50.400002,2.200000,-0.800000,-26.799999,864.200012
2026-05-19-14-42-16,-0.160000,16.610001,50.490002,2.300000,-0.800000,-26.900000,868.400024
2026-05-19-14-42-16,-0.140000,16.620001,50.580002,2.300000,-0.700000,-27.000000,872.299988
2026-05-19-14-42-17,-0.120000,16.629999,50.689999,2.100000,-0.500000,-27.100000,877.200012
2026-05-19-14-42-17,-0.090000,16.650000,50.820000,1.900000,-0.400000,-27.200001,883.000000
2026-05-19-14-42-17,-0.060000,16.670000,50.919998,1.900000,-0.500000,-27.200001,887.400024
2026-05-19-14-42-17,-0.050000,16.680000,50.990002,2.000000,-0.500000,-27.299999,890.900024
2026-05-19-14-42-18,-0.020000,16.700001,51.090000,2.200000,-0.800000,-27.400000,896.099976
2026-05-19-14-42-18,-0.010000,16.709999,51.180000,2.300000,-0.800000,-27.500000,900.299988
2026-05-19-14-42-18,0.010000,16.730000,51.250000,2.400000,-0.800000,-27.600000,904.299988
2026-05-19-14-42-19,0.040000,16.750000,51.349998,2.300000,-0.600000,-27.799999,909.299988
2026-05-19-14-42-19,0.070000,16.770000,51.480000,2.100000,-0.400000,-27.799999,915.200012
2026-05-19-14-42-19,0.080000,16.790001,51.570000,2.100000,-0.400000,-27.799999,919.799988
2026-05-19-14-42-20,0.090000,16.799999,51.650002,2.100000,-0.300000,-27.900000,923.200012
2026-05-19-14-42-20,0.110000,16.820000,51.759998,2.100000,-0.500000,-28.000000,928.599976
2026-05-19-14-42-20,0.120000,16.830000,51.849998,2.200000,-0.600000,-28.100000,932.900024
2026-05-19-14-42-21,0.130000,16.840000,51.930000,2.300000,-0.600000,-28.200001,936.900024
2026-05-19-14-42-21,0.140000,16.860001,52.029999,2.200000,-0.500000,-28.299999,942.000000
2026-05-19-14-42-21,0.160000,16.870001,52.150002,2.100000,-0.300000,-28.400000,948.200012
2026-05-19-14-42-21,0.170000,16.879999,52.230000,2.000000,-0.300000,-28.500000,952.500000
2026-05-19-14-42-22,0.190000,16.889999,52.290001,2.000000,-0.300000,-28.500000,956.000000
2026-05-19-14-42-22,0.210000,16.910000,52.400002,2.200000,-0.500000,-28.600000,961.500000
2026-05-19-14-42-22,0.220000,16.910000,52.490002,2.300000,-0.600000,-28.799999,966.099976
2026-05-19-14-42-23,0.240000,16.920000,52.570000,2.300000,-0.600000,-28.900000,970.200012
2026-05-19-14-42-23,0.260000,16.930000,52.680000,2.100000,-0.500000,-29.000000,975.400024
2026-05-19-14-42-23,0.290000,16.940001,52.820000,2.000000,-0.300000,-29.100000,981.799988
2026-05-19-14-42-24,0.310000,16.950001,52.910000,2.100000,-0.300000,-29.200001,986.500000
2026-05-19-14-42-24,0.330000,16.959999,52.990002,2.200000,-0.400000,-29.200001,990.099976
2026-05-19-14-42-24,0.340000,16.969999,53.110001,2.400000,-0.600000,-29.400000,995.700012
2026-05-19-14-42-25,0.360000,16.980000,53.209999,2.500000,-0.700000,-29.600000,1000.299988
2026-05-19-14-42-25,0.380000,16.990000,53.299999,2.600000,-0.800000,-29.700001,1004.599976
2026-05-19-14-42-25,0.400000,17.000000,53.419998,2.500000,-0.600000,-29.900000,1010.000000
2026-05-19-14-42-26,0.420000,17.010000,53.560001,2.300000,-0.500000,-30.000000,1016.400024
2026-05-19-14-42-26,0.430000,17.020000,53.669998,2.300000,-0.600000,-30.100000,1021.099976
2026-05-19-14-42-26,0.450000,17.030001,53.750000,2.500000,-0.700000,-30.200001,1024.800049
2026-05-19-14-42-26,0.460000,17.040001,53.869999,2.800000,-1.000000,-30.400000,1030.500000
2026-05-19-14-42-27,0.480000,17.049999,53.959999,3.000000,-0.900000,-30.500000,1035.199951
2026-05-19-14-42-27,0.500000,17.059999,54.060001,2.900000,-0.800000,-30.600000,1039.500000
2026-05-19-14-42-27,0.520000,17.070000,54.189999,2.700000,-0.700000,-30.700001,1045.000000
2026-05-19-14-42-28,0.530000,17.090000,54.360001,2.600000,-0.700000,-30.900000,1051.699951
2026-05-19-14-42-28,0.540000,17.100000,54.470001,2.600000,-0.800000,-31.000000,1056.500000
2026-05-19-14-42-28,0.550000,17.110001,54.560001,2.700000,-1.100000,-31.200001,1060.300049
2026-05-19-14-42-28,0.560000,17.120001,54.700001,3.200000,-1.300000,-31.500000,1066.000000
2026-05-19-14-42-29,0.580000,17.129999,54.799999,3.600000,-1.600000,-31.700001,1070.800049
2026-05-19-14-42-29,0.590000,17.129999,54.900002,3.800000,-1.700000,-31.799999,1075.199951
2026-05-19-14-42-29,0.620000,17.139999,55.029999,3.400000,-1.400000,-31.900000,1080.699951
2026-05-19-14-42-30,0.640000,17.150000,55.200001,2.800000,-1.000000,-32.000000,1087.500000
2026-05-19-14-42-30,0.650000,17.150000,55.290001,2.800000,-0.900000,-32.000000,1090.900024
2026-05-19-14-42-30,0.670000,17.160000,55.389999,2.700000,-0.600000,-32.099998,1094.900024
2026-05-19-14-42-30,0.680000,17.160000,55.490002,2.800000,-0.700000,-32.099998,1099.400024
2026-05-19-14-42-31,0.710000,17.170000,55.689999,3.200000,-1.200000,-32.200001,1107.699951
2026-05-19-14-42-31,0.720000,17.180000,55.799999,3.000000,-0.900000,-32.299999,1112.300049
2026-05-19-14-42-32,0.740000,17.190001,55.919998,2.500000,-0.100000,-32.299999,1117.900024
2026-05-19-14-42-32,0.760000,17.200001,56.049999,2.100000,0.300000,-32.400002,1124.599976
2026-05-19-14-42-32,0.770000,17.209999,56.150002,2.100000,0.200000,-32.500000,1129.400024
2026-05-19-14-42-32,0.770000,17.209999,56.230000,2.400000,-0.100000,-32.599998,1133.500000
2026-05-19-14-42-33,0.780000,17.219999,56.349998,2.800000,-0.700000,-32.799999,1139.599976
2026-05-19-14-42-33,0.790000,17.230000,56.450001,2.900000,-0.800000,-32.900002,1144.599976
2026-05-19-14-42-33,0.810000,17.230000,56.540001,2.900000,-0.700000,-33.000000,1149.099976
2026-05-19-14-42-34,0.820000,17.240000,56.669998,2.400000,-0.200000,-33.200001,1154.900024
2026-05-19-14-42-34,0.840000,17.240000,56.820000,2.100000,0.300000,-33.299999,1162.000000
2026-05-19-14-42-34,0.850000,17.250000,56.930000,2.100000,0.300000,-33.299999,1166.900024
2026-05-19-14-42-34,0.860000,17.250000,57.009998,2.200000,0.200000,-33.500000,1170.900024
2026-05-19-14-42-35,0.870000,17.250000,57.139999,2.600000,-0.500000,-33.700001,1176.900024
2026-05-19-14-42-35,0.880000,17.250000,57.240002,3.000000,-0.800000,-33.799999,1181.900024
2026-05-19-14-42-35,0.880000,17.250000,57.340000,3.100000,-0.800000,-34.000000,1186.400024
2026-05-19-14-42-36,0.890000,17.250000,57.470001,2.800000,-0.400000,-34.299999,1192.300049
2026-05-19-14-42-36,0.910000,17.250000,57.619999,2.800000,-0.300000,-34.500000,1199.400024
2026-05-19-14-42-36,0.910000,17.240000,57.740002,2.800000,-0.300000,-34.599998,1204.500000
2026-05-19-14-42-37,0.920000,17.240000,57.830002,3.000000,-0.500000,-34.700001,1208.699951
2026-05-19-14-42-37,0.930000,17.230000,57.950001,3.500000,-1.200000,-35.099998,1214.900024
2026-05-19-14-42-37,0.940000,17.230000,58.060001,4.100000,-1.600000,-35.400002,1220.099976
2026-05-19-14-42-38,0.950000,17.219999,58.150002,4.300000,-1.800000,-35.599998,1224.800049
2026-05-19-14-42-38,0.970000,17.219999,58.279999,4.300000,-1.600000,-35.900002,1230.800049
2026-05-19-14-42-38,0.990000,17.209999,58.430000,3.800000,-1.200000,-36.099998,1237.900024
2026-05-19-14-42-38,1.010000,17.209999,58.540001,3.700000,-1.000000,-36.200001,1243.400024
2026-05-19-14-42-39,1.010000,17.200001,58.630001,3.600000,-0.900000,-36.299999,1247.599976
2026-05-19-14-42-39,1.030000,17.190001,58.759998,4.100000,-1.500000,-36.599998,1254.000000
2026-05-19-14-42-39,1.040000,17.190001,58.860001,4.400000,-1.800000,-36.799999,1259.199951
2026-05-19-14-42-40,1.060000,17.180000,58.950001,4.600000,-1.900000,-37.000000,1264.000000
2026-05-19-14-42-40,1.080000,17.180000,59.070000,4.100000,-1.400000,-37.200001,1270.099976
2026-05-19-14-42-40,1.100000,17.170000,59.230000,3.600000,-0.500000,-37.400002,1277.599976
2026-05-19-14-42-41,1.120000,17.170000,59.349998,3.400000,-0.300000,-37.400002,1282.900024
2026-05-19-14-42-41,1.130000,17.160000,59.439999,3.200000,-0.100000,-37.500000,1287.099976
2026-05-19-14-42-41,1.150000,17.150000,59.570000,3.200000,-0.100000,-37.799999,1293.599976
2026-05-19-14-42-42,1.160000,17.139999,59.660000,3.300000,-0.100000,-37.900002,1298.900024
2026-05-19-14-42-42,1.180000,17.139999,59.759998,3.500000,-0.100000,-38.000000,1303.900024
2026-05-19-14-42-42,1.200000,17.129999,59.880001,3.400000,-0.100000,-38.200001,1310.199951
2026-05-19-14-42-43,1.220000,17.120001,60.029999,3.200000,0.000000,-38.299999,1317.599976
2026-05-19-14-42-43,1.240000,17.110001,60.139999,3.200000,0.000000,-38.299999,1323.300049
2026-05-19-14-42-43,1.260000,17.100000,60.230000,3.100000,0.100000,-38.500000,1327.599976
2026-05-19-14-42-43,1.280000,17.100000,60.349998,3.300000,0.100000,-38.599998,1334.199951
2026-05-19-14-42-44,1.290000,17.090000,60.459999,3.300000,0.100000,-38.700001,1339.599976
2026-05-19-14-42-44,1.310000,17.080000,60.560001,3.300000,0.000000,-38.900002,1344.699951
2026-05-19-14-42-44,1.330000,17.070000,60.689999,3.400000,-0.100000,-39.000000,1351.000000
2026-05-19-14-42-45,1.350000,17.059999,60.849998,3.500000,-0.100000,-39.200001,1358.800049
2026-05-19-14-42-45,1.360000,17.049999,60.950001,3.500000,-0.000000,-39.299999,1364.300049
2026-05-19-14-42-45,1.380000,17.049999,61.029999,3.400000,0.000000,-39.400002,1368.699951
2026-05-19-14-42-45,1.400000,17.030001,61.160000,3.300000,0.200000,-39.599998,1375.400024
2026-05-19-14-42-46,1.420000,17.030001,61.270000,3.300000,0.200000,-39.700001,1381.099976
2026-05-19-14-42-46,1.430000,17.020000,61.369999,3.400000,0.100000,-39.799999,1386.199951
2026-05-19-14-42-46,1.450000,17.010000,61.500000,3.500000,-0.100000,-40.000000,1392.599976
2026-05-19-14-42-47,1.480000,17.000000,61.660000,3.500000,-0.100000,-40.200001,1400.500000
2026-05-19-14-42-47,1.500000,17.000000,61.770000,3.500000,-0.000000,-40.200001,1406.400024
2026-05-19-14-42-47,1.520000,17.000000,61.860001,3.400000,0.100000,-40.299999,1410.800049
2026-05-19-14-42-48,1.540000,16.990000,61.990002,3.400000,0.200000,-40.400002,1417.699951
2026-05-19-14-42-48,1.560000,16.980000,62.099998,3.400000,0.200000,-40.500000,1423.199951
2026-05-19-14-42-48,1.580000,16.980000,62.200001,3.500000,0.100000,-40.700001,1428.500000
2026-05-19-14-42-49,1.610000,16.969999,62.340000,3.600000,-0.100000,-40.900002,1435.199951
2026-05-19-14-42-49,1.630000,16.969999,62.509998,3.500000,-0.100000,-41.000000,1443.300049
2026-05-19-14-42-49,1.650000,16.959999,62.630001,3.400000,-0.000000,-41.099998,1449.300049
2026-05-19-14-42-49,1.670000,16.959999,62.730000,3.400000,0.100000,-41.200001,1454.000000
2026-05-19-14-42-50,1.690000,16.940001,62.880001,3.500000,0.100000,-41.299999,1461.099976
2026-05-19-14-42-50,1.720000,16.930000,62.990002,3.500000,0.100000,-41.400002,1466.900024
2026-05-19-14-42-50,1.740000,16.930000,63.099998,3.500000,0.100000,-41.500000,1472.199951
2026-05-19-14-42-51,1.760000,16.920000,63.230000,3.500000,0.100000,-41.700001,1478.800049
2026-05-19-14-42-51,1.790000,16.910000,63.400002,3.600000,-0.000000,-41.900002,1486.800049
2026-05-19-14-42-51,1.810000,16.900000,63.520000,3.600000,-0.000000,-41.900002,1492.500000
2026-05-19-14-42-51,1.830000,16.889999,63.610001,3.600000,-0.100000,-42.000000,1497.199951
2026-05-19-14-42-52,1.860000,16.879999,63.750000,3.600000,0.100000,-42.099998,1504.199951
2026-05-19-14-42-52,1.880000,16.870001,63.869999,3.600000,0.200000,-42.200001,1510.000000
2026-05-19-14-42-52,1.900000,16.860001,63.980000,3.600000,0.200000,-42.299999,1515.400024
2026-05-19-14-42-53,1.930000,16.840000,64.110001,3.700000,0.100000,-42.400002,1522.300049
2026-05-19-14-42-53,1.960000,16.830000,64.290001,3.600000,0.100000,-42.599998,1530.599976
2026-05-19-14-42-53,1.980000,16.820000,64.410004,3.700000,0.100000,-42.700001,1536.400024
2026-05-19-14-42-54,2.000000,16.809999,64.510002,3.600000,0.000000,-42.799999,1541.199951
2026-05-19-14-42-54,2.040000,16.790001,64.660004,3.600000,0.200000,-42.900002,1548.400024
2026-05-19-14-42-54,2.060000,16.780001,64.779999,3.600000,0.200000,-43.000000,1554.400024
2026-05-19-14-42-54,2.090000,16.760000,64.900002,3.500000,0.300000,-43.099998,1560.000000
2026-05-19-14-42-55,2.120000,16.750000,65.029999,3.600000,0.300000,-43.099998,1566.800049
2026-05-19-14-42-55,2.160000,16.730000,65.199997,3.700000,0.200000,-43.299999,1575.199951
2026-05-19-14-42-55,2.180000,16.709999,65.330002,3.800000,0.000000,-43.299999,1581.199951
2026-05-19-14-42-56,2.200000,16.700001,65.419998,4.000000,-0.400000,-43.400002,1585.900024
2026-05-19-14-42-56,2.230000,16.690001,65.559998,4.500000,-1.100000,-43.599998,1593.099976
2026-05-19-14-42-56,2.260000,16.670000,65.669998,4.800000,-1.300000,-43.700001,1599.099976
2026-05-19-14-42-57,2.290000,16.660000,65.769997,4.800000,-1.400000,-43.799999,1604.599976
2026-05-19-14-42-57,2.330000,16.650000,65.910004,4.800000,-1.200000,-43.900002,1611.599976
2026-05-19-14-42-57,2.380000,16.629999,66.080002,4.500000,-1.000000,-43.900002,1620.199951
2026-05-19-14-42-58,2.420000,16.629999,66.220001,4.500000,-1.000000,-43.900002,1626.599976
2026-05-19-14-42-58,2.450000,16.620001,66.330002,4.600000,-1.200000,-44.000000,1631.599976
2026-05-19-14-42-58,2.490000,16.610001,66.500000,4.700000,-1.600000,-44.200001,1639.300049
2026-05-19-14-42-58,2.530000,16.610001,66.620003,4.700000,-1.600000,-44.299999,1645.500000
2026-05-19-14-42-59,2.560000,16.610001,66.720001,5.000000,-1.400000,-44.299999,1651.000000
2026-05-19-14-42-59,2.610000,16.600000,66.860001,4.800000,-1.200000,-44.299999,1658.199951
2026-05-19-14-43-00,2.670000,16.600000,67.029999,4.400000,-0.900000,-44.400002,1666.800049
2026-05-19-14-43-00,2.710000,16.590000,67.160004,4.300000,-0.900000,-44.400002,1673.099976
2026-05-19-14-43-00,2.750000,16.590000,67.260002,4.200000,-0.800000,-44.500000,1678.099976
2026-05-19-14-43-00,2.800000,16.590000,67.400002,4.100000,-0.700000,-44.500000,1685.500000
2026-05-19-14-43-01,2.840000,16.590000,67.519997,4.400000,-0.900000,-44.599998,1691.800049
2026-05-19-14-43-01,2.880000,16.580000,67.620003,4.200000,-0.700000,-44.599998,1697.599976
2026-05-19-14-43-01,2.930000,16.580000,67.769997,3.800000,-0.200000,-44.700001,1704.800049
2026-05-19-14-43-02,2.990000,16.570000,67.949997,3.400000,0.000000,-44.799999,1713.500000
2026-05-19-14-43-02,3.030000,16.570000,68.070000,3.500000,0.000000,-44.799999,1719.800049
2026-05-19-14-43-02,3.060000,16.559999,68.169998,3.500000,-0.100000,-44.799999,1724.800049
2026-05-19-14-43-02,3.110000,16.549999,68.330002,3.600000,-0.100000,-45.000000,1732.699951
2026-05-19-14-43-03,3.150000,16.540001,68.459999,3.600000,-0.100000,-45.200001,1739.199951
2026-05-19-14-43-03,3.190000,16.530001,68.570000,3.700000,-0.100000,-45.299999,1745.000000
2026-05-19-14-43-03,3.240000,16.520000,68.730003,3.600000,0.100000,-45.400002,1752.400024
2026-05-19-14-43-04,3.310000,16.510000,68.910004,3.400000,0.200000,-45.500000,1761.400024
2026-05-19-14-43-04,3.360000,16.500000,69.050003,3.400000,0.200000,-45.500000,1768.300049
2026-05-19-14-43-04,3.400000,16.490000,69.150002,3.500000,0.200000,-45.599998,1773.400024
2026-05-19-14-43-05,3.460000,16.480000,69.320000,3.500000,0.100000,-45.799999,1781.300049
2026-05-19-14-43-05,3.510000,16.469999,69.459999,3.500000,0.000000,-46.000000,1787.900024
2026-05-19-14-43-05,3.550000,16.459999,69.589996,3.500000,0.100000,-46.099998,1793.800049
2026-05-19-14-43-06,3.610000,16.450001,69.739998,3.500000,0.100000,-46.299999,1801.300049
2026-05-19-14-43-06,3.690000,16.440001,69.940002,3.600000,0.300000,-46.400002,1810.300049
2026-05-19-14-43-06,3.730000,16.430000,70.050003,3.600000,0.200000,-46.400002,1815.099976
2026-05-19-14-43-06,3.780000,16.430000,70.160004,3.500000,0.200000,-46.500000,1820.300049
2026-05-19-14-43-07,3.830000,16.420000,70.290001,3.500000,0.100000,-46.700001,1826.199951
2026-05-19-14-43-07,3.930000,16.420000,70.529999,3.600000,0.000000,-47.000000,1837.300049
2026-05-19-14-43-07,3.990000,16.410000,70.660004,3.700000,0.100000,-47.099998,1843.500000
2026-05-19-14-43-08,4.060000,16.400000,70.809998,3.600000,0.300000,-47.200001,1851.099976
2026-05-19-14-43-08,4.150000,16.389999,71.010002,3.500000,0.300000,-47.400002,1860.400024
2026-05-19-14-43-08,4.210000,16.379999,71.160004,3.500000,0.300000,-47.500000,1867.199951
2026-05-19-14-43-08,4.260000,16.379999,71.269997,3.500000,0.100000,-47.599998,1872.500000
2026-05-19-14-43-09,4.330000,16.370001,71.430000,3.800000,0.000000,-47.799999,1880.500000
2026-05-19-14-43-09,4.400000,16.350000,71.559998,3.900000,0.000000,-47.900002,1887.199951
2026-05-19-14-43-09,4.450000,16.340000,71.680000,3.900000,0.100000,-48.000000,1893.300049
2026-05-19-14-43-10,4.530000,16.330000,71.830002,3.800000,0.200000,-48.200001,1901.000000
2026-05-19-14-43-10,4.610000,16.309999,72.019997,3.700000,0.000000,-48.400002,1910.300049
2026-05-19-14-43-10,4.670000,16.299999,72.169998,3.700000,-0.100000,-48.500000,1917.800049
2026-05-19-14-43-11,4.710000,16.290001,72.269997,3.800000,-0.100000,-48.599998,1923.000000
2026-05-19-14-43-11,4.780000,16.270000,72.410004,4.200000,-0.300000,-48.900002,1931.199951
2026-05-19-14-43-11,4.840000,16.260000,72.540001,4.300000,-0.300000,-49.000000,1937.800049
2026-05-19-14-43-11,4.890000,16.240000,72.660004,4.200000,-0.300000,-49.099998,1944.099976
2026-05-19-14-43-12,4.960000,16.219999,72.809998,3.800000,0.100000,-49.200001,1952.199951
2026-05-19-14-43-12,5.040000,16.200001,72.989998,3.800000,0.100000,-49.400002,1961.699951
2026-05-19-14-43-12,5.110000,16.180000,73.129997,3.900000,-0.000000,-49.500000,1969.000000
2026-05-19-14-43-13,5.150000,16.170000,73.230003,4.100000,-0.400000,-49.599998,1974.400024
2026-05-19-14-43-13,5.220000,16.139999,73.400002,4.400000,-0.700000,-49.900002,1983.000000
2026-05-19-14-43-13,5.280000,16.120001,73.519997,4.300000,-0.400000,-50.000000,1989.800049
2026-05-19-14-43-14,5.340000,16.090000,73.639999,4.100000,-0.200000,-50.099998,1996.300049
2026-05-19-14-43-14,5.420000,16.059999,73.779999,3.900000,0.100000,-50.299999,2004.199951
2026-05-19-14-43-14,5.500000,16.020000,73.959999,4.000000,-0.100000,-50.400002,2013.900024
2026-05-19-14-43-15,5.570000,16.000000,74.080002,4.100000,-0.200000,-50.500000,2020.800049
2026-05-19-14-43-15,5.620000,15.980000,74.180000,4.300000,-0.400000,-50.599998,2026.199951
2026-05-19-14-43-15,5.690000,15.940000,74.320000,4.500000,-0.400000,-50.799999,2034.599976
2026-05-19-14-43-15,5.760000,15.910000,74.449997,4.300000,-0.300000,-50.900002,2041.599976
2026-05-19-14-43-16,5.820000,15.880000,74.580002,4.100000,-0.100000,-51.000000,2048.000000
2026-05-19-14-43-16,5.890000,15.850000,74.730003,4.000000,-0.000000,-51.200001,2056.199951
2026-05-19-14-43-17,5.980000,15.800000,74.910004,4.300000,-0.300000,-51.299999,2066.100098
2026-05-19-14-43-17,6.050000,15.770000,75.040001,4.300000,-0.300000,-51.400002,2073.399902
2026-05-19-14-43-17,6.100000,15.740000,75.139999,4.400000,-0.400000,-51.500000,2078.800049
2026-05-19-14-43-17,6.180000,15.700000,75.290001,4.400000,-0.200000,-51.700001,2087.399902
2026-05-19-14-43-18,6.240000,15.670000,75.419998,4.300000,0.000000,-51.799999,2094.399902
2026-05-19-14-43-18,6.310000,15.640000,75.540001,4.200000,0.100000,-51.900002,2101.000000
2026-05-19-14-43-18,6.380000,15.600000,75.690002,4.300000,-0.200000,-52.099998,2109.300049
2026-05-19-14-43-19,6.470000,15.540000,75.860001,4.400000,-0.300000,-52.299999,2119.300049
2026-05-19-14-43-19,6.540000,15.500000,75.980003,4.300000,-0.200000,-52.299999,2126.699951
2026-05-19-14-43-19,6.590000,15.460000,76.080002,4.300000,-0.100000,-52.400002,2132.399902
2026-05-19-14-43-19,6.670000,15.410000,76.239998,4.200000,0.000000,-52.500000,2141.399902
2026-05-19-14-43-20,6.740000,15.360000,76.360001,4.200000,-0.100000,-52.700001,2148.699951
2026-05-19-14-43-20,6.800000,15.320000,76.480003,4.400000,-0.200000,-52.799999,2155.300049
2026-05-19-14-43-20,6.880000,15.260000,76.629997,4.500000,-0.200000,-53.000000,2163.699951
2026-05-19-14-43-21,6.980000,15.210000,76.820000,4.500000,-0.000000,-53.200001,2173.800049
2026-05-19-14-43-21,7.060000,15.170000,76.970001,4.500000,0.000000,-53.200001,2181.800049
2026-05-19-14-43-21,7.130000,15.140000,77.080002,4.400000,0.100000,-53.299999,2187.600098
2026-05-19-14-43-22,7.220000,15.090000,77.239998,4.400000,0.100000,-53.500000,2196.500000
2026-05-19-14-43-22,7.300000,15.060000,77.389999,4.400000,-0.000000,-53.599998,2203.800049
2026-05-19-14-43-22,7.380000,15.030000,77.519997,4.300000,-0.100000,-53.700001,2210.500000
2026-05-19-14-43-23,7.470000,14.990000,77.699997,4.300000,-0.100000,-53.900002,2219.000000
2026-05-19-14-43-23,7.580000,14.930000,77.900002,4.400000,-0.100000,-54.000000,2229.199951
2026-05-19-14-43-23,7.660000,14.890000,78.059998,4.400000,-0.000000,-54.099998,2237.199951
2026-05-19-14-43-23,7.720000,14.860000,78.169998,4.400000,0.100000,-54.200001,2243.199951
2026-05-19-14-43-24,7.820000,14.820000,78.339996,4.600000,0.000000,-54.400002,2252.399902
2026-05-19-14-43-24,7.900000,14.780000,78.489998,4.600000,-0.000000,-54.599998,2259.899902
2026-05-19-14-43-24,7.970000,14.740000,78.629997,4.500000,-0.100000,-54.700001,2266.699951
2026-05-19-14-43-25,8.060000,14.700000,78.800003,4.600000,-0.300000,-54.900002,2275.300049
2026-05-19-14-43-25,8.170000,14.640000,79.000000,4.800000,-0.200000,-55.000000,2285.699951
2026-05-19-14-43-25,8.250000,14.600000,79.129997,4.800000,-0.200000,-55.099998,2293.100098
2026-05-19-14-43-25,8.320000,14.570000,79.239998,4.800000,-0.100000,-55.200001,2298.899902
2026-05-19-14-43-26,8.420000,14.510000,79.410004,4.700000,-0.100000,-55.299999,2308.000000
2026-05-19-14-43-26,8.500000,14.480000,79.559998,4.800000,-0.300000,-55.500000,2315.500000
2026-05-19-14-43-26,8.570000,14.440000,79.690002,4.800000,-0.400000,-55.599998,2322.399902
2026-05-19-14-43-27,8.660000,14.390000,79.860001,4.800000,-0.400000,-55.799999,2331.100098
2026-05-19-14-43-27,8.770000,14.330000,80.070000,4.900000,-0.300000,-55.900002,2341.800049
2026-05-19-14-43-27,8.860000,14.290000,80.209999,4.900000,-0.300000,-56.000000,2349.600098
2026-05-19-14-43-28,8.920000,14.260000,80.330002,4.900000,-0.300000,-56.099998,2355.500000
2026-05-19-14-43-28,9.020000,14.220000,80.510002,4.800000,-0.100000,-56.200001,2364.800049
2026-05-19-14-43-28,9.110000,14.190000,80.669998,4.800000,-0.100000,-56.299999,2372.399902
2026-05-19-14-43-29,9.190000,14.160000,80.820000,4.800000,-0.100000,-56.400002,2379.500000
2026-05-19-14-43-29,9.290000,14.120000,81.000000,4.900000,-0.200000,-56.599998,2388.399902
2026-05-19-14-43-29,9.420000,14.070000,81.220001,4.900000,-0.100000,-56.700001,2399.199951
2026-05-19-14-43-29,9.510000,14.040000,81.379997,4.900000,-0.100000,-56.700001,2406.899902
2026-05-19-14-43-30,9.580000,14.020000,81.510002,4.800000,-0.000000,-56.799999,2412.899902
2026-05-19-14-43-30,9.700000,13.980000,81.699997,4.800000,-0.000000,-57.000000,2422.300049
2026-05-19-14-43-30,9.790000,13.940000,81.870003,4.800000,0.000000,-57.099998,2430.399902
2026-05-19-14-43-31,9.880000,13.910000,82.019997,4.900000,-0.000000,-57.200001,2437.600098
2026-05-19-14-43-31,9.990000,13.880000,82.209999,5.000000,-0.100000,-57.299999,2446.500000
2026-05-19-14-43-32,10.120000,13.830000,82.430000,4.900000,-0.000000,-57.500000,2457.199951
2026-05-19-14-43-32,10.210000,13.800000,82.599998,4.900000,-0.000000,-57.500000,2465.000000
2026-05-19-14-43-32,10.290000,13.770000,82.730003,4.800000,0.100000,-57.599998,2471.199951
2026-05-19-14-43-32,10.410000,13.730000,82.940002,4.600000,0.100000,-57.700001,2480.600098
2026-05-19-14-43-33,10.510000,13.700000,83.110001,4.700000,0.200000,-57.799999,2488.600098
2026-05-19-14-43-33,10.600000,13.670000,83.269997,4.700000,0.100000,-57.900002,2495.899902
2026-05-19-14-43-33,10.710000,13.630000,83.480003,4.900000,0.000000,-58.099998,2505.000000
2026-05-19-14-43-34,10.860000,13.590000,83.720001,4.800000,0.100000,-58.200001,2516.199951
2026-05-19-14-43-34,10.960000,13.550000,83.900002,4.800000,0.200000,-58.299999,2524.300049
2026-05-19-14-43-34,11.040000,13.530000,84.040001,4.600000,0.400000,-58.299999,2530.500000
2026-05-19-14-43-34,11.160000,13.490000,84.239998,4.600000,0.500000,-58.400002,2540.000000
2026-05-19-14-43-35,11.260000,13.460000,84.410004,4.700000,0.400000,-58.500000,2548.000000
2026-05-19-14-43-35,11.350000,13.420000,84.570000,4.700000,0.200000,-58.700001,2555.300049
2026-05-19-14-43-35,11.470000,13.350000,84.750000,4.800000,0.100000,-58.799999,2564.300049
2026-05-19-14-43-36,11.610000,13.270000,84.980003,4.800000,0.100000,-59.000000,2575.500000
2026-05-19-14-43-36,11.720000,13.210000,85.150002,4.800000,0.100000,-59.000000,2584.100098
2026-05-19-14-43-36,11.800000,13.170000,85.279999,4.800000,0.200000,-59.099998,2590.300049
2026-05-19-14-43-36,11.920000,13.090000,85.470001,4.800000,0.300000,-59.200001,2600.000000
2026-05-19-14-43-37,12.020000,13.030000,85.629997,4.800000,0.400000,-59.299999,2607.699951
2026-05-19-14-43-37,12.120000,12.970000,85.769997,4.800000,0.300000,-59.400002,2615.199951
2026-05-19-14-43-37,12.250000,12.900000,85.949997,5.000000,0.200000,-59.599998,2624.600098
2026-05-19-14-43-38,12.400000,12.810000,86.150002,4.900000,0.200000,-59.700001,2635.899902
2026-05-19-14-43-38,12.520000,12.750000,86.300003,4.800000,0.300000,-59.700001,2644.100098
2026-05-19-14-43-38,12.610000,12.700000,86.410004,4.600000,0.400000,-59.799999,2650.300049
2026-05-19-14-43-39,12.740000,12.620000,86.589996,4.600000,0.400000,-59.900002,2660.199951
2026-05-19-14-43-39,12.850000,12.560000,86.720001,4.800000,0.300000,-60.000000,2668.300049
2026-05-19-14-43-39,12.950000,12.500000,86.849998,5.000000,0.200000,-60.099998,2675.800049
2026-05-19-14-43-40,13.080000,12.420000,87.010002,5.100000,0.000000,-60.299999,2685.100098
2026-05-19-14-43-40,13.240000,12.330000,87.230003,4.800000,0.100000,-60.500000,2696.600098
2026-05-19-14-43-40,13.350000,12.270000,87.379997,4.700000,0.200000,-60.500000,2704.100098
2026-05-19-14-43-40,13.440000,12.220000,87.510002,4.600000,0.400000,-60.500000,2710.600098
2026-05-19-14-43-41,13.580000,12.150000,87.699997,4.700000,0.500000,-60.500000,2720.800049
2026-05-19-14-43-41,13.690000,12.090000,87.860001,5.000000,0.400000,-60.599998,2729.100098
2026-05-19-14-43-41,13.800000,12.050000,88.010002,5.100000,0.200000,-60.799999,2736.600098
2026-05-19-14-43-42,13.930000,11.990000,88.220001,5.000000,-0.100000,-61.000000,2746.199951
2026-05-19-14-43-42,14.100000,11.910000,88.470001,4.900000,0.100000,-61.000000,2757.800049
2026-05-19-14-43-42,14.220000,11.850000,88.650002,4.800000,0.200000,-61.000000,2766.300049
2026-05-19-14-43-42,14.310000,11.800000,88.790001,4.700000,0.400000,-61.000000,2773.000000
2026-05-19-14-43-43,14.460000,11.730000,88.989998,4.600000,0.600000,-61.099998,2783.399902
2026-05-19-14-43-43,14.570000,11.680000,89.160004,4.700000,0.500000,-61.099998,2791.600098
2026-05-19-14-43-43,14.670000,11.630000,89.320000,5.000000,0.200000,-61.299999,2799.199951
2026-05-19-14-43-44,14.800000,11.560000,89.519997,5.200000,-0.000000,-61.500000,2809.000000
2026-05-19-14-43-44,14.950000,11.480000,89.769997,5.300000,-0.300000,-61.700001,2820.600098
2026-05-19-14-43-44,15.060000,11.410000,89.940002,5.200000,-0.200000,-61.700001,2829.100098
2026-05-19-14-43-45,15.150000,11.360000,90.080002,5.100000,-0.000000,-61.799999,2835.800049
2026-05-19-14-43-45,15.300000,11.280000,90.300003,5.100000,0.100000,-61.799999,2846.399902
2026-05-19-14-43-45,15.410000,11.210000,90.480003,5.200000,0.000000,-61.900002,2855.000000
2026-05-19-14-43-45,15.510000,11.150000,90.650002,5.200000,-0.100000,-61.900002,2862.699951
2026-05-19-14-43-46,15.640000,11.080000,90.849998,5.300000,-0.200000,-62.099998,2872.399902
2026-05-19-14-43-46,15.800000,10.990000,91.110001,5.400000,-0.300000,-62.200001,2884.300049
2026-05-19-14-43-46,15.910000,10.930000,91.290001,5.400000,-0.300000,-62.200001,2892.600098
2026-05-19-14-43-47,16.000000,10.880000,91.430000,5.400000,-0.400000,-62.200001,2899.100098
2026-05-19-14-43-47,16.150000,10.800000,91.650002,5.500000,-0.600000,-62.299999,2909.699951
2026-05-19-14-43-47,16.270000,10.730000,91.830002,5.500000,-0.500000,-62.400002,2918.300049
2026-05-19-14-43-48,16.389999,10.670000,91.989998,5.400000,-0.300000,-62.400002,2926.199951
2026-05-19-14-43-48,16.520000,10.590000,92.199997,5.300000,-0.200000,-62.400002,2935.899902
2026-05-19-14-43-48,16.690001,10.490000,92.459999,5.300000,-0.300000,-62.400002,2947.899902
2026-05-19-14-43-49,16.809999,10.420000,92.660004,5.300000,-0.300000,-62.400002,2956.899902
2026-05-19-14-43-49,16.889999,10.370000,92.800003,5.400000,-0.500000,-62.500000,2963.500000
2026-05-19-14-43-49,17.040001,10.280000,93.010002,5.700000,-0.700000,-62.500000,2974.100098
2026-05-19-14-43-49,17.160000,10.210000,93.169998,5.800000,-0.600000,-62.500000,2982.500000
2026-05-19-14-43-50,17.270000,10.140000,93.330002,5.700000,-0.400000,-62.500000,2990.399902
2026-05-19-14-43-50,17.410000,10.060000,93.550003,5.400000,-0.300000,-62.500000,3000.300049
2026-05-19-14-43-51,17.580000,9.960000,93.809998,5.300000,-0.500000,-62.599998,3012.500000
2026-05-19-14-43-51,17.700001,9.880000,94.000000,5.400000,-0.500000,-62.599998,3021.600098
2026-05-19-14-43-51,17.799999,9.830000,94.150002,5.500000,-0.700000,-62.599998,3028.600098
2026-05-19-14-43-51,17.950001,9.740000,94.360001,5.800000,-0.700000,-62.599998,3039.199951
2026-05-19-14-43-52,18.070000,9.660000,94.550003,5.800000,-0.700000,-62.500000,3048.000000
2026-05-19-14-43-52,18.180000,9.590000,94.730003,5.800000,-0.600000,-62.500000,3056.000000
2026-05-19-14-43-52,18.320000,9.500000,94.959999,5.400000,-0.500000,-62.500000,3066.000000
2026-05-19-14-43-53,18.490000,9.410000,95.230003,5.400000,-0.500000,-62.500000,3078.300049
2026-05-19-14-43-53,18.620001,9.340000,95.410004,5.400000,-0.600000,-62.500000,3086.899902
2026-05-19-14-43-53,18.719999,9.280000,95.550003,5.600000,-0.700000,-62.500000,3093.899902
2026-05-19-14-43-53,18.870001,9.200000,95.769997,5.900000,-1.000000,-62.500000,3105.000000
2026-05-19-14-43-54,19.000000,9.110000,95.949997,5.800000,-0.900000,-62.400002,3114.000000
2026-05-19-14-43-54,19.120001,9.040000,96.110001,5.700000,-0.700000,-62.400002,3122.300049
2026-05-19-14-43-54,19.270000,8.950000,96.309998,5.600000,-0.400000,-62.299999,3132.500000
2026-05-19-14-43-55,19.459999,8.840000,96.570000,5.700000,-0.600000,-62.299999,3145.100098
2026-05-19-14-43-55,19.610001,8.750000,96.760002,5.700000,-0.700000,-62.299999,3154.899902
2026-05-19-14-43-55,19.719999,8.690000,96.900002,5.800000,-0.900000,-62.200001,3162.000000
2026-05-19-14-43-56,19.889999,8.590000,97.120003,5.800000,-0.900000,-62.200001,3173.199951
2026-05-19-14-43-56,20.030001,8.500000,97.290001,5.700000,-0.700000,-62.200001,3182.100098
2026-05-19-14-43-56,20.150000,8.420000,97.449997,5.600000,-0.600000,-62.200001,3190.300049
2026-05-19-14-43-57,20.309999,8.330000,97.650002,5.500000,-0.600000,-62.099998,3200.899902
2026-05-19-14-43-57,20.490000,8.220000,97.900002,5.600000,-0.800000,-62.099998,3213.399902
2026-05-19-14-43-57,20.629999,8.140000,98.059998,5.700000,-0.900000,-62.099998,3222.399902
2026-05-19-14-43-57,20.740000,8.080000,98.190002,5.800000,-1.000000,-62.099998,3229.399902
2026-05-19-14-43-58,20.910000,7.960000,98.389999,5.800000,-0.700000,-62.000000,3240.699951
2026-05-19-14-43-58,21.059999,7.870000,98.550003,15.300000,-0.500000,-61.700001,3249.800049
2026-05-19-14-43-58,21.200001,7.790000,98.690002,20.100000,-0.500000,-61.599998,3258.199951
2026-05-19-14-43-59,21.350000,7.680000,98.889999,8.300000,-0.500000,-61.400002,3268.800049
2026-05-19-14-43-59,21.559999,7.540000,99.110001,5.600000,-1.000000,-61.200001,3281.600098
2026-05-19-14-43-59,21.750000,7.460000,99.250000,5.700000,-1.000000,-61.200001,3290.800049
2026-05-19-14-43-59,21.900000,7.390000,99.360001,5.900000,-1.100000,-61.200001,3297.899902
2026-05-19-14-44-00,22.150000,7.280000,99.550003,5.900000,-1.000000,-61.099998,3309.399902
2026-05-19-14-44-00,22.360001,7.190000,99.709999,5.600000,-0.800000,-61.000000,3318.699951
2026-05-19-14-44-00,22.549999,7.110000,99.870003,5.400000,-0.700000,-61.000000,3327.300049
2026-05-19-14-44-01,22.790001,7.010000,100.050003,5.200000,-0.700000,-60.900002,3337.699951
2026-05-19-14-44-01,23.150000,6.880000,100.379997,5.500000,-0.900000,-60.900002,3350.500000
2026-05-19-14-44-01,23.420000,6.780000,100.639999,5.600000,-0.900000,-60.900002,3360.100098
2026-05-19-14-44-01,23.639999,6.700000,100.839996,5.800000,-1.000000,-60.900002,3367.600098
2026-05-19-14-44-02,23.969999,6.580000,101.150002,5.800000,-1.000000,-60.900002,3379.300049
2026-05-19-14-44-02,24.240000,6.480000,101.410004,5.700000,-0.900000,-60.799999,3388.500000
2026-05-19-14-44-02,24.500000,6.390000,101.660004,5.600000,-0.800000,-60.700001,3397.300049
2026-05-19-14-44-03,24.809999,6.270000,101.959999,5.600000,-0.800000,-60.599998,3408.199951
2026-05-19-14-44-03,25.200001,6.140000,102.320000,5.600000,-1.000000,-60.599998,3421.300049
2026-05-19-14-44-03,25.469999,6.040000,102.580002,5.700000,-1.000000,-60.599998,3430.899902
2026-05-19-14-44-04,25.680000,5.960000,102.779999,5.700000,-1.000000,-60.500000,3438.199951
2026-05-19-14-44-04,26.010000,5.840000,103.110001,5.600000,-0.800000,-60.500000,3449.899902
2026-05-19-14-44-04,26.280001,5.740000,103.379997,5.500000,-0.800000,-60.400002,3459.300049
2026-05-19-14-44-05,26.530001,5.660000,103.629997,5.500000,-0.700000,-60.400002,3468.000000
2026-05-19-14-44-05,26.840000,5.550000,103.949997,5.500000,-0.800000,-60.299999,3478.899902
2026-05-19-14-44-05,27.219999,5.410000,104.320000,5.600000,-0.900000,-60.299999,3492.300049
2026-05-19-14-44-06,27.510000,5.310000,104.610001,5.600000,-0.900000,-60.299999,3502.600098
2026-05-19-14-44-06,27.740000,5.220000,104.820000,5.600000,-0.800000,-60.299999,3510.199951
2026-05-19-14-44-06,28.059999,5.080000,105.129997,6.300000,-0.800000,-55.799999,3521.699951
2026-05-19-14-44-06,28.299999,4.930000,105.389999,3.700000,-0.700000,-55.099998,3531.199951
2026-05-19-14-44-07,28.549999,4.790000,105.599998,3.000000,-4.200000,-57.799999,3539.899902
2026-05-19-14-44-07,28.809999,4.580000,105.830002,3.400000,-1.500000,-58.099998,3551.000000
2026-05-19-14-44-08,29.059999,4.330000,106.139999,4.300000,1.000000,-60.799999,3564.500000
2026-05-19-14-44-08,29.260000,4.160000,106.339996,3.200000,3.000000,-62.099998,3573.300049
2026-05-19-14-44-08,29.450001,4.020000,106.559998,1.100000,4.700000,-67.400002,3580.800049
2026-05-19-14-44-08,29.690001,3.860000,106.870003,4.600000,1.000000,-71.699997,3592.600098
2026-05-19-14-44-09,29.870001,3.770000,107.120003,7.800000,0.000000,-70.199997,3602.100098
2026-05-19-14-44-09,30.030001,3.700000,107.309998,6.000000,1.600000,-69.000000,3611.100098
2026-05-19-14-44-09,30.240000,3.570000,107.480003,4.300000,4.900000,-83.500000,3622.300049
2026-05-19-14-44-10,30.450001,3.370000,107.669998,-10.100000,15.200000,-107.300003,3635.699951
2026-05-19-14-44-10,30.629999,3.280000,107.889999,-11.100000,15.700000,-111.300003,3646.500000
2026-05-19-14-44-10,30.750000,3.280000,108.080002,-9.300000,14.000000,-111.800003,3654.000000
2026-05-19-14-44-10,30.969999,3.360000,108.389999,-3.700000,5.300000,-98.500000,3665.600098
2026-05-19-14-44-11,31.110001,3.400000,108.589996,-6.400000,3.200000,-90.300003,3675.300049
2026-05-19-14-44-11,31.190001,3.390000,108.750000,-8.900000,6.100000,-91.099998,3684.199951
2026-05-19-14-44-11,31.309999,3.340000,108.930000,-3.800000,8.600000,-95.500000,3695.699951
2026-05-19-14-44-12,31.440001,3.370000,109.199997,-1.700000,11.500000,-99.599998,3709.300049
2026-05-19-14-44-12,31.520000,3.390000,109.459999,-2.000000,12.000000,-99.699997,3719.399902
2026-05-19-14-44-12,31.549999,3.390000,109.669998,-2.800000,12.200000,-95.800003,3726.899902
2026-05-19-14-44-12,31.510000,3.330000,110.059998,-2.800000,13.500000,-84.000000,3738.899902
2026-05-19-14-44-13,31.490000,3.320000,110.330002,-1.100000,3.900000,-85.500000,3748.699951
2026-05-19-14-44-13,31.559999,3.360000,110.610001,-1.800000,7.100000,-93.900002,3757.500000
2026-05-19-14-44-13,31.650000,3.450000,110.959999,-5.800000,2.000000,-95.400002,3768.899902
2026-05-19-14-44-14,31.700001,3.500000,111.330002,-4.200000,-4.700000,-84.000000,3782.699951
2026-05-19-14-44-14,31.770000,3.550000,111.599998,-4.400000,-3.500000,-83.599998,3792.300049
2026-05-19-14-44-14,31.830000,3.600000,111.889999,-3.900000,2.400000,-86.400002,3799.800049
2026-05-19-14-44-15,31.950001,3.730000,112.349998,-3.100000,1.200000,-86.599998,3811.899902
2026-05-19-14-44-15,32.080002,3.830000,112.750000,-2.400000,4.900000,-87.699997,3821.899902
2026-05-19-14-44-15,32.200001,3.930000,113.110001,-2.000000,6.300000,-86.300003,3831.000000
2026-05-19-14-44-16,32.310001,4.050000,113.550003,-4.900000,2.500000,-75.400002,3842.399902
2026-05-19-14-44-16,32.470001,4.210000,114.099998,-5.500000,1.500000,-70.099998,3856.300049
2026-05-19-14-44-16,32.630001,4.340000,114.510002,-4.700000,1.300000,-68.699997,3866.300049
2026-05-19-14-44-16,32.759998,4.440000,114.849998,-3.200000,-3.400000,-64.699997,3874.199951
2026-05-19-14-44-17,32.980000,4.580000,115.349998,-4.200000,-1.800000,-46.200001,3886.199951
2026-05-19-14-44-17,33.169998,4.680000,115.779999,-2.500000,3.900000,-35.700001,3896.199951
2026-05-19-14-44-17,33.340000,4.760000,116.180000,-4.600000,-3.900000,-21.299999,3905.699951
2026-05-19-14-44-18,33.630001,4.840000,116.669998,1.100000,6.200000,-4.600000,3917.300049
2026-05-19-14-44-18,34.110001,4.880000,117.309998,-4.300000,-0.500000,6.400000,3931.399902
2026-05-19-14-44-18,34.590000,4.950000,117.839996,-2.900000,-0.700000,6.200000,3942.399902
2026-05-19-14-44-18,35.020000,4.990000,118.230003,-1.300000,-2.600000,7.000000,3950.500000
2026-05-19-14-44-19,35.730000,5.070000,118.830002,1.600000,-3.000000,10.100000,3962.899902
2026-05-19-14-44-19,36.369999,5.150000,119.320000,0.500000,-4.800000,15.000000,3973.000000
2026-05-19-14-44-19,36.980000,5.240000,119.769997,0.600000,-7.700000,14.500000,3982.100098
2026-05-19-14-44-20,37.860001,5.400000,120.370003,-1.700000,-9.000000,10.300000,3994.000000
2026-05-19-14-44-20,38.980000,5.580000,121.089996,-0.300000,-5.800000,11.100000,4008.300049
2026-05-19-14-44-20,39.840000,5.720000,121.620003,-0.400000,-5.800000,11.100000,4018.699951
2026-05-19-14-44-21,40.529999,5.830000,122.029999,-0.700000,-6.600000,10.800000,4026.800049
2026-05-19-14-44-21,41.610001,6.010000,122.669998,-2.400000,-6.600000,10.000000,4039.100098
2026-05-19-14-44-21,42.529999,6.170000,123.209999,-2.500000,-7.100000,8.000000,4049.300049
2026-05-19-14-44-22,43.369999,6.320000,123.699997,-2.000000,-6.000000,6.000000,4058.500000
2026-05-19-14-44-22,44.470001,6.510000,124.309998,-3.600000,-9.200000,1.500000,4070.399902
2026-05-19-14-44-22,45.830002,6.710000,125.080002,0.400000,-11.000000,-8.000000,4084.899902
2026-05-19-14-44-22,46.810001,6.860000,125.650002,0.300000,-12.200000,-9.400000,4095.500000
2026-05-19-14-44-23,47.560001,6.980000,126.070000,-3.800000,-14.200000,-10.000000,4103.399902
2026-05-19-14-44-23,48.790001,7.170000,126.750000,-5.200000,-11.900000,-30.299999,4116.100098
2026-05-19-14-44-23,49.759998,7.270000,127.339996,-2.200000,-10.100000,-35.000000,4126.299805
2026-05-19-14-44-24,50.560001,7.360000,127.860001,-0.700000,-8.900000,-25.700001,4135.700195
2026-05-19-14-44-24,51.509998,7.500000,128.509995,-2.100000,-10.500000,-8.800000,4147.700195
2026-05-19-14-44-24,52.720001,7.670000,129.320007,-1.300000,-6.400000,5.400000,4162.100098
2026-05-19-14-44-25,53.630001,7.780000,129.910004,-1.200000,-7.100000,5.800000,4172.200195
2026-05-19-14-44-25,54.410000,7.890000,130.380005,-3.200000,-10.400000,6.800000,4180.600098
2026-05-19-14-44-25,55.590000,8.080000,131.130005,-5.100000,-13.100000,3.600000,4193.500000
2026-05-19-14-44-25,56.560001,8.250000,131.750000,-6.100000,-13.900000,1.800000,4204.100098
2026-05-19-14-44-26,57.439999,8.380000,132.320007,-6.900000,-13.200000,0.800000,4213.700195
2026-05-19-14-44-26,58.549999,8.540000,133.059998,-5.800000,-13.200000,3.800000,4226.000000
2026-05-19-14-44-27,59.860001,8.730000,133.970001,-3.700000,-11.400000,6.400000,4240.500000
2026-05-19-14-44-27,60.860001,8.900000,134.669998,-4.100000,-11.800000,7.300000,4251.799805
2026-05-19-14-44-27,61.590000,9.020000,135.169998,-5.900000,-11.500000,8.100000,4259.899902
2026-05-19-14-44-27,62.730000,9.220000,135.990005,-5.600000,-8.000000,5.300000,4272.700195
2026-05-19-14-44-28,63.669998,9.370000,136.660004,-5.100000,-7.800000,8.200000,4283.200195
2026-05-19-14-44-28,64.559998,9.520000,137.300003,-4.400000,-6.700000,7.700000,4293.000000
2026-05-19-14-44-28,65.650002,9.700000,138.100006,-4.500000,-6.900000,10.600000,4305.100098
2026-05-19-14-44-29,67.000000,9.930000,139.100006,-2.600000,-7.900000,12.700000,4320.100098
2026-05-19-14-44-29,67.949997,10.080000,139.789993,-2.600000,-8.800000,12.600000,4330.500000
2026-05-19-14-44-29,68.699997,10.220000,140.350006,-2.500000,-10.000000,11.000000,4338.899902
2026-05-19-14-44-29,69.879997,10.430000,141.240005,-0.400000,-14.100000,6.900000,4352.200195
2026-05-19-14-44-30,70.830002,10.580000,141.970001,4.800000,-16.000000,2.500000,4363.000000
2026-05-19-14-44-30,71.720001,10.720000,142.660004,3.700000,-13.500000,8.700000,4373.000000
2026-05-19-14-44-30,72.830002,10.970000,143.449997,-3.900000,-10.500000,1.200000,4385.200195
2026-05-19-14-44-31,74.269997,11.300000,144.500000,-4.300000,-2.900000,-19.200001,4400.299805
2026-05-19-14-44-31,75.389999,11.470000,145.350006,-1.600000,-4.100000,-26.299999,4411.700195
2026-05-19-14-44-31,76.160004,11.550000,146.000000,3.400000,-7.600000,-34.299999,4420.100098
2026-05-19-14-44-32,77.250000,11.590000,147.100006,6.700000,-6.900000,-32.700001,4433.200195
2026-05-19-14-44-32,78.059998,11.660000,148.029999,5.800000,-3.700000,-26.100000,4443.899902
2026-05-19-14-44-32,78.779999,11.800000,148.839996,7.500000,-7.300000,-22.000000,4453.700195
2026-05-19-14-44-33,79.699997,12.030000,149.800003,4.300000,-6.000000,-16.600000,4466.399902
2026-05-19-14-44-33,80.830002,12.370000,150.860001,-0.900000,-1.500000,-17.400000,4481.399902
2026-05-19-14-44-33,81.690002,12.590000,151.580002,-2.600000,-1.500000,-17.700001,4493.000000
2026-05-19-14-44-33,82.309998,12.750000,152.110001,-6.100000,-1.500000,-18.000000,4501.399902
2026-05-19-14-44-34,83.290001,13.000000,152.949997,-10.300000,-1.600000,-18.299999,4514.700195
2026-05-19-14-44-34,84.089996,13.210000,153.639999,-13.700000,-1.800000,-18.500000,4525.500000
2026-05-19-14-44-34,84.839996,13.420000,154.300003,-14.100000,-1.900000,-18.500000,4535.700195
2026-05-19-14-44-35,85.769997,13.670000,155.130005,-14.800000,-2.500000,-18.799999,4548.500000
2026-05-19-14-44-35,86.900002,14.000000,156.149994,-14.700000,-2.500000,-18.900000,4563.899902
2026-05-19-14-44-35,87.739998,14.240000,156.929993,-14.600000,-2.400000,-18.900000,4575.600098
2026-05-19-14-44-35,88.339996,14.420000,157.520004,-14.600000,-2.300000,-18.900000,4584.100098
2026-05-19-14-44-36,89.309998,14.720000,158.479996,-14.700000,-2.300000,-18.900000,4597.600098
2026-05-19-14-44-36,90.089996,14.960000,159.279999,-12.800000,-1.600000,-19.600000,4608.700195
2026-05-19-14-44-36,90.809998,15.200000,160.039993,-11.100000,0.400000,-22.600000,4618.899902
2026-05-19-14-44-37,91.699997,15.450000,160.990005,-12.100000,-0.300000,-23.200001,4631.600098
2026-05-19-14-44-37,92.760002,15.730000,162.149994,-11.400000,0.200000,-23.200001,4647.000000
2026-05-19-14-44-37,93.559998,15.940000,163.029999,-11.100000,0.500000,-23.100000,4658.600098
2026-05-19-14-44-38,94.169998,16.100000,163.720001,-11.000000,0.600000,-23.100000,4667.500000
2026-05-19-14-44-38,95.089996,16.350000,164.779999,-11.100000,0.500000,-23.100000,4681.100098
2026-05-19-14-44-38,95.839996,16.549999,165.669998,-11.200000,0.400000,-23.100000,4692.299805
2026-05-19-14-44-38,96.529999,16.740000,166.509995,-11.300000,0.300000,-23.200001,4702.600098
2026-05-19-14-44-39,97.389999,16.980000,167.559998,-11.300000,0.200000,-23.200001,4715.500000
2026-05-19-14-44-39,98.440002,17.270000,168.839996,-11.100000,0.300000,-23.200001,4731.299805
2026-05-19-14-44-39,99.150002,17.459999,169.710007,-11.000000,0.300000,-23.200001,4742.100098
2026-05-19-14-44-40,99.720001,17.620001,170.429993,-10.900000,0.400000,-23.200001,4750.799805
2026-05-19-14-44-40,100.639999,17.879999,171.600006,-10.900000,0.400000,-23.100000,4764.700195
2026-05-19-14-44-40,101.379997,18.080000,172.539993,-11.000000,0.200000,-23.200001,4775.799805
2026-05-19-14-44-41,102.059998,18.280001,173.429993,-11.000000,-0.100000,-23.200001,4786.200195
2026-05-19-14-44-41,102.940002,18.520000,174.580002,-11.000000,-0.100000,-23.200001,4799.500000
2026-05-19-14-44-41,104.000000,18.820000,175.970001,-10.900000,0.400000,-23.200001,4815.600098
2026-05-19-14-44-42,104.769997,19.040001,177.000000,-10.900000,0.500000,-23.200001,4827.500000
2026-05-19-14-44-42,105.349998,19.200001,177.770004,-10.900000,0.700000,-23.200001,4836.299805
2026-05-19-14-44-42,106.239998,19.450001,178.990005,-10.900000,0.600000,-23.200001,4850.000000
2026-05-19-14-44-42,106.980003,19.660000,180.000000,-10.900000,0.300000,-23.200001,4861.399902
2026-05-19-14-44-43,107.660004,19.850000,180.940002,-10.900000,-0.100000,-23.299999,4871.899902
2026-05-19-14-44-43,108.529999,20.100000,182.160004,-10.900000,-0.200000,-23.299999,4885.399902
2026-05-19-14-44-44,109.580002,20.389999,183.649994,-10.900000,0.500000,-23.299999,4901.700195
2026-05-19-14-44-44,110.370003,20.610001,184.770004,-10.900000,0.600000,-23.299999,4913.799805
2026-05-19-14-44-44,110.970001,20.780001,185.619995,-10.900000,0.800000,-23.299999,4923.100098
2026-05-19-14-44-44,111.870003,21.030001,186.929993,-10.900000,0.500000,-23.299999,4937.000000
2026-05-19-14-44-45,112.589996,21.240000,187.990005,-11.000000,0.200000,-23.299999,4948.399902
2026-05-19-14-44-45,113.269997,21.430000,188.990005,-11.000000,0.000000,-23.400000,4959.000000
2026-05-19-14-44-45,114.120003,21.670000,190.250000,-10.900000,0.100000,-23.400000,4972.399902
2026-05-19-14-44-46,115.160004,21.959999,191.809998,-10.800000,0.400000,-23.400000,4988.799805
2026-05-19-14-44-46,115.959999,22.180000,193.020004,-10.800000,0.500000,-23.400000,5001.299805
2026-05-19-14-44-46,116.550003,22.350000,193.919998,-10.900000,0.600000,-23.400000,5010.600098
2026-05-19-14-44-46,117.480003,22.610001,195.350006,-11.000000,0.400000,-23.400000,5025.200195
2026-05-19-14-44-47,118.209999,22.820000,196.490005,-11.000000,0.200000,-23.400000,5036.799805
2026-05-19-14-44-47,118.889999,23.010000,197.529999,-11.000000,0.100000,-23.500000,5047.399902
2026-05-19-14-44-47,119.769997,23.270000,198.899994,-10.900000,0.300000,-23.500000,5061.100098
2026-05-19-14-44-48,120.820000,23.580000,200.539993,-10.800000,0.400000,-23.500000,5077.600098
2026-05-19-14-44-48,121.550003,23.790001,201.679993,-10.800000,0.400000,-23.500000,5089.000000
2026-05-19-14-44-48,122.150002,23.959999,202.630005,-10.800000,0.300000,-23.500000,5098.299805
2026-05-19-14-44-48,123.080002,24.230000,204.130005,-11.000000,0.400000,-23.500000,5113.000000
2026-05-19-14-44-49,123.830002,24.440001,205.360001,-11.000000,0.500000,-23.500000,5124.799805
2026-05-19-14-44-49,124.519997,24.639999,206.500000,-11.100000,0.600000,-23.500000,5135.799805
2026-05-19-14-44-49,125.389999,24.889999,207.940002,-11.000000,0.500000,-23.500000,5149.600098
2026-05-19-14-44-50,126.419998,25.190001,209.639999,-11.000000,0.400000,-23.500000,5166.000000
2026-05-19-14-44-50,127.180000,25.410000,210.910004,-10.900000,0.400000,-23.500000,5178.100098
2026-05-19-14-44-50,127.800003,25.600000,211.970001,-10.900000,0.700000,-23.500000,5188.200195
2026-05-19-14-44-51,128.710007,25.870001,213.529999,-11.000000,0.900000,-23.500000,5202.799805
2026-05-19-14-44-51,129.460007,26.100000,214.820007,-11.100000,0.800000,-23.500000,5214.799805
2026-05-19-14-44-51,130.149994,26.309999,216.000000,-11.000000,0.600000,-23.500000,5225.700195
2026-05-19-14-44-52,131.039993,26.580000,217.520004,-11.000000,0.300000,-23.500000,5239.899902
2026-05-19-14-44-52,132.080002,26.900000,219.330002,-10.900000,0.200000,-23.600000,5256.700195
2026-05-19-14-44-52,132.820007,27.120001,220.619995,-10.900000,0.400000,-23.600000,5268.500000
2026-05-19-14-44-52,133.410004,27.299999,221.669998,-10.900000,0.500000,-23.700001,5278.100098
2026-05-19-14-44-53,134.339996,27.580000,223.309998,-10.800000,0.200000,-23.700001,5292.899902
2026-05-19-14-44-53,135.070007,27.799999,224.619995,-10.900000,0.200000,-23.700001,5304.700195
2026-05-19-14-44-53,135.759995,28.010000,225.869995,-10.900000,0.200000,-23.700001,5315.899902
2026-05-19-14-44-54,136.630005,28.270000,227.460007,-11.000000,0.100000,-23.700001,5330.100098
2026-05-19-14-44-54,137.699997,28.580000,229.399994,-10.900000,0.300000,-23.700001,5347.299805
2026-05-19-14-44-54,138.460007,28.809999,230.800003,-10.900000,0.300000,-23.700001,5359.700195
2026-05-19-14-44-54,139.039993,28.980000,231.880005,-10.900000,0.400000,-23.700001,5369.200195
2026-05-19-14-44-55,139.970001,29.260000,233.630005,-10.800000,0.300000,-23.600000,5384.600098
2026-05-19-14-44-55,140.720001,29.480000,235.050003,-11.000000,0.300000,-23.500000,5396.899902
2026-05-19-14-44-55,141.399994,29.680000,236.360001,-11.000000,0.100000,-23.500000,5408.299805
2026-05-19-14-44-56,142.259995,29.940001,238.029999,-11.000000,0.000000,-23.400000,5422.600098
2026-05-19-14-44-56,143.289993,30.260000,240.050003,-11.100000,0.100000,-23.400000,5440.000000
2026-05-19-14-44-56,144.029999,30.490000,241.509995,-11.100000,0.200000,-23.400000,5452.500000
2026-05-19-14-44-57,144.600006,30.660000,242.639999,-11.000000,0.300000,-23.299999,5462.200195
2026-05-19-14-44-57,145.490005,30.940001,244.389999,-10.900000,0.300000,-23.100000,5477.299805
2026-05-19-14-44-57,146.229996,31.170000,245.880005,-10.900000,0.200000,-23.000000,5489.899902
2026-05-19-14-44-58,146.899994,31.389999,247.240005,-10.900000,0.100000,-23.000000,5501.299805
2026-05-19-14-44-58,147.750000,31.650000,248.970001,-11.000000,0.000000,-22.900000,5515.799805
2026-05-19-14-44-58,148.759995,31.969999,251.059998,-11.100000,0.000000,-22.700001,5533.200195
2026-05-19-14-44-58,149.500000,32.209999,252.600006,-11.000000,0.100000,-22.700001,5546.100098
2026-05-19-14-44-59,150.059998,32.380001,253.750000,-10.900000,0.200000,-22.600000,5555.700195
2026-05-19-14-44-59,150.940002,32.660000,255.600006,-10.900000,0.300000,-22.500000,5571.000000
2026-05-19-14-44-59,151.660004,32.889999,257.130005,-11.000000,0.300000,-22.400000,5583.600098
2026-05-19-14-45-00,152.300003,33.090000,258.510010,-11.100000,0.200000,-22.299999,5594.799805
2026-05-19-14-45-00,153.160004,33.369999,260.359985,-11.400000,0.100000,-22.100000,5609.700195
2026-05-19-14-45-00,154.179993,33.700001,262.549988,-11.300000,0.100000,-22.000000,5627.500000
2026-05-19-14-45-01,154.929993,33.930000,264.149994,-11.200000,0.100000,-22.000000,5640.500000
2026-05-19-14-45-01,155.500000,34.110001,265.380005,-11.000000,0.100000,-21.900000,5650.500000
2026-05-19-14-45-01,156.380005,34.389999,267.279999,-10.900000,0.200000,-21.700001,5665.899902
2026-05-19-14-45-01,157.089996,34.619999,268.859985,-11.000000,0.400000,-21.500000,5678.500000
2026-05-19-14-45-02,157.759995,34.840000,270.329987,-11.200000,0.300000,-21.400000,5690.100098
2026-05-19-14-45-02,158.600006,35.110001,272.209991,-11.300000,0.000000,-21.200001,5705.000000
2026-05-19-14-45-03,159.610001,35.439999,274.459991,-11.200000,0.200000,-21.000000,5722.799805
2026-05-19-14-45-03,160.369995,35.689999,276.170013,-11.300000,0.200000,-21.000000,5736.299805
2026-05-19-14-45-03,160.929993,35.880001,277.440002,-11.300000,0.400000,-20.799999,5746.299805
2026-05-19-14-45-03,161.800003,36.169998,279.420013,-11.200000,0.300000,-20.600000,5761.700195
2026-05-19-14-45-04,162.520004,36.410000,281.059998,-11.200000,0.200000,-20.500000,5774.500000
2026-05-19-14-45-04,163.179993,36.630001,282.579987,-11.300000,0.100000,-20.400000,5786.299805
2026-05-19-14-45-04,164.009995,36.910000,284.500000,-11.300000,0.100000,-20.100000,5801.100098
2026-05-19-14-45-05,165.009995,37.250000,286.829987,-11.300000,0.500000,-19.900000,5819.100098
2026-05-19-14-45-05,165.759995,37.500000,288.570007,-11.400000,0.600000,-19.900000,5832.399902
2026-05-19-14-45-05,166.330002,37.689999,289.920013,-11.300000,0.500000,-19.700001,5842.700195
2026-05-19-14-45-05,167.190002,37.970001,291.950012,-11.300000,0.000000,-19.500000,5858.200195
2026-05-19-14-45-06,167.910004,38.220001,293.679993,-11.300000,0.000000,-19.299999,5871.399902
2026-05-19-14-45-06,168.570007,38.439999,295.250000,-11.300000,0.200000,-19.200001,5883.299805
2026-05-19-14-45-06,169.419998,38.730000,297.309998,-11.400000,0.400000,-18.900000,5898.799805
2026-05-19-14-45-07,170.419998,39.070000,299.790009,-11.500000,0.200000,-18.700001,5917.200195
2026-05-19-14-45-07,171.160004,39.320000,301.609985,-11.800000,0.000000,-18.600000,5930.700195
2026-05-19-14-45-07,171.720001,39.520000,303.019989,-11.700000,-0.100000,-18.500000,5941.200195
2026-05-19-14-45-08,172.619995,39.830002,305.250000,-11.500000,-0.300000,-18.299999,5957.799805
2026-05-19-14-45-08,173.339996,40.080002,307.040009,-11.500000,-0.200000,-18.100000,5971.000000
2026-05-19-14-45-08,173.990005,40.299999,308.660004,-11.400000,-0.100000,-18.000000,5982.899902
2026-05-19-14-45-09,174.809998,40.590000,310.750000,-11.500000,0.000000,-17.700001,5998.200195
2026-05-19-14-45-09,175.800003,40.919998,313.260010,-11.500000,-0.200000,-17.500000,6016.500000
2026-05-19-14-45-09,176.509995,41.160000,315.089996,-11.500000,-0.200000,-17.500000,6029.700195
2026-05-19-14-45-09,177.070007,41.340000,316.510010,-11.500000,-0.300000,-17.299999,6040.100098
2026-05-19-14-45-10,177.919998,41.630001,318.709991,-11.500000,-0.300000,-17.000000,6055.899902
2026-05-19-14-45-10,178.630005,41.869999,320.549988,-11.500000,-0.200000,-16.799999,6069.200195
2026-05-19-14-45-10,179.289993,42.090000,322.250000,-11.600000,0.100000,-16.700001,6081.500000
2026-05-19-14-45-11,180.130005,42.380001,324.450012,-11.700000,-0.000000,-16.400000,6097.200195
2026-05-19-14-45-11,181.110001,42.720001,327.040009,-11.700000,-0.100000,-16.100000,6115.600098
2026-05-19-14-45-11,181.869995,42.980000,329.059998,-11.600000,-0.100000,-16.100000,6129.899902
2026-05-19-14-45-11,182.429993,43.180000,330.570007,-11.700000,-0.300000,-15.900000,6140.700195
2026-05-19-14-45-12,183.309998,43.490002,332.940002,-11.800000,-0.200000,-15.700000,6157.399902
2026-05-19-14-45-12,184.029999,43.740002,334.850006,-11.800000,-0.200000,-15.500000,6170.799805
2026-05-19-14-45-12,184.679993,43.970001,336.609985,-11.800000,-0.200000,-15.400000,6183.100098
2026-05-19-14-45-13,185.500000,44.259998,338.799988,-11.900000,0.100000,-15.100000,6198.500000
2026-05-19-14-45-13,186.490005,44.610001,341.480011,-11.900000,0.200000,-14.700000,6217.200195
2026-05-19-14-45-13,187.220001,44.869999,343.500000,-11.900000,0.200000,-14.700000,6231.299805
2026-05-19-14-45-14,187.759995,45.060001,344.989990,-11.900000,0.100000,-14.500000,6241.600098
2026-05-19-14-45-14,188.619995,45.369999,347.350006,-11.800000,-0.300000,-14.300000,6258.000000
2026-05-19-14-45-14,189.330002,45.619999,349.329987,-11.900000,-0.500000,-14.200000,6271.700195
2026-05-19-14-45-15,189.979996,45.860001,351.149994,-11.900000,-0.400000,-14.100000,6284.399902
2026-05-19-14-45-15,190.800003,46.150002,353.410004,-11.900000,-0.100000,-13.800000,6300.000000
2026-05-19-14-45-15,191.789993,46.509998,356.170013,-12.000000,0.000000,-13.500000,6319.000000
2026-05-19-14-45-16,192.539993,46.779999,358.290009,-11.900000,0.000000,-13.400000,6333.500000
2026-05-19-14-45-16,193.100006,46.990002,359.880005,-12.000000,-0.100000,-13.300000,6344.399902
2026-05-19-14-45-16,193.960007,47.299999,362.339996,-12.000000,-0.300000,-13.000000,6361.200195
2026-05-19-14-45-16,194.649994,47.560001,364.309998,-12.000000,-0.300000,-12.800000,6374.600098
2026-05-19-14-45-17,195.289993,47.799999,366.149994,-12.000000,-0.200000,-12.600000,6387.200195
2026-05-19-14-45-17,196.110001,48.099998,368.510010,-12.100000,-0.000000,-12.300000,6403.200195
2026-05-19-14-45-18,197.100006,48.480000,371.339996,-12.200000,0.100000,-11.900000,6422.399902
2026-05-19-14-45-18,197.860001,48.759998,373.519989,-12.200000,0.300000,-11.800000,6437.100098
2026-05-19-14-45-18,198.410004,48.970001,375.119995,-12.200000,0.600000,-11.600000,6447.899902
2026-05-19-14-45-18,199.259995,49.299999,377.600006,-12.200000,0.900000,-11.300000,6464.500000
2026-05-19-14-45-19,199.970001,49.570000,379.630005,-12.100000,0.900000,-11.100000,6478.200195
2026-05-19-14-45-19,200.619995,49.820000,381.519989,-12.200000,0.600000,-10.900000,6490.899902
2026-05-19-14-45-19,201.460007,50.150002,383.980011,-12.200000,0.500000,-10.600000,6507.299805
2026-05-19-14-45-20,202.429993,50.520000,386.839996,-12.400000,0.900000,-10.300000,6526.299805
2026-05-19-14-45-20,203.160004,50.799999,388.989990,-12.500000,1.000000,-10.200000,6540.500000
2026-05-19-14-45-20,203.720001,51.020000,390.660004,-12.500000,1.100000,-10.100000,6551.600098
2026-05-19-14-45-20,204.589996,51.360001,393.230011,-12.300000,0.900000,-9.800000,6568.600098
2026-05-19-14-45-21,205.320007,51.639999,395.369995,-12.300000,0.600000,-9.700000,6582.799805
2026-05-19-14-45-21,205.970001,51.889999,397.309998,-12.300000,0.400000,-9.500000,6595.600098
2026-05-19-14-45-21,206.809998,52.209999,399.820007,-12.400000,0.600000,-9.300000,6612.000000
2026-05-19-14-45-22,207.809998,52.599998,402.829987,-12.400000,1.100000,-9.000000,6631.600098
2026-05-19-14-45-22,208.509995,52.869999,404.920013,-12.500000,1.100000,-8.900000,6645.200195
2026-05-19-14-45-22,209.080002,53.080002,406.619995,-12.500000,1.300000,-8.800000,6656.299805
2026-05-19-14-45-22,209.949997,53.419998,409.260010,-12.500000,1.000000,-8.500000,6673.399902
2026-05-19-14-45-23,210.660004,53.689999,411.399994,-12.500000,0.800000,-8.300000,6687.299805
2026-05-19-14-45-23,211.320007,53.939999,413.410004,-12.500000,0.700000,-8.200000,6700.299805
2026-05-19-14-45-23,212.139999,54.240002,415.950012,-12.500000,0.700000,-7.900000,6716.600098
2026-05-19-14-45-24,213.130005,54.610001,419.029999,-12.500000,0.900000,-7.700000,6736.299805
2026-05-19-14-45-24,213.860001,54.880001,421.299988,-12.500000,0.900000,-7.600000,6750.799805
2026-05-19-14-45-24,214.419998,55.090000,423.040009,-12.500000,1.100000,-7.400000,6761.899902
2026-05-19-14-45-25,215.289993,55.400002,425.769989,-12.600000,1.000000,-7.200000,6779.299805
2026-05-19-14-45-25,216.000000,55.660000,428.000000,-12.600000,0.800000,-7.000000,6793.399902
2026-05-19-14-45-25,216.649994,55.900002,430.070007,-12.700000,0.700000,-6.900000,6806.500000
2026-05-19-14-45-26,217.490005,56.220001,432.709991,-12.600000,0.900000,-6.600000,6823.200195
2026-05-19-14-45-26,218.500000,56.610001,435.929993,-12.700000,1.000000,-6.300000,6843.399902
2026-05-19-14-45-26,219.250000,56.889999,438.279999,-12.700000,1.100000,-6.300000,6858.200195
2026-05-19-14-45-26,219.809998,57.110001,440.079987,-12.700000,1.100000,-6.100000,6869.500000
2026-05-19-14-45-27,220.669998,57.439999,442.829987,-12.800000,1.200000,-5.900000,6886.700195
2026-05-19-14-45-27,221.380005,57.720001,445.100006,-12.700000,1.000000,-5.700000,6901.000000
2026-05-19-14-45-27,222.050003,57.980000,447.220001,-12.600000,0.800000,-5.600000,6914.200195
2026-05-19-14-45-28,222.889999,58.310001,449.920013,-12.700000,0.800000,-5.300000,6931.000000
2026-05-19-14-45-28,223.880005,58.700001,453.089996,-12.900000,1.100000,-5.100000,6950.700195
2026-05-19-14-45-28,224.550003,58.959999,455.279999,-13.000000,1.300000,-5.100000,6964.299805
2026-05-19-14-45-28,225.110001,59.180000,457.070007,-13.000000,1.300000,-4.900000,6975.399902
2026-05-19-14-45-29,225.979996,59.529999,459.929993,-12.900000,1.000000,-4.800000,6993.000000
2026-05-19-14-45-29,226.690002,59.810001,462.250000,-12.800000,0.900000,-4.700000,7007.299805
2026-05-19-14-45-29,227.339996,60.060001,464.390015,-12.800000,0.800000,-4.600000,7020.399902
2026-05-19-14-45-30,228.190002,60.400002,467.160004,-12.800000,0.700000,-4.400000,7037.500000
2026-05-19-14-45-30,229.179993,60.790001,470.450012,-12.800000,1.000000,-4.200000,7057.700195
2026-05-19-14-45-30,229.899994,61.070000,472.839996,-12.800000,1.200000,-4.200000,7072.200195
2026-05-19-14-45-31,230.479996,61.299999,474.779999,-12.900000,1.400000,-4.100000,7084.000000
2026-05-19-14-45-31,231.360001,61.650002,477.769989,-12.900000,1.100000,-3.900000,7102.100098
2026-05-19-14-45-31,232.070007,61.930000,480.200012,-13.000000,0.800000,-3.800000,7116.799805
2026-05-19-14-45-32,232.729996,62.180000,482.440002,-13.000000,0.700000,-3.700000,7130.399902
2026-05-19-14-45-32,233.529999,62.500000,485.220001,-12.900000,0.800000,-3.500000,7147.200195
2026-05-19-14-45-32,234.520004,62.880001,488.619995,-12.900000,1.000000,-3.400000,7167.700195
2026-05-19-14-45-32,235.250000,63.160000,491.130005,-12.900000,1.000000,-3.300000,7182.799805
2026-05-19-14-45-33,235.789993,63.369999,493.019989,-12.900000,1.100000,-3.300000,7194.100098
2026-05-19-14-45-33,236.630005,63.700001,495.959991,-13.000000,1.200000,-3.100000,7211.799805
2026-05-19-14-45-33,237.320007,63.970001,498.380005,-13.000000,1.000000,-3.000000,7226.299805
2026-05-19-14-45-34,237.970001,64.220001,500.630005,-12.900000,0.700000,-2.900000,7239.799805
2026-05-19-14-45-34,238.800003,64.540001,503.549988,-13.000000,0.800000,-2.800000,7257.200195
2026-05-19-14-45-34,239.800003,64.919998,507.059998,-13.100000,1.100000,-2.700000,7278.100098
2026-05-19-14-45-35,240.589996,65.220001,509.869995,-13.100000,1.100000,-2.600000,7294.799805
2026-05-19-14-45-35,241.130005,65.430000,511.769989,-13.100000,1.200000,-2.500000,7306.100098
2026-05-19-14-45-35,241.990005,65.760002,514.820007,-13.100000,1.300000,-2.400000,7324.299805
2026-05-19-14-45-36,242.690002,66.019997,517.330017,-13.000000,1.000000,-2.300000,7339.100098
2026-05-19-14-45-36,243.330002,66.269997,519.650024,-13.000000,0.900000,-2.200000,7352.899902
2026-05-19-14-45-36,244.149994,66.580002,522.640015,-13.200000,1.000000,-2.200000,7370.500000
2026-05-19-14-45-37,245.139999,66.949997,526.250000,-13.200000,1.100000,-2.200000,7391.600098
2026-05-19-14-45-37,245.860001,67.220001,528.880005,-13.200000,1.100000,-2.100000,7407.100098
2026-05-19-14-45-37,246.410004,67.430000,530.900024,-13.000000,1.200000,-2.100000,7418.899902
2026-05-19-14-45-37,247.250000,67.739998,533.989990,-13.000000,1.000000,-2.000000,7437.100098
2026-05-19-14-45-38,247.940002,68.000000,536.530029,-12.900000,0.900000,-2.000000,7452.000000
2026-05-19-14-45-38,248.570007,68.230003,538.869995,-13.000000,0.900000,-1.900000,7465.600098
2026-05-19-14-45-38,249.330002,68.540001,541.780029,-10.300000,-12.000000,-12.600000,7482.899902
2026-05-19-14-45-39,250.270004,68.989998,545.159973,-5.400000,0.400000,-22.700001,7504.000000
2026-05-19-14-45-39,250.940002,69.330002,547.590027,-2.200000,1.100000,-23.900000,7519.500000
2026-05-19-14-45-39,251.350006,69.570000,549.400024,-0.800000,-8.700000,-18.100000,7531.299805
2026-05-19-14-45-39,251.960007,69.779999,552.280029,-6.700000,-15.500000,12.600000,7549.500000
2026-05-19-14-45-40,252.630005,69.989998,554.869995,-6.100000,-3.400000,25.900000,7564.799805
2026-05-19-14-45-40,253.279999,70.230003,557.239990,-3.400000,5.400000,26.200001,7578.700195
2026-05-19-14-45-40,254.119995,70.589996,560.289978,-4.300000,3.400000,26.799999,7596.500000
2026-05-19-14-45-41,255.110001,71.070000,563.840027,-3.400000,-3.500000,24.100000,7617.399902
2026-05-19-14-45-41,255.919998,71.459999,566.609985,-2.800000,-5.300000,24.500000,7633.700195
2026-05-19-14-45-41,256.510010,71.779999,568.630005,-4.100000,-9.400000,24.400000,7645.600098
2026-05-19-14-45-42,257.440002,72.290001,571.739990,-3.500000,-5.700000,18.400000,7663.799805
2026-05-19-14-45-42,258.230011,72.730003,574.330017,-2.900000,-1.800000,13.000000,7678.799805
2026-05-19-14-45-42,258.980011,73.160004,576.690002,-4.500000,-1.600000,4.900000,7692.700195
2026-05-19-14-45-43,259.910004,73.690002,579.739990,-3.000000,-1.100000,0.400000,7710.600098
2026-05-19-14-45-43,260.989990,74.300003,583.330017,-2.400000,-5.300000,1.600000,7731.799805
2026-05-19-14-45-43,261.809998,74.760002,586.020020,-2.400000,-6.300000,1.600000,7747.700195
2026-05-19-14-45-43,262.440002,75.129997,588.090027,-2.100000,-7.700000,1.000000,7759.899902
2026-05-19-14-45-44,263.399994,75.680000,591.260010,-0.900000,-6.900000,6.600000,7778.500000
2026-05-19-14-45-44,264.209991,76.129997,593.909973,-1.800000,-2.300000,15.500000,7794.100098
2026-05-19-14-45-44,264.920013,76.540001,596.299988,-1.000000,-2.800000,20.299999,7808.100098
2026-05-19-14-45-45,265.820007,77.099998,599.309998,-2.500000,-4.600000,19.700001,7826.000000
2026-05-19-14-45-45,266.910004,77.790001,602.919983,-3.300000,-5.700000,27.100000,7847.399902
2026-05-19-14-45-45,267.690002,78.279999,605.469971,-3.900000,-6.100000,29.299999,7862.600098
2026-05-19-14-45-45,268.329987,78.680000,607.530029,-6.700000,-4.000000,32.599998,7874.799805
2026-05-19-14-45-46,269.359985,79.330002,610.750000,-4.500000,-3.400000,34.599998,7893.799805
2026-05-19-14-45-46,270.179993,79.870003,613.340027,-4.000000,-4.600000,35.900002,7909.200195
2026-05-19-14-45-46,270.920013,80.360001,615.690002,-2.600000,-5.000000,39.700001,7923.100098
2026-05-19-14-45-47,271.880005,80.989998,618.729980,-2.800000,-3.900000,41.200001,7941.100098
2026-05-19-14-45-47,273.029999,81.800003,622.380005,-2.900000,-5.300000,42.900002,7962.799805
2026-05-19-14-45-47,273.899994,82.400002,625.119995,-2.900000,-4.800000,42.900002,7979.100098
2026-05-19-14-45-48,274.559998,82.860001,627.179993,-3.100000,-4.500000,43.000000,7991.299805
2026-05-19-14-45-48,275.529999,83.540001,630.239990,-3.500000,-3.700000,42.700001,8009.500000
2026-05-19-14-45-48,276.380005,84.120003,632.890015,-3.600000,-4.100000,43.599998,8025.299805
2026-05-19-14-45-49,277.130005,84.639999,635.250000,-2.700000,-3.700000,45.799999,8039.299805
2026-05-19-14-45-49,278.100006,85.320000,638.309998,-3.400000,-4.400000,48.000000,8057.500000
2026-05-19-14-45-49,279.230011,86.139999,641.919983,-5.200000,-3.900000,47.900002,8079.100098
2026-05-19-14-45-49,280.049988,86.730003,644.479980,-5.200000,-3.300000,48.500000,8094.399902
2026-05-19-14-45-50,280.690002,87.190002,646.510010,-5.700000,-1.600000,48.900002,8106.500000
2026-05-19-14-45-50,281.700012,87.900002,649.659973,-2.800000,-2.700000,48.900002,8125.299805
2026-05-19-14-45-50,282.519989,88.489998,652.260010,-1.600000,-1.200000,49.400002,8140.700195
2026-05-19-14-45-51,283.299988,89.059998,654.760010,-1.400000,-2.200000,51.299999,8155.600098
2026-05-19-14-45-51,284.239990,89.750000,657.750000,-0.700000,-4.100000,50.400002,8173.500000
2026-05-19-14-45-52,285.380005,90.580002,661.380005,1.200000,-3.000000,50.700001,8195.200195
2026-05-19-14-45-52,286.239990,91.199997,664.109985,1.500000,-3.400000,51.700001,8211.500000
2026-05-19-14-45-52,286.869995,91.669998,666.150024,1.700000,-3.900000,53.000000,8223.799805
2026-05-19-14-45-52,287.850006,92.360001,669.239990,4.000000,-4.200000,55.500000,8242.400391
2026-05-19-14-45-53,288.660004,92.970001,671.809998,2.200000,-4.700000,54.299999,8257.900391
2026-05-19-14-45-53,289.410004,93.529999,674.169983,1.400000,-5.300000,55.000000,8272.099609
2026-05-19-14-45-53,290.350006,94.239998,677.090027,2.000000,-4.000000,54.500000,8289.799805
2026-05-19-14-45-54,291.510010,95.120003,680.669983,-0.100000,-2.300000,50.599998,8311.400391
2026-05-19-14-45-54,292.369995,95.760002,683.359985,-0.900000,-2.700000,49.900002,8327.799805
2026-05-19-14-45-54,293.010010,96.220001,685.359985,-1.200000,-3.500000,48.400002,8340.000000
2026-05-19-14-45-54,294.000000,96.940002,688.510010,-2.400000,-3.300000,43.200001,8359.000000
2026-05-19-14-45-55,294.809998,97.540001,691.090027,-2.400000,-4.900000,40.700001,8374.700195
2026-05-19-14-45-55,295.529999,98.080002,693.409973,-4.300000,-5.500000,38.000000,8388.900391
2026-05-19-14-45-55,296.459991,98.739998,696.340027,-3.800000,-6.400000,36.500000,8406.799805
2026-05-19-14-45-56,297.619995,99.529999,699.919983,-2.400000,-2.000000,40.099998,8428.599609
2026-05-19-14-45-56,298.440002,100.099998,702.520020,-1.700000,-2.900000,40.799999,8444.400391
2026-05-19-14-45-56,299.049988,100.540001,704.510010,-0.800000,-4.900000,43.299999,8456.400391
2026-05-19-14-45-56,300.040009,101.260002,707.719971,-0.100000,-3.100000,45.900002,8476.000000
2026-05-19-14-45-57,300.820007,101.830002,710.219971,0.500000,-3.100000,47.900002,8491.299805
2026-05-19-14-45-57,301.570007,102.379997,712.590027,1.000000,-2.500000,49.000000,8505.799805
2026-05-19-14-45-57,302.519989,103.070000,715.570007,0.600000,-2.900000,49.400002,8524.099609
2026-05-19-14-45-58,303.660004,103.900002,719.140015,0.500000,-2.400000,50.700001,8546.099609
2026-05-19-14-45-58,304.459991,104.489998,721.679993,0.800000,-2.100000,50.700001,8561.700195
2026-05-19-14-45-58,305.109985,104.970001,723.710022,1.100000,-2.600000,50.299999,8574.200195
2026-05-19-14-45-59,306.070007,105.680000,726.760010,1.100000,-4.500000,47.400002,8593.000000
2026-05-19-14-45-59,306.850006,106.260002,729.219971,-1.600000,-6.100000,45.099998,8608.299805
2026-05-19-14-45-59,307.600006,106.809998,731.570007,-2.100000,-6.000000,44.099998,8622.900391
2026-05-19-14-46-00,308.529999,107.489998,734.460022,-3.200000,-9.700000,36.299999,8640.900391
2026-05-19-14-46-00,309.649994,108.290001,737.969971,-1.500000,-13.900000,26.299999,8662.599609
2026-05-19-14-46-00,310.540009,108.919998,740.750000,-1.400000,-14.700000,22.600000,8679.799805
2026-05-19-14-46-00,311.230011,109.389999,742.820007,-1.400000,-13.600000,5.100000,8692.599609
2026-05-19-14-46-01,312.279999,110.019997,745.950012,5.700000,-9.500000,-23.900000,8711.599609
2026-05-19-14-46-01,313.089996,110.480003,748.500000,7.900000,-6.700000,-40.200001,8727.200195
2026-05-19-14-46-01,313.750000,110.849998,750.830017,9.800000,-5.900000,-41.000000,8741.599609
2026-05-19-14-46-02,314.470001,111.430000,753.760010,4.200000,-7.100000,-49.700001,8759.400391
2026-05-19-14-46-02,315.269989,112.309998,757.400024,6.600000,-8.100000,-62.500000,8781.900391
2026-05-19-14-46-02,315.940002,113.099998,760.130005,4.000000,-2.000000,-64.300003,8798.799805
2026-05-19-14-46-02,316.470001,113.690002,762.109985,-5.800000,13.100000,-67.900002,8811.000000
2026-05-19-14-46-03,317.070007,114.669998,765.119995,-0.800000,14.600000,-67.000000,8830.000000
2026-05-19-14-46-03,317.420013,115.620003,767.710022,2.200000,4.200000,-74.000000,8846.200195
2026-05-19-14-46-03,317.790009,116.470001,770.010010,2.200000,-1.400000,-77.199997,8860.599609
2026-05-19-14-46-04,318.299988,117.589996,773.000000,2.500000,-2.800000,-80.599998,8879.000000
2026-05-19-14-46-04,318.809998,118.970001,776.659973,5.000000,-11.700000,-85.900002,8901.299805
2026-05-19-14-46-04,319.160004,119.980003,779.299988,5.900000,-8.700000,-86.800003,8917.500000
2026-05-19-14-46-05,319.450012,120.730003,781.280029,3.400000,-2.500000,-91.199997,8929.799805
2026-05-19-14-46-05,319.869995,121.940002,784.380005,-4.100000,3.800000,-103.900002,8949.500000
2026-05-19-14-46-05,320.119995,123.059998,786.840027,-3.700000,2.000000,-111.300003,8965.299805
2026-05-19-14-46-05,320.380005,124.180000,789.010010,-3.800000,0.900000,-103.099998,8979.700195
2026-05-19-14-46-06,320.640015,125.769997,791.869995,-14.400000,6.500000,-80.800003,8998.299805
2026-05-19-14-46-06,320.859985,127.620003,795.500000,-11.100000,12.200000,-68.099998,9020.599609
2026-05-19-14-46-06,321.070007,129.029999,798.169983,-9.500000,7.600000,-70.699997,9037.400391
2026-05-19-14-46-07,321.230011,130.190002,800.309998,-11.400000,-0.900000,-77.300003,9050.900391
2026-05-19-14-46-07,321.420013,131.839996,803.500000,-3.700000,-2.500000,-78.699997,9070.400391
2026-05-19-14-46-07,321.600006,133.190002,806.059998,-2.500000,-6.200000,-75.599998,9086.200195
2026-05-19-14-46-08,321.760010,134.429993,808.419983,2.000000,-11.700000,-74.699997,9101.000000
2026-05-19-14-46-08,321.980011,135.990005,811.400024,1.900000,-11.100000,-73.300003,9119.599609
2026-05-19-14-46-08,322.209991,137.889999,814.979980,2.300000,-13.900000,-68.699997,9141.900391
2026-05-19-14-46-09,322.380005,139.250000,817.559998,2.100000,-15.100000,-68.199997,9157.799805
2026-05-19-14-46-09,322.519989,140.350006,819.650024,1.900000,-14.000000,-67.900002,9170.700195
2026-05-19-14-46-09,322.739990,142.000000,822.799988,1.800000,-15.600000,-68.199997,9190.200195
2026-05-19-14-46-09,322.929993,143.369995,825.400024,4.800000,-15.200000,-69.199997,9206.200195
2026-05-19-14-46-10,323.100006,144.639999,827.840027,6.400000,-14.600000,-70.400002,9221.200195
2026-05-19-14-46-10,323.339996,146.240005,830.880005,10.700000,-14.500000,-77.199997,9239.900391
2026-05-19-14-46-11,323.609985,148.190002,834.630005,10.600000,-12.400000,-76.099998,9262.900391
2026-05-19-14-46-11,323.799988,149.669998,837.469971,9.900000,-12.100000,-75.800003,9280.299805
2026-05-19-14-46-11,323.950012,150.809998,839.650024,9.900000,-13.000000,-74.400002,9293.700195
2026-05-19-14-46-11,324.190002,152.550003,842.960022,6.600000,-14.200000,-74.900002,9314.099609
2026-05-19-14-46-12,324.390015,153.929993,845.580017,4.800000,-15.500000,-76.199997,9330.299805
2026-05-19-14-46-12,324.579987,155.229996,848.030029,7.100000,-15.800000,-76.599998,9345.500000
2026-05-19-14-46-12,324.799988,156.809998,851.039978,8.200000,-15.500000,-76.099998,9364.000000
2026-05-19-14-46-13,325.059998,158.729996,854.719971,8.300000,-15.700000,-76.400002,9386.500000
2026-05-19-14-46-13,325.250000,160.160004,857.440002,8.200000,-15.600000,-76.400002,9403.099609
2026-05-19-14-46-13,325.420013,161.279999,859.599976,7.800000,-15.100000,-77.800003,9416.299805
2026-05-19-14-46-13,325.690002,162.960007,862.830017,6.400000,-18.500000,-84.199997,9436.200195
2026-05-19-14-46-14,325.869995,164.369995,865.530029,10.800000,-19.100000,-85.900002,9452.700195
2026-05-19-14-46-14,326.040009,165.690002,868.030029,14.400000,-18.100000,-84.300003,9467.799805
2026-05-19-14-46-14,326.250000,167.360001,871.179993,15.000000,-16.299999,-82.400002,9487.000000
2026-05-19-14-46-15,326.500000,169.350006,874.909973,9.700000,-16.299999,-78.500000,9509.799805
2026-05-19-14-46-15,326.679993,170.839996,877.690002,9.600000,-16.299999,-77.800003,9526.799805
2026-05-19-14-46-15,326.899994,171.990005,879.869995,-0.200000,-14.100000,-77.099998,9540.099609
2026-05-19-14-46-16,327.269989,173.580002,883.099976,-12.300000,13.800000,-74.400002,9559.799805
2026-05-19-14-46-16,327.489990,174.869995,885.780029,-2.600000,24.100000,-62.900002,9576.200195
2026-05-19-14-46-16,327.600006,176.059998,888.349976,16.000000,33.799999,-48.099998,9591.599609
2026-05-19-14-46-17,327.760010,177.740005,891.580017,24.200001,11.900000,-51.700001,9611.099609
2026-05-19-14-46-17,328.070007,179.919998,895.469971,23.700001,-15.800000,-69.199997,9634.500000
2026-05-19-14-46-17,328.339996,181.360001,898.099976,29.900000,-18.799999,-67.500000,9650.400391
2026-05-19-14-46-17,328.570007,182.520004,900.250000,26.100000,-19.900000,-60.799999,9663.500000
2026-05-19-14-46-18,328.980011,184.360001,903.479980,32.599998,-22.700001,-58.900002,9683.599609
2026-05-19-14-46-18,329.350006,185.820007,906.059998,25.400000,-18.200001,-57.400002,9699.900391
2026-05-19-14-46-18,329.679993,187.179993,908.460022,22.200001,-13.000000,-58.599998,9715.200195
2026-05-19-14-46-19,330.070007,188.889999,911.520020,19.500000,-10.700000,-63.000000,9734.200195
2026-05-19-14-46-19,330.609985,191.020004,915.330017,17.900000,-8.800000,-60.400002,9757.700195
2026-05-19-14-46-19,331.040009,192.539993,918.059998,17.299999,-9.400000,-60.099998,9774.599609
2026-05-19-14-46-19,331.410004,193.740005,920.239990,19.799999,-10.800000,-58.099998,9788.200195
2026-05-19-14-46-20,331.989990,195.500000,923.520020,20.000000,-18.100000,-54.500000,9808.400391
2026-05-19-14-46-20,332.470001,197.000000,926.250000,17.500000,-31.400000,-58.700001,9825.000000
2026-05-19-14-46-20,332.890015,198.380005,928.780029,14.000000,-36.200001,-63.400002,9840.599609
2026-05-19-14-46-21,333.380005,200.020004,931.929993,11.400000,-40.700001,-82.400002,9860.099609
2026-05-19-14-46-21,333.929993,202.020004,935.739990,9.800000,-49.400002,-93.800003,9883.299805
2026-05-19-14-46-21,334.329987,203.490005,938.530029,9.200000,-50.500000,-94.099998,9900.200195
2026-05-19-14-46-21,334.640015,204.639999,940.700012,8.000000,-52.099998,-93.599998,9913.299805
2026-05-19-14-46-22,335.079987,206.440002,944.119995,6.300000,-55.099998,-93.500000,9934.000000
2026-05-19-14-46-22,335.420013,207.940002,946.960022,7.000000,-60.400002,-95.099998,9950.900391
2026-05-19-14-46-22,335.739990,209.259995,949.530029,6.600000,-63.400002,-97.500000,9966.299805
2026-05-19-14-46-23,336.130005,210.960007,952.890015,3.000000,-59.000000,-100.300003,9986.200195
2026-05-19-14-46-23,336.519989,213.020004,957.070007,16.000000,-53.599998,-114.400002,10010.200195
2026-05-19-14-46-23,336.809998,214.529999,960.210022,14.900000,-52.299999,-114.699997,10027.799805
2026-05-19-14-46-24,337.019989,215.710007,962.650024,4.800000,-50.400002,-110.400002,10041.299805
2026-05-19-14-46-24,195.050003,-583.780029,-633.760010,11.800000,-51.099998,-117.900002,2505.300049
2026-05-19-14-46-24,195.050003,-583.789978,-633.710022,17.700001,-46.000000,-121.199997,2505.300049
2026-05-19-14-46-24,195.029999,-583.799988,-633.650024,24.000000,-37.200001,-122.599998,2505.300049
2026-05-19-14-46-25,310.019989,-838.460022,-364.679993,23.799999,-25.799999,-120.500000,2433.600098
2026-05-19-14-46-25,243.830002,-834.059998,-354.640015,15.400000,-11.100000,-116.099998,2401.300049
2026-05-19-14-46-26,111.169998,-856.309998,-397.790009,6.800000,-2.500000,-111.000000,2373.100098
2026-05-19-14-46-26,12.360000,-847.909973,-426.220001,2.000000,1.000000,-109.699997,2347.500000
2026-05-19-14-46-26,-75.739998,-858.669983,-450.070007,2.100000,4.400000,-109.000000,2324.600098
2026-05-19-14-46-27,-126.459999,-851.150024,-495.279999,4.400000,1.900000,-109.900002,2303.300049
2026-05-19-14-46-27,-150.580002,-837.090027,-528.609985,6.400000,-1.600000,-110.900002,2284.500000
2026-05-19-14-46-27,-157.580002,-835.099976,-542.070007,7.200000,-3.000000,-111.900002,2267.199951
2026-05-19-14-46-28,-142.940002,-825.309998,-562.669983,8.800000,-3.700000,-112.099998,2251.199951
2026-05-19-14-46-28,-134.369995,-827.840027,-579.340027,8.800000,-1.200000,-112.000000,2236.300049
2026-05-19-14-46-29,-131.009995,-855.820007,-614.510010,12.300000,2.300000,-108.000000,2222.500000
2026-05-19-14-46-29,-96.639999,-854.690002,-679.789978,18.200001,1.500000,-101.500000,2209.899902
2026-05-19-14-46-29,-46.849998,-850.179993,-738.570007,22.299999,-4.800000,-93.000000,2198.199951
2026-05-19-14-46-30,11.410000,-842.659973,-784.479980,19.100000,-8.100000,-89.099998,2187.100098
2026-05-19-14-46-30,55.230000,-835.969971,-810.539978,12.200000,-9.000000,-85.199997,2177.000000
2026-05-19-14-46-31,89.260002,-830.400024,-818.650024,5.300000,-5.200000,-80.800003,2167.800049
2026-05-19-14-46-31,96.690002,-848.559998,-829.270020,4.100000,-1.300000,-78.900002,2159.100098
2026-05-19-14-46-31,113.739998,-806.869995,-843.719971,4.200000,-1.400000,-76.300003,2150.699951
2026-05-19-14-46-32,136.750000,-841.429993,-844.750000,5.800000,-4.000000,-75.800003,2142.800049
2026-05-19-14-46-32,143.139999,-779.700012,-860.789978,8.500000,-4.000000,-74.400002,2135.600098
2026-05-19-14-46-32,167.559998,-800.750000,-866.799988,8.900000,-6.300000,-74.400002,2128.899902
2026-05-19-14-46-33,180.539993,-801.799988,-873.710022,8.400000,-4.500000,-74.300003,2122.500000
2026-05-19-14-46-33,177.820007,-793.150024,-885.159973,7.800000,-2.000000,-72.599998,2116.300049
2026-05-19-14-46-34,191.250000,-789.570007,-900.700012,6.100000,-1.700000,-72.500000,2110.600098
2026-05-19-14-46-34,207.509995,-803.690002,-904.739990,4.000000,1.100000,-71.199997,2105.100098
2026-05-19-14-46-34,213.300003,-801.210022,-906.109985,3.700000,0.900000,-70.300003,2102.399902
2026-05-19-14-46-35,213.309998,-801.200012,-906.099976,5.200000,-0.200000,-70.699997,2102.399902
2026-05-19-14-46-35,224.100006,-802.530029,-914.969971,6.100000,-0.700000,-68.699997,2094.100098
2026-05-19-14-46-35,237.229996,-795.039978,-915.510010,6.100000,0.100000,-67.000000,2089.399902
2026-05-19-14-46-36,244.649994,-797.880005,-927.500000,5.500000,-0.100000,-64.900002,2085.000000
2026-05-19-14-46-36,246.360001,-788.440002,-934.650024,5.300000,0.300000,-63.599998,2080.800049
2026-05-19-14-46-37,247.130005,-790.590027,-939.260010,4.000000,-1.400000,-62.700001,2076.800049
2026-05-19-14-46-37,246.080002,-781.280029,-938.710022,0.600000,-0.100000,-66.800003,2073.000000
2026-05-19-14-46-37,235.589996,-796.299988,-935.919983,-1.900000,0.500000,-76.599998,2069.500000
2026-05-19-14-46-38,210.990005,-793.179993,-936.750000,-3.600000,-0.300000,-85.699997,2066.000000
2026-05-19-14-46-38,191.860001,-815.239990,-928.419983,-1.500000,-1.400000,-93.699997,2062.800049
2026-05-19-14-46-38,181.889999,-800.770020,-917.390015,0.100000,0.800000,-97.000000,2059.800049
2026-05-19-14-46-39,168.490005,-814.309998,-917.440002,1.800000,1.800000,-101.400002,2056.899902
2026-05-19-14-46-39,175.139999,-814.010010,-916.760010,4.100000,2.500000,-102.199997,2054.100098
2026-05-19-14-46-40,171.729996,-819.909973,-924.299988,6.000000,3.500000,-104.900002,2051.300049
2026-05-19-14-46-40,171.630005,-816.890015,-929.169983,7.100000,2.400000,-106.500000,2048.699951
2026-05-19-14-46-40,171.949997,-830.559998,-932.169983,8.400000,1.800000,-109.300003,2046.199951
2026-05-19-14-46-41,166.720001,-840.659973,-937.940002,9.800000,2.400000,-110.300003,2043.900024
2026-05-19-14-46-41,170.250000,-837.260010,-940.419983,9.900000,3.000000,-109.500000,2042.800049
2026-05-19-14-46-41,177.580002,-847.030029,-948.460022,11.400000,3.400000,-109.699997,2040.599976
2026-05-19-14-46-42,181.940002,-842.419983,-957.289978,11.000000,4.200000,-109.400002,2038.400024
2026-05-19-14-46-42,175.399994,-832.859985,-970.590027,9.300000,3.200000,-108.900002,2036.400024
2026-05-19-14-46-43,183.529999,-852.059998,-969.609985,9.400000,2.600000,-109.599998,2034.500000
2026-05-19-14-46-43,169.720001,-852.909973,-976.710022,8.500000,3.600000,-110.000000,2032.599976
2026-05-19-14-46-43,174.809998,-843.770020,-981.250000,7.300000,4.300000,-111.199997,2030.800049
2026-05-19-14-46-44,161.710007,-850.330017,-989.130005,7.600000,5.000000,-112.500000,2029.099976
2026-05-19-14-46-44,172.000000,-847.039978,-993.270020,7.300000,4.900000,-113.300003,2027.500000
2026-05-19-14-46-44,175.000000,-846.239990,-997.250000,7.400000,4.900000,-114.900002,2026.699951
2026-05-19-14-46-45,175.000000,-846.250000,-997.250000,8.500000,4.700000,-115.300003,2026.699951
2026-05-19-14-46-45,181.860001,-861.010010,-998.320007,9.400000,4.700000,-117.599998,2023.599976
2026-05-19-14-46-45,183.990005,-854.530029,-1008.119995,8.800000,6.300000,-118.199997,2022.099976
2026-05-19-14-46-46,179.380005,-862.799988,-1009.530029,7.700000,6.100000,-119.400002,2020.699951
2026-05-19-14-46-46,181.289993,-864.080017,-1012.500000,7.300000,5.700000,-121.599998,2019.400024
2026-05-19-14-46-47,177.779999,-864.440002,-1019.000000,8.700000,6.000000,-123.099998,2018.099976
2026-05-19-14-46-47,172.139999,-861.469971,-1022.869995,8.600000,6.100000,-124.400002,2016.900024
2026-05-19-14-46-47,175.380005,-863.140015,-1027.459961,8.000000,7.000000,-125.400002,2015.699951
2026-05-19-14-46-48,168.820007,-857.270020,-1036.089966,8.100000,9.500000,-125.300003,2014.599976
2026-05-19-14-46-48,169.229996,-856.039978,-1044.339966,7.200000,5.800000,-126.800003,2013.500000
2026-05-19-14-46-49,174.339996,-866.539978,-1038.439941,9.100000,5.100000,-129.199997,2012.400024
2026-05-19-14-46-49,171.600006,-866.989990,-1044.819946,9.200000,4.800000,-129.100006,2011.400024
2026-05-19-14-46-49,180.259995,-867.960022,-1046.810059,9.200000,4.500000,-128.199997,2010.400024
2026-05-19-14-46-50,177.509995,-863.380005,-1051.160034,9.500000,5.200000,-127.500000,2009.500000
2026-05-19-14-46-50,183.440002,-863.309998,-1055.020020,11.300000,5.800000,-127.099998,2008.599976
2026-05-19-14-47-01,182.869995,-869.070007,-1058.189941,9.200000,4.800000,-125.300003,2008.000000
2026-05-19-14-47-01,183.229996,-869.380005,-1057.969971,9.100000,4.900000,-125.599998,2008.000000
2026-05-19-14-47-01,183.619995,-869.729980,-1057.729980,9.000000,4.900000,-125.900002,2008.000000
2026-05-19-14-47-02,185.839996,-871.549988,-1056.369995,9.400000,4.200000,-127.099998,2008.599976
2026-05-19-14-47-04,189.449997,-874.630005,-1054.079956,8.900000,4.800000,-128.500000,2010.599976
2026-05-19-14-47-06,192.770004,-877.280029,-1052.339966,8.300000,2.600000,-132.100006,2013.500000
2026-05-19-14-47-07,196.240005,-879.280029,-1050.880005,8.500000,1.500000,-136.000000,2017.300049
2026-05-19-14-47-09,199.229996,-882.429993,-1048.390015,8.200000,3.500000,-137.100006,2022.300049
2026-05-19-14-47-10,202.220001,-884.780029,-1045.979980,8.100000,3.100000,-138.600006,2028.500000
2026-05-19-14-47-12,205.080002,-887.820007,-1043.160034,9.200000,4.800000,-123.400002,2035.900024
2026-05-19-14-47-13,208.449997,-891.309998,-1040.030029,11.300000,6.500000,-116.900002,2044.599976
2026-05-19-14-47-15,212.160004,-894.590027,-1037.089966,6.200000,0.700000,-119.599998,2055.000000
2026-05-19-14-47-16,216.309998,-897.590027,-1034.150024,9.100000,6.800000,-115.000000,2066.500000
2026-05-19-14-47-18,221.160004,-900.830017,-1031.260010,7.700000,0.500000,-110.500000,2079.800049
2026-05-19-14-47-19,221.160004,-900.830017,-1031.260010,7.700000,0.500000,-110.500000,2079.800049
2026-05-19-14-47-19,0.000000,0.010000,-0.010000,8.500000,0.300000,-97.400002,0.300000
2026-05-19-14-47-21,-0.040000,-0.270000,0.180000,8.300000,3.300000,-89.900002,7.000000
2026-05-19-14-47-22,-0.240000,-0.520000,0.760000,1.300000,-0.500000,1.900000,15.700000
2026-05-19-14-47-24,-2.540000,-0.330000,-0.370000,-0.300000,0.700000,0.700000,26.400000
2026-05-19-14-47-26,-4.730000,-0.610000,-1.310000,-1.300000,1.400000,0.200000,38.799999
2026-05-19-14-47-27,-7.240000,-0.650000,-2.010000,0.400000,1.500000,2.400000,52.799999
2026-05-19-14-47-29,-9.630000,-1.330000,-2.680000,-0.600000,1.900000,5.700000,68.400002
2026-05-19-14-47-30,-12.010000,-2.480000,-3.360000,0.600000,1.400000,2.300000,85.199997
2026-05-19-14-47-32,-14.050000,-4.150000,-4.540000,-0.100000,-4.200000,-2.700000,103.300003
2026-05-19-14-47-33,-15.990000,-5.700000,-5.120000,-0.100000,-3.700000,-8.700000,122.599998
2026-05-19-14-47-35,-18.110001,-7.350000,-6.220000,1.400000,-4.000000,-12.300000,143.300003
2026-05-19-14-47-36,-21.010000,-9.060000,-7.550000,1.600000,-3.400000,-15.600000,165.500000
2026-05-19-14-47-38,-23.410000,-10.900000,-8.000000,-3.400000,-0.500000,-9.700000,188.699997
2026-05-19-14-47-39,-25.340000,-12.720000,-8.310000,1.300000,-2.800000,3.900000,213.300003
2026-05-19-14-47-41,-27.320000,-14.070000,-8.120000,-3.400000,1.900000,8.000000,238.800003
2026-05-19-14-47-43,-28.889999,-15.770000,-7.640000,-0.800000,5.000000,13.900000,265.899994
2026-05-19-14-47-44,-30.840000,-17.280001,-7.720000,-0.200000,0.200000,15.600000,294.000000
2026-05-19-14-47-46,-33.150002,-18.350000,-7.630000,-1.700000,-0.100000,13.100000,323.600006
2026-05-19-14-47-47,-35.540001,-19.920000,-7.860000,-1.400000,0.600000,10.900000,354.299988
2026-05-19-14-47-49,-37.529999,-21.040001,-7.670000,0.900000,1.000000,23.700001,386.500000
2026-05-19-14-47-50,-40.060001,-21.879999,-7.710000,-1.300000,2.200000,29.100000,420.299988
2026-05-19-14-47-52,-43.200001,-22.540001,-7.860000,-4.600000,2.200000,34.700001,455.299988
2026-05-19-14-47-53,-46.430000,-23.070000,-7.930000,-2.700000,2.700000,38.099998,491.700012
2026-05-19-14-47-55,-49.930000,-23.660000,-8.110000,-0.200000,2.200000,39.299999,529.400024
2026-05-19-14-47-56,-53.619999,-23.780001,-7.860000,-5.500000,2.300000,40.000000,568.500000
2026-05-19-14-47-58,-56.970001,-24.400000,-7.550000,-2.000000,6.000000,36.599998,608.500000
2026-05-19-14-48-00,-60.950001,-24.730000,-7.440000,-0.600000,4.000000,31.500000,651.000000
2026-05-19-14-48-01,-65.389999,-25.120001,-6.960000,-3.500000,3.300000,23.200001,694.299988
2026-05-19-14-48-03,-68.410004,-25.270000,-5.800000,-1.100000,2.700000,12.900000,739.400024
2026-05-19-14-48-04,-72.870003,-25.610001,-5.440000,-5.700000,3.300000,12.400000,786.099976
2026-05-19-14-48-06,-76.800003,-25.920000,-4.830000,2.700000,-0.800000,21.100000,835.000000
2026-05-19-14-48-07,-80.760002,-26.469999,-4.530000,-0.200000,3.400000,19.000000,885.200012
2026-05-19-14-48-09,-85.169998,-27.410000,-5.040000,-1.000000,1.900000,17.900000,937.599976
2026-05-19-14-48-10,-89.519997,-28.240000,-5.370000,-0.800000,-1.000000,23.100000,991.599976
2026-05-19-14-48-12,-93.970001,-29.570000,-5.120000,-1.100000,1.500000,29.100000,1047.599976
2026-05-19-14-48-13,-98.209999,-30.879999,-5.000000,-1.900000,0.600000,30.100000,1105.000000
2026-05-19-14-48-15,-102.510002,-32.910000,-5.000000,-0.900000,-0.100000,27.600000,1164.300049
2026-05-19-14-48-16,-106.370003,-34.599998,-4.570000,-2.400000,-1.400000,23.700001,1226.599976
2026-05-19-14-48-18,-109.980003,-36.750000,-3.940000,-0.600000,-1.700000,20.100000,1290.199951
2026-05-19-14-48-19,-113.580002,-39.509998,-3.470000,-0.900000,0.000000,17.200001,1355.800049
2026-05-19-14-48-21,-118.099998,-43.040001,-3.280000,-0.800000,-2.900000,13.400000,1423.900024
2026-05-19-14-48-23,-122.050003,-45.410000,-3.030000,0.000000,-1.200000,9.500000,1494.400024
2026-05-19-14-48-24,-126.849998,-47.619999,-3.070000,1.100000,-2.100000,6.000000,1567.199951
2026-05-19-14-48-26,-131.169998,-49.320000,-1.750000,0.600000,0.700000,26.500000,1642.500000
2026-05-19-14-48-27,-135.009995,-51.860001,-0.970000,3.700000,1.500000,31.100000,1719.000000
2026-05-19-14-48-29,-139.080002,-54.970001,-0.050000,-1.000000,2.100000,32.000000,1798.400024
2026-05-19-14-48-30,-143.830002,-58.650002,-0.010000,-5.100000,8.000000,35.599998,1880.199951
2026-05-19-14-48-32,-148.160004,-61.950001,0.360000,0.400000,-2.100000,45.400002,1964.500000
2026-05-19-14-48-33,-152.740005,-65.849998,0.010000,-2.500000,1.000000,48.799999,2051.100098
2026-05-19-14-48-35,-157.350006,-69.620003,0.480000,-0.700000,4.400000,47.400002,2140.199951
2026-05-19-14-48-36,-162.679993,-73.480003,0.690000,-1.700000,2.500000,47.200001,2230.899902
2026-05-19-14-48-38,-168.750000,-77.400002,0.480000,-3.100000,2.500000,48.799999,2323.100098
2026-05-19-14-48-40,-174.729996,-80.849998,0.190000,0.900000,1.700000,45.500000,2418.399902
2026-05-19-14-48-41,-181.369995,-84.900002,-0.220000,-2.500000,1.700000,46.500000,2517.399902
2026-05-19-14-48-43,-188.639999,-88.309998,-0.260000,0.300000,3.700000,47.000000,2617.000000
2026-05-19-14-48-44,-196.520004,-92.430000,-0.850000,-3.300000,5.900000,46.299999,2719.500000
2026-05-19-14-48-46,-204.880005,-96.669998,-0.810000,-1.000000,1.600000,49.599998,2832.300049
2026-05-19-14-49-01,-0.240000,-0.350000,-0.230000,-1.500000,5.900000,80.699997,0.700000
2026-05-19-14-49-01,-0.140000,0.060000,-0.120000,-1.500000,5.900000,80.699997,0.900000
2026-05-19-14-49-02,-0.150000,0.080000,-0.110000,-3.700000,6.800000,85.099998,0.900000
2026-05-19-14-49-02,-0.150000,0.070000,-0.110000,-3.900000,7.300000,87.699997,0.900000
2026-05-19-14-49-02,-0.150000,0.060000,-0.120000,-1.500000,6.000000,90.599998,0.900000
2026-05-19-14-49-03,-0.160000,0.060000,-0.110000,0.700000,5.700000,93.599998,0.900000
2026-05-19-14-49-03,-0.160000,0.060000,-0.110000,0.900000,6.400000,96.900002,0.900000
2026-05-19-14-49-03,-0.170000,0.050000,-0.120000,0.900000,6.400000,99.400002,0.900000
2026-05-19-14-49-04,-0.180000,0.050000,-0.110000,-0.300000,7.600000,101.800003,0.900000
2026-05-19-14-49-04,-0.190000,0.050000,-0.120000,-0.600000,7.500000,102.900002,0.900000
2026-05-19-14-49-04,-0.190000,0.040000,-0.100000,0.700000,7.600000,103.599998,0.900000
2026-05-19-14-49-05,-0.180000,0.060000,-0.100000,-0.300000,10.300000,103.500000,0.900000
2026-05-19-14-49-05,-0.200000,0.040000,-0.100000,-1.100000,12.000000,104.099998,0.900000
2026-05-19-14-49-06,-0.200000,0.030000,-0.080000,-2.500000,11.900000,100.699997,0.900000
2026-05-19-14-49-06,-0.200000,0.030000,-0.080000,-2.800000,11.100000,100.000000,0.900000
2026-05-19-14-49-06,-0.200000,0.010000,-0.100000,-1.900000,9.100000,98.099998,0.900000
2026-05-19-14-49-06,-0.220000,0.020000,-0.100000,-2.500000,9.100000,91.800003,0.900000
2026-05-19-14-49-07,-0.220000,0.040000,-0.110000,-4.200000,7.500000,88.099998,0.900000
2026-05-19-14-49-07,-0.220000,0.030000,-0.120000,-2.500000,7.500000,84.099998,0.900000
2026-05-19-14-49-08,-0.220000,0.040000,-0.100000,-2.500000,7.500000,81.199997,0.900000
2026-05-19-14-49-08,-0.220000,0.070000,-0.100000,-4.500000,7.800000,81.800003,0.900000
2026-05-19-14-49-08,-0.210000,0.060000,-0.120000,-3.900000,5.900000,81.599998,0.900000
2026-05-19-14-49-09,-0.190000,0.080000,-0.100000,-4.500000,7.800000,82.300003,0.900000
2026-05-19-14-49-09,-0.180000,0.090000,-0.120000,-3.400000,7.500000,82.800003,0.900000
2026-05-19-14-49-09,-0.160000,0.080000,-0.110000,-1.000000,8.700000,82.800003,0.900000
2026-05-19-14-49-10,-0.160000,0.070000,-0.110000,-0.600000,8.100000,83.099998,0.900000
2026-05-19-14-49-10,-0.160000,0.070000,-0.110000,-1.200000,7.100000,83.699997,0.900000
2026-05-19-14-49-11,-0.150000,0.060000,-0.110000,-1.900000,6.700000,84.500000,0.900000
2026-05-19-14-49-11,-0.140000,0.050000,-0.110000,0.000000,7.500000,83.400002,0.900000
2026-05-19-14-49-11,-0.150000,0.060000,-0.090000,1.100000,9.900000,82.000000,0.900000
2026-05-19-14-49-12,-0.150000,0.050000,-0.100000,1.300000,9.900000,81.099998,0.900000
2026-05-19-14-49-12,-0.160000,0.040000,-0.090000,-0.700000,10.500000,79.099998,0.900000
2026-05-19-14-49-13,-0.160000,0.040000,-0.090000,-1.800000,8.400000,78.599998,0.900000
2026-05-19-14-49-13,-0.160000,0.040000,-0.110000,-0.800000,6.800000,76.699997,0.900000
2026-05-19-14-49-13,-0.180000,0.040000,-0.110000,1.600000,8.400000,74.599998,0.900000
2026-05-19-14-49-14,-0.190000,0.040000,-0.100000,1.600000,10.100000,73.900002,0.900000
2026-05-19-14-49-14,-0.210000,0.020000,-0.090000,-0.600000,8.200000,72.900002,0.900000
2026-05-19-14-49-14,-0.210000,0.020000,-0.100000,-0.300000,7.300000,74.000000,0.900000
2026-05-19-14-49-15,-0.210000,0.010000,-0.100000,2.400000,7.500000,74.199997,0.900000
2026-05-19-14-49-15,-0.230000,-0.010000,-0.100000,7.200000,7.500000,78.300003,0.900000
2026-05-19-14-49-16,-0.250000,0.010000,-0.100000,6.100000,10.500000,80.300003,0.900000
2026-05-19-14-49-16,-0.260000,0.010000,-0.100000,5.500000,9.900000,80.500000,0.900000
2026-05-19-14-49-16,-0.270000,0.000000,-0.100000,4.600000,8.900000,81.599998,0.900000
2026-05-19-14-49-16,-0.280000,0.040000,-0.090000,1.600000,10.700000,84.199997,0.900000
2026-05-19-14-49-17,-0.290000,0.040000,-0.100000,-0.400000,5.900000,85.599998,0.900000
2026-05-19-14-49-17,-0.320000,0.040000,-0.120000,0.700000,6.400000,86.099998,0.900000
2026-05-19-14-49-18,-0.330000,0.060000,-0.130000,1.900000,6.800000,86.599998,0.900000
2026-05-19-14-49-18,-0.360000,0.040000,-0.130000,2.200000,7.800000,87.000000,0.900000
2026-05-19-14-49-18,-0.380000,0.060000,-0.110000,0.700000,9.100000,87.500000,0.900000
2026-05-19-14-49-19,-0.390000,0.070000,-0.110000,-1.300000,6.800000,88.900002,0.900000
2026-05-19-14-49-19,-0.400000,0.060000,-0.120000,-2.600000,5.500000,89.800003,0.900000
2026-05-19-14-49-19,-0.420000,0.060000,-0.140000,-0.800000,6.100000,91.400002,0.900000
2026-05-19-14-49-20,-0.440000,0.050000,-0.140000,0.900000,5.400000,91.099998,0.900000
2026-05-19-14-49-20,-0.450000,0.040000,-0.120000,0.100000,7.100000,92.500000,0.900000
2026-05-19-14-49-21,-0.470000,0.040000,-0.130000,-0.600000,5.600000,93.400002,0.900000
2026-05-19-14-49-21,-0.470000,0.040000,-0.130000,-0.700000,4.600000,94.500000,0.900000
2026-05-19-14-49-21,-0.480000,0.040000,-0.130000,-1.000000,5.600000,95.800003,0.900000
2026-05-19-14-49-22,-0.500000,0.030000,-0.130000,1.000000,6.000000,95.699997,0.900000
2026-05-19-14-49-22,-0.510000,0.040000,-0.120000,1.000000,8.700000,96.699997,0.900000
2026-05-19-14-49-23,-0.530000,0.050000,-0.130000,0.700000,6.800000,97.199997,0.900000
2026-05-19-14-49-23,-0.530000,0.050000,-0.130000,-0.900000,6.200000,98.400002,0.900000
2026-05-19-14-49-23,-0.550000,0.060000,-0.140000,-1.000000,6.000000,99.500000,0.900000
2026-05-19-14-49-24,-0.550000,0.040000,-0.140000,0.700000,5.500000,99.400002,0.900000
2026-05-19-14-49-24,-0.570000,0.050000,-0.130000,4.200000,8.200000,98.400002,0.900000
2026-05-19-14-49-24,-0.590000,0.060000,-0.130000,2.700000,6.400000,98.300003,0.900000
2026-05-19-14-49-25,-0.600000,0.050000,-0.120000,-0.700000,6.000000,99.000000,0.900000
2026-05-19-14-49-25,-0.600000,0.080000,-0.140000,-1.700000,7.000000,100.000000,0.900000
2026-05-19-14-49-26,-0.610000,0.090000,-0.140000,-0.800000,7.900000,100.500000,0.900000
2026-05-19-14-49-26,-0.620000,0.080000,-0.140000,-0.100000,8.100000,100.199997,0.900000
2026-05-19-14-49-26,-0.630000,0.090000,-0.140000,1.400000,8.700000,100.000000,0.900000
2026-05-19-14-49-26,-0.640000,0.100000,-0.140000,1.200000,7.000000,100.500000,0.900000
2026-05-19-14-49-27,-0.650000,0.110000,-0.140000,1.000000,3.400000,99.900002,0.900000
2026-05-19-14-49-27,-0.640000,0.140000,-0.140000,-0.900000,5.300000,100.199997,0.900000
2026-05-19-14-49-28,-0.670000,0.140000,-0.150000,0.000000,8.500000,99.900002,0.900000
2026-05-19-14-49-28,-0.670000,0.160000,-0.140000,-0.400000,12.700000,99.199997,0.900000
2026-05-19-14-49-28,-0.670000,0.150000,-0.140000,-0.300000,7.900000,99.699997,0.900000
2026-05-19-14-49-29,-0.680000,0.150000,-0.150000,0.500000,6.500000,99.500000,0.900000
2026-05-19-14-49-29,-0.690000,0.140000,-0.140000,0.000000,7.500000,99.800003,0.900000
2026-05-19-14-49-29,-0.690000,0.120000,-0.130000,0.000000,9.700000,99.699997,0.900000
2026-05-19-14-49-30,-0.690000,0.120000,-0.130000,0.000000,11.700000,99.599998,0.900000
2026-05-19-14-49-30,-0.700000,0.090000,-0.140000,0.700000,11.100000,99.099998,0.900000
2026-05-19-14-49-31,-0.700000,0.070000,-0.130000,-1.200000,10.700000,98.800003,0.900000
2026-05-19-14-49-31,-0.710000,0.050000,-0.120000,-1.900000,5.200000,100.099998,0.900000
2026-05-19-14-49-31,-0.690000,0.050000,-0.150000,-0.800000,2.800000,100.599998,0.900000
2026-05-19-14-49-32,-0.700000,0.060000,-0.160000,0.900000,3.400000,100.300003,0.900000
2026-05-19-14-49-32,-0.720000,0.050000,-0.150000,1.900000,6.400000,100.199997,0.900000
2026-05-19-14-49-33,-0.730000,0.080000,-0.130000,0.200000,10.400000,100.400002,0.900000
2026-05-19-14-49-33,-0.730000,0.070000,-0.140000,-0.300000,8.200000,100.199997,0.900000
2026-05-19-14-49-33,-0.740000,0.080000,-0.130000,-0.400000,6.300000,99.699997,0.900000
2026-05-19-14-49-34,-0.760000,0.120000,-0.150000,2.300000,6.100000,97.500000,0.900000
2026-05-19-14-49-34,-0.780000,0.210000,-0.140000,6.300000,3.700000,94.599998,0.900000
2026-05-19-14-49-34,-0.800000,0.290000,-0.150000,3.600000,1.300000,92.300003,0.900000
2026-05-19-14-49-35,-0.820000,0.360000,-0.160000,-0.900000,0.600000,90.900002,0.900000
2026-05-19-14-49-35,-0.820000,0.420000,-0.190000,-3.100000,1.300000,91.300003,0.900000
2026-05-19-14-49-36,-0.830000,0.480000,-0.210000,-5.000000,5.000000,89.900002,0.900000
2026-05-19-14-49-36,-0.840000,0.500000,-0.220000,-3.800000,5.600000,89.500000,0.900000
2026-05-19-14-49-36,-0.840000,0.530000,-0.210000,-2.100000,5.600000,89.500000,0.900000
2026-05-19-14-49-37,-0.850000,0.600000,-0.200000,-1.200000,5.000000,87.900002,0.900000
2026-05-19-14-49-37,-0.850000,0.630000,-0.200000,-0.300000,2.700000,88.500000,0.900000
2026-05-19-14-49-37,-0.860000,0.680000,-0.210000,-0.400000,3.500000,87.400002,0.900000
2026-05-19-14-49-38,-0.860000,0.710000,-0.230000,-0.500000,4.900000,88.099998,0.900000
2026-05-19-14-49-38,-0.870000,0.730000,-0.240000,-0.900000,4.700000,87.199997,0.900000
2026-05-19-14-49-39,-0.870000,0.750000,-0.240000,-1.300000,4.700000,87.800003,0.900000
2026-05-19-14-49-39,-0.870000,0.790000,-0.240000,-1.200000,3.600000,87.300003,0.900000
2026-05-19-14-49-39,-0.870000,0.820000,-0.240000,-0.900000,3.700000,87.699997,0.900000
2026-05-19-14-49-40,-0.870000,0.830000,-0.240000,-0.300000,3.800000,87.500000,0.900000
2026-05-19-14-49-40,-0.880000,0.860000,-0.240000,-0.900000,4.800000,87.199997,0.900000
2026-05-19-14-49-40,-0.880000,0.880000,-0.240000,-0.700000,4.600000,87.199997,0.900000
2026-05-19-14-49-41,-0.880000,0.910000,-0.240000,-0.900000,4.300000,87.300003,0.900000
2026-05-19-14-49-41,-0.880000,0.930000,-0.240000,-0.900000,3.600000,87.000000,0.900000
2026-05-19-14-49-42,-0.880000,0.940000,-0.260000,-0.900000,3.800000,86.599998,0.900000
2026-05-19-14-49-42,-0.890000,0.970000,-0.250000,-1.400000,4.500000,86.300003,0.900000
2026-05-19-14-49-42,-0.900000,0.990000,-0.250000,-0.300000,4.300000,85.400002,0.900000
2026-05-19-14-49-43,-0.890000,1.030000,-0.250000,-1.500000,5.200000,86.400002,0.900000
2026-05-19-14-49-43,-0.900000,1.020000,-0.260000,-1.100000,3.000000,85.199997,0.900000
2026-05-19-14-49-44,-0.890000,1.040000,-0.260000,-1.700000,4.400000,86.500000,0.900000
2026-05-19-14-49-44,-0.890000,1.050000,-0.270000,-1.700000,3.000000,85.400002,0.900000
2026-05-19-14-49-44,-0.910000,1.070000,-0.260000,-2.100000,5.100000,87.300003,0.900000
2026-05-19-14-49-45,-0.920000,1.180000,-0.260000,-5.100000,11.000000,94.599998,0.900000
2026-05-19-14-49-45,-0.910000,1.330000,-0.290000,-3.500000,11.700000,109.699997,0.900000
2026-05-19-14-49-45,-0.980000,1.470000,-0.320000,-4.600000,7.300000,129.100006,0.900000
2026-05-19-14-49-46,-1.070000,1.580000,-0.330000,-7.000000,1.900000,146.600006,0.900000
2026-05-19-14-49-46,-1.120000,1.650000,-0.330000,-6.200000,-0.600000,151.500000,0.900000
2026-05-19-14-49-46,-1.180000,1.720000,-0.350000,-3.600000,-3.300000,156.399994,0.900000
2026-05-19-14-49-47,-1.180000,1.730000,-0.380000,4.200000,-4.600000,163.800003,0.900000
2026-05-19-14-49-47,-1.240000,1.790000,-0.380000,8.800000,-3.300000,168.800003,0.900000
2026-05-19-14-49-47,-1.280000,1.810000,-0.390000,9.400000,-0.500000,174.300003,0.900000
2026-05-19-14-49-48,-1.330000,1.850000,-0.400000,7.200000,2.900000,178.699997,0.900000
2026-05-19-14-49-48,-1.370000,1.870000,-0.400000,4.500000,3.600000,-177.399994,0.900000
2026-05-19-14-49-49,-1.420000,1.900000,-0.400000,4.300000,2.900000,-175.000000,0.900000
2026-05-19-14-49-49,-1.450000,1.920000,-0.420000,4.900000,1.600000,-172.500000,0.900000
2026-05-19-14-49-49,-1.480000,1.940000,-0.420000,5.800000,1.500000,-170.600006,0.900000
2026-05-19-14-49-50,-1.510000,1.960000,-0.410000,6.600000,2.500000,-168.800003,0.900000
2026-05-19-14-49-50,-1.540000,1.990000,-0.410000,7.300000,3.100000,-166.500000,0.900000
2026-05-19-14-49-50,-1.570000,2.010000,-0.420000,7.000000,4.200000,-165.699997,0.900000
2026-05-19-14-49-51,-1.600000,2.010000,-0.450000,6.300000,3.400000,-164.199997,0.900000
2026-05-19-14-49-51,-1.620000,2.030000,-0.440000,6.200000,3.200000,-163.800003,0.900000
2026-05-19-14-49-52,-1.640000,2.060000,-0.450000,6.300000,3.000000,-163.199997,0.900000
2026-05-19-14-49-52,-1.660000,2.050000,-0.440000,6.200000,3.700000,-162.899994,0.900000
2026-05-19-14-49-52,-1.700000,2.070000,-0.440000,6.500000,5.000000,-170.000000,0.900000
2026-05-19-14-49-53,-1.730000,2.030000,-0.440000,6.200000,7.000000,171.399994,0.900000
2026-05-19-14-49-53,-1.780000,2.000000,-0.440000,2.600000,7.100000,146.699997,0.900000
2026-05-19-14-49-54,-1.850000,2.020000,-0.440000,1.000000,7.000000,121.599998,0.900000
2026-05-19-14-49-54,-1.890000,2.020000,-0.450000,0.400000,5.300000,110.300003,0.900000
2026-05-19-14-49-54,-1.970000,2.060000,-0.460000,-1.200000,3.800000,87.800003,0.900000
2026-05-19-14-49-54,-2.010000,2.110000,-0.480000,-3.500000,1.900000,75.199997,0.900000
2026-05-19-14-49-55,-2.010000,2.120000,-0.490000,-5.000000,-2.500000,69.599998,0.900000
2026-05-19-14-49-55,-2.030000,2.180000,-0.480000,-8.200000,-2.300000,66.900002,0.900000
2026-05-19-14-49-56,-2.050000,2.220000,-0.510000,-9.200000,-1.800000,63.599998,0.900000
2026-05-19-14-49-56,-2.040000,2.240000,-0.500000,-6.800000,-1.100000,63.900002,0.900000
2026-05-19-14-49-56,-2.020000,2.280000,-0.500000,-5.800000,1.900000,66.800003,0.900000
2026-05-19-14-49-57,-1.940000,2.340000,-0.470000,-3.900000,5.500000,84.800003,0.900000
2026-05-19-14-49-57,-1.950000,2.340000,-0.460000,-1.400000,6.200000,116.900002,0.900000
2026-05-19-14-49-57,-1.930000,2.430000,-0.480000,-0.800000,4.900000,145.899994,0.900000
2026-05-19-14-49-58,-1.920000,2.490000,-0.520000,-1.700000,1.100000,157.600006,0.900000
2026-05-19-14-49-58,-1.940000,2.530000,-0.530000,-1.500000,2.100000,166.000000,0.900000
2026-05-19-14-49-58,-1.950000,2.580000,-0.510000,0.600000,1.900000,170.300003,0.900000
2026-05-19-14-49-59,-1.970000,2.630000,-0.500000,3.600000,3.900000,171.399994,0.900000
2026-05-19-14-49-59,-2.010000,2.620000,-0.490000,2.400000,4.700000,144.000000,0.900000
2026-05-19-14-50-00,-2.080000,2.610000,-0.500000,0.900000,2.800000,112.500000,0.900000
2026-05-19-14-50-00,-2.070000,2.680000,-0.510000,-0.900000,2.400000,132.600006,0.900000
2026-05-19-14-50-00,-2.090000,2.790000,-0.520000,-2.100000,3.700000,159.000000,0.900000
2026-05-19-14-50-01,-2.090000,2.860000,-0.540000,-1.200000,2.800000,172.600006,0.900000
2026-05-19-14-50-01,-2.110000,2.890000,-0.560000,0.400000,3.100000,179.399994,0.900000
2026-05-19-14-50-02,-2.140000,2.910000,-0.560000,4.700000,3.700000,178.199997,0.900000
2026-05-19-14-50-02,-2.180000,2.950000,-0.550000,6.700000,4.100000,173.199997,0.900000
2026-05-19-14-50-02,-2.210000,2.990000,-0.560000,5.400000,4.000000,169.699997,0.900000
2026-05-19-14-50-03,-2.240000,3.010000,-0.570000,3.600000,3.800000,167.600006,0.900000
2026-05-19-14-50-03,-2.260000,3.010000,-0.570000,1.500000,3.800000,164.699997,0.900000
2026-05-19-14-50-03,-2.290000,3.030000,-0.580000,1.600000,5.100000,163.000000,0.900000
2026-05-19-14-50-04,-2.300000,3.050000,-0.570000,2.400000,4.400000,161.500000,0.900000
2026-05-19-14-50-04,-2.330000,3.100000,-0.570000,3.700000,5.500000,160.100006,0.900000
2026-05-19-14-50-05,-2.350000,3.120000,-0.580000,4.500000,5.700000,159.000000,0.900000
2026-05-19-14-50-05,-2.360000,3.130000,-0.590000,3.500000,5.800000,158.199997,0.900000
2026-05-19-14-50-05,-2.370000,3.140000,-0.590000,3.100000,4.700000,156.500000,0.900000
2026-05-19-14-50-06,-2.400000,3.180000,-0.590000,3.400000,6.300000,157.000000,0.900000
2026-05-19-14-50-06,-2.410000,3.190000,-0.610000,2.700000,5.800000,155.199997,0.900000
2026-05-19-14-50-06,-2.410000,3.190000,-0.610000,2.600000,5.700000,155.100006,0.900000
2026-05-19-14-50-07,-2.420000,3.200000,-0.600000,2.700000,5.600000,154.899994,0.900000
2026-05-19-14-50-07,-2.430000,3.220000,-0.590000,2.700000,5.700000,153.800003,1.000000
2026-05-19-14-50-07,-2.440000,3.240000,-0.590000,3.400000,5.900000,152.100006,1.000000
2026-05-19-14-50-08,-2.450000,3.260000,-0.600000,3.700000,6.300000,152.800003,1.000000
2026-05-19-14-50-08,-2.450000,3.250000,-0.610000,3.100000,4.800000,151.199997,1.000000
2026-05-19-14-50-08,-2.460000,3.280000,-0.610000,2.800000,6.400000,151.500000,1.000000
2026-05-19-14-50-09,-2.470000,3.290000,-0.610000,2.400000,7.000000,151.399994,1.000000
2026-05-19-14-50-09,-2.460000,3.290000,-0.600000,2.000000,5.100000,151.000000,1.000000
2026-05-19-14-50-09,-2.470000,3.320000,-0.600000,2.900000,6.800000,149.500000,1.000000
2026-05-19-14-50-10,-2.470000,3.340000,-0.620000,3.400000,5.300000,148.600006,1.000000
2026-05-19-14-50-10,-2.480000,3.330000,-0.620000,3.200000,6.400000,146.800003,1.000000
2026-05-19-14-50-11,-2.480000,3.350000,-0.620000,3.300000,6.100000,146.000000,1.000000
2026-05-19-14-50-11,-2.490000,3.360000,-0.610000,2.800000,6.900000,144.500000,1.000000
2026-05-19-14-50-11,-2.490000,3.370000,-0.620000,2.500000,6.200000,143.300003,1.000000
2026-05-19-14-50-12,-2.490000,3.370000,-0.630000,2.200000,6.200000,142.300003,1.000000
2026-05-19-14-50-12,-2.480000,3.380000,-0.620000,2.200000,5.700000,140.100006,1.000000
2026-05-19-14-50-13,-2.490000,3.390000,-0.620000,2.500000,6.500000,139.899994,1.000000
2026-05-19-14-50-13,-2.490000,3.410000,-0.630000,2.200000,6.800000,138.399994,1.000000
2026-05-19-14-50-13,-2.490000,3.410000,-0.630000,2.200000,6.500000,139.199997,1.000000
2026-05-19-14-50-14,-2.470000,3.400000,-0.630000,2.100000,5.400000,137.899994,1.000000
2026-05-19-14-50-14,-2.480000,3.420000,-0.620000,2.100000,6.800000,137.199997,1.000000
2026-05-19-14-50-14,-2.490000,3.440000,-0.620000,2.300000,6.900000,137.000000,1.000000
2026-05-19-14-50-15,-2.470000,3.430000,-0.630000,1.800000,5.300000,136.100006,1.000000
2026-05-19-14-50-15,-2.480000,3.430000,-0.640000,1.500000,6.500000,135.699997,1.000000
2026-05-19-14-50-15,-2.480000,3.430000,-0.640000,2.200000,5.700000,134.699997,1.000000
2026-05-19-14-50-16,-2.460000,3.430000,-0.630000,1.600000,6.300000,134.600006,1.000000
2026-05-19-14-50-16,-2.470000,3.440000,-0.620000,1.500000,6.500000,133.600006,1.000000
2026-05-19-14-50-16,-2.460000,3.440000,-0.620000,1.600000,5.800000,133.399994,1.000000
2026-05-19-14-50-17,-2.460000,3.440000,-0.620000,1.500000,5.900000,133.899994,1.000000
2026-05-19-14-50-17,-2.480000,3.470000,-0.630000,1.100000,7.200000,134.300003,1.000000
2026-05-19-14-50-17,-2.460000,3.460000,-0.650000,1.300000,5.500000,134.399994,1.000000
2026-05-19-14-50-18,-2.450000,3.470000,-0.630000,1.200000,7.000000,134.300003,1.000000
2026-05-19-14-50-18,-2.450000,3.490000,-0.620000,2.300000,6.700000,134.699997,1.000000
2026-05-19-14-50-19,-2.440000,3.490000,-0.620000,2.200000,6.700000,135.199997,1.000000
2026-05-19-14-50-19,-2.430000,3.480000,-0.630000,2.200000,6.000000,135.899994,1.000000
2026-05-19-14-50-19,-2.420000,3.490000,-0.640000,1.500000,6.700000,136.899994,1.000000
2026-05-19-14-50-20,-2.410000,3.500000,-0.640000,1.400000,6.200000,138.100006,1.000000
2026-05-19-14-50-20,-2.390000,3.500000,-0.630000,1.500000,6.400000,139.600006,1.000000
2026-05-19-14-50-20,-2.380000,3.490000,-0.630000,2.400000,6.100000,140.300003,1.000000
2026-05-19-14-50-21,-2.370000,3.490000,-0.620000,2.900000,5.600000,140.899994,1.000000
2026-05-19-14-50-21,-2.370000,3.510000,-0.620000,2.800000,6.800000,141.899994,1.000000
2026-05-19-14-50-22,-2.360000,3.520000,-0.640000,2.500000,6.700000,143.199997,1.000000
2026-05-19-14-50-22,-2.340000,3.500000,-0.650000,2.800000,6.000000,143.899994,1.000000
2026-05-19-14-50-22,-2.330000,3.510000,-0.640000,3.200000,6.800000,144.500000,1.000000
2026-05-19-14-50-23,-2.320000,3.510000,-0.620000,2.800000,5.900000,144.600006,1.000000
2026-05-19-14-50-23,-2.320000,3.530000,-0.610000,2.900000,6.700000,145.600006,1.000000
2026-05-19-14-50-23,-2.330000,3.530000,-0.620000,2.400000,6.100000,145.000000,1.000000
2026-05-19-14-50-24,-2.310000,3.530000,-0.640000,3.000000,6.600000,146.899994,1.000000
2026-05-19-14-50-24,-2.290000,3.520000,-0.640000,2.500000,5.800000,145.899994,1.000000
2026-05-19-14-50-25,-2.280000,3.540000,-0.620000,3.600000,6.700000,147.100006,1.000000
2026-05-19-14-50-25,-2.280000,3.560000,-0.630000,3.000000,5.800000,146.800003,1.000000
2026-05-19-14-50-25,-2.280000,3.550000,-0.630000,4.200000,6.300000,147.600006,1.000000
2026-05-19-14-50-26,-2.260000,3.560000,-0.630000,3.600000,6.000000,148.100006,1.000000
2026-05-19-14-50-26,-2.250000,3.570000,-0.640000,2.500000,6.900000,148.600006,1.000000
2026-05-19-14-50-26,-2.240000,3.570000,-0.640000,2.100000,6.700000,149.300003,1.000000
2026-05-19-14-50-27,-2.240000,3.560000,-0.630000,2.500000,6.200000,149.800003,1.000000
2026-05-19-14-50-28,-2.410000,3.700000,-0.630000,3.700000,-1.400000,-145.500000,1.000000
2026-05-19-14-50-28,-2.470000,3.710000,-0.650000,7.100000,-4.900000,-124.099998,1.000000
2026-05-19-14-50-29,-2.500000,3.710000,-0.660000,20.900000,-7.200000,-115.400002,1.000000
2026-05-19-14-50-29,-2.540000,3.720000,-0.590000,20.799999,-9.800000,-112.099998,1.000000
2026-05-19-14-50-29,-2.590000,3.760000,-0.480000,18.200001,-13.100000,-113.199997,1.000000
2026-05-19-14-50-30,-2.650000,3.820000,-0.370000,16.400000,-16.600000,-115.099998,1.000000
2026-05-19-14-50-30,-2.680000,3.860000,-0.330000,12.200000,-18.100000,-116.900002,1.000000
2026-05-19-14-50-31,-2.720000,3.900000,-0.310000,10.000000,-17.200001,-118.900002,1.000000
2026-05-19-14-50-31,-2.750000,3.940000,-0.310000,10.700000,-15.000000,-121.099998,1.000000
2026-05-19-14-50-31,-2.770000,3.970000,-0.330000,11.700000,-11.500000,-124.199997,1.000000
2026-05-19-14-50-32,-2.780000,4.000000,-0.340000,11.400000,-8.400000,-127.699997,1.000000
2026-05-19-14-50-32,-2.790000,4.030000,-0.370000,9.900000,-5.400000,-131.300003,1.000000
2026-05-19-14-50-33,-2.800000,4.040000,-0.410000,8.200000,-2.500000,-135.000000,1.000000
2026-05-19-14-50-33,-2.820000,4.080000,-0.410000,8.600000,-2.200000,-139.100006,1.000000
2026-05-19-14-50-33,-2.840000,4.120000,-0.330000,9.000000,-3.200000,-141.500000,1.000000
2026-05-19-14-50-34,-2.880000,4.170000,-0.280000,1.300000,-17.799999,-105.900002,1.000000
2026-05-19-14-50-34,-2.950000,4.200000,-0.280000,-4.900000,-25.799999,-75.599998,1.000000
2026-05-19-14-50-35,-2.980000,4.200000,-0.280000,-2.300000,-24.799999,-67.199997,1.000000
2026-05-19-14-50-35,-2.950000,4.130000,-0.260000,1.300000,-17.900000,-61.299999,1.000000
2026-05-19-14-50-36,-2.870000,4.020000,-0.210000,1.800000,-13.300000,-53.200001,1.000000
2026-05-19-14-50-36,-2.760000,3.880000,-0.170000,2.000000,-13.200000,-45.099998,1.000000
2026-05-19-14-50-36,-2.630000,3.740000,-0.130000,0.400000,-16.700001,-37.599998,1.000000
2026-05-19-14-50-37,-2.510000,3.620000,-0.080000,-1.500000,-19.100000,-33.599998,1.000000
2026-05-19-14-50-37,-2.330000,3.410000,0.080000,-7.500000,-24.700001,-22.299999,1.000000
2026-05-19-14-50-38,-2.140000,3.300000,0.160000,-10.200000,-26.100000,-15.500000,1.000000
2026-05-19-14-50-38,-1.850000,3.270000,0.270000,28.900000,-22.299999,-83.099998,1.000000
2026-05-19-14-50-39,-1.760000,3.240000,0.310000,31.200001,-11.400000,-103.400002,1.000000
2026-05-19-14-50-40,-1.620000,3.140000,0.160000,20.000000,-9.700000,-110.599998,1.000000
2026-05-19-14-50-40,-1.570000,3.100000,-0.020000,10.700000,-7.300000,-106.599998,1.000000
2026-05-19-14-50-41,-1.580000,3.070000,-0.430000,-7.000000,3.300000,-99.400002,1.000000
2026-05-19-14-50-41,-1.630000,3.070000,-0.540000,-7.100000,4.100000,-98.199997,1.000000
2026-05-19-14-50-42,-1.720000,3.120000,-0.510000,-12.400000,-1.700000,-101.599998,1.000000
2026-05-19-14-50-42,-1.780000,3.140000,-0.510000,-15.100000,-6.200000,-106.300003,1.000000
2026-05-19-14-50-42,-1.820000,3.150000,-0.510000,-7.400000,-7.600000,-110.000000,1.000000
2026-05-19-14-50-43,-1.860000,3.170000,-0.530000,1.800000,-7.100000,-112.300003,1.000000
2026-05-19-14-50-43,-1.870000,3.160000,-0.520000,8.300000,-2.200000,-114.599998,1.000000
2026-05-19-14-50-43,-1.910000,3.180000,-0.530000,11.300000,0.200000,-113.599998,1.000000
2026-05-19-14-50-44,-1.970000,3.170000,-0.540000,7.800000,-1.500000,-82.099998,1.000000
2026-05-19-14-50-44,-2.030000,3.140000,-0.520000,1.900000,-3.900000,-54.000000,1.000000
2026-05-19-14-50-45,-2.090000,3.130000,-0.540000,0.200000,-7.100000,-43.700001,1.000000
2026-05-19-14-50-45,-2.050000,3.080000,-0.540000,-0.400000,-3.600000,-36.799999,1.000000
2026-05-19-14-50-45,-1.960000,2.980000,-0.510000,1.100000,-2.400000,-30.900000,1.000000
2026-05-19-14-50-46,-1.820000,2.850000,-0.510000,3.200000,-8.600000,-26.400000,1.000000
2026-05-19-14-50-46,-1.520000,2.620000,-0.420000,-2.400000,-15.600000,-14.600000,1.000000
2026-05-19-14-50-47,-1.440000,2.570000,-0.430000,-7.800000,-18.600000,-12.300000,1.000000
2026-05-19-14-50-47,-1.360000,2.510000,-0.430000,-11.300000,-20.400000,-9.600000,1.000000
2026-05-19-14-50-47,-1.330000,2.490000,-0.440000,-10.200000,-18.100000,-6.100000,1.000000
2026-05-19-14-50-48,-1.270000,2.460000,-0.430000,-6.900000,-12.900000,-4.500000,1.000000
2026-05-19-14-50-48,-1.240000,2.430000,-0.420000,-3.600000,-7.800000,-3.100000,1.000000
2026-05-19-14-50-49,-1.200000,2.400000,-0.430000,-2.200000,-3.200000,-1.700000,1.000000
2026-05-19-14-50-49,-1.180000,2.380000,-0.430000,-2.100000,-3.400000,-1.300000,1.000000
2026-05-19-14-50-49,-1.150000,2.360000,-0.420000,-2.200000,-4.600000,-1.300000,1.000000
2026-05-19-14-50-50,-1.120000,2.350000,-0.410000,-2.500000,-6.200000,-1.800000,1.000000
2026-05-19-14-50-50,-1.110000,2.350000,-0.400000,-2.900000,-5.300000,-2.400000,1.000000
2026-05-19-14-50-51,-1.080000,2.330000,-0.410000,-2.700000,-4.200000,-3.100000,1.000000
2026-05-19-14-50-51,-1.050000,2.310000,-0.430000,-2.000000,-2.500000,-4.500000,1.000000
2026-05-19-14-50-51,-1.020000,2.300000,-0.420000,-1.100000,-2.500000,-5.800000,1.000000
2026-05-19-14-50-52,-1.010000,2.300000,-0.410000,-0.900000,-3.500000,-6.700000,1.000000
2026-05-19-14-50-52,-0.990000,2.290000,-0.400000,-0.700000,-3.900000,-7.400000,1.000000
2026-05-19-14-50-52,-0.960000,2.270000,-0.410000,-1.100000,-3.300000,-8.800000,1.000000
2026-05-19-14-50-53,-0.940000,2.270000,-0.410000,-1.200000,-3.300000,-10.100000,1.000000
2026-05-19-14-50-53,-0.940000,2.270000,-0.420000,-1.000000,-3.900000,-11.000000,1.000000
2026-05-19-14-50-54,-0.900000,2.260000,-0.410000,-0.500000,-2.100000,-13.300000,1.000000
2026-05-19-14-50-54,-0.880000,2.250000,-0.410000,-0.300000,-3.200000,-14.500000,1.000000
2026-05-19-14-50-54,-0.860000,2.250000,-0.400000,-0.300000,-2.600000,-15.900000,1.000000
2026-05-19-14-50-55,-0.850000,2.250000,-0.390000,0.100000,-2.700000,-16.900000,1.000000
2026-05-19-14-50-55,-0.870000,2.250000,-0.400000,-0.200000,-5.200000,-19.400000,1.000000
2026-05-19-14-50-55,-0.840000,2.250000,-0.410000,-0.800000,-3.500000,-21.200001,1.000000
2026-05-19-14-50-56,-0.790000,2.230000,-0.420000,-0.000000,-3.500000,-23.100000,1.000000
2026-05-19-14-50-56,-0.790000,2.230000,-0.400000,0.400000,-4.000000,-25.100000,1.000000
2026-05-19-14-50-57,-0.770000,2.240000,-0.400000,0.800000,-3.100000,-27.500000,1.000000
2026-05-19-14-50-57,-0.770000,2.240000,-0.400000,1.300000,-3.500000,-28.299999,1.000000
2026-05-19-14-50-57,-0.780000,2.250000,-0.400000,1.300000,-4.400000,-29.799999,1.000000
2026-05-19-14-50-57,-0.670000,2.210000,-0.410000,1.000000,-3.200000,-33.299999,1.000000
2026-05-19-14-50-58,-0.650000,2.210000,-0.410000,1.300000,-4.300000,-34.099998,1.000000
2026-05-19-14-50-58,-0.650000,2.210000,-0.410000,1.600000,-3.900000,-37.299999,1.000000
2026-05-19-14-50-59,-0.630000,2.210000,-0.410000,1.700000,-4.000000,-39.000000,1.000000
2026-05-19-14-50-59,-0.580000,2.200000,-0.390000,2.000000,-2.800000,-41.299999,1.000000
2026-05-19-14-50-59,-0.580000,2.190000,-0.380000,2.900000,-4.100000,-43.299999,1.000000
2026-05-19-14-51-00,-0.580000,2.190000,-0.400000,3.200000,-4.200000,-45.400002,1.000000
2026-05-19-14-51-00,-0.560000,2.190000,-0.400000,2.700000,-4.100000,-48.000000,1.000000
2026-05-19-14-51-01,-0.530000,2.190000,-0.400000,3.400000,-4.000000,-49.599998,1.000000
2026-05-19-14-51-01,-0.500000,2.180000,-0.400000,2.500000,-3.300000,-51.299999,1.000000
2026-05-19-14-51-01,-0.490000,2.180000,-0.390000,3.100000,-3.600000,-53.200001,1.000000
2026-05-19-14-51-02,-0.490000,2.180000,-0.400000,3.600000,-3.500000,-54.799999,1.000000
2026-05-19-14-51-02,-0.450000,2.170000,-0.400000,3.500000,-3.400000,-57.400002,1.000000
2026-05-19-14-51-02,-0.430000,2.170000,-0.380000,5.100000,-3.900000,-57.400002,1.000000
2026-05-19-14-51-03,-0.430000,2.170000,-0.390000,4.700000,-3.400000,-60.000000,1.000000
2026-05-19-14-51-03,-0.410000,2.170000,-0.390000,5.000000,-3.400000,-59.299999,1.000000
2026-05-19-14-51-04,-0.400000,2.160000,-0.400000,3.500000,-3.400000,-61.500000,1.000000
2026-05-19-14-51-04,-0.370000,2.150000,-0.380000,3.800000,-3.500000,-61.000000,1.000000
2026-05-19-14-51-04,-0.370000,2.150000,-0.370000,4.100000,-3.600000,-62.200001,1.000000
2026-05-19-14-51-05,-0.360000,2.150000,-0.390000,3.300000,-2.800000,-62.700001,1.000000
2026-05-19-14-51-05,-0.340000,2.150000,-0.390000,4.000000,-2.700000,-62.900002,1.000000
2026-05-19-14-51-05,-0.340000,2.140000,-0.390000,4.600000,-3.800000,-63.000000,1.000000
2026-05-19-14-51-06,-0.340000,2.140000,-0.370000,3.200000,-3.700000,-63.799999,1.000000
2026-05-19-14-51-06,-0.320000,2.140000,-0.380000,3.400000,-3.800000,-64.199997,1.000000
2026-05-19-14-51-07,-0.300000,2.130000,-0.390000,3.500000,-2.800000,-65.199997,1.000000
2026-05-19-14-51-07,-0.280000,2.130000,-0.390000,4.700000,-2.800000,-65.500000,1.000000
2026-05-19-14-51-07,-0.290000,2.150000,-0.390000,5.200000,-3.200000,-65.300003,1.000000
2026-05-19-14-51-07,-0.260000,2.120000,-0.370000,4.700000,-2.300000,-67.000000,1.000000
2026-05-19-14-51-08,-0.260000,2.120000,-0.360000,5.700000,-3.600000,-67.599998,1.000000
2026-05-19-14-51-08,-0.240000,2.110000,-0.380000,5.400000,-2.600000,-68.900002,1.000000
2026-05-19-14-51-09,-0.230000,2.100000,-0.370000,5.400000,-2.900000,-69.099998,1.000000
2026-05-19-14-51-09,-0.240000,2.120000,-0.380000,4.700000,-3.000000,-70.300003,1.000000
2026-05-19-14-51-09,-0.210000,2.110000,-0.370000,4.000000,-2.800000,-70.900002,1.000000
2026-05-19-14-51-10,-0.190000,2.110000,-0.370000,3.800000,-3.000000,-72.300003,1.000000
2026-05-19-14-51-10,-0.190000,2.110000,-0.370000,5.100000,-3.100000,-71.800003,1.000000
2026-05-19-14-51-11,-0.220000,2.110000,-0.380000,4.200000,-3.300000,-73.000000,1.000000
2026-05-19-14-51-11,-0.190000,2.110000,-0.370000,5.600000,-3.100000,-74.199997,1.000000
2026-05-19-14-51-11,-0.160000,2.110000,-0.380000,5.100000,-2.300000,-75.099998,1.000000
2026-05-19-14-51-12,-0.140000,2.100000,-0.370000,7.100000,-1.700000,-75.599998,1.000000
2026-05-19-14-51-12,-0.160000,2.100000,-0.380000,4.800000,-2.400000,-76.699997,1.000000
2026-05-19-14-51-12,-0.150000,2.110000,-0.360000,6.900000,-2.300000,-78.000000,1.000000
2026-05-19-14-51-13,-0.130000,2.100000,-0.370000,6.000000,-3.000000,-79.199997,1.000000
2026-05-19-14-51-13,-0.110000,2.100000,-0.360000,6.600000,-2.600000,-79.599998,1.000000
2026-05-19-14-51-14,-0.110000,2.100000,-0.360000,5.000000,-2.700000,-79.800003,1.000000
2026-05-19-14-51-14,-0.110000,2.120000,-0.370000,5.600000,-2.700000,-80.900002,1.000000
2026-05-19-14-51-14,-0.120000,2.100000,-0.380000,5.400000,-2.600000,-65.900002,1.000000
2026-05-19-14-51-15,-0.110000,2.070000,-0.360000,3.700000,-3.100000,-50.000000,1.000000
2026-05-19-14-51-15,-0.130000,2.060000,-0.350000,3.800000,-6.300000,-39.799999,1.000000
2026-05-19-14-51-16,-0.150000,2.000000,-0.000000,0.156000,-0.245000,0.053000,190.479996
2026-05-19-14-51-16,-0.090000,1.930000,-0.360000,-4.500000,-4.200000,28.000000,1.000000
2026-05-19-14-51-17,0.090000,2.050000,-0.340000,-7.500000,-4.300000,57.700001,1.000000
2026-05-19-14-51-17,0.190000,2.190000,-0.350000,-5.500000,-7.600000,53.200001,1.000000
2026-05-19-14-51-17,0.260000,2.280000,-0.330000,-1.600000,-10.000000,43.400002,1.000000
2026-05-19-14-51-17,0.380000,2.370000,-0.280000,5.100000,-14.200000,29.200001,1.000000
2026-05-19-14-51-18,0.330000,2.390000,-0.300000,8.200000,-14.500000,28.600000,1.000000
2026-05-19-14-51-18,0.480000,2.450000,-0.260000,-0.100000,-12.400000,44.200001,1.000000
2026-05-19-14-51-19,0.650000,2.570000,-0.270000,-13.000000,-16.000000,63.599998,1.000000
2026-05-19-14-51-19,0.730000,2.590000,-0.250000,-10.700000,-12.600000,68.099998,1.000000
2026-05-19-14-51-20,0.760000,2.620000,-0.270000,-7.500000,-11.000000,69.500000,1.000000
2026-05-19-14-51-20,0.780000,2.640000,-0.310000,-5.300000,-4.800000,72.500000,1.000000
2026-05-19-14-51-21,0.820000,2.660000,-0.320000,-4.200000,0.500000,73.400002,1.000000
2026-05-19-14-51-21,0.850000,2.670000,-0.300000,-2.900000,2.900000,76.099998,1.000000
2026-05-19-14-51-21,0.880000,2.680000,-0.300000,-2.300000,2.900000,76.500000,1.000000
2026-05-19-14-51-22,0.890000,2.700000,-0.300000,-2.700000,1.500000,77.800003,1.000000
2026-05-19-14-51-22,0.910000,2.730000,-0.300000,-4.100000,0.300000,77.599998,1.000000
2026-05-19-14-51-22,0.930000,2.740000,-0.310000,-3.700000,0.100000,77.599998,1.000000
2026-05-19-14-51-23,0.940000,2.750000,-0.280000,-3.500000,0.700000,77.900002,1.000000
2026-05-19-14-51-23,0.930000,2.760000,-0.300000,-3.600000,3.100000,78.699997,1.000000
2026-05-19-14-51-23,0.930000,2.760000,-0.320000,-3.900000,3.700000,78.800003,1.000000
2026-05-19-14-51-24,0.960000,2.770000,-0.300000,-2.400000,6.500000,79.300003,1.000000
2026-05-19-14-51-24,0.960000,2.780000,-0.290000,-1.800000,10.300000,79.800003,1.000000
2026-05-19-14-51-25,0.940000,2.780000,-0.290000,-2.700000,12.200000,76.900002,1.000000
2026-05-19-14-51-25,0.960000,2.770000,-0.310000,-2.700000,5.100000,74.599998,1.000000
2026-05-19-14-51-25,0.950000,2.770000,-0.320000,-2.500000,-0.400000,73.900002,1.000000
2026-05-19-14-51-26,0.950000,2.770000,-0.310000,-3.000000,-1.500000,73.099998,1.000000
2026-05-19-14-51-26,0.960000,2.780000,-0.310000,-2.900000,1.700000,73.300003,1.000000
2026-05-19-14-51-27,0.960000,2.730000,-0.310000,-4.500000,0.500000,70.500000,1.000000
2026-05-19-14-51-27,0.850000,2.570000,-0.290000,-9.800000,0.900000,68.300003,1.000000
2026-05-19-14-51-27,0.810000,2.490000,-0.260000,-11.300000,3.900000,68.099998,1.000000
2026-05-19-14-51-28,0.790000,2.380000,-0.290000,-10.400000,8.600000,67.699997,1.000000
2026-05-19-14-51-28,0.750000,2.290000,-0.270000,-6.700000,7.300000,55.599998,1.000000
2026-05-19-14-51-28,0.680000,2.300000,-0.250000,-10.400000,2.200000,17.600000,1.000000
2026-05-19-14-51-29,0.680000,2.320000,-0.250000,-9.100000,-5.200000,-15.200000,1.000000
2026-05-19-14-51-29,0.690000,2.300000,-0.270000,-5.100000,-7.800000,-27.299999,1.000000
2026-05-19-14-51-30,0.710000,2.270000,-0.300000,-2.900000,-7.000000,-34.200001,1.000000
2026-05-19-14-51-30,0.720000,2.240000,-0.290000,-1.200000,-4.500000,-38.599998,1.000000
2026-05-19-14-51-30,0.720000,2.220000,-0.290000,0.200000,-4.000000,-43.099998,1.000000
2026-05-19-14-51-31,0.750000,2.200000,-0.290000,-0.200000,-4.400000,-46.299999,1.000000
2026-05-19-14-51-31,0.740000,2.160000,-0.270000,-1.100000,-5.200000,-47.200001,1.000000
2026-05-19-14-51-32,0.740000,2.140000,-0.260000,0.300000,-4.700000,-49.599998,1.000000
2026-05-19-14-51-32,0.730000,2.110000,-0.270000,1.500000,-4.500000,-51.000000,1.000000
2026-05-19-14-51-32,0.760000,2.100000,-0.280000,2.100000,-3.600000,-52.700001,1.000000
2026-05-19-14-51-33,0.760000,2.070000,-0.270000,2.600000,-3.500000,-53.099998,1.000000
2026-05-19-14-51-33,0.740000,2.060000,-0.260000,2.500000,-4.300000,-54.200001,1.000000
2026-05-19-14-51-33,0.750000,2.040000,-0.270000,2.400000,-4.200000,-55.299999,1.000000
2026-05-19-14-51-34,0.760000,2.010000,-0.270000,2.800000,-3.800000,-55.599998,1.000000
2026-05-19-14-51-34,0.760000,2.000000,-0.270000,3.900000,-3.700000,-56.099998,1.000000
2026-05-19-14-51-35,0.760000,1.990000,-0.280000,4.500000,-3.400000,-56.500000,1.000000
2026-05-19-14-51-35,0.770000,1.980000,-0.280000,4.300000,-4.000000,-57.200001,1.000000
2026-05-19-14-51-35,0.790000,1.950000,-0.280000,4.200000,-2.700000,-57.200001,1.000000
2026-05-19-14-51-36,0.790000,1.940000,-0.250000,3.200000,-3.800000,-57.500000,1.000000
2026-05-19-14-51-36,0.770000,1.930000,-0.260000,3.600000,-4.200000,-57.799999,1.000000
2026-05-19-14-51-37,0.790000,1.920000,-0.260000,4.700000,-4.600000,-59.200001,1.000000
2026-05-19-14-51-37,0.790000,1.910000,-0.140000,4.500000,-5.900000,-59.000000,1.000000
2026-05-19-14-51-37,0.770000,1.920000,-0.040000,6.300000,-9.100000,-59.799999,1.000000
2026-05-19-14-51-37,0.720000,1.940000,0.060000,8.500000,-13.100000,-60.799999,1.000000
2026-05-19-14-51-38,0.660000,1.960000,0.210000,10.400000,-17.799999,-61.700001,1.000000
2026-05-19-14-51-38,0.620000,1.980000,0.280000,9.300000,-19.100000,-62.099998,1.000000
2026-05-19-14-51-39,0.590000,1.990000,0.320000,7.300000,-17.799999,-62.000000,1.000000
2026-05-19-14-51-39,0.550000,2.000000,0.340000,5.800000,-15.000000,-59.500000,1.000000
2026-05-19-14-51-39,0.590000,1.930000,0.400000,2.400000,-8.500000,-53.200001,1.000000
2026-05-19-14-51-40,0.670000,1.810000,0.450000,2.400000,-3.500000,-45.900002,1.000000
2026-05-19-14-51-40,0.790000,1.720000,0.470000,4.800000,-2.000000,-53.500000,1.000000
2026-05-19-14-51-41,0.910000,1.630000,0.470000,10.800000,-0.400000,-79.599998,1.000000
2026-05-19-14-51-41,0.990000,1.520000,0.470000,14.800000,1.300000,-100.099998,1.000000
2026-05-19-14-51-41,1.010000,1.340000,0.470000,13.500000,-0.400000,-105.099998,1.000000
2026-05-19-14-51-42,0.990000,1.150000,0.460000,11.100000,-4.800000,-106.300003,1.000000
2026-05-19-14-51-42,0.950000,0.790000,0.470000,13.900000,-8.500000,-131.800003,1.000000
2026-05-19-14-51-43,0.860000,0.630000,0.510000,14.500000,-10.500000,-132.600006,1.000000
2026-05-19-14-51-43,0.740000,0.470000,0.540000,13.400000,-13.700000,-131.600006,1.000000
2026-05-19-14-51-44,0.660000,0.340000,0.580000,17.600000,-12.100000,-148.600006,1.000000
2026-05-19-14-51-44,0.560000,0.200000,0.620000,20.799999,-4.900000,-169.600006,1.000000
2026-05-19-14-51-44,0.400000,0.130000,0.650000,17.400000,-1.300000,-175.800003,1.000000
2026-05-19-14-51-45,0.210000,0.090000,0.670000,12.500000,-3.100000,-176.199997,1.000000
2026-05-19-14-51-45,-0.000000,0.050000,0.660000,8.200000,-7.200000,-174.699997,1.000000
2026-05-19-14-51-46,-0.220000,0.020000,0.670000,5.000000,-11.700000,-171.300003,1.000000
2026-05-19-14-51-46,-0.420000,-0.010000,0.700000,1.600000,-14.500000,-167.100006,1.000000
2026-05-19-14-51-46,-0.670000,-0.030000,0.740000,-2.400000,-16.200001,-161.699997,1.000000
2026-05-19-14-51-47,-0.820000,-0.070000,0.790000,-4.900000,-16.700001,-157.000000,1.000000
2026-05-19-14-51-47,-1.010000,-0.130000,0.860000,-7.300000,-12.900000,-153.000000,1.000000
2026-05-19-14-51-47,-1.150000,-0.200000,0.930000,-7.000000,3.700000,-154.899994,1.000000
2026-05-19-14-51-48,-1.250000,-0.300000,0.900000,-5.900000,31.900000,-159.899994,1.000000
2026-05-19-14-51-48,-1.410000,-0.370000,0.870000,1.200000,34.200001,-157.300003,1.000000
2026-05-19-14-51-48,-1.590000,-0.440000,0.730000,6.800000,26.000000,-154.399994,1.000000
2026-05-19-14-51-49,-1.730000,-0.500000,0.600000,10.400000,-3.100000,-160.399994,1.000000
2026-05-19-14-51-49,-1.890000,-0.540000,0.540000,10.300000,-18.700001,-161.000000,1.000000
2026-05-19-14-51-50,-2.070000,-0.570000,0.570000,5.900000,-24.200001,-160.100006,1.000000
2026-05-19-14-51-50,-2.220000,-0.630000,0.620000,16.000000,-22.799999,177.899994,1.000000
2026-05-19-14-51-50,-2.350000,-0.660000,0.650000,25.900000,-12.500000,151.300003,1.000000
2026-05-19-14-51-51,-2.500000,-0.600000,0.690000,22.500000,-5.300000,140.800003,1.000000
2026-05-19-14-51-51,-2.650000,-0.470000,0.700000,15.200000,-3.900000,139.600006,1.000000
2026-05-19-14-51-51,-2.780000,-0.320000,0.700000,10.200000,-6.800000,135.300003,1.000000
2026-05-19-14-51-52,-2.920000,-0.190000,0.710000,10.000000,-10.000000,116.900002,1.000000
2026-05-19-14-51-52,-3.030000,-0.030000,0.730000,9.700000,-11.400000,106.199997,1.000000
2026-05-19-14-51-53,-3.080000,0.170000,0.760000,4.300000,-13.400000,105.800003,1.000000
2026-05-19-14-51-53,-3.120000,0.370000,0.800000,-0.700000,-16.200001,107.599998,1.000000
2026-05-19-14-51-53,-3.130000,0.500000,0.810000,-6.300000,-18.400000,109.099998,1.000000
2026-05-19-14-51-54,-3.140000,0.580000,0.820000,-8.900000,-16.500000,109.500000,1.000000
2026-05-19-14-51-54,-3.140000,0.650000,0.820000,-7.600000,-10.400000,108.699997,1.000000
2026-05-19-14-51-55,-3.140000,0.700000,0.810000,-4.900000,-4.500000,107.900002,1.000000
2026-05-19-14-51-55,-3.140000,0.750000,0.780000,-2.300000,1.200000,107.699997,1.000000
2026-05-19-14-51-55,-3.140000,0.780000,0.750000,-0.900000,4.600000,108.099998,1.000000
2026-05-19-14-51-56,-3.140000,0.820000,0.700000,-0.300000,6.400000,108.199997,1.000000
2026-05-19-14-51-56,-3.150000,0.840000,0.660000,-0.400000,6.600000,101.199997,1.000000
2026-05-19-14-51-56,-3.150000,0.870000,0.610000,-0.500000,5.600000,98.599998,1.000000
2026-05-19-14-51-57,-3.150000,0.890000,0.550000,-1.000000,4.000000,97.599998,1.000000
2026-05-19-14-51-57,-3.140000,0.910000,0.480000,-1.400000,2.500000,97.800003,1.000000
2026-05-19-14-51-57,-3.140000,0.920000,0.420000,-1.300000,1.800000,98.199997,1.000000
2026-05-19-14-51-58,-3.130000,0.930000,0.360000,-1.000000,1.100000,99.000000,1.000000
2026-05-19-14-51-58,-3.120000,0.930000,0.300000,-0.500000,1.300000,100.199997,1.000000
2026-05-19-14-51-59,-3.110000,0.930000,0.230000,-0.000000,2.100000,101.500000,1.000000
2026-05-19-14-51-59,-3.110000,0.930000,0.160000,0.200000,3.500000,102.900002,1.000000
2026-05-19-14-51-59,-3.110000,0.920000,0.090000,-0.300000,4.600000,104.599998,1.000000
2026-05-19-14-52-00,-3.090000,0.900000,-0.040000,0.300000,7.200000,107.500000,1.000000
2026-05-19-14-52-00,-3.070000,0.890000,-0.220000,1.200000,11.300000,111.300003,1.000000
2026-05-19-14-52-00,-3.070000,0.880000,-0.360000,1.900000,12.500000,113.800003,1.000000
2026-05-19-14-52-01,-3.090000,0.880000,-0.480000,3.700000,9.800000,115.199997,1.000000
2026-05-19-14-52-01,-3.070000,0.890000,-0.610000,5.700000,-0.200000,137.800003,1.000000
2026-05-19-14-52-02,-3.080000,0.910000,-0.680000,5.600000,-2.000000,147.000000,1.000000
2026-05-19-14-52-02,-3.110000,0.900000,-0.740000,5.800000,-1.500000,153.899994,1.000000
2026-05-19-14-52-02,-3.140000,0.960000,-0.780000,4.000000,-7.500000,-174.600006,1.000000
2026-05-19-14-52-03,-3.200000,1.030000,-0.770000,-3.600000,-13.400000,-132.399994,1.000000
2026-05-19-14-52-03,-3.320000,1.060000,-0.740000,-9.600000,-11.200000,-93.500000,1.000000
2026-05-19-14-52-04,-3.420000,1.030000,-0.740000,-16.000000,-11.200000,-55.299999,1.000000
2026-05-19-14-52-04,-3.440000,0.920000,-0.740000,-16.100000,-5.200000,-32.200001,1.000000
2026-05-19-14-52-05,-3.220000,0.720000,-0.710000,-11.500000,-5.400000,-15.200000,1.000000
2026-05-19-14-52-05,-3.090000,0.640000,-0.690000,-14.600000,-11.600000,-4.600000,1.000000
2026-05-19-14-52-05,-3.020000,0.590000,-0.700000,-14.100000,-14.500000,1.100000,1.000000
2026-05-19-14-52-06,-2.950000,0.560000,-0.690000,-11.100000,-11.900000,5.700000,1.000000
2026-05-19-14-52-06,-2.880000,0.540000,-0.670000,-4.000000,-12.400000,-12.700000,1.000000
2026-05-19-14-52-07,-2.830000,0.530000,-0.670000,-2.100000,-10.400000,-23.400000,1.000000
2026-05-19-14-52-07,-2.790000,0.540000,-0.680000,-3.000000,-8.800000,-30.200001,1.000000
2026-05-19-14-52-07,-2.780000,0.530000,-0.700000,-3.600000,-7.000000,-33.200001,1.000000
2026-05-19-14-52-08,-2.760000,0.530000,-0.700000,-3.500000,-5.600000,-35.400002,1.000000
2026-05-19-14-52-08,-2.770000,0.500000,-0.680000,-1.900000,-5.200000,-38.200001,1.000000
2026-05-19-14-52-08,-2.730000,0.510000,-0.690000,0.100000,-6.000000,-40.099998,1.000000
2026-05-19-14-52-09,-2.700000,0.510000,-0.670000,1.200000,-6.000000,-42.299999,1.000000
2026-05-19-14-52-09,-2.710000,0.490000,-0.680000,2.200000,-6.100000,-44.299999,1.000000
2026-05-19-14-52-09,-2.680000,0.480000,-0.690000,2.100000,-4.500000,-45.500000,1.000000
2026-05-19-14-52-10,-2.660000,0.480000,-0.690000,1.900000,-2.700000,-50.900002,1.000000
2026-05-19-14-52-10,-2.610000,0.490000,-0.670000,4.800000,2.400000,-86.699997,1.000000
2026-05-19-14-52-11,-2.530000,0.450000,-0.660000,3.800000,4.300000,-125.800003,1.000000
2026-05-19-14-52-11,-2.520000,0.380000,-0.660000,6.400000,7.400000,-158.699997,1.000000
2026-05-19-14-52-11,-2.520000,0.350000,-0.690000,8.900000,3.400000,-173.800003,1.000000
2026-05-19-14-52-12,-2.530000,0.330000,-0.700000,6.800000,0.700000,178.899994,1.000000
2026-05-19-14-52-12,-2.540000,0.300000,-0.680000,6.500000,1.000000,174.300003,1.000000
2026-05-19-14-52-13,-2.540000,0.320000,-0.610000,8.200000,-2.300000,174.899994,1.000000
2026-05-19-14-52-13,-2.550000,0.330000,-0.510000,7.400000,-4.900000,176.000000,1.000000
2026-05-19-14-52-13,-2.550000,0.340000,-0.470000,3.600000,-6.400000,177.500000,1.000000
2026-05-19-14-52-14,-2.540000,0.360000,-0.470000,1.300000,-7.000000,179.199997,1.000000
2026-05-19-14-52-14,-2.520000,0.390000,-0.480000,2.000000,-5.500000,-178.899994,1.000000
2026-05-19-14-52-14,-2.520000,0.400000,-0.490000,3.700000,-2.600000,-176.899994,1.000000
2026-05-19-14-52-15,-2.490000,0.420000,-0.520000,5.100000,-1.300000,-175.100006,1.000000
2026-05-19-14-52-15,-2.480000,0.430000,-0.550000,5.500000,0.400000,-172.300003,1.000000
2026-05-19-14-52-16,-2.480000,0.430000,-0.600000,5.000000,3.700000,-169.399994,1.000000
2026-05-19-14-52-16,-2.460000,0.430000,-0.670000,4.700000,4.400000,-167.699997,1.000000
2026-05-19-14-52-16,-2.430000,0.440000,-0.710000,6.400000,3.700000,-165.100006,1.000000
2026-05-19-14-52-17,-2.420000,0.440000,-0.710000,6.400000,4.000000,-163.199997,1.000000
2026-05-19-14-52-17,-2.440000,0.410000,-0.690000,6.000000,5.300000,-161.899994,1.000000
2026-05-19-14-52-18,-2.440000,0.420000,-0.670000,7.100000,5.400000,-158.199997,1.000000
2026-05-19-14-52-18,-2.420000,0.410000,-0.670000,7.600000,4.400000,-158.000000,1.000000
2026-05-19-14-52-18,-2.390000,0.400000,-0.670000,7.500000,2.700000,-156.300003,1.000000
2026-05-19-14-52-18,-2.430000,0.430000,-0.700000,6.700000,3.300000,-153.399994,1.000000
2026-05-19-14-52-19,-2.420000,0.440000,-0.710000,7.100000,3.100000,-151.000000,1.000000
2026-05-19-14-52-19,-2.420000,0.440000,-0.680000,6.800000,3.300000,-148.800003,1.000000
2026-05-19-14-52-20,-2.410000,0.430000,-0.660000,6.900000,3.000000,-145.800003,1.000000
2026-05-19-14-52-20,-2.410000,0.440000,-0.690000,7.600000,2.100000,-145.300003,1.000000
2026-05-19-14-52-20,-2.400000,0.460000,-0.690000,7.700000,1.100000,-141.300003,1.000000
2026-05-19-14-52-21,-2.400000,0.440000,-0.680000,7.100000,2.100000,-140.199997,1.000000
2026-05-19-14-52-21,-2.400000,0.450000,-0.680000,7.400000,2.600000,-136.600006,1.000000
2026-05-19-14-52-22,-2.390000,0.460000,-0.680000,7.500000,1.900000,-135.000000,1.000000
2026-05-19-14-52-22,-2.400000,0.460000,-0.690000,7.700000,1.700000,-132.500000,1.000000
2026-05-19-14-52-22,-2.400000,0.460000,-0.680000,7.600000,1.100000,-131.600006,1.000000
2026-05-19-14-52-23,-2.390000,0.460000,-0.680000,7.400000,1.000000,-129.800003,1.000000
2026-05-19-14-52-23,-2.390000,0.470000,-0.690000,7.200000,1.000000,-127.599998,1.000000
2026-05-19-14-52-23,-2.390000,0.480000,-0.690000,7.300000,1.000000,-126.199997,1.000000
2026-05-19-14-52-24,-2.400000,0.470000,-0.670000,7.300000,1.300000,-124.199997,1.000000
2026-05-19-14-52-24,-2.390000,0.470000,-0.670000,7.000000,0.900000,-122.400002,1.000000
2026-05-19-14-52-24,-2.380000,0.480000,-0.690000,7.600000,-0.100000,-121.400002,1.000000
2026-05-19-14-52-25,-2.410000,0.490000,-0.690000,7.000000,1.300000,-118.900002,1.000000
2026-05-19-14-52-25,-2.390000,0.500000,-0.700000,6.500000,0.100000,-117.599998,1.000000
2026-05-19-14-52-26,-2.370000,0.520000,-0.690000,7.100000,-0.200000,-116.699997,1.000000
2026-05-19-14-52-26,-2.390000,0.510000,-0.680000,7.700000,-0.000000,-115.000000,1.000000
2026-05-19-14-52-26,-2.400000,0.510000,-0.680000,7.600000,-0.200000,-113.599998,1.000000
2026-05-19-14-52-27,-2.390000,0.520000,-0.690000,7.300000,-0.400000,-112.900002,1.000000
2026-05-19-14-52-27,-2.380000,0.530000,-0.690000,7.000000,0.300000,-112.199997,1.000000
2026-05-19-14-52-28,-2.390000,0.540000,-0.700000,7.000000,0.000000,-110.800003,1.000000
2026-05-19-14-52-28,-2.380000,0.560000,-0.690000,6.700000,-0.200000,-110.099998,1.000000
2026-05-19-14-52-28,-2.350000,0.570000,-0.670000,7.300000,-0.700000,-110.099998,1.000000
2026-05-19-14-52-29,-2.400000,0.550000,-0.690000,7.200000,-0.600000,-109.099998,1.000000
2026-05-19-14-52-29,-2.400000,0.560000,-0.700000,7.500000,-1.000000,-108.900002,1.000000
2026-05-19-14-52-29,-2.410000,0.570000,-0.700000,7.000000,0.100000,-108.099998,1.000000
2026-05-19-14-52-30,-2.400000,0.580000,-0.690000,6.200000,-0.300000,-107.500000,1.000000
2026-05-19-14-52-30,-2.390000,0.590000,-0.690000,6.800000,-0.300000,-107.099998,1.000000
2026-05-19-14-52-30,-2.400000,0.600000,-0.700000,7.100000,-1.600000,-107.300003,1.000000
2026-05-19-14-52-31,-2.410000,0.590000,-0.690000,7.200000,-0.300000,-106.500000,1.000000
2026-05-19-14-52-31,-2.400000,0.600000,-0.690000,7.200000,-0.600000,-106.500000,1.000000
2026-05-19-14-52-32,-2.400000,0.620000,-0.700000,7.200000,0.100000,-105.900002,1.000000
2026-05-19-14-52-32,-2.420000,0.630000,-0.700000,6.600000,-0.100000,-105.800003,1.000000
2026-05-19-14-52-32,-2.400000,0.630000,-0.690000,6.000000,-1.200000,-105.800003,1.000000
2026-05-19-14-52-33,-2.390000,0.640000,-0.690000,7.600000,-1.100000,-105.800003,1.000000
2026-05-19-14-52-33,-2.410000,0.650000,-0.710000,6.900000,-0.700000,-105.099998,1.000000
2026-05-19-14-52-34,-2.410000,0.660000,-0.700000,7.200000,-1.100000,-105.599998,1.000000
2026-05-19-14-52-34,-2.410000,0.670000,-0.700000,7.500000,-0.500000,-105.500000,1.000000
2026-05-19-14-52-34,-2.410000,0.680000,-0.700000,7.100000,-0.800000,-104.800003,1.000000
2026-05-19-14-52-34,-2.390000,0.700000,-0.700000,6.900000,-1.100000,-105.199997,1.000000
2026-05-19-14-52-35,-2.410000,0.700000,-0.700000,6.600000,-0.400000,-105.099998,1.000000
2026-05-19-14-52-35,-2.420000,0.690000,-0.690000,6.000000,-0.800000,-104.699997,1.000000
2026-05-19-14-52-36,-2.410000,0.720000,-0.700000,5.700000,-0.900000,-104.199997,1.000000
2026-05-19-14-52-36,-2.410000,0.720000,-0.720000,6.900000,-0.400000,-104.500000,1.000000
2026-05-19-14-52-36,-2.420000,0.740000,-0.710000,7.000000,-1.300000,-104.099998,1.000000
2026-05-19-14-52-37,-2.410000,0.750000,-0.690000,7.600000,-0.900000,-104.699997,1.000000
2026-05-19-14-52-37,-2.420000,0.750000,-0.690000,7.500000,-0.900000,-104.199997,1.000000
2026-05-19-14-52-38,-2.420000,0.770000,-0.710000,7.500000,-1.400000,-104.300003,1.000000
2026-05-19-14-52-38,-2.430000,0.770000,-0.710000,6.200000,-0.200000,-103.500000,1.000000
2026-05-19-14-52-38,-2.400000,0.800000,-0.710000,5.900000,-0.700000,-103.800003,1.000000
2026-05-19-14-52-39,-2.420000,0.810000,-0.700000,6.100000,-0.700000,-103.300003,1.000000
2026-05-19-14-52-39,-2.430000,0.810000,-0.710000,6.500000,-0.900000,-103.199997,1.000000
2026-05-19-14-52-39,-2.430000,0.820000,-0.710000,7.000000,-1.300000,-102.900002,1.000000
2026-05-19-14-52-40,-2.430000,0.840000,-0.710000,7.400000,-1.300000,-103.000000,1.000000
2026-05-19-14-52-40,-2.440000,0.840000,-0.710000,7.600000,-0.600000,-102.500000,1.000000
2026-05-19-14-52-40,-2.440000,0.850000,-0.710000,6.400000,-0.300000,-102.400002,1.000000
2026-05-19-14-52-41,-2.440000,0.880000,-0.710000,6.200000,-1.200000,-102.500000,1.000000
2026-05-19-14-52-41,-2.440000,0.870000,-0.700000,6.200000,-0.300000,-102.300003,1.000000
2026-05-19-14-52-42,-2.450000,0.880000,-0.720000,6.900000,-1.000000,-102.500000,1.000000
2026-05-19-14-52-42,-2.450000,0.910000,-0.740000,6.800000,-1.200000,-102.000000,1.000000
2026-05-19-14-52-42,-2.450000,0.930000,-0.720000,7.500000,-1.400000,-102.800003,1.000000
2026-05-19-14-52-43,-2.460000,0.910000,-0.700000,7.600000,-0.300000,-101.599998,1.000000
2026-05-19-14-52-43,-2.460000,0.930000,-0.710000,7.100000,-1.100000,-102.500000,1.000000
2026-05-19-14-52-43,-2.460000,0.950000,-0.720000,6.600000,-0.300000,-101.699997,1.000000
2026-05-19-14-52-44,-2.470000,0.960000,-0.730000,6.300000,-1.000000,-102.500000,1.000000
2026-05-19-14-52-44,-2.460000,0.970000,-0.720000,5.900000,-0.400000,-101.500000,1.000000
2026-05-19-14-52-45,-2.470000,1.000000,-0.720000,6.700000,-1.700000,-102.400002,1.000000
2026-05-19-14-52-45,-2.480000,0.990000,-0.700000,5.800000,-0.200000,-101.400002,1.000000
2026-05-19-14-52-45,-2.480000,0.990000,-0.720000,6.400000,-1.300000,-101.900002,1.000000
2026-05-19-14-52-46,-2.480000,1.020000,-0.730000,6.900000,-1.500000,-101.699997,1.000000
2026-05-19-14-52-46,-2.490000,1.030000,-0.740000,7.200000,-0.900000,-101.599998,1.000000
2026-05-19-14-52-47,-2.500000,1.040000,-0.730000,7.300000,-0.800000,-101.300003,1.000000
2026-05-19-14-52-47,-2.490000,1.050000,-0.720000,6.500000,-0.700000,-100.900002,1.000000
2026-05-19-14-52-47,-2.490000,1.060000,-0.720000,6.500000,-1.100000,-101.300003,1.000000
2026-05-19-14-52-48,-2.510000,1.070000,-0.720000,5.900000,-0.900000,-100.800003,1.000000
2026-05-19-14-52-48,-2.510000,1.080000,-0.720000,5.900000,-0.900000,-100.800003,1.000000
2026-05-19-14-52-48,-2.500000,1.100000,-0.730000,6.200000,-1.500000,-100.699997,1.000000
2026-05-19-14-52-48,-2.510000,1.100000,-0.740000,7.000000,-0.500000,-100.500000,1.000000
2026-05-19-14-52-49,-2.520000,1.110000,-0.740000,7.600000,-1.100000,-100.599998,1.000000
2026-05-19-14-52-49,-2.530000,1.120000,-0.720000,7.100000,-0.900000,-100.400002,1.000000
2026-05-19-14-52-50,-2.530000,1.120000,-0.720000,6.400000,-1.200000,-100.099998,1.000000
2026-05-19-14-52-50,-2.540000,1.130000,-0.730000,6.500000,-1.100000,-100.000000,1.000000
2026-05-19-14-52-50,-2.540000,1.140000,-0.750000,5.800000,-1.100000,-100.000000,1.000000
2026-05-19-14-52-51,-2.550000,1.160000,-0.740000,6.900000,-1.000000,-99.300003,1.000000
2026-05-19-14-52-51,-2.550000,1.170000,-0.730000,6.100000,-0.900000,-99.300003,1.000000
2026-05-19-14-52-52,-2.550000,1.170000,-0.730000,6.700000,-1.200000,-99.300003,1.000000
2026-05-19-14-52-52,-2.560000,1.190000,-0.740000,6.400000,-1.700000,-98.900002,1.000000
2026-05-19-14-52-52,-2.570000,1.190000,-0.740000,6.800000,-0.800000,-99.199997,1.000000
2026-05-19-14-52-53,-2.570000,1.210000,-0.750000,6.700000,-1.600000,-98.599998,1.000000
2026-05-19-14-52-53,-2.570000,1.220000,-0.740000,7.400000,-0.400000,-99.000000,1.000000
2026-05-19-14-52-54,-2.590000,1.230000,-0.740000,6.700000,-1.600000,-98.500000,1.000000
2026-05-19-14-52-54,-2.580000,1.240000,-0.730000,6.100000,-1.800000,-98.900002,1.000000
2026-05-19-14-52-54,-2.580000,1.220000,-0.740000,6.600000,-1.100000,-98.300003,1.000000
2026-05-19-14-52-55,-2.600000,1.250000,-0.760000,6.000000,-2.600000,-99.000000,1.000000
2026-05-19-14-52-55,-2.590000,1.260000,-0.750000,6.300000,-0.900000,-98.400002,1.000000
2026-05-19-14-52-55,-2.600000,1.260000,-0.740000,7.500000,-0.700000,-98.699997,1.000000
2026-05-19-14-52-56,-2.610000,1.280000,-0.750000,6.800000,-1.200000,-98.599998,1.000000
2026-05-19-14-52-56,-2.610000,1.280000,-0.750000,6.900000,0.300000,-98.599998,1.000000
2026-05-19-14-52-57,-2.620000,1.290000,-0.750000,6.500000,-2.200000,-99.500000,1.000000
2026-05-19-14-52-57,-2.620000,1.310000,-0.750000,6.500000,-0.900000,-98.500000,1.000000
2026-05-19-14-52-57,-2.630000,1.330000,-0.760000,6.300000,-1.900000,-99.699997,1.000000
2026-05-19-14-52-58,-2.630000,1.320000,-0.740000,5.700000,-0.200000,-98.599998,1.000000
2026-05-19-14-52-58,-2.620000,1.320000,-0.740000,6.600000,-0.000000,-99.099998,1.000000
2026-05-19-14-52-58,-2.630000,1.340000,-0.760000,7.100000,-1.600000,-99.900002,1.000000
2026-05-19-14-52-59,-2.650000,1.310000,-0.750000,6.800000,0.700000,-99.500000,1.000000
2026-05-19-14-52-59,-2.650000,1.320000,-0.760000,7.800000,-1.700000,-100.400002,1.000000
2026-05-19-14-52-59,-2.650000,1.350000,-0.760000,6.900000,-0.600000,-100.599998,1.000000
2026-05-19-14-53-00,-2.660000,1.330000,-0.740000,6.700000,-0.000000,-100.699997,1.000000
2026-05-19-14-53-00,-2.670000,1.350000,-0.760000,6.700000,-1.600000,-101.300003,1.000000
2026-05-19-14-53-01,-2.680000,1.350000,-0.760000,6.000000,0.500000,-101.599998,1.000000
2026-05-19-14-53-01,-2.670000,1.370000,-0.770000,6.600000,-1.000000,-101.500000,1.000000
2026-05-19-14-53-01,-2.680000,1.390000,-0.770000,7.000000,-0.600000,-102.199997,1.000000
2026-05-19-14-53-02,-2.690000,1.390000,-0.760000,6.800000,-0.900000,-102.099998,1.000000
2026-05-19-14-53-02,-2.690000,1.400000,-0.750000,6.000000,-0.900000,-102.800003,1.000000
2026-05-19-14-53-03,-2.740000,1.400000,-0.700000,17.299999,7.900000,-101.400002,1.000000
2026-05-19-14-53-04,-2.820000,1.410000,-0.480000,14.800000,1.300000,-103.099998,1.000000
2026-05-19-14-53-04,-2.860000,1.400000,-0.420000,10.500000,-2.100000,-103.400002,1.000000
2026-05-19-14-53-04,-2.880000,1.400000,-0.360000,-1.600000,-0.500000,-102.699997,1.000000
2026-05-19-14-53-05,-2.910000,1.400000,-0.240000,-0.700000,-2.200000,-102.400002,1.000000
2026-05-19-14-53-05,-2.920000,1.410000,-0.100000,4.200000,-4.800000,-102.800003,1.000000
2026-05-19-14-53-06,-2.910000,1.410000,0.020000,7.600000,-7.400000,-103.099998,1.100000
2026-05-19-14-53-06,-2.890000,1.410000,0.080000,7.300000,-9.100000,-103.199997,1.100000
2026-05-19-14-53-06,-2.880000,1.400000,0.110000,4.300000,-7.900000,-101.099998,1.100000
2026-05-19-14-53-07,-2.920000,1.270000,0.170000,4.100000,-0.600000,-96.400002,1.100000
2026-05-19-14-53-07,-2.960000,1.080000,0.190000,7.200000,4.400000,-91.900002,1.100000
2026-05-19-14-53-08,-3.010000,0.490000,0.150000,6.100000,-3.900000,-81.900002,1.100000
2026-05-19-14-53-08,-3.010000,0.320000,0.150000,3.200000,-7.700000,-78.900002,1.100000
2026-05-19-14-53-09,-3.030000,0.130000,0.150000,-0.400000,-13.100000,-73.199997,1.100000
2026-05-19-14-53-09,-3.000000,-0.090000,0.190000,-1.900000,-17.500000,-67.400002,1.100000
2026-05-19-14-53-09,-2.970000,-0.290000,0.260000,-1.700000,-20.799999,-62.500000,1.100000
2026-05-19-14-53-10,-2.930000,-0.470000,0.330000,0.200000,-23.200001,-64.599998,1.100000
2026-05-19-14-53-10,-2.870000,-0.630000,0.390000,14.800000,-22.799999,-82.500000,1.100000
2026-05-19-14-53-11,-2.860000,-0.820000,0.460000,17.700001,-20.900000,-86.800003,1.100000
2026-05-19-14-53-11,-2.890000,-1.030000,0.520000,16.100000,-20.299999,-87.099998,1.100000
2026-05-19-14-53-11,-2.930000,-1.250000,0.590000,13.000000,-20.799999,-85.599998,1.100000
2026-05-19-14-53-12,-2.970000,-1.460000,0.650000,6.400000,-21.100000,-82.900002,1.100000
2026-05-19-14-53-12,-3.010000,-1.650000,0.730000,1.800000,-20.400000,-80.099998,1.100000
2026-05-19-14-53-13,-3.040000,-1.850000,0.800000,0.100000,-19.900000,-78.000000,1.100000
2026-05-19-14-53-13,-3.030000,-2.020000,0.860000,8.600000,-20.400000,-93.900002,1.100000
2026-05-19-14-53-13,-3.060000,-2.200000,0.930000,13.800000,-19.200001,-99.500000,1.100000
2026-05-19-14-53-14,-3.120000,-2.390000,0.990000,12.500000,-18.500000,-98.800003,1.100000
2026-05-19-14-53-14,-3.210000,-2.570000,1.050000,9.400000,-18.799999,-96.500000,1.100000
2026-05-19-14-53-15,-3.360000,-2.900000,1.170000,15.700000,-15.500000,-119.800003,1.100000
2026-05-19-14-53-15,-3.470000,-3.050000,1.210000,15.700000,-13.800000,-124.099998,1.100000
2026-05-19-14-53-16,-3.780000,-3.340000,1.310000,9.400000,-15.100000,-120.699997,1.100000
2026-05-19-14-53-16,-3.950000,-3.470000,1.370000,5.000000,-15.300000,-117.500000,1.100000
2026-05-19-14-53-17,-4.050000,-3.580000,1.410000,2.700000,-15.500000,-115.599998,1.100000
2026-05-19-14-53-17,-4.130000,-3.660000,1.440000,1.600000,-15.900000,-116.099998,1.100000
2026-05-19-14-53-17,-4.210000,-3.740000,1.470000,3.100000,-16.400000,-120.400002,1.100000
2026-05-19-14-53-17,-4.280000,-3.820000,1.500000,4.100000,-16.900000,-121.300003,1.100000
2026-05-19-14-53-17,-4.360000,-3.910000,1.540000,3.800000,-16.799999,-120.800003,1.100000
2026-05-19-14-53-18,-4.440000,-3.990000,1.580000,3.700000,-16.900000,-119.599998,1.100000
2026-05-19-14-53-18,-4.530000,-4.070000,1.610000,3.500000,-17.200001,-117.900002,1.100000
2026-05-19-14-53-18,-4.640000,-4.200000,1.650000,2.800000,-16.900000,-115.500000,1.100000
2026-05-19-14-53-18,-4.710000,-4.280000,1.700000,1.800000,-16.600000,-113.800003,1.100000
2026-05-19-14-53-19,-4.800000,-4.370000,1.740000,0.700000,-16.200001,-111.900002,1.100000
2026-05-19-14-53-19,-4.870000,-4.450000,1.780000,1.600000,-16.100000,-112.599998,1.100000
2026-05-19-14-53-19,-4.930000,-4.530000,1.800000,5.100000,-16.400000,-117.099998,1.100000
2026-05-19-14-53-19,-5.010000,-4.610000,1.830000,6.600000,-16.799999,-118.199997,1.100000
2026-05-19-14-53-19,-5.090000,-4.690000,1.870000,6.200000,-17.500000,-118.199997,1.100000
2026-05-19-14-53-20,-5.160000,-4.780000,1.910000,5.900000,-18.000000,-117.599998,1.100000
2026-05-19-14-53-20,-5.240000,-4.870000,1.940000,5.200000,-18.400000,-116.599998,1.100000
2026-05-19-14-53-20,-5.320000,-4.950000,1.980000,4.300000,-18.100000,-115.500000,1.100000
2026-05-19-14-53-20,-5.400000,-5.040000,2.020000,3.200000,-17.900000,-114.300003,1.100000
2026-05-19-14-53-20,-5.480000,-5.110000,2.050000,2.500000,-17.500000,-113.099998,1.100000
2026-05-19-14-53-21,-5.550000,-5.200000,2.090000,2.100000,-17.299999,-111.599998,1.100000
2026-05-19-14-53-21,-5.620000,-5.280000,2.130000,1.700000,-17.100000,-110.199997,1.100000
2026-05-19-14-53-21,-5.700000,-5.380000,2.170000,1.300000,-17.200001,-108.800003,1.100000
2026-05-19-14-53-21,-5.770000,-5.470000,2.210000,1.100000,-17.299999,-107.000000,1.100000
2026-05-19-14-53-22,-5.840000,-5.560000,2.250000,0.900000,-17.600000,-105.500000,1.100000
2026-05-19-14-53-22,-5.910000,-5.650000,2.290000,0.300000,-17.700001,-104.000000,1.100000
2026-05-19-14-53-22,-5.970000,-5.750000,2.320000,0.100000,-17.700001,-102.699997,1.100000
2026-05-19-14-53-22,-6.020000,-5.840000,2.360000,0.000000,-18.200001,-101.500000,1.100000
2026-05-19-14-53-22,-6.090000,-5.940000,2.410000,0.300000,-18.500000,-100.099998,1.100000
2026-05-19-14-53-23,-6.140000,-6.040000,2.450000,1.000000,-18.600000,-98.900002,1.100000
2026-05-19-14-53-23,-6.190000,-6.150000,2.490000,1.600000,-18.700001,-97.900002,1.100000
2026-05-19-14-53-23,-6.280000,-6.320000,2.550000,11.200000,-18.400000,-111.000000,1.100000
2026-05-19-14-53-24,-6.340000,-6.410000,2.590000,13.300000,-17.900000,-113.900002,1.100000
2026-05-19-14-53-24,-6.400000,-6.480000,2.610000,12.100000,-18.400000,-115.500000,1.100000
2026-05-19-14-53-24,-6.440000,-6.520000,2.620000,9.900000,-18.799999,-116.900002,1.100000
2026-05-19-14-53-24,-6.470000,-6.580000,2.590000,8.400000,-17.400000,-116.800003,1.100000
2026-05-19-14-53-24,-6.490000,-6.620000,2.520000,7.200000,-14.400000,-115.699997,1.100000
2026-05-19-14-53-25,-6.500000,-6.650000,2.470000,6.900000,-11.000000,-115.000000,1.100000
2026-05-19-14-53-25,-6.520000,-6.680000,2.440000,7.000000,-7.800000,-114.699997,1.100000
2026-05-19-14-53-25,-6.550000,-6.730000,2.410000,6.900000,-4.600000,-112.900002,1.100000
2026-05-19-14-53-25,-6.600000,-6.820000,2.400000,7.100000,-0.800000,-110.800003,1.100000
2026-05-19-14-53-25,-6.650000,-6.920000,2.380000,6.900000,-0.200000,-108.699997,1.100000
2026-05-19-14-53-26,-6.700000,-7.020000,2.360000,6.000000,-3.000000,-107.099998,1.100000
2026-05-19-14-53-26,-6.740000,-7.090000,2.340000,5.800000,-9.100000,-106.199997,1.100000
2026-05-19-14-53-26,-6.770000,-7.150000,2.320000,6.600000,-13.300000,-108.699997,1.100000
2026-05-19-14-53-26,-6.810000,-7.240000,2.320000,7.000000,-15.300000,-111.699997,1.100000
2026-05-19-14-53-27,-6.870000,-7.340000,2.340000,5.800000,-16.000000,-111.300003,1.100000
2026-05-19-14-53-27,-6.920000,-7.430000,2.370000,4.000000,-16.100000,-109.599998,1.100000
2026-05-19-14-53-27,-6.980000,-7.530000,2.400000,2.400000,-16.400000,-107.199997,1.100000
2026-05-19-14-53-27,-7.030000,-7.640000,2.440000,1.900000,-17.200001,-104.900002,1.100000
2026-05-19-14-53-27,-7.080000,-7.740000,2.480000,1.400000,-17.500000,-102.400002,1.100000
2026-05-19-14-53-28,-7.130000,-7.850000,2.520000,1.200000,-17.400000,-100.000000,1.100000
2026-05-19-14-53-28,-7.170000,-7.960000,2.550000,4.600000,-18.799999,-98.000000,1.100000
2026-05-19-14-53-28,-7.170000,-8.110000,2.530000,7.600000,-18.700001,-95.900002,1.100000
2026-05-19-14-53-29,-7.220000,-8.330000,2.520000,7.600000,-18.000000,-90.800003,1.100000
2026-05-19-14-53-29,-7.220000,-8.430000,2.470000,7.600000,-20.000000,-88.400002,1.100000
2026-05-19-14-53-29,-7.220000,-8.530000,2.430000,7.300000,-22.500000,-85.599998,1.100000
2026-05-19-14-53-29,-7.220000,-8.620000,2.410000,7.600000,-25.799999,-85.099998,1.100000
2026-05-19-14-53-29,-7.200000,-8.690000,2.410000,13.700000,-28.600000,-95.000000,1.100000
2026-05-19-14-53-30,-7.190000,-8.770000,2.420000,23.600000,-26.600000,-111.300003,1.100000
2026-05-19-14-53-30,-7.180000,-8.820000,2.440000,30.200001,-21.200001,-123.900002,1.100000
2026-05-19-14-53-30,-7.190000,-8.860000,2.440000,30.600000,-17.200001,-130.800003,1.100000
2026-05-19-14-53-30,-7.200000,-8.890000,2.450000,23.600000,-14.700000,-131.300003,1.100000
2026-05-19-14-53-31,-7.240000,-8.940000,2.460000,14.900000,-13.400000,-126.000000,1.100000
2026-05-19-14-53-31,-7.290000,-9.010000,2.470000,9.600000,-12.200000,-122.300003,1.100000
2026-05-19-14-53-31,-7.360000,-9.090000,2.490000,7.500000,-11.000000,-119.199997,1.100000
2026-05-19-14-53-31,-7.430000,-9.170000,2.510000,7.100000,-10.900000,-116.900002,1.100000
2026-05-19-14-53-31,-7.500000,-9.260000,2.520000,6.500000,-11.800000,-114.500000,1.100000
2026-05-19-14-53-32,-7.570000,-9.340000,2.540000,5.900000,-12.500000,-112.199997,1.100000
2026-05-19-14-53-32,-7.640000,-9.430000,2.560000,4.900000,-12.700000,-110.199997,1.100000
2026-05-19-14-53-32,-7.690000,-9.510000,2.580000,5.000000,-13.200000,-113.800003,1.100000
2026-05-19-14-53-32,-7.740000,-9.590000,2.600000,8.900000,-13.700000,-122.400002,1.100000
2026-05-19-14-53-32,-7.790000,-9.640000,2.610000,11.000000,-14.800000,-127.300003,1.100000
2026-05-19-14-53-33,-7.830000,-9.680000,2.600000,10.400000,-16.400000,-131.199997,1.100000
2026-05-19-14-53-33,-7.850000,-9.730000,2.550000,8.800000,-16.200001,-131.199997,1.100000
2026-05-19-14-53-33,-7.880000,-9.760000,2.480000,7.000000,-13.800000,-129.699997,1.100000
2026-05-19-14-53-33,-7.890000,-9.790000,2.390000,5.700000,-10.200000,-127.599998,1.100000
2026-05-19-14-53-34,-7.900000,-9.820000,2.320000,5.200000,-6.100000,-125.599998,1.100000
2026-05-19-14-53-34,-7.920000,-9.840000,2.270000,5.200000,-2.000000,-123.500000,1.100000
2026-05-19-14-53-34,-7.970000,-9.890000,2.240000,6.000000,2.800000,-120.300003,1.100000
2026-05-19-14-53-34,-8.030000,-9.990000,2.200000,6.500000,5.100000,-117.400002,1.100000
2026-05-19-14-53-34,-8.090000,-10.090000,2.160000,6.500000,3.200000,-114.800003,1.100000
2026-05-19-14-53-35,-8.160000,-10.180000,2.130000,5.800000,-0.500000,-113.099998,1.100000
2026-05-19-14-53-35,-8.210000,-10.280000,2.100000,5.800000,-7.100000,-118.000000,1.100000
2026-05-19-14-53-35,-8.240000,-10.360000,2.100000,9.000000,-10.200000,-127.000000,1.100000
2026-05-19-14-53-35,-8.290000,-10.440000,2.100000,15.200000,-10.900000,-137.399994,1.100000
2026-05-19-14-53-36,-8.460000,-10.570000,2.140000,17.100000,-11.300000,-140.300003,1.100000
2026-05-19-14-53-36,-8.560000,-10.620000,2.170000,14.100000,-12.100000,-138.000000,1.100000
2026-05-19-14-53-36,-8.650000,-10.680000,2.190000,11.300000,-13.600000,-135.600006,1.100000
2026-05-19-14-53-36,-8.750000,-10.750000,2.220000,7.900000,-14.500000,-132.899994,1.100000
2026-05-19-14-53-37,-8.840000,-10.820000,2.250000,5.000000,-14.500000,-130.199997,1.100000
2026-05-19-14-53-37,-8.930000,-10.880000,2.280000,2.700000,-14.300000,-127.300003,1.100000
2026-05-19-14-53-37,-9.020000,-10.960000,2.310000,0.800000,-14.000000,-124.400002,1.100000
2026-05-19-14-53-37,-9.100000,-11.040000,2.340000,0.600000,-14.200000,-123.900002,1.100000
2026-05-19-14-53-37,-9.150000,-11.110000,2.360000,3.900000,-14.800000,-131.699997,1.100000
2026-05-19-14-53-38,-9.200000,-11.170000,2.380000,8.800000,-14.800000,-141.800003,1.100000
2026-05-19-14-53-38,-9.240000,-11.210000,2.390000,10.600000,-14.600000,-145.699997,1.100000
2026-05-19-14-53-38,-9.290000,-11.240000,2.400000,10.400000,-13.300000,-147.600006,1.100000
2026-05-19-14-53-38,-9.310000,-11.270000,2.410000,8.700000,-11.800000,-147.399994,1.100000
2026-05-19-14-53-39,-9.340000,-11.290000,2.410000,6.600000,-9.900000,-146.199997,1.100000
2026-05-19-14-53-39,-9.370000,-11.300000,2.410000,5.000000,-7.800000,-144.500000,1.100000
2026-05-19-14-53-39,-9.390000,-11.310000,2.410000,4.300000,-5.700000,-142.500000,1.100000
2026-05-19-14-53-39,-9.420000,-11.320000,2.400000,4.300000,-3.900000,-140.600006,1.100000
2026-05-19-14-53-39,-9.440000,-11.320000,2.400000,5.700000,-2.000000,-137.899994,1.100000
2026-05-19-14-53-40,-9.490000,-11.350000,2.400000,6.800000,0.500000,-135.000000,1.100000
2026-05-19-14-53-40,-9.560000,-11.390000,2.390000,7.600000,3.000000,-131.899994,1.100000
2026-05-19-14-53-40,-9.640000,-11.460000,2.390000,8.600000,4.600000,-129.000000,1.100000
2026-05-19-14-53-40,-9.730000,-11.540000,2.390000,10.500000,4.600000,-126.199997,1.100000
2026-05-19-14-53-41,-9.810000,-11.610000,2.370000,11.500000,3.000000,-123.300003,1.100000
2026-05-19-14-53-41,-9.900000,-11.700000,2.360000,10.900000,0.400000,-120.500000,1.100000
2026-05-19-14-53-41,-9.980000,-11.790000,2.360000,9.100000,-3.000000,-117.699997,1.100000
2026-05-19-14-53-41,-10.060000,-11.880000,2.360000,6.400000,-6.400000,-115.000000,1.100000
2026-05-19-14-53-41,-10.110000,-11.940000,2.350000,3.400000,-10.600000,-113.500000,1.100000
2026-05-19-14-53-42,-10.150000,-11.980000,2.350000,1.900000,-14.200000,-112.599998,1.100000
2026-05-19-14-53-42,-10.180000,-12.020000,2.340000,2.200000,-16.700001,-113.599998,1.100000
2026-05-19-14-53-42,-10.220000,-12.070000,2.360000,3.100000,-16.500000,-112.199997,1.100000
2026-05-19-14-53-42,-10.280000,-12.150000,2.390000,3.200000,-14.800000,-110.099998,1.100000
2026-05-19-14-53-42,-10.340000,-12.240000,2.420000,3.900000,-12.900000,-107.800003,1.100000
2026-05-19-14-53-43,-10.380000,-12.330000,2.450000,5.500000,-12.200000,-105.800003,1.100000
2026-05-19-14-53-43,-10.420000,-12.430000,2.470000,8.300000,-12.600000,-109.900002,1.100000
2026-05-19-14-53-43,-10.440000,-12.520000,2.500000,13.400000,-12.100000,-122.000000,1.100000
2026-05-19-14-53-43,-10.480000,-12.610000,2.520000,19.200001,-8.200000,-136.600006,1.100000
2026-05-19-14-53-44,-10.540000,-12.690000,2.550000,20.600000,-5.600000,-141.800003,1.100000
2026-05-19-14-53-44,-10.580000,-12.740000,2.560000,19.000000,-5.200000,-144.899994,1.100000
2026-05-19-14-53-44,-10.610000,-12.770000,2.570000,14.300000,-5.100000,-146.600006,1.100000
2026-05-19-14-53-44,-10.640000,-12.810000,2.570000,9.600000,-5.000000,-147.199997,1.100000
2026-05-19-14-53-45,-10.660000,-12.830000,2.550000,5.200000,-4.200000,-147.100006,1.100000
2026-05-19-14-53-45,-10.680000,-12.850000,2.490000,2.700000,-2.000000,-145.899994,1.100000
2026-05-19-14-53-45,-10.700000,-12.870000,2.400000,1.600000,1.400000,-144.100006,1.100000
2026-05-19-14-53-45,-10.710000,-12.880000,2.330000,1.000000,3.600000,-143.000000,1.100000
2026-05-19-14-53-46,-10.720000,-12.890000,2.290000,1.700000,5.400000,-142.100006,1.100000
2026-05-19-14-53-46,-10.740000,-12.890000,2.240000,3.600000,7.100000,-140.899994,1.100000
2026-05-19-14-53-46,-10.810000,-12.940000,2.200000,5.700000,9.400000,-138.600006,1.100000
2026-05-19-14-53-46,-10.890000,-12.990000,2.160000,6.800000,8.400000,-137.199997,1.100000
2026-05-19-14-53-46,-10.980000,-13.060000,2.120000,7.100000,5.700000,-136.000000,1.100000
2026-05-19-14-53-47,-11.070000,-13.120000,2.090000,7.500000,0.700000,-134.500000,1.100000
2026-05-19-14-53-47,-11.170000,-13.190000,2.070000,6.300000,-5.100000,-132.399994,1.100000
2026-05-19-14-53-47,-11.270000,-13.260000,2.070000,4.600000,-8.800000,-130.300003,1.100000
2026-05-19-14-53-47,-11.360000,-13.320000,2.080000,3.000000,-11.400000,-128.199997,1.100000
2026-05-19-14-53-47,-11.430000,-13.400000,2.100000,3.300000,-13.400000,-132.300003,1.100000
2026-05-19-14-53-48,-11.600000,-13.510000,2.140000,13.400000,-12.200000,-144.399994,1.100000
2026-05-19-14-53-48,-11.730000,-13.520000,2.130000,13.200000,-6.500000,-142.899994,1.100000
2026-05-19-14-53-49,-11.860000,-13.640000,2.040000,13.000000,-3.900000,-140.300003,1.100000
2026-05-19-14-53-49,-11.920000,-13.710000,1.970000,13.600000,-4.600000,-138.800003,1.100000
2026-05-19-14-53-49,-11.990000,-13.760000,1.930000,13.300000,-6.900000,-137.500000,1.100000
2026-05-19-14-53-49,-12.070000,-13.820000,1.900000,11.700000,-10.700000,-136.100006,1.100000
2026-05-19-14-53-50,-12.250000,-13.940000,1.900000,8.300000,-19.500000,-131.899994,1.100000
2026-05-19-14-53-50,-12.330000,-14.010000,1.890000,9.300000,-22.900000,-130.800003,1.100000
2026-05-19-14-53-50,-12.410000,-14.080000,1.870000,8.300000,-23.400000,-127.800003,1.100000
2026-05-19-14-53-50,-12.470000,-14.150000,1.840000,7.100000,-23.100000,-125.199997,1.100000
2026-05-19-14-53-51,-12.540000,-14.220000,1.830000,6.300000,-24.100000,-123.000000,1.100000
2026-05-19-14-53-51,-12.600000,-14.290000,1.840000,5.700000,-25.500000,-120.800003,1.100000
2026-05-19-14-53-51,-12.680000,-14.360000,1.860000,5.300000,-26.900000,-119.099998,1.100000
2026-05-19-14-53-51,-12.720000,-14.430000,1.880000,8.800000,-27.600000,-125.800003,1.100000
2026-05-19-14-53-51,-12.760000,-14.490000,1.910000,15.800000,-25.700001,-138.500000,1.100000
2026-05-19-14-53-52,-12.820000,-14.540000,1.940000,22.700001,-21.500000,-149.600006,1.100000
2026-05-19-14-53-52,-12.900000,-14.570000,1.960000,25.000000,-17.299999,-155.000000,1.100000
2026-05-19-14-53-52,-12.990000,-14.610000,1.980000,25.900000,-16.299999,-158.199997,1.100000
2026-05-19-14-53-52,-13.080000,-14.650000,1.980000,25.000000,-14.900000,-158.899994,1.100000
2026-05-19-14-53-53,-13.410000,-14.840000,1.790000,14.500000,-14.500000,-152.100006,1.100000
2026-05-19-14-53-53,-13.480000,-14.880000,1.740000,11.900000,-17.000000,-150.899994,1.100000
2026-05-19-14-53-54,-13.560000,-14.910000,1.720000,9.100000,-20.700001,-149.699997,1.100000
2026-05-19-14-53-54,-13.650000,-14.950000,1.720000,6.000000,-24.299999,-148.000000,1.100000
2026-05-19-14-53-54,-13.740000,-14.980000,1.740000,3.400000,-26.299999,-146.500000,1.100000
2026-05-19-14-53-54,-13.830000,-15.010000,1.770000,0.600000,-27.100000,-144.600006,1.100000
2026-05-19-14-53-55,-13.900000,-15.050000,1.800000,3.800000,-26.500000,-151.300003,1.100000
2026-05-19-14-53-55,-13.970000,-15.070000,1.840000,10.900000,-23.700001,-159.199997,1.100000
2026-05-19-14-53-55,-14.060000,-15.070000,1.880000,14.500000,-20.100000,-162.699997,1.100000
2026-05-19-14-53-55,-14.160000,-15.080000,1.920000,12.600000,-17.000000,-162.399994,1.100000
2026-05-19-14-53-55,-14.250000,-15.080000,1.930000,8.400000,-17.299999,-154.300003,1.100000
2026-05-19-14-53-56,-14.340000,-15.080000,1.950000,3.700000,-19.700001,-142.899994,1.100000
2026-05-19-14-53-56,-14.440000,-15.090000,1.990000,1.700000,-17.500000,-136.000000,1.100000
2026-05-19-14-53-56,-14.530000,-15.120000,2.030000,0.100000,-14.000000,-131.699997,1.100000
2026-05-19-14-53-56,-14.620000,-15.170000,2.060000,0.100000,-11.800000,-131.800003,1.100000
2026-05-19-14-53-57,-14.760000,-15.270000,2.090000,8.900000,-9.800000,-148.600006,1.100000
2026-05-19-14-53-57,-15.000000,-15.300000,2.110000,18.000000,-9.400000,-153.500000,1.000000
2026-05-19-14-53-58,-15.180000,-15.430000,2.070000,16.900000,-9.600000,-151.399994,1.100000
2026-05-19-14-53-58,-15.440000,-15.610000,1.880000,8.300000,-15.800000,-141.000000,1.100000
2026-05-19-14-53-59,-15.790000,-15.920000,1.630000,-1.500000,-31.200001,-128.800003,1.100000
2026-05-19-14-54-00,-15.840000,-15.960000,1.610000,-2.100000,-33.599998,-126.699997,1.100000
2026-05-19-14-54-00,-15.880000,-15.990000,1.590000,-1.600000,-35.099998,-126.500000,1.100000
2026-05-19-14-54-00,-15.900000,-16.000000,1.540000,-2.500000,-37.900002,-126.699997,1.100000
2026-05-19-14-54-00,-15.940000,-16.030001,1.480000,-3.600000,-36.099998,-125.800003,1.100000
2026-05-19-14-54-01,-15.970000,-16.059999,1.400000,-3.600000,-31.700001,-124.500000,1.100000
2026-05-19-14-54-01,-16.010000,-16.090000,1.330000,-2.700000,-27.000000,-123.400002,1.100000
2026-05-19-14-54-01,-16.040001,-16.120001,1.250000,-0.600000,-22.000000,-122.500000,1.100000
2026-05-19-14-54-01,-16.059999,-16.150000,1.210000,2.000000,-16.000000,-121.000000,1.100000
2026-05-19-14-54-02,-16.170000,-16.260000,1.180000,9.400000,-6.900000,-122.500000,1.100000
2026-05-19-14-54-02,-16.209999,-16.299999,1.160000,11.200000,-6.300000,-123.900002,1.100000
2026-05-19-14-54-02,-16.230000,-16.330000,1.130000,10.700000,-7.000000,-124.500000,1.100000
2026-05-19-14-54-02,-16.250000,-16.350000,1.100000,9.100000,-8.000000,-124.599998,1.100000
2026-05-19-14-54-02,-16.270000,-16.370001,1.070000,7.200000,-8.900000,-124.400002,1.100000
2026-05-19-14-54-03,-16.270000,-16.389999,1.040000,5.800000,-9.300000,-127.199997,1.100000
2026-05-19-14-54-03,-16.270000,-16.410000,1.020000,7.600000,-9.300000,-137.199997,1.100000
2026-05-19-14-54-03,-16.280001,-16.420000,0.990000,8.300000,-9.600000,-142.100006,1.100000
2026-05-19-14-54-03,-16.290001,-16.430000,0.960000,8.000000,-9.700000,-145.000000,1.100000
2026-05-19-14-54-04,-16.290001,-16.430000,0.940000,7.200000,-9.400000,-146.500000,1.100000
2026-05-19-14-54-04,-16.299999,-16.440001,0.910000,6.100000,-8.500000,-146.899994,1.100000
2026-05-19-14-54-04,-16.299999,-16.440001,0.880000,5.300000,-7.300000,-146.300003,1.100000
2026-05-19-14-54-04,-16.309999,-16.430000,0.850000,5.000000,-6.200000,-145.100006,1.100000
2026-05-19-14-54-04,-16.309999,-16.430000,0.820000,5.100000,-5.100000,-143.199997,1.100000
2026-05-19-14-54-05,-16.309999,-16.420000,0.790000,5.400000,-4.200000,-141.300003,1.100000
2026-05-19-14-54-05,-16.299999,-16.420000,0.770000,6.000000,-3.200000,-145.600006,1.100000
2026-05-19-14-54-05,-16.290001,-16.440001,0.750000,6.900000,0.800000,-165.000000,1.100000
2026-05-19-14-54-05,-16.299999,-16.469999,0.740000,5.800000,5.000000,175.000000,1.100000
2026-05-19-14-54-06,-16.320000,-16.490000,0.730000,3.000000,8.900000,152.600006,1.100000
2026-05-19-14-54-06,-16.350000,-16.510000,0.710000,-1.600000,10.600000,130.800003,1.100000
2026-05-19-14-54-06,-16.379999,-16.500000,0.690000,-5.500000,10.100000,111.599998,1.100000
2026-05-19-14-54-06,-16.389999,-16.490000,0.660000,-6.400000,7.100000,104.300003,1.100000
2026-05-19-14-54-06,-16.389999,-16.480000,0.630000,-6.500000,2.800000,99.300003,1.100000
2026-05-19-14-54-07,-16.389999,-16.469999,0.600000,-6.400000,-0.700000,96.900002,1.100000
2026-05-19-14-54-07,-16.389999,-16.450001,0.570000,-6.800000,-3.400000,95.699997,1.100000
2026-05-19-14-54-07,-16.389999,-16.440001,0.560000,-7.400000,-5.300000,95.500000,1.100000
2026-05-19-14-54-07,-16.389999,-16.440001,0.590000,-6.100000,-7.600000,95.500000,1.100000
2026-05-19-14-54-07,-16.400000,-16.440001,0.630000,-4.300000,-10.300000,96.599998,1.100000
2026-05-19-14-54-08,-16.400000,-16.440001,0.640000,-3.900000,-12.000000,98.699997,1.100000
2026-05-19-14-54-08,-16.400000,-16.440001,0.640000,-4.400000,-12.700000,101.300003,1.100000
2026-05-19-14-54-08,-16.400000,-16.430000,0.640000,-5.200000,-12.300000,105.000000,1.100000
2026-05-19-14-54-08,-16.410000,-16.450001,0.630000,-5.500000,-11.000000,108.400002,1.100000
2026-05-19-14-54-09,-16.400000,-16.450001,0.630000,-5.500000,-9.300000,111.900002,1.100000
2026-05-19-14-54-09,-16.389999,-16.430000,0.620000,-6.700000,-6.800000,123.300003,1.100000
2026-05-19-14-54-09,-16.379999,-16.389999,0.620000,-7.600000,-1.900000,149.000000,1.100000
2026-05-19-14-54-09,-16.379999,-16.350000,0.620000,-5.800000,0.900000,171.399994,1.100000
2026-05-19-14-54-10,-16.400000,-16.320000,0.610000,-3.100000,1.000000,-173.600006,1.100000
2026-05-19-14-54-10,-16.410000,-16.309999,0.590000,-0.000000,-0.100000,-165.100006,1.100000
2026-05-19-14-54-10,-16.420000,-16.299999,0.570000,3.100000,-1.500000,-159.199997,1.100000
2026-05-19-14-54-10,-16.440001,-16.290001,0.550000,5.100000,-3.300000,-150.800003,1.100000
2026-05-19-14-54-10,-16.480000,-16.270000,0.530000,3.800000,-5.000000,-133.000000,1.100000
2026-05-19-14-54-11,-16.530001,-16.260000,0.520000,0.500000,-6.600000,-103.199997,1.100000
2026-05-19-14-54-11,-16.559999,-16.270000,0.510000,-1.600000,-8.100000,-89.699997,1.100000
2026-05-19-14-54-11,-16.580000,-16.280001,0.490000,-3.000000,-9.200000,-81.400002,1.100000
2026-05-19-14-54-11,-16.590000,-16.290001,0.470000,-3.100000,-10.100000,-75.199997,1.100000
2026-05-19-14-54-11,-16.600000,-16.299999,0.450000,-1.900000,-10.900000,-71.199997,1.100000
2026-05-19-14-54-12,-16.600000,-16.309999,0.420000,-0.200000,-11.500000,-68.900002,1.100000
2026-05-19-14-54-12,-16.600000,-16.309999,0.400000,2.000000,-12.100000,-67.300003,1.100000
2026-05-19-14-54-12,-16.600000,-16.320000,0.370000,3.600000,-12.500000,-66.599998,1.100000
2026-05-19-14-54-12,-16.600000,-16.320000,0.340000,4.700000,-12.800000,-66.400002,1.100000
2026-05-19-14-54-13,-16.600000,-16.320000,0.320000,5.400000,-12.900000,-66.500000,1.100000
2026-05-19-14-54-13,-16.600000,-16.320000,0.290000,5.600000,-13.000000,-67.000000,1.100000
2026-05-19-14-54-13,-16.590000,-16.320000,0.260000,5.500000,-12.900000,-67.800003,1.100000
2026-05-19-14-54-13,-16.590000,-16.320000,0.220000,5.300000,-12.600000,-69.099998,1.100000
2026-05-19-14-54-13,-16.570000,-16.309999,0.200000,7.800000,-10.700000,-82.199997,1.100000
2026-05-19-14-54-14,-16.540001,-16.309999,0.190000,10.100000,-7.700000,-94.500000,1.100000
2026-05-19-14-54-14,-16.530001,-16.320000,0.170000,10.200000,-5.700000,-103.400002,1.100000
2026-05-19-14-54-14,-16.520000,-16.320000,0.140000,9.200000,-5.000000,-109.500000,1.100000
2026-05-19-14-54-14,-16.510000,-16.330000,0.110000,7.700000,-4.700000,-114.400002,1.100000
2026-05-19-14-54-14,-16.510000,-16.330000,0.060000,5.700000,-4.500000,-117.400002,1.100000
2026-05-19-14-54-15,-16.500000,-16.340000,-0.050000,4.100000,-3.600000,-116.900002,1.100000
2026-05-19-14-54-15,-16.500000,-16.340000,-0.250000,3.800000,-2.500000,-113.400002,1.100000
2026-05-19-14-54-16,-16.480000,-16.360001,-0.590000,3.700000,-1.100000,-108.099998,1.100000
2026-05-19-14-54-16,-16.459999,-16.360001,-0.820000,4.000000,2.500000,-104.800003,1.100000
2026-05-19-14-54-17,-16.410000,-16.350000,-1.280000,7.400000,13.600000,-97.599998,1.100000
2026-05-19-14-54-17,-16.360001,-16.299999,-1.500000,10.300000,20.200001,-93.000000,1.100000
2026-05-19-14-54-17,-16.330000,-16.250000,-1.610000,12.000000,23.600000,-90.099998,1.100000
2026-05-19-14-54-18,-16.260000,-16.180000,-1.810000,14.600000,28.299999,-85.000000,1.100000
2026-05-19-14-54-18,-16.209999,-16.080000,-1.970000,13.500000,23.700001,-80.099998,1.100000
2026-05-19-14-54-18,-16.209999,-16.000000,-2.040000,12.900000,16.400000,-79.400002,1.100000
2026-05-19-14-54-19,-16.230000,-15.930000,-2.050000,12.900000,2.800000,-76.400002,1.100000
2026-05-19-14-54-19,-16.240000,-15.810000,-2.060000,14.600000,-8.000000,-68.800003,1.100000
2026-05-19-14-54-19,-16.209999,-15.760000,-2.030000,17.500000,-9.500000,-58.000000,1.100000
2026-05-19-14-54-20,-16.180000,-15.720000,-2.010000,17.900000,-7.000000,-52.799999,1.100000
2026-05-19-14-54-21,-16.010000,-15.860000,-1.950000,18.799999,-3.300000,-34.200001,1.100000
2026-05-19-14-54-21,-15.850000,-15.960000,-1.960000,17.100000,-10.900000,-31.700001,1.100000
2026-05-19-14-54-21,-15.690000,-16.070000,-1.960000,4.800000,-20.299999,-16.400000,1.100000
2026-05-19-14-54-22,-15.580000,-16.170000,-1.950000,-20.600000,-28.799999,17.299999,1.100000
2026-05-19-14-54-22,-15.480000,-16.230000,-1.870000,-35.000000,-15.400000,42.799999,1.100000
2026-05-19-14-54-22,-15.350000,-16.170000,-1.820000,-30.799999,-6.200000,52.400002,1.100000
2026-05-19-14-54-23,-15.220000,-16.070000,-1.780000,-21.799999,0.800000,72.699997,1.100000
2026-05-19-14-54-23,-15.120000,-15.960000,-1.770000,-14.200000,5.000000,96.000000,1.100000
2026-05-19-14-54-24,-15.100000,-15.770000,-1.800000,-9.400000,3.900000,107.699997,1.100000
2026-05-19-14-54-24,-15.120000,-15.580000,-1.810000,-8.900000,-0.500000,117.599998,1.100000
2026-05-19-14-54-24,-15.150000,-15.450000,-1.830000,-8.800000,-8.800000,124.599998,1.100000
2026-05-19-14-54-25,-15.160000,-15.360000,-1.860000,-4.900000,-15.100000,131.699997,1.100000
2026-05-19-14-54-25,-15.220000,-15.230000,-1.850000,-5.400000,-12.500000,141.600006,1.100000
2026-05-19-14-54-25,-15.270000,-15.140000,-1.820000,-4.900000,-11.200000,149.100006,1.100000
2026-05-19-14-54-26,-15.280000,-15.090000,-1.850000,-1.100000,-12.600000,153.600006,1.100000
2026-05-19-14-54-26,-15.370000,-15.000000,-1.860000,1.300000,-6.500000,160.600006,1.100000
2026-05-19-14-54-27,-15.560000,-14.910000,-1.840000,0.600000,-3.500000,167.800003,1.100000
2026-05-19-14-54-27,-15.720000,-14.820000,-1.810000,-1.100000,-7.400000,174.600006,1.100000
2026-05-19-14-54-27,-15.900000,-14.750000,-1.780000,-4.500000,-11.000000,-178.699997,1.100000
2026-05-19-14-54-28,-16.010000,-14.720000,-1.780000,-3.500000,-13.500000,-175.100006,1.100000
2026-05-19-14-54-28,-16.080000,-14.690000,-1.800000,1.300000,-14.200000,-173.100006,1.100000
2026-05-19-14-54-28,-16.120001,-14.670000,-1.830000,4.400000,-13.400000,-171.300003,1.100000
2026-05-19-14-54-29,-16.170000,-14.650000,-1.850000,6.600000,-10.400000,-169.000000,1.100000
2026-05-19-14-54-29,-16.290001,-14.640000,-1.860000,5.200000,-3.300000,-162.100006,1.100000
2026-05-19-14-54-30,-16.370001,-14.640000,-1.870000,4.600000,-3.500000,-157.899994,1.100000
2026-05-19-14-54-30,-16.410000,-14.650000,-2.000000,6.300000,-1.200000,-153.100006,1.100000
2026-05-19-14-54-30,-16.430000,-14.680000,-2.170000,9.100000,3.700000,-150.000000,1.100000
2026-05-19-14-54-31,-16.440001,-14.700000,-2.220000,8.300000,5.300000,-147.899994,1.100000
2026-05-19-14-54-31,-16.459999,-14.710000,-2.210000,7.700000,1.000000,-147.100006,1.100000
2026-05-19-14-54-31,-16.510000,-14.710000,-2.160000,10.500000,0.200000,-146.100006,1.100000
2026-05-19-14-54-32,-16.580000,-14.700000,-2.150000,9.600000,-6.200000,-117.800003,1.100000
2026-05-19-14-54-32,-16.690001,-14.690000,-2.160000,0.800000,-13.100000,-76.099998,1.100000
2026-05-19-14-54-33,-16.770000,-14.740000,-2.140000,-8.200000,-10.900000,-34.000000,1.100000
2026-05-19-14-54-33,-16.780001,-14.820000,-2.140000,-10.600000,-8.500000,-0.400000,1.100000
2026-05-19-14-54-34,-16.660000,-14.820000,-2.160000,-6.000000,-2.800000,22.000000,1.100000
2026-05-19-14-54-34,-1.000000,-14.770000,-2.170000,-3.600000,-5.700000,29.000000,1.100000
2026-05-19-14-54-35,-16.370001,-14.680000,-2.160000,-2.900000,-10.700000,36.000000,1.100000
2026-05-19-14-54-35,-16.230000,-14.580000,-2.120000,-0.600000,-15.200000,30.100000,1.100000
2026-05-19-14-54-35,-16.120001,-14.470000,-2.090000,9.800000,-17.500000,9.400000,1.100000
2026-05-19-14-54-36,-15.970000,-14.400000,-2.060000,14.100000,-19.299999,2.600000,1.100000
2026-05-19-14-54-36,-15.790000,-14.380000,-2.010000,11.300000,-23.200001,1.600000,1.100000
2026-05-19-14-54-36,-15.630000,-14.390000,-1.960000,-1.800000,-27.600000,17.900000,1.100000
2026-05-19-14-54-37,-15.480000,-14.380000,-1.890000,-16.400000,-22.799999,35.000000,1.100000
2026-05-19-14-54-37,-15.330000,-14.310000,-1.810000,-17.900000,-18.100000,39.799999,1.100000
2026-05-19-14-54-38,-15.160000,-14.230000,-1.730000,-14.700000,-15.100000,44.599998,1.100000
2026-05-19-14-54-38,-15.020000,-14.140000,-1.680000,-12.200000,-15.900000,49.299999,1.100000
2026-05-19-14-54-38,-14.930000,-14.080000,-1.670000,-7.600000,-17.799999,52.200001,1.100000
2026-05-19-14-54-39,-14.870000,-14.060000,-1.680000,-4.500000,-17.500000,53.299999,1.100000
2026-05-19-14-54-39,-14.800000,-14.020000,-1.730000,-2.600000,-14.300000,55.700001,1.100000
2026-05-19-14-54-39,-14.810000,-13.940000,-1.830000,-1.700000,-7.800000,59.799999,1.100000
2026-05-19-14-54-40,-14.770000,-13.930000,-2.020000,0.900000,-1.700000,64.099998,1.100000
2026-05-19-14-54-40,-14.790000,-13.890000,-2.140000,-5.800000,6.600000,68.599998,1.100000
2026-05-19-14-54-41,-14.810000,-13.880000,-2.090000,1.400000,4.800000,74.599998,1.100000
2026-05-19-14-54-41,-14.870000,-13.770000,-2.010000,3.500000,10.300000,34.400002,1.100000
2026-05-19-14-54-42,-14.870000,-13.690000,-2.010000,1.300000,9.800000,-0.800000,1.100000
2026-05-19-14-54-42,-14.750000,-13.690000,-2.030000,7.300000,3.100000,-13.600000,1.100000
2026-05-19-14-54-43,-14.000000,-13.740000,-2.040000,5.700000,-4.200000,-1.100000,1.100000
2026-05-19-14-54-43,-14.410000,-13.760000,-2.030000,2.800000,-7.400000,5.400000,1.100000
2026-05-19-14-54-44,-14.200000,-13.770000,-2.000000,-0.400000,-9.800000,9.700000,1.100000
2026-05-19-14-54-44,-14.010000,-13.770000,-1.990000,-5.300000,-15.700000,15.100000,1.100000
2026-05-19-14-54-44,-13.810000,-13.770000,-1.920000,-8.600000,-18.299999,20.100000,1.100000
2026-05-19-14-54-45,-13.610000,-13.740000,-1.870000,-11.400000,-20.700001,25.000000,1.100000
2026-05-19-14-54-45,-13.420000,-13.690000,-1.790000,-11.400000,-20.700001,29.200001,1.100000
2026-05-19-14-54-45,-13.240000,-13.620000,-1.710000,-9.700000,-20.100000,32.599998,1.100000
2026-05-19-14-54-46,-13.070000,-13.560000,-1.650000,-8.400000,-20.400000,36.000000,1.100000
2026-05-19-14-54-46,-12.960000,-13.510000,-1.630000,-5.600000,-21.500000,37.900002,1.100000
2026-05-19-14-54-47,-12.890000,-13.490000,-1.630000,-2.000000,-19.000000,38.400002,1.100000
2026-05-19-14-54-47,-12.840000,-13.470000,-1.640000,-0.600000,-14.500000,38.700001,1.100000
2026-05-19-14-54-47,-12.760000,-13.440000,-1.630000,-0.800000,-7.200000,39.700001,1.100000
2026-05-19-14-54-48,-12.600000,-13.340000,-1.620000,-0.200000,-1.700000,43.000000,1.100000
2026-05-19-14-54-48,-12.420000,-13.230000,-1.650000,2.000000,-3.300000,47.099998,1.100000
2026-05-19-14-54-49,-12.240000,-13.110000,-1.650000,0.200000,-7.600000,52.099998,1.100000
2026-05-19-14-54-49,-12.160000,-13.060000,-1.630000,-1.300000,-9.600000,53.700001,1.100000
2026-05-19-14-54-49,-12.100000,-13.010000,-1.590000,-2.000000,-13.100000,51.099998,1.100000
2026-05-19-14-54-49,-12.040000,-13.020000,-1.590000,6.000000,-17.600000,30.100000,1.100000
2026-05-19-14-54-50,-11.890000,-12.910000,-1.550000,11.100000,-17.299999,18.700001,1.100000
2026-05-19-14-54-50,-11.710000,-12.860000,-1.500000,9.400000,-17.200001,17.600000,1.100000
2026-05-19-14-54-50,-11.520000,-12.830000,-1.450000,1.300000,-20.700001,27.000000,1.100000
2026-05-19-14-54-51,-11.350000,-12.830000,-1.400000,-14.500000,-17.700001,50.799999,1.100000
2026-05-19-14-54-51,-11.200000,-12.730000,-1.330000,-18.700001,-11.200000,60.200001,1.100000
2026-05-19-14-54-52,-11.060000,-12.590000,-1.280000,-16.700001,-7.800000,66.199997,1.100000
2026-05-19-14-54-52,-10.940000,-12.420000,-1.240000,-14.000000,-7.000000,72.699997,1.100000
2026-05-19-14-54-52,-10.850000,-12.240000,-1.200000,-11.500000,-8.500000,79.199997,1.100000
2026-05-19-14-54-53,-10.780000,-12.040000,-1.180000,-10.600000,-10.100000,85.500000,1.100000
2026-05-19-14-54-53,-10.730000,-11.840000,-1.150000,-8.600000,-12.300000,92.099998,1.100000
2026-05-19-14-54-54,-10.690000,-11.720000,-1.140000,-5.700000,-15.400000,96.699997,1.100000
2026-05-19-14-54-54,-10.660000,-11.640000,-1.150000,-1.600000,-15.700000,100.900002,1.100000
2026-05-19-14-54-54,-10.640000,-11.580000,-1.160000,1.400000,-12.300000,104.599998,1.100000
2026-05-19-14-54-55,-10.620000,-11.490000,-1.170000,2.200000,-5.700000,110.400002,1.100000
2026-05-19-14-54-55,-10.630000,-11.320000,-1.150000,2.500000,-1.100000,115.099998,1.100000
2026-05-19-14-54-55,-10.650000,-11.120000,-1.150000,4.200000,-2.000000,119.400002,1.100000
2026-05-19-14-54-56,-10.600000,-10.920000,-1.160000,1.900000,-4.300000,124.400002,1.100000
2026-05-19-14-54-56,-10.720000,-10.720000,-1.160000,-2.300000,-6.400000,129.899994,1.100000
2026-05-19-14-54-57,-10.760000,-10.590000,-1.160000,-5.500000,-10.200000,133.899994,1.100000
2026-05-19-14-54-57,-10.770000,-10.510000,-1.170000,-3.700000,-11.400000,137.100006,1.100000
2026-05-19-14-54-58,-10.790000,-10.420000,-1.200000,6.300000,-4.400000,122.599998,1.100000
2026-05-19-14-54-58,-10.850000,-10.400000,-1.200000,3.700000,1.300000,86.099998,1.100000
2026-05-19-14-54-59,-10.870000,-10.350000,-1.230000,1.300000,0.200000,71.599998,1.100000
2026-05-19-14-54-59,-10.830000,-10.300000,-1.260000,0.300000,1.100000,74.300003,1.100000
2026-05-19-14-54-59,-10.760000,-10.210000,-1.280000,-1.700000,2.400000,77.099998,1.100000
2026-05-19-14-54-59,-10.690000,-10.010000,-1.270000,-2.200000,3.500000,80.599998,1.100000
2026-05-19-14-55-00,-10.610000,-9.830000,-1.290000,-2.000000,1.400000,83.699997,1.100000
2026-05-19-14-55-00,-10.530000,-9.640000,-1.290000,-3.600000,-2.100000,87.800003,1.100000
2026-05-19-14-55-01,-10.470000,-9.440000,-1.300000,-6.500000,-5.800000,92.500000,1.100000
2026-05-19-14-55-01,-10.430000,-9.230000,-1.280000,-7.800000,-8.200000,96.900002,1.100000
2026-05-19-14-55-01,-10.400000,-9.040000,-1.250000,-7.900000,-9.300000,101.000000,1.100000
2026-05-19-14-55-02,-10.380000,-8.830000,-1.210000,-7.300000,-10.000000,105.199997,1.100000
2026-05-19-14-55-02,-10.380000,-8.630000,-1.160000,-7.100000,-10.200000,110.000000,1.100000
2026-05-19-14-55-03,-10.390000,-8.440000,-1.120000,-6.600000,-9.700000,114.699997,1.100000
2026-05-19-14-55-03,-10.400000,-8.290000,-1.100000,-7.000000,-11.600000,118.099998,1.100000
2026-05-19-14-55-03,-10.400000,-8.200000,-1.100000,-4.500000,-12.000000,120.800003,1.100000
2026-05-19-14-55-04,-10.400000,-8.130000,-1.180000,-1.300000,-7.700000,124.500000,1.100000
2026-05-19-14-55-04,-10.430000,-8.070000,-1.530000,7.500000,4.200000,131.899994,1.100000
2026-05-19-14-55-05,-10.450000,-8.150000,-1.900000,15.400000,18.000000,143.100006,1.100000
2026-05-19-14-55-06,-10.450000,-8.220000,-2.070000,18.100000,24.400000,149.199997,1.100000
2026-05-19-14-55-06,-10.460000,-8.270000,-2.160000,12.800000,25.799999,154.600006,1.100000
2026-05-19-14-55-06,-10.430000,-8.340000,-2.290000,5.900000,20.000000,161.699997,1.100000
2026-05-19-14-55-07,-10.340000,-8.400000,-2.390000,8.100000,0.200000,165.699997,1.100000
2026-05-19-14-55-07,-10.310000,-8.460000,-2.340000,9.800000,-3.100000,171.399994,1.100000
2026-05-19-14-55-08,-10.310000,-8.490000,-2.280000,14.200000,3.400000,174.600006,1.100000
2026-05-19-14-55-08,-10.300000,-8.520000,-2.250000,15.000000,5.800000,179.199997,1.100000
2026-05-19-14-55-08,-10.290000,-8.570000,-2.280000,11.000000,7.700000,-176.600006,1.100000
2026-05-19-14-55-09,-10.260000,-8.620000,-2.370000,8.300000,1.600000,-170.800003,1.100000
2026-05-19-14-55-09,-10.240000,-8.630000,-2.340000,7.400000,-2.300000,-167.600006,1.100000
2026-05-19-14-55-09,-10.320000,-8.760000,-2.280000,7.600000,-1.900000,-163.500000,1.100000
2026-05-19-14-55-10,-10.300000,-8.860000,-2.240000,9.000000,-1.200000,-159.300003,1.100000
2026-05-19-14-55-10,-10.270000,-8.860000,-2.230000,10.400000,-4.900000,-143.500000,1.100000
2026-05-19-14-55-10,-10.330000,-8.850000,-2.230000,6.300000,-15.800000,-103.800003,1.100000
2026-05-19-14-55-11,-10.400000,-8.870000,-2.230000,-3.000000,-22.100000,-71.300003,1.100000
2026-05-19-14-55-11,-10.410000,-8.900000,-2.230000,-5.600000,-20.400000,-57.900002,1.100000
2026-05-19-14-55-11,-10.380000,-9.020000,-2.210000,-4.200000,-15.500000,-46.299999,1.100000
2026-05-19-14-55-12,-10.290000,-2.000000,1.100000,-15.800000,-38.099998,0.000000,1.300000
2026-05-19-14-55-12,-10.170000,-9.300000,-2.160000,10.800000,-20.000000,-34.599998,1.100000
2026-05-19-14-55-13,-10.060000,-9.430000,-2.130000,8.000000,-23.900000,-30.799999,1.100000
2026-05-19-14-55-13,-9.800000,-9.700000,-2.140000,-9.300000,-23.600000,-19.299999,1.100000
2026-05-19-14-55-14,-9.670000,-9.840000,-2.190000,-6.000000,-20.600000,-16.700001,1.100000
2026-05-19-14-55-14,-9.540000,-9.960000,-2.180000,-3.200000,-18.000000,-13.200000,1.100000
2026-05-19-14-55-15,-9.380000,-10.040000,-2.130000,-5.200000,-20.500000,-6.500000,1.100000
2026-05-19-14-55-15,-9.050000,-10.200000,-2.150000,-6.300000,-5.100000,1.100000,1.100000
2026-05-19-14-55-16,-8.910000,-10.260000,-2.130000,-8.800000,-8.100000,3.200000,1.100000
2026-05-19-14-55-16,-8.850000,-10.290000,-2.090000,-12.600000,-12.000000,6.400000,1.100000
2026-05-19-14-55-16,-8.780000,-10.360000,-2.090000,-2.700000,-9.300000,9.900000,1.100000
2026-05-19-14-55-17,-8.730000,-10.380000,-2.120000,-2.000000,-4.600000,15.000000,1.100000
2026-05-19-14-55-17,-8.690000,-10.410000,-2.080000,-1.100000,-2.800000,18.799999,1.100000
2026-05-19-14-55-18,-8.500000,-10.380000,-2.000000,1.300000,-0.500000,-6.900000,1.100000
2026-05-19-14-55-18,-8.340000,-10.400000,-2.010000,1.200000,-1.300000,-14.700000,1.100000
2026-05-19-14-55-19,-8.160000,-10.460000,-2.000000,1.000000,-4.200000,-14.400000,1.100000
2026-05-19-14-55-19,-8.000000,-10.520000,-1.990000,0.900000,-7.700000,-13.000000,1.100000
2026-05-19-14-55-19,-7.870000,-10.620000,-1.970000,-1.200000,-13.200000,-9.600000,1.100000
2026-05-19-14-55-20,-7.680000,-10.610000,-1.930000,-4.200000,-17.400000,-5.200000,1.100000
2026-05-19-14-55-20,-7.480000,-10.670000,-1.860000,-8.200000,-18.500000,0.200000,1.100000
2026-05-19-14-55-20,-7.270000,-10.710000,-1.800000,-10.100000,-20.500000,5.000000,1.100000
2026-05-19-14-55-21,-7.070000,-10.720000,-1.730000,-10.800000,-19.500000,10.300000,1.100000
2026-05-19-14-55-21,-6.860000,-10.740000,-1.640000,-11.700000,-18.700001,15.600000,1.100000
2026-05-19-14-55-22,-6.640000,-10.720000,-1.550000,-12.300000,-17.500000,20.799999,1.100000
2026-05-19-14-55-22,-6.240000,-10.640000,-1.450000,-9.800000,-15.500000,31.500000,1.100000
2026-05-19-14-55-23,-5.740000,-10.430000,-1.670000,-5.900000,-19.900000,46.400002,1.100000
2026-05-19-14-55-24,-5.580000,-10.350000,-1.760000,-4.600000,-26.100000,53.599998,1.100000
2026-05-19-14-55-25,-5.150000,-9.850000,-1.810000,-17.500000,-38.400002,83.500000,1.100000
2026-05-19-14-55-26,-5.090000,-9.770000,-1.850000,-14.400000,-40.099998,86.599998,1.100000
2026-05-19-14-55-26,-5.070000,-9.750000,-1.900000,-6.700000,-36.200001,82.400002,1.100000
2026-05-19-14-55-27,-5.060000,-9.730000,-1.940000,-2.100000,-27.900000,79.699997,1.100000
2026-05-19-14-55-27,-5.050000,-9.670000,-1.980000,-4.900000,-5.200000,80.000000,1.100000
2026-05-19-14-55-27,-5.030000,-9.600000,-1.980000,-6.200000,10.500000,79.300003,1.100000
2026-05-19-14-55-28,-4.980000,-9.540000,-1.940000,-2.100000,7.400000,79.800003,1.100000
2026-05-19-14-55-28,-5.000000,-9.490000,-1.930000,-1.500000,-1.700000,66.300003,1.100000
2026-05-19-14-55-28,-5.000000,-9.000000,-1.930000,2.000000,-7.400000,30.100000,1.100000
2026-05-19-14-55-29,-5.010000,-9.310000,-1.910000,7.500000,-5.400000,-2.000000,1.100000
2026-05-19-14-55-29,-4.900000,-9.310000,-1.890000,7.500000,-4.700000,-7.200000,1.100000
2026-05-19-14-55-29,-4.770000,-9.380000,-1.910000,7.200000,-7.200000,-8.300000,1.100000
2026-05-19-14-55-30,-4.590000,-9.410000,-1.900000,4.200000,-11.500000,-6.200000,1.100000
2026-05-19-14-55-30,-4.390000,-9.460000,-1.890000,-0.100000,-16.299999,-3.800000,1.100000
2026-05-19-14-55-31,-4.200000,-9.520000,-1.820000,-6.500000,-17.799999,0.100000,1.100000
2026-05-19-14-55-31,-4.010000,-9.570000,-1.760000,-11.000000,-18.500000,4.400000,1.100000
2026-05-19-14-55-31,-3.820000,-9.610000,-1.690000,-12.500000,-16.600000,8.100000,1.100000
2026-05-19-14-55-32,-3.610000,-9.640000,-1.620000,-11.600000,-15.300000,11.500000,1.100000
2026-05-19-14-55-32,-3.410000,-9.670000,-1.560000,-10.800000,-15.000000,15.400000,1.100000
2026-05-19-14-55-33,-3.190000,-9.660000,-1.500000,-10.400000,-14.700000,19.500000,1.100000
2026-05-19-14-55-33,-2.990000,-9.650000,-1.440000,-10.600000,-14.700000,23.000000,1.100000
2026-05-19-14-55-34,-2.440000,-9.550000,-1.550000,-2.700000,-20.700001,32.099998,1.100000
2026-05-19-14-55-34,-2.330000,-9.520000,-1.720000,-2.700000,-21.500000,35.799999,1.100000
2026-05-19-14-55-35,-2.250000,-9.490000,-1.890000,-2.400000,-16.400000,38.700001,1.100000
2026-05-19-14-55-35,-2.190000,-9.440000,-1.980000,-3.500000,3.800000,40.500000,1.100000
2026-05-19-14-55-36,-2.150000,-9.390000,-1.960000,-2.400000,4.600000,42.200001,1.100000
2026-05-19-14-55-36,-2.110000,-9.350000,-1.930000,2.100000,-5.300000,33.599998,1.100000
2026-05-19-14-55-36,-2.090000,-9.270000,-1.920000,10.600000,-9.300000,4.400000,1.100000
2026-05-19-14-55-37,-2.020000,-9.250000,-1.900000,16.500000,-6.700000,-5.300000,1.100000
2026-05-19-14-55-37,-1.880000,-9.250000,-1.870000,14.400000,-7.500000,-6.900000,1.100000
2026-05-19-14-55-37,-1.690000,-9.280000,-1.860000,9.500000,-8.400000,-4.900000,1.100000
2026-05-19-14-55-38,-1.500000,-9.350000,-1.870000,3.200000,-14.500000,1.100000,1.100000
2026-05-19-14-55-38,-1.320000,-9.390000,-1.830000,-8.000000,-17.799999,8.200000,1.100000
2026-05-19-14-55-39,-1.120000,-9.410000,-1.770000,-15.300000,-15.800000,14.600000,1.100000
2026-05-19-14-55-39,-0.900000,-9.410000,-1.710000,-17.200001,-13.500000,18.500000,1.100000
2026-05-19-14-55-39,-0.770000,-9.400000,-1.660000,-16.299999,-11.800000,20.299999,1.100000
2026-05-19-14-55-40,-0.620000,-9.350000,-1.600000,-14.100000,-10.100000,23.500000,1.100000
2026-05-19-14-55-40,-0.440000,-9.300000,-1.580000,-11.300000,-10.700000,28.100000,1.100000
2026-05-19-14-55-40,-0.250000,-9.240000,-1.530000,-10.200000,-11.300000,32.099998,1.100000
2026-05-19-14-55-41,-0.060000,-9.170000,-1.490000,-9.100000,-12.200000,36.599998,1.100000
2026-05-19-14-55-41,0.140000,-9.080000,-1.450000,-8.200000,-12.300000,40.500000,1.100000
2026-05-19-14-55-42,0.330000,-8.960000,-1.410000,-8.700000,-13.100000,43.799999,1.100000
2026-05-19-14-55-42,0.490000,-8.850000,-1.360000,-8.200000,-13.900000,46.200001,1.100000
2026-05-19-14-55-42,0.650000,-8.730000,-1.310000,-6.800000,-14.300000,48.099998,1.100000
2026-05-19-14-55-43,0.790000,-8.610000,-1.260000,-5.200000,-16.400000,49.400002,1.100000
2026-05-19-14-55-43,0.880000,-8.540000,-1.260000,-3.600000,-18.000000,48.400002,1.100000
2026-05-19-14-55-43,0.950000,-8.480000,-1.350000,-3.000000,-13.100000,49.400002,1.100000
2026-05-19-14-55-44,1.000000,-8.440000,-1.510000,-2.500000,-6.700000,51.599998,1.100000
2026-05-19-14-55-44,1.060000,-8.410000,-1.680000,-1.400000,2.800000,54.099998,1.100000
2026-05-19-14-55-45,1.070000,-8.420000,-1.880000,-1.200000,12.600000,56.900002,1.100000
2026-05-19-14-55-45,1.000000,-8.470000,-2.030000,-1.400000,7.600000,61.099998,1.100000
2026-05-19-14-55-45,0.980000,-8.510000,-1.980000,2.000000,5.200000,66.400002,1.100000
2026-05-19-14-55-46,0.960000,-8.490000,-1.910000,8.300000,11.800000,60.299999,1.100000
2026-05-19-14-55-46,0.990000,-8.420000,-1.890000,5.500000,15.200000,40.700001,1.100000
2026-05-19-14-55-47,1.130000,-8.330000,-1.920000,6.300000,10.500000,43.799999,1.100000
2026-05-19-14-55-47,1.290000,-8.190000,-1.960000,6.900000,3.300000,47.599998,1.100000
2026-05-19-14-55-48,1.400000,-8.060000,-1.990000,6.100000,-1.200000,40.299999,1.100000
2026-05-19-14-55-48,1.500000,-7.940000,-1.970000,7.300000,-2.200000,17.200001,1.100000
2026-05-19-14-55-49,1.800000,-7.820000,-1.960000,9.300000,-4.200000,-6.100000,1.100000
2026-05-19-14-55-49,1.900000,-7.840000,-1.960000,7.700000,-5.800000,-5.900000,1.100000
2026-05-19-14-55-49,2.100000,-7.870000,-1.960000,4.400000,-10.900000,-3.900000,1.100000
2026-05-19-14-55-49,2.220000,-7.910000,-1.930000,1.900000,-12.900000,-2.200000,1.100000
2026-05-19-14-55-50,2.320000,-7.960000,-1.910000,-2.700000,-15.300000,0.700000,1.100000
2026-05-19-14-55-50,2.470000,-8.060000,-1.760000,-9.800000,-15.400000,7.000000,1.100000
2026-05-19-14-55-51,2.870000,-8.100000,-1.690000,-13.100000,-11.900000,17.200001,1.100000
2026-05-19-14-55-51,3.040000,-8.100000,-1.760000,-12.200000,-11.200000,20.799999,1.100000
2026-05-19-14-55-52,3.190000,-8.120000,-1.910000,-2.500000,-13.100000,26.000000,1.100000
2026-05-19-14-55-52,3.280000,-8.110000,-1.950000,-2.500000,5.800000,29.000000,1.100000
2026-05-19-14-55-53,3.330000,-8.100000,-1.900000,-3.500000,4.500000,32.000000,1.100000
2026-05-19-14-55-53,3.420000,-8.070000,-1.830000,-7.000000,1.200000,35.200001,1.100000
2026-05-19-14-55-54,3.570000,-8.000000,-1.810000,-8.100000,1.400000,40.099998,1.100000
2026-05-19-14-55-54,3.730000,-7.910000,-1.790000,-6.900000,0.400000,45.200001,1.100000
2026-05-19-14-55-54,3.820000,-7.850000,-1.820000,-6.400000,-4.300000,47.400002,1.100000
2026-05-19-14-55-55,3.890000,-7.810000,-1.860000,-3.800000,-8.800000,48.299999,1.100000
2026-05-19-14-55-55,3.950000,-7.770000,-1.870000,-1.300000,-6.300000,47.799999,1.100000
2026-05-19-14-55-56,3.980000,-7.750000,-1.880000,-0.900000,-1.500000,48.000000,1.100000
2026-05-19-14-55-56,4.020000,-7.720000,-1.850000,-2.600000,1.900000,48.299999,1.100000
2026-05-19-14-55-56,4.050000,-7.700000,-1.840000,-4.100000,1.100000,48.099998,1.100000
2026-05-19-14-55-57,4.080000,-7.680000,-1.850000,-4.700000,-0.800000,48.400002,1.100000
2026-05-19-14-55-57,4.100000,-7.660000,-1.870000,-3.600000,-1.700000,47.400002,1.100000
2026-05-19-14-55-57,4.130000,-7.660000,-1.870000,-2.600000,-0.700000,47.299999,1.100000
2026-05-19-14-55-58,4.130000,-7.660000,-1.870000,-2.400000,0.300000,46.500000,1.100000
2026-05-19-14-55-58,4.160000,-7.660000,-1.850000,-2.100000,1.700000,45.299999,1.100000
2026-05-19-14-55-59,4.160000,-7.670000,-1.850000,-2.800000,-0.500000,44.799999,1.100000
2026-05-19-14-55-59,4.170000,-7.650000,-1.860000,-3.200000,0.200000,43.200001,1.100000
2026-05-19-14-55-59,4.190000,-7.650000,-1.870000,-3.000000,-0.100000,42.500000,1.100000
2026-05-19-14-55-59,4.190000,-7.670000,-1.870000,-3.000000,-0.300000,42.200001,1.100000
2026-05-19-14-56-00,4.160000,-7.670000,-1.860000,-2.700000,0.200000,41.200001,1.100000
2026-05-19-14-56-00,4.210000,-7.700000,-1.860000,-2.400000,0.300000,40.599998,1.100000
2026-05-19-14-56-01,4.220000,-7.700000,-1.850000,-2.300000,1.200000,40.000000,1.100000
2026-05-19-14-56-01,4.220000,-7.720000,-1.860000,-2.300000,-0.300000,38.900002,1.100000
2026-05-19-14-56-01,4.220000,-7.740000,-1.860000,-2.500000,-0.300000,39.000000,1.100000
2026-05-19-14-56-02,4.270000,-7.730000,-1.850000,-1.900000,4.300000,42.000000,1.100000
2026-05-19-14-56-02,4.380000,-7.660000,-1.850000,-1.300000,7.900000,46.700001,1.100000
2026-05-19-14-56-02,4.470000,-7.560000,-1.870000,-1.100000,2.200000,50.700001,1.100000
2026-05-19-14-56-03,4.550000,-7.520000,-1.900000,-0.500000,-4.600000,53.099998,1.100000
2026-05-19-14-56-03,4.600000,-7.490000,-1.900000,-1.100000,-7.600000,53.400002,1.100000
2026-05-19-14-56-04,4.660000,-7.420000,-1.880000,-0.600000,-0.400000,55.099998,1.100000
2026-05-19-14-56-04,4.770000,-7.310000,-1.870000,-0.600000,1.400000,58.000000,1.100000
2026-05-19-14-56-04,4.890000,-7.190000,-1.870000,-1.900000,-1.000000,73.000000,1.100000
2026-05-19-14-56-05,5.000000,-7.070000,-1.880000,-6.500000,-0.300000,94.000000,1.000000
2026-05-19-14-56-05,5.050000,-6.920000,-1.880000,-6.000000,-1.100000,101.699997,1.100000
2026-05-19-14-56-06,5.030000,-6.730000,-1.910000,-5.100000,-3.100000,105.099998,1.100000
2026-05-19-14-56-06,5.000000,-6.540000,-1.900000,-1.400000,-5.900000,105.000000,1.100000
2026-05-19-14-56-06,4.960000,-6.350000,-1.910000,3.200000,-9.800000,102.000000,1.100000
2026-05-19-14-56-06,4.930000,-6.250000,-1.910000,5.900000,-11.900000,99.699997,1.100000
2026-05-19-14-56-07,4.900000,-6.070000,-1.890000,10.300000,-13.300000,96.699997,1.100000
2026-05-19-14-56-07,4.890000,-5.880000,-1.850000,11.200000,-13.800000,95.900002,1.100000
2026-05-19-14-56-08,4.880000,-5.740000,-1.830000,7.100000,-16.000000,92.900002,1.100000
2026-05-19-14-56-08,4.860000,-5.660000,-1.830000,1.400000,-14.400000,89.199997,1.100000
2026-05-19-14-56-08,4.840000,-5.610000,-1.850000,-1.800000,-9.800000,84.800003,1.100000
2026-05-19-14-56-09,4.830000,-5.570000,-1.890000,-1.900000,-4.300000,79.699997,1.100000
2026-05-19-14-56-09,4.810000,-5.550000,-1.920000,-1.300000,-0.400000,75.099998,1.100000
2026-05-19-14-56-10,4.800000,-5.540000,-1.960000,-0.500000,1.200000,71.400002,1.100000
2026-05-19-14-56-10,4.790000,-5.530000,-1.990000,-0.400000,1.700000,70.300003,1.100000
2026-05-19-14-56-10,4.790000,-5.540000,-2.000000,-1.300000,0.300000,69.000000,1.100000
2026-05-19-14-56-10,4.820000,-5.580000,-1.950000,1.200000,-2.200000,67.500000,1.100000
2026-05-19-14-56-11,4.830000,-5.570000,-1.860000,5.700000,-3.900000,66.500000,1.100000
2026-05-19-14-56-11,4.830000,-5.590000,-1.770000,8.300000,-9.600000,66.300003,1.100000
2026-05-19-14-56-11,4.840000,-5.640000,-1.650000,8.000000,-13.700000,66.199997,1.100000
2026-05-19-14-56-12,4.870000,-5.690000,-1.520000,7.300000,-17.400000,66.099998,1.100000
2026-05-19-14-56-12,4.890000,-5.760000,-1.400000,6.900000,-20.200001,65.400002,1.100000
2026-05-19-14-56-13,4.910000,-5.820000,-1.300000,9.700000,-18.600000,64.900002,1.100000
2026-05-19-14-56-13,4.930000,-5.920000,-1.180000,10.900000,-19.100000,64.099998,1.100000
2026-05-19-14-56-13,4.940000,-6.020000,-1.060000,10.500000,-21.700001,63.299999,1.100000
2026-05-19-14-56-14,4.970000,-6.110000,-0.940000,9.500000,-23.100000,62.799999,1.100000
2026-05-19-14-56-14,5.000000,-6.190000,-0.880000,5.800000,-22.100000,61.900002,1.100000
2026-05-19-14-56-15,5.020000,-6.250000,-0.860000,4.600000,-18.700001,60.700001,1.100000
2026-05-19-14-56-15,5.100000,-6.250000,-0.810000,6.000000,-10.900000,62.700001,1.100000
2026-05-19-14-56-15,5.220000,-6.170000,-0.760000,8.500000,-5.000000,67.000000,1.100000
2026-05-19-14-56-16,5.340000,-6.050000,-0.740000,8.500000,-2.400000,73.900002,1.100000
2026-05-19-14-56-17,5.540000,-5.770000,-0.690000,2.100000,-6.400000,85.000000,1.100000
2026-05-19-14-56-19,5.810000,-4.940000,0.030000,11.400000,12.900000,92.500000,1.100000
2026-05-19-14-56-20,5.840000,-4.780000,0.060000,12.000000,15.200000,93.199997,1.100000
2026-05-19-14-56-20,5.850000,-4.690000,0.050000,11.900000,15.500000,93.500000,1.100000
2026-05-19-14-56-20,5.880000,-4.590000,0.000000,11.300000,14.500000,93.800003,1.100000
2026-05-19-14-56-20,5.910000,-4.430000,-0.040000,6.800000,7.200000,91.800003,1.100000
2026-05-19-14-56-21,5.910000,-4.240000,-0.130000,-1.300000,-5.200000,88.800003,1.100000
2026-05-19-14-56-22,5.920000,-4.050000,-0.130000,-1.400000,-5.500000,89.400002,1.100000
2026-05-19-14-56-22,5.930000,-3.860000,-0.120000,0.800000,-8.300000,90.599998,1.100000
2026-05-19-14-56-22,5.960000,-3.670000,-0.100000,2.500000,-10.800000,91.500000,1.100000
2026-05-19-14-56-23,5.970000,-3.490000,-0.070000,2.700000,-11.800000,91.000000,1.100000
2026-05-19-14-56-23,5.990000,-3.340000,-0.050000,1.700000,-13.000000,89.300003,1.100000
2026-05-19-14-56-23,5.980000,-3.260000,-0.030000,0.000000,-13.300000,86.699997,1.100000
2026-05-19-14-56-24,5.970000,-3.260000,0.060000,0.300000,-16.100000,86.699997,1.100000
2026-05-19-14-56-24,5.970000,-3.280000,0.150000,1.100000,-20.299999,86.199997,1.100000
2026-05-19-14-56-25,5.950000,-3.340000,0.270000,1.600000,-23.600000,85.699997,1.100000
2026-05-19-14-56-25,5.930000,-3.410000,0.390000,2.000000,-25.600000,85.300003,1.100000
2026-05-19-14-56-25,5.910000,-3.480000,0.520000,2.400000,-27.299999,84.800003,1.100000
2026-05-19-14-56-26,5.900000,-3.570000,0.640000,2.400000,-28.600000,84.199997,1.100000
2026-05-19-14-56-26,5.880000,-3.660000,0.760000,2.500000,-29.700001,83.699997,1.100000
2026-05-19-14-56-26,5.860000,-3.760000,0.880000,2.200000,-30.500000,83.300003,1.100000
2026-05-19-14-56-27,5.850000,-3.870000,1.010000,1.700000,-31.400000,82.800003,1.100000
2026-05-19-14-56-27,5.830000,-3.980000,1.130000,1.500000,-32.700001,81.900002,1.100000
2026-05-19-14-56-28,5.800000,-4.090000,1.250000,1.300000,-34.299999,81.000000,1.100000
2026-05-19-14-56-28,5.770000,-4.180000,1.320000,-0.400000,-33.299999,79.699997,1.100000
2026-05-19-14-56-28,5.750000,-4.250000,1.350000,-2.300000,-29.100000,77.500000,1.100000
2026-05-19-14-56-29,5.740000,-4.300000,1.370000,-2.800000,-24.700001,74.400002,1.100000
2026-05-19-14-56-29,5.710000,-4.350000,1.440000,-3.800000,-20.500000,70.699997,1.100000
2026-05-19-14-56-30,5.690000,-4.430000,1.550000,-2.000000,-20.400000,69.500000,1.100000
2026-05-19-14-56-30,5.670000,-4.470000,1.660000,-1.400000,-21.500000,69.300003,1.100000
2026-05-19-14-56-30,5.660000,-4.530000,1.720000,-0.600000,-22.299999,69.099998,1.100000
2026-05-19-14-56-31,5.590000,-4.660000,2.000000,1.000000,-23.400000,68.699997,1.100000
2026-05-19-14-56-31,5.550000,-4.710000,2.110000,0.600000,-22.100000,68.599998,1.100000
2026-05-19-14-56-31,5.540000,-4.730000,2.190000,-1.300000,-18.200001,70.300003,1.100000
2026-05-19-14-56-32,5.560000,-4.690000,2.250000,-1.500000,-11.900000,72.400002,1.100000
2026-05-19-14-56-32,5.580000,-4.620000,2.300000,-1.100000,-5.000000,74.500000,1.100000
2026-05-19-14-56-32,5.610000,-4.540000,2.340000,0.700000,1.000000,77.099998,1.100000
2026-05-19-14-56-32,5.640000,-4.450000,2.350000,2.700000,4.500000,79.800003,1.100000
2026-05-19-14-56-33,5.680000,-4.320000,2.340000,4.000000,2.800000,83.800003,1.100000
2026-05-19-14-56-33,5.700000,-4.180000,2.330000,2.700000,0.300000,86.500000,1.100000
2026-05-19-14-56-33,5.720000,-4.080000,2.340000,2.400000,-0.200000,88.199997,1.100000
2026-05-19-14-56-34,5.740000,-3.960000,2.330000,2.200000,-1.900000,89.500000,1.100000
2026-05-19-14-56-34,5.760000,-3.850000,2.340000,1.000000,-4.400000,90.599998,1.100000
2026-05-19-14-56-34,5.780000,-3.730000,2.340000,-0.600000,-6.100000,91.599998,1.100000
2026-05-19-14-56-34,5.790000,-3.630000,2.350000,-1.700000,-8.000000,90.199997,1.100000
2026-05-19-14-56-34,5.790000,-3.530000,2.360000,0.000000,-10.200000,82.199997,1.100000
2026-05-19-14-56-35,5.800000,-3.440000,2.370000,4.500000,-11.100000,73.900002,1.100000
2026-05-19-14-56-35,5.830000,-3.350000,2.390000,6.700000,-11.000000,70.000000,1.100000
2026-05-19-14-56-35,5.880000,-3.250000,2.410000,5.100000,-10.900000,69.099998,1.100000
2026-05-19-14-56-35,5.930000,-3.160000,2.430000,3.900000,-10.800000,69.400002,1.100000
2026-05-19-14-56-36,5.990000,-3.070000,2.460000,3.000000,-11.300000,70.300003,1.100000
2026-05-19-14-56-36,6.050000,-2.970000,2.480000,1.800000,-11.800000,71.400002,1.100000
2026-05-19-14-56-36,6.110000,-2.880000,2.500000,-0.200000,-12.000000,72.599998,1.100000
2026-05-19-14-56-36,6.160000,-2.790000,2.530000,-2.900000,-11.900000,73.699997,1.100000
2026-05-19-14-56-36,6.210000,-2.710000,2.570000,-6.000000,-11.600000,74.699997,1.100000
2026-05-19-14-56-37,6.250000,-2.630000,2.600000,-6.700000,-11.000000,75.400002,1.100000
2026-05-19-14-56-37,6.300000,-2.540000,2.640000,-6.600000,-10.000000,75.900002,1.100000
2026-05-19-14-56-37,6.350000,-2.460000,2.670000,-6.200000,-8.400000,76.500000,1.100000
2026-05-19-14-56-37,6.400000,-2.360000,2.690000,-5.600000,-7.600000,77.099998,1.100000
2026-05-19-14-56-38,6.450000,-2.270000,2.720000,-4.600000,-7.300000,77.699997,1.100000
2026-05-19-14-56-38,6.490000,-2.170000,2.740000,-3.600000,-7.700000,77.099998,1.100000
2026-05-19-14-56-38,6.530000,-2.080000,2.750000,-0.800000,-9.100000,71.400002,1.100000
2026-05-19-14-56-38,6.580000,-2.000000,2.770000,3.100000,-10.000000,65.900002,1.100000
2026-05-19-14-56-38,6.640000,-1.920000,2.780000,3.800000,-10.500000,63.400002,1.100000
2026-05-19-14-56-39,6.710000,-1.850000,2.800000,1.200000,-10.900000,63.299999,1.100000
2026-05-19-14-56-39,6.770000,-1.780000,2.820000,-1.300000,-10.800000,64.500000,1.100000
2026-05-19-14-56-39,6.830000,-1.730000,2.840000,-2.600000,-10.400000,66.300003,1.100000
2026-05-19-14-56-39,6.880000,-1.680000,2.850000,-3.800000,-9.500000,68.199997,1.100000
2026-05-19-14-56-39,6.930000,-1.630000,2.870000,-4.800000,-7.900000,70.000000,1.100000
2026-05-19-14-56-40,7.000000,-1.560000,2.890000,-5.000000,-5.400000,71.099998,1.100000
2026-05-19-14-56-40,7.060000,-1.510000,2.900000,-5.000000,-4.600000,71.500000,1.100000
2026-05-19-14-56-40,7.080000,-1.490000,2.900000,-5.700000,-5.600000,71.400002,1.100000
2026-05-19-14-56-40,7.110000,-1.480000,2.890000,-6.200000,-7.100000,71.000000,1.100000
2026-05-19-14-56-41,7.120000,-1.480000,2.880000,-5.900000,-8.200000,70.599998,1.100000
2026-05-19-14-56-41,7.130000,-1.480000,2.870000,-5.200000,-8.700000,70.000000,1.100000
2026-05-19-14-56-41,7.140000,-1.500000,2.860000,-4.400000,-8.400000,69.500000,1.100000
2026-05-19-14-56-41,7.150000,-1.510000,2.850000,-3.600000,-7.600000,69.099998,1.100000
2026-05-19-14-56-41,7.150000,-1.520000,2.840000,-3.100000,-6.500000,68.800003,1.100000
2026-05-19-14-56-42,7.160000,-1.540000,2.830000,-2.800000,-5.600000,68.599998,1.100000
2026-05-19-14-56-42,7.160000,-1.560000,2.820000,-2.600000,-4.700000,68.500000,1.100000
2026-05-19-14-56-42,7.160000,-1.570000,2.800000,-2.600000,-4.200000,68.500000,1.100000
2026-05-19-14-56-42,7.160000,-1.600000,2.790000,-2.700000,-3.200000,68.599998,1.100000
2026-05-19-14-56-43,7.160000,-1.620000,2.780000,-2.800000,-2.600000,68.699997,1.100000
2026-05-19-14-56-43,7.160000,-1.640000,2.760000,-2.800000,-2.300000,68.800003,1.100000
2026-05-19-14-56-43,7.160000,-1.660000,2.750000,-2.700000,-2.100000,69.000000,1.100000
2026-05-19-14-56-43,7.160000,-1.680000,2.730000,-2.500000,-2.200000,69.199997,1.100000
2026-05-19-14-56-43,7.160000,-1.710000,2.710000,-2.400000,-2.500000,69.300003,1.100000
2026-05-19-14-56-44,7.150000,-1.740000,2.690000,-2.200000,-2.800000,69.500000,1.100000
2026-05-19-14-56-44,7.150000,-1.760000,2.670000,-2.100000,-2.900000,69.500000,1.100000
2026-05-19-14-56-44,7.140000,-1.790000,2.660000,-1.900000,-2.900000,69.599998,1.100000
2026-05-19-14-56-44,7.130000,-1.810000,2.640000,-1.800000,-2.700000,69.500000,1.100000
2026-05-19-14-56-44,7.130000,-1.840000,2.620000,-1.700000,-2.400000,69.300003,1.100000
2026-05-19-14-56-45,7.120000,-1.860000,2.600000,-1.600000,-2.200000,69.099998,1.100000
2026-05-19-14-56-45,7.110000,-1.890000,2.580000,-1.600000,-1.900000,68.699997,1.100000
2026-05-19-14-56-45,7.110000,-1.910000,2.560000,-1.600000,-1.700000,68.199997,1.100000
2026-05-19-14-56-45,7.100000,-1.930000,2.540000,-1.600000,-1.500000,67.800003,1.100000
2026-05-19-14-56-46,7.090000,-1.960000,2.520000,-1.600000,-1.300000,67.199997,1.100000
2026-05-19-14-56-46,7.070000,-1.980000,2.500000,-1.700000,-1.200000,66.800003,1.100000
2026-05-19-14-56-46,7.060000,-2.000000,2.480000,-1.700000,-1.100000,66.199997,1.100000
2026-05-19-14-56-46,7.050000,-2.020000,2.460000,-1.600000,-1.000000,65.800003,1.100000
2026-05-19-14-56-46,7.040000,-2.050000,2.440000,-1.500000,-0.900000,65.400002,1.100000
2026-05-19-14-56-47,7.020000,-2.070000,2.420000,-1.300000,-0.700000,65.199997,1.100000
2026-05-19-14-56-47,7.010000,-2.100000,2.400000,-1.100000,-0.600000,65.000000,1.100000
2026-05-19-14-56-47,6.990000,-2.120000,2.380000,-0.900000,-0.600000,64.900002,1.100000
2026-05-19-14-56-47,6.980000,-2.140000,2.360000,-0.700000,-0.600000,65.000000,1.100000
2026-05-19-14-56-47,6.960000,-2.170000,2.340000,-0.500000,-0.600000,65.199997,1.100000
2026-05-19-14-56-48,6.950000,-2.190000,2.320000,-0.500000,-0.700000,65.400002,1.100000
2026-05-19-14-56-48,6.930000,-2.210000,2.300000,-0.400000,-0.900000,65.800003,1.100000
2026-05-19-14-56-48,6.920000,-2.230000,2.280000,-0.400000,-1.000000,66.300003,1.100000
2026-05-19-14-56-48,6.900000,-2.250000,2.260000,-0.400000,-1.300000,66.800003,1.100000
2026-05-19-14-56-49,6.880000,-2.270000,2.240000,-0.400000,-1.600000,67.500000,1.100000
2026-05-19-14-56-49,6.870000,-2.300000,2.220000,-0.500000,-1.800000,68.000000,1.100000
2026-05-19-14-56-49,6.850000,-2.320000,2.200000,-0.600000,-2.000000,68.699997,1.100000
2026-05-19-14-56-49,6.840000,-2.340000,2.180000,-0.800000,-2.100000,69.300003,1.100000
2026-05-19-14-56-49,6.820000,-2.360000,2.160000,-0.900000,-2.200000,69.900002,1.100000
2026-05-19-14-56-50,6.800000,-2.380000,2.140000,-1.100000,-2.200000,70.500000,1.100000
2026-05-19-14-56-50,6.780000,-2.410000,2.120000,-1.000000,-2.100000,71.199997,1.100000
2026-05-19-14-56-50,6.770000,-2.430000,2.100000,-1.000000,-1.900000,71.699997,1.100000
2026-05-19-14-56-50,6.760000,-2.450000,2.080000,-0.900000,-1.700000,72.199997,1.100000
2026-05-19-14-56-51,6.740000,-2.470000,2.060000,-0.700000,-1.400000,72.699997,1.100000
2026-05-19-14-56-51,6.730000,-2.490000,2.030000,-0.700000,-1.300000,73.099998,1.100000
2026-05-19-14-56-51,6.710000,-2.510000,2.020000,-1.000000,-1.300000,73.599998,1.100000
2026-05-19-14-56-51,6.680000,-2.560000,2.090000,0.500000,-3.700000,74.199997,1.100000
2026-05-19-14-56-52,6.680000,-2.580000,2.150000,1.300000,-5.100000,74.199997,1.100000
2026-05-19-14-56-52,6.670000,-2.590000,2.220000,2.100000,-6.700000,74.099998,1.100000
2026-05-19-14-56-52,6.660000,-2.610000,2.290000,2.600000,-8.800000,73.900002,1.100000
2026-05-19-14-56-52,6.660000,-2.630000,2.370000,2.900000,-11.000000,73.900002,1.100000
2026-05-19-14-56-53,6.650000,-2.640000,2.420000,2.400000,-12.200000,74.300003,1.100000
2026-05-19-14-56-53,6.650000,-2.650000,2.460000,1.300000,-12.800000,74.800003,1.100000
2026-05-19-14-56-53,6.640000,-2.650000,2.490000,-0.600000,-12.100000,75.500000,1.100000
2026-05-19-14-56-53,6.640000,-2.660000,2.540000,-4.800000,-10.200000,76.000000,1.100000
2026-05-19-14-56-53,6.630000,-2.680000,2.600000,-5.500000,-9.700000,76.400002,1.100000
2026-05-19-14-56-54,6.630000,-2.690000,2.630000,-5.100000,-9.700000,76.699997,1.100000
2026-05-19-14-56-54,6.620000,-2.700000,2.660000,-3.900000,-9.700000,76.099998,1.100000
2026-05-19-14-56-54,6.600000,-2.700000,2.690000,-0.600000,-10.000000,65.000000,1.100000
2026-05-19-14-56-54,6.580000,-2.700000,2.710000,2.100000,-9.400000,53.500000,1.100000
2026-05-19-14-56-54,6.570000,-2.700000,2.730000,2.500000,-8.800000,46.900002,1.100000
2026-05-19-14-56-55,6.560000,-2.700000,2.740000,1.600000,-8.200000,42.099998,1.100000
2026-05-19-14-56-55,6.560000,-2.700000,2.750000,0.100000,-8.000000,38.799999,1.100000
2026-05-19-14-56-55,6.560000,-2.710000,2.760000,-2.200000,-7.900000,39.000000,1.100000
2026-05-19-14-56-55,6.580000,-2.740000,2.780000,-5.500000,-7.700000,52.700001,1.100000
2026-05-19-14-56-56,6.610000,-2.760000,2.800000,-7.300000,-6.800000,70.900002,1.100000
2026-05-19-14-56-56,6.630000,-2.760000,2.810000,-6.100000,-6.900000,81.800003,1.100000
2026-05-19-14-56-56,6.640000,-2.770000,2.820000,-3.700000,-7.500000,88.199997,1.100000
2026-05-19-14-56-56,6.650000,-2.770000,2.820000,-1.500000,-8.200000,92.599998,1.100000
2026-05-19-14-56-56,6.660000,-2.780000,2.830000,0.300000,-8.800000,96.000000,1.100000
2026-05-19-14-56-57,6.670000,-2.780000,2.830000,0.500000,-10.600000,103.199997,1.100000
2026-05-19-14-56-57,6.680000,-2.780000,2.830000,0.000000,-11.000000,110.500000,1.100000
2026-05-19-14-56-57,6.680000,-2.790000,2.840000,0.300000,-10.300000,114.000000,1.100000
2026-05-19-14-56-57,6.680000,-2.790000,2.840000,1.100000,-9.300000,116.800003,1.100000
2026-05-19-14-56-58,6.670000,-2.800000,2.840000,1.900000,-8.200000,118.400002,1.100000
2026-05-19-14-56-58,6.670000,-2.810000,2.850000,2.400000,-7.200000,119.400002,1.100000
2026-05-19-14-56-58,6.670000,-2.810000,2.850000,1.900000,-6.300000,126.500000,1.100000
2026-05-19-14-56-58,6.670000,-2.800000,2.850000,0.700000,-6.500000,140.000000,1.100000
2026-05-19-14-56-58,6.670000,-2.790000,2.860000,0.900000,-7.200000,147.600006,1.100000
2026-05-19-14-56-59,6.660000,-2.800000,2.860000,1.900000,-7.900000,152.800003,1.100000
2026-05-19-14-56-59,6.660000,-2.800000,2.860000,3.200000,-8.400000,156.399994,1.100000
2026-05-19-14-56-59,6.650000,-2.810000,2.850000,4.200000,-8.700000,158.600006,1.100000
2026-05-19-14-56-59,6.640000,-2.810000,2.850000,5.100000,-8.600000,160.199997,1.100000
2026-05-19-14-56-59,6.630000,-2.830000,2.850000,5.400000,-8.200000,160.800003,1.100000
2026-05-19-14-57-00,6.610000,-2.830000,2.850000,5.400000,-7.600000,164.100006,1.100000
2026-05-19-14-57-00,6.600000,-2.820000,2.850000,2.900000,-7.700000,-177.300003,1.100000
2026-05-19-14-57-00,6.590000,-2.820000,2.860000,2.500000,-7.900000,-169.500000,1.100000
2026-05-19-14-57-00,6.570000,-2.820000,2.850000,3.400000,-8.200000,-164.399994,1.100000
2026-05-19-14-57-01,6.560000,-2.830000,2.850000,5.000000,-8.600000,-160.199997,1.100000
2026-05-19-14-57-01,6.540000,-2.840000,2.850000,6.400000,-8.900000,-157.300003,1.100000
2026-05-19-14-57-01,6.530000,-2.850000,2.840000,7.500000,-9.200000,-155.800003,1.100000
2026-05-19-14-57-01,6.520000,-2.880000,2.840000,10.000000,-7.900000,-164.199997,1.100000
2026-05-19-14-57-01,6.510000,-2.920000,2.850000,12.900000,-4.500000,178.000000,1.100000
2026-05-19-14-57-02,6.490000,-2.940000,2.850000,12.100000,-2.800000,169.199997,1.100000
2026-05-19-14-57-02,6.470000,-2.970000,2.850000,10.000000,-2.400000,163.000000,1.100000
2026-05-19-14-57-02,6.460000,-2.990000,2.850000,7.100000,-2.500000,157.500000,1.100000
2026-05-19-14-57-02,6.440000,-3.000000,2.840000,4.000000,-2.800000,152.899994,1.100000
2026-05-19-14-57-03,6.420000,-3.030000,2.840000,2.300000,-3.100000,143.000000,1.300000
2026-05-19-14-57-03,6.390000,-3.050000,2.840000,2.700000,-2.400000,124.199997,1.100000
2026-05-19-14-57-03,6.340000,-3.060000,2.840000,2.900000,-1.600000,103.699997,1.100000
2026-05-19-14-57-03,6.320000,-3.070000,2.830000,2.100000,-2.300000,93.400002,1.100000
2026-05-19-14-57-03,6.300000,-3.070000,2.830000,0.600000,-3.100000,87.199997,1.100000
2026-05-19-14-57-04,6.280000,-3.070000,2.820000,-2.100000,-4.100000,82.300003,1.100000
2026-05-19-14-57-04,6.270000,-3.070000,2.810000,-4.400000,-4.800000,79.400002,1.100000
2026-05-19-14-57-04,6.270000,-3.070000,2.800000,-6.300000,-4.400000,84.400002,1.100000
2026-05-19-14-57-04,6.280000,-3.070000,2.800000,-8.300000,-2.300000,96.300003,1.100000
2026-05-19-14-57-05,6.280000,-3.070000,2.790000,-7.600000,-1.600000,101.300003,1.100000
2026-05-19-14-57-05,6.280000,-3.070000,2.790000,-5.700000,-1.400000,104.699997,1.100000
2026-05-19-14-57-05,6.270000,-3.070000,2.780000,-3.300000,-1.700000,107.599998,1.100000
2026-05-19-14-57-05,6.270000,-3.070000,2.760000,-1.100000,-2.100000,109.900002,1.100000
2026-05-19-14-57-05,6.270000,-3.080000,2.750000,0.300000,-2.600000,112.000000,1.100000
2026-05-19-14-57-06,6.260000,-3.090000,2.740000,0.900000,-2.900000,113.699997,1.100000
2026-05-19-14-57-06,6.250000,-3.090000,2.720000,1.000000,-3.100000,114.900002,1.100000
2026-05-19-14-57-06,6.250000,-3.100000,2.710000,0.700000,-3.200000,116.000000,1.100000
2026-05-19-14-57-06,6.240000,-3.110000,2.700000,0.300000,-3.100000,116.800003,1.100000
2026-05-19-14-57-06,6.230000,-3.120000,2.680000,0.100000,-2.900000,117.199997,1.100000
2026-05-19-14-57-07,6.220000,-3.140000,2.670000,0.000000,-2.500000,117.500000,1.100000
2026-05-19-14-57-07,6.220000,-3.150000,2.650000,0.200000,-2.100000,117.500000,1.100000
2026-05-19-14-57-07,6.210000,-3.160000,2.630000,0.600000,-1.600000,117.300003,1.100000
2026-05-19-14-57-07,6.200000,-3.170000,2.620000,0.900000,-1.200000,117.000000,1.100000
2026-05-19-14-57-08,6.200000,-3.190000,2.600000,1.100000,-0.800000,116.500000,1.100000
2026-05-19-14-57-08,6.190000,-3.200000,2.590000,1.200000,-0.500000,115.900002,1.100000
2026-05-19-14-57-08,6.180000,-3.220000,2.570000,1.200000,-0.300000,115.300003,1.100000
2026-05-19-14-57-08,6.170000,-3.230000,2.550000,1.100000,-0.100000,114.500000,1.100000
2026-05-19-14-57-08,6.170000,-3.240000,2.530000,1.000000,-0.000000,113.900002,1.100000
2026-05-19-14-57-09,6.160000,-3.260000,2.510000,0.800000,-0.000000,113.000000,1.100000
2026-05-19-14-57-09,6.150000,-3.280000,2.490000,0.700000,-0.000000,112.400002,1.100000
2026-05-19-14-57-09,6.150000,-3.290000,2.480000,0.600000,-0.000000,111.599998,1.100000
2026-05-19-14-57-09,6.140000,-3.310000,2.460000,0.500000,-0.100000,110.900002,1.100000
2026-05-19-14-57-10,6.140000,-3.320000,2.440000,0.600000,-0.100000,110.099998,1.100000
2026-05-19-14-57-10,6.130000,-3.340000,2.420000,0.600000,-0.100000,109.500000,1.100000
2026-05-19-14-57-10,6.120000,-3.370000,2.390000,0.600000,-0.100000,108.599998,1.100000
2026-05-19-14-57-10,6.120000,-3.370000,2.370000,0.600000,-0.100000,108.099998,1.100000
2026-05-19-14-57-10,6.120000,-3.390000,2.350000,0.600000,-0.100000,107.500000,1.100000
2026-05-19-14-57-11,6.110000,-3.400000,2.330000,0.600000,-0.100000,107.000000,1.100000
2026-05-19-14-57-11,6.110000,-3.420000,2.310000,0.600000,-0.000000,106.599998,1.100000
2026-05-19-14-57-11,6.100000,-3.440000,2.290000,0.600000,0.000000,106.099998,1.100000
2026-05-19-14-57-11,6.100000,-3.450000,2.270000,0.600000,0.100000,105.699997,1.100000
2026-05-19-14-57-12,6.100000,-3.470000,2.250000,0.500000,0.200000,105.300003,1.100000
2026-05-19-14-57-12,6.090000,-3.490000,2.230000,0.500000,0.300000,105.000000,1.100000
2026-05-19-14-57-12,6.090000,-3.500000,2.210000,0.500000,0.300000,104.699997,1.100000
2026-05-19-14-57-12,6.080000,-3.520000,2.180000,0.400000,0.400000,104.400002,1.100000
2026-05-19-14-57-12,6.080000,-3.540000,2.160000,0.400000,0.400000,104.199997,1.100000
2026-05-19-14-57-13,6.070000,-3.560000,2.140000,0.400000,0.400000,104.000000,1.100000
2026-05-19-14-57-13,6.070000,-3.580000,2.120000,0.300000,0.400000,103.800003,1.100000
2026-05-19-14-57-13,6.070000,-3.600000,2.100000,0.300000,0.400000,103.599998,1.100000
2026-05-19-14-57-13,6.060000,-3.610000,2.080000,0.300000,0.400000,103.400002,1.100000
2026-05-19-14-57-14,6.060000,-3.630000,2.050000,0.300000,0.400000,103.300003,1.100000
2026-05-19-14-57-14,6.060000,-3.650000,2.030000,0.300000,0.400000,103.199997,1.100000
2026-05-19-14-57-14,6.050000,-3.670000,2.010000,0.300000,0.400000,103.099998,1.100000
2026-05-19-14-57-14,6.050000,-3.690000,1.990000,0.300000,0.400000,103.000000,1.100000
2026-05-19-14-57-14,6.050000,-3.710000,1.960000,0.300000,0.400000,102.900002,1.100000
2026-05-19-14-57-15,6.040000,-3.720000,1.940000,0.300000,0.400000,102.900002,1.100000
2026-05-19-14-57-15,6.040000,-3.740000,1.920000,0.400000,0.400000,102.900002,1.100000
2026-05-19-14-57-15,6.040000,-3.760000,1.890000,0.400000,0.500000,102.900002,1.100000
2026-05-19-14-57-15,6.030000,-3.780000,1.870000,0.400000,0.500000,102.900002,1.100000
2026-05-19-14-57-15,6.030000,-3.800000,1.850000,0.400000,0.500000,103.000000,1.100000
2026-05-19-14-57-16,6.030000,-3.820000,1.820000,0.400000,0.600000,103.099998,1.100000
2026-05-19-14-57-16,6.020000,-3.840000,1.800000,0.500000,0.600000,103.099998,1.100000
2026-05-19-14-57-16,6.020000,-3.860000,1.780000,0.500000,0.700000,103.199997,1.100000
2026-05-19-14-57-17,6.010000,-3.890000,1.740000,0.600000,0.800000,103.400002,1.100000
2026-05-19-14-57-17,6.010000,-3.930000,1.700000,0.600000,0.900000,103.599998,1.100000
2026-05-19-14-57-17,6.000000,-3.960000,1.650000,0.600000,1.000000,103.900002,1.100000
2026-05-19-14-57-18,5.990000,-4.000000,1.610000,0.700000,1.000000,104.300003,1.100000
2026-05-19-14-57-18,5.990000,-4.030000,1.560000,0.700000,1.000000,104.699997,1.100000
2026-05-19-14-57-18,5.980000,-4.070000,1.520000,0.800000,1.100000,105.099998,1.100000
2026-05-19-14-57-19,5.970000,-4.110000,1.470000,0.900000,1.100000,105.500000,1.100000
2026-05-19-14-57-19,5.970000,-4.140000,1.430000,0.900000,1.200000,106.099998,1.100000
2026-05-19-14-57-20,5.960000,-4.180000,1.380000,1.000000,1.300000,106.699997,1.100000
2026-05-19-14-57-20,5.960000,-4.210000,1.340000,1.000000,1.300000,107.000000,1.100000
2026-05-19-14-57-20,5.960000,-4.230000,1.300000,1.100000,1.300000,107.500000,1.100000
2026-05-19-14-57-21,5.950000,-4.260000,1.260000,1.200000,1.400000,108.199997,1.100000
2026-05-19-14-57-21,5.950000,-4.300000,1.210000,0.800000,1.600000,109.000000,1.100000
2026-05-19-14-57-22,5.940000,-4.370000,1.290000,2.400000,0.400000,109.900002,1.100000
2026-05-19-14-57-22,5.950000,-4.400000,1.390000,3.800000,-1.500000,110.199997,1.100000
2026-05-19-14-57-23,5.960000,-4.430000,1.520000,5.100000,-4.300000,110.199997,1.100000
2026-05-19-14-57-23,5.970000,-4.430000,1.670000,5.300000,-6.600000,110.199997,1.100000
2026-05-19-14-57-23,5.970000,-4.440000,1.820000,5.300000,-9.900000,110.099998,1.100000
2026-05-19-14-57-24,5.980000,-4.450000,1.970000,5.600000,-13.300000,109.699997,1.100000
2026-05-19-14-57-24,5.990000,-4.470000,2.120000,6.100000,-15.100000,109.500000,1.100000
2026-05-19-14-57-24,6.000000,-4.490000,2.210000,6.700000,-16.200001,109.300003,1.100000
2026-05-19-14-57-24,6.020000,-4.510000,2.300000,7.100000,-17.000000,109.199997,1.100000
2026-05-19-14-57-25,6.040000,-4.530000,2.370000,7.100000,-17.500000,109.300003,1.100000
2026-05-19-14-57-25,6.060000,-4.560000,2.460000,5.000000,-16.500000,109.500000,1.100000
2026-05-19-14-57-25,6.070000,-4.580000,2.500000,3.200000,-15.700000,109.599998,1.100000
2026-05-19-14-57-25,6.080000,-4.610000,2.560000,1.600000,-15.800000,109.599998,1.100000
2026-05-19-14-57-26,6.110000,-4.640000,2.640000,1.800000,-17.299999,109.500000,1.100000
2026-05-19-14-57-26,6.120000,-4.660000,2.710000,2.300000,-18.700001,109.300003,1.100000
2026-05-19-14-57-26,6.130000,-4.680000,2.750000,2.400000,-19.500000,108.900002,1.100000
2026-05-19-14-57-26,6.140000,-4.700000,2.790000,2.200000,-19.200001,108.300003,1.100000
2026-05-19-14-57-27,6.160000,-4.720000,2.820000,2.300000,-18.400000,107.599998,1.100000
2026-05-19-14-57-27,6.170000,-4.730000,2.850000,2.500000,-17.100000,107.199997,1.100000
2026-05-19-14-57-27,6.180000,-4.750000,2.870000,2.500000,-15.800000,107.000000,1.100000
2026-05-19-14-57-27,6.190000,-4.760000,2.890000,2.200000,-14.100000,106.900002,1.100000
2026-05-19-14-57-27,6.200000,-4.770000,2.910000,1.800000,-12.400000,106.699997,1.100000
2026-05-19-14-57-28,6.210000,-4.780000,2.920000,1.600000,-11.600000,106.400002,1.100000
2026-05-19-14-57-28,6.220000,-4.800000,2.940000,1.600000,-10.700000,105.900002,1.100000
2026-05-19-14-57-28,6.230000,-4.800000,2.950000,1.800000,-9.300000,105.500000,1.100000
2026-05-19-14-57-28,6.230000,-4.760000,2.980000,3.600000,-6.000000,105.500000,1.100000
2026-05-19-14-57-29,6.230000,-4.690000,3.000000,6.000000,-3.600000,105.199997,1.100000
2026-05-19-14-57-29,6.240000,-4.600000,3.030000,8.500000,-2.500000,105.699997,1.100000
2026-05-19-14-57-29,6.240000,-4.510000,3.040000,11.200000,-1.500000,107.599998,1.100000
2026-05-19-14-57-29,6.240000,-4.410000,3.050000,11.900000,-0.900000,109.900002,1.100000
2026-05-19-14-57-29,6.240000,-4.290000,3.050000,11.100000,-0.300000,112.400002,1.100000
2026-05-19-14-57-30,6.240000,-4.170000,3.050000,8.900000,-0.300000,114.699997,1.100000
2026-05-19-14-57-30,6.220000,-4.060000,3.050000,6.500000,-0.600000,116.900002,1.100000
2026-05-19-14-57-30,6.160000,-3.930000,3.040000,3.100000,-1.400000,119.400002,1.100000
2026-05-19-14-57-31,6.130000,-3.700000,3.060000,-1.600000,-3.600000,122.800003,1.100000
2026-05-19-14-57-31,6.090000,-3.590000,3.070000,-2.800000,-4.700000,123.800003,1.100000
2026-05-19-14-57-31,6.050000,-3.470000,3.080000,-3.500000,-5.800000,124.500000,1.100000
2026-05-19-14-57-31,6.010000,-3.370000,3.100000,-4.200000,-7.500000,125.199997,1.100000
2026-05-19-14-57-31,5.970000,-3.260000,3.120000,-4.400000,-8.900000,125.900002,1.100000
2026-05-19-14-57-32,5.930000,-3.150000,3.140000,-4.400000,-10.400000,126.500000,1.100000
2026-05-19-14-57-32,5.880000,-3.050000,3.160000,-4.600000,-11.500000,127.099998,1.100000
2026-05-19-14-57-32,5.840000,-2.940000,3.190000,-4.300000,-12.500000,127.599998,1.100000
2026-05-19-14-57-32,5.810000,-2.870000,3.210000,-4.400000,-14.200000,127.599998,1.100000
2026-05-19-14-57-32,5.800000,-2.820000,3.220000,-3.400000,-15.400000,126.699997,1.100000
2026-05-19-14-57-33,5.770000,-2.790000,3.230000,-1.300000,-16.600000,119.199997,1.100000
2026-05-19-14-57-33,5.760000,-2.750000,3.240000,-0.200000,-16.000000,115.500000,1.100000
2026-05-19-14-57-33,5.740000,-2.720000,3.250000,1.200000,-14.200000,111.500000,1.100000
2026-05-19-14-57-33,5.740000,-2.660000,3.270000,4.600000,-10.700000,106.500000,1.100000
2026-05-19-14-57-34,5.720000,-2.580000,3.290000,5.100000,-6.700000,105.300003,1.100000
2026-05-19-14-57-34,5.720000,-2.480000,3.310000,4.300000,-3.700000,104.300003,1.100000
2026-05-19-14-57-34,5.720000,-2.370000,3.330000,4.400000,-2.400000,104.199997,1.100000
2026-05-19-14-57-34,5.720000,-2.280000,3.330000,4.200000,-3.500000,104.300003,1.100000
2026-05-19-14-57-34,5.720000,-2.220000,3.330000,1.500000,-6.000000,104.400002,1.100000
2026-05-19-14-57-35,5.730000,-2.180000,3.320000,-1.200000,-7.800000,104.699997,1.100000
2026-05-19-14-57-35,5.730000,-2.130000,3.320000,-3.900000,-9.300000,105.099998,1.100000
2026-05-19-14-57-35,5.740000,-2.070000,3.330000,-4.800000,-8.300000,106.099998,1.100000
2026-05-19-14-57-35,5.730000,-1.980000,3.350000,-5.400000,-6.200000,107.599998,1.100000
2026-05-19-14-57-35,5.710000,-1.870000,3.370000,-5.700000,-4.100000,109.599998,1.100000
2026-05-19-14-57-36,5.680000,-1.740000,3.390000,-4.000000,-3.700000,112.500000,1.100000
2026-05-19-14-57-36,5.660000,-1.610000,3.410000,-2.200000,-4.300000,115.699997,1.100000
2026-05-19-14-57-36,5.630000,-1.500000,3.420000,-1.200000,-5.400000,118.199997,1.100000
2026-05-19-14-57-36,5.610000,-1.420000,3.430000,-1.900000,-7.800000,118.699997,1.100000
2026-05-19-14-57-37,5.600000,-1.360000,3.440000,-2.600000,-9.700000,119.099998,1.100000
2026-05-19-14-57-37,5.590000,-1.310000,3.450000,-2.400000,-10.300000,119.300003,1.100000
2026-05-19-14-57-37,5.590000,-1.280000,3.450000,-1.600000,-9.800000,119.300003,1.100000
2026-05-19-14-57-37,5.580000,-1.250000,3.460000,-0.600000,-8.500000,119.199997,1.100000
2026-05-19-14-57-38,5.570000,-1.220000,3.470000,0.200000,-6.700000,119.199997,1.100000
2026-05-19-14-57-38,5.570000,-1.200000,3.470000,0.600000,-4.300000,119.300003,1.100000
2026-05-19-14-57-38,5.560000,-1.180000,3.470000,0.500000,-2.100000,119.400002,1.100000
2026-05-19-14-57-38,5.560000,-1.170000,3.440000,1.400000,0.600000,120.199997,1.100000
2026-05-19-14-57-39,5.560000,-1.140000,3.350000,2.500000,5.200000,123.800003,1.100000
2026-05-19-14-57-39,5.540000,-1.110000,3.320000,3.200000,7.400000,125.400002,1.100000
2026-05-19-14-57-39,5.500000,-1.020000,3.300000,3.500000,9.700000,127.000000,1.100000
2026-05-19-14-57-40,5.440000,-0.930000,3.280000,3.800000,9.400000,128.600006,1.100000
2026-05-19-14-57-40,5.370000,-0.830000,3.250000,4.200000,6.200000,130.399994,1.100000
2026-05-19-14-57-40,5.280000,-0.730000,3.220000,4.600000,-0.100000,122.099998,1.100000
2026-05-19-14-57-40,5.210000,-0.650000,3.210000,4.700000,-3.600000,113.300003,1.100000
2026-05-19-14-57-41,5.160000,-0.570000,3.220000,5.300000,-5.400000,107.900002,1.100000
2026-05-19-14-57-41,5.120000,-0.470000,3.230000,6.600000,-5.800000,106.300003,1.100000
2026-05-19-14-57-41,5.110000,-0.370000,3.240000,6.800000,-6.800000,109.000000,1.100000
2026-05-19-14-57-41,5.100000,-0.260000,3.260000,3.500000,-9.200000,119.300003,1.100000
2026-05-19-14-57-41,5.090000,-0.150000,3.290000,2.500000,-8.900000,129.500000,1.100000
2026-05-19-14-57-42,5.070000,0.010000,3.330000,-0.300000,-5.700000,138.899994,1.100000
2026-05-19-14-57-42,5.060000,0.060000,3.310000,-4.500000,-4.900000,140.600006,1.100000
2026-05-19-14-57-42,5.060000,0.100000,3.250000,-5.600000,-2.900000,142.300003,1.100000
2026-05-19-14-57-43,5.050000,0.120000,3.190000,-3.700000,0.100000,143.199997,1.100000
2026-05-19-14-57-43,5.050000,0.140000,3.160000,-0.300000,2.600000,143.100006,1.100000
2026-05-19-14-57-43,5.030000,0.170000,3.130000,3.200000,5.000000,143.300003,1.100000
2026-05-19-14-57-43,4.980000,0.230000,3.100000,5.500000,8.400000,144.000000,1.100000
2026-05-19-14-57-44,4.900000,0.310000,3.080000,6.700000,9.200000,145.300003,1.100000
2026-05-19-14-57-44,4.830000,0.390000,3.050000,7.800000,7.600000,147.300003,1.100000
2026-05-19-14-57-44,4.740000,0.460000,3.020000,8.000000,3.300000,149.000000,1.100000
2026-05-19-14-57-44,4.650000,0.530000,3.000000,6.700000,-1.000000,150.600006,1.100000
2026-05-19-14-57-44,4.550000,0.600000,3.000000,4.400000,-4.000000,151.800003,1.100000
2026-05-19-14-57-45,4.450000,0.670000,3.000000,2.900000,-6.100000,152.899994,1.100000
2026-05-19-14-57-45,4.360000,0.730000,3.020000,2.300000,-8.100000,153.899994,1.100000
2026-05-19-14-57-45,4.260000,0.790000,3.040000,2.400000,-9.000000,155.000000,1.100000
2026-05-19-14-57-45,4.180000,0.840000,3.050000,2.300000,-10.400000,155.399994,1.100000
2026-05-19-14-57-46,4.130000,0.870000,3.060000,2.600000,-12.100000,154.899994,1.100000
2026-05-19-14-57-46,4.080000,0.890000,3.070000,3.600000,-12.400000,154.199997,1.100000
2026-05-19-14-57-46,4.040000,0.910000,3.090000,5.700000,-11.000000,151.600006,1.100000
2026-05-19-14-57-46,3.990000,0.910000,3.100000,8.400000,-8.900000,141.500000,1.100000
2026-05-19-14-57-46,3.950000,0.920000,3.110000,8.600000,-7.300000,136.899994,1.100000
2026-05-19-14-57-47,3.930000,0.930000,3.130000,6.800000,-5.400000,133.899994,1.100000
2026-05-19-14-57-47,3.900000,0.930000,3.140000,3.600000,-3.300000,130.899994,1.100000
2026-05-19-14-57-47,3.880000,0.930000,3.140000,0.700000,-1.700000,128.800003,1.100000
2026-05-19-14-57-47,3.860000,0.930000,3.100000,-1.700000,1.400000,128.399994,1.100000
2026-05-19-14-57-48,3.850000,0.930000,3.030000,-2.600000,5.300000,129.100006,1.100000
2026-05-19-14-57-48,3.840000,0.930000,2.980000,-1.900000,8.400000,129.500000,1.100000
2026-05-19-14-57-48,3.830000,0.940000,2.950000,-0.300000,9.800000,130.100006,1.100000
2026-05-19-14-57-48,3.790000,0.990000,2.920000,1.900000,12.900000,131.000000,1.100000
2026-05-19-14-57-49,3.740000,1.060000,2.880000,3.300000,13.800000,131.500000,1.100000
2026-05-19-14-57-49,3.680000,1.130000,2.850000,4.500000,12.300000,131.800003,1.100000
2026-05-19-14-57-49,3.630000,1.210000,2.810000,5.400000,8.200000,132.000000,1.100000
2026-05-19-14-57-49,3.580000,1.300000,2.780000,5.900000,4.400000,132.399994,1.100000
2026-05-19-14-57-50,3.480000,1.490000,2.770000,3.500000,-2.800000,134.300003,1.100000
2026-05-19-14-57-50,3.420000,1.570000,2.770000,2.800000,-4.800000,130.199997,1.100000
2026-05-19-14-57-50,3.420000,1.690000,2.790000,5.700000,-6.200000,123.400002,1.100000
2026-05-19-14-57-50,3.370000,1.790000,2.810000,6.300000,-6.300000,120.000000,1.100000
2026-05-19-14-57-51,3.330000,1.890000,2.830000,3.800000,-6.600000,119.300003,1.100000
2026-05-19-14-57-51,3.310000,1.990000,2.850000,-0.400000,-6.500000,126.699997,1.100000
2026-05-19-14-57-51,3.300000,2.080000,2.860000,-3.100000,-8.900000,137.699997,1.100000
2026-05-19-14-57-51,3.280000,2.160000,2.890000,-2.800000,-7.800000,146.899994,1.100000
2026-05-19-14-57-52,3.090000,2.410000,2.920000,16.299999,2.100000,151.899994,1.100000
2026-05-19-14-57-52,3.000000,2.460000,2.850000,19.500000,3.800000,154.300003,1.100000
2026-05-19-14-57-52,2.950000,2.490000,2.790000,19.600000,3.900000,156.199997,1.100000
2026-05-19-14-57-53,2.880000,2.530000,2.740000,18.600000,1.800000,157.300003,1.100000
2026-05-19-14-57-53,2.810000,2.580000,2.710000,16.500000,-1.900000,157.800003,1.100000
2026-05-19-14-57-53,2.730000,2.630000,2.680000,14.800000,-6.100000,157.600006,1.100000
2026-05-19-14-57-54,2.590000,2.710000,2.580000,8.700000,-10.000000,159.399994,1.100000
2026-05-19-14-57-54,2.510000,2.740000,2.520000,6.700000,-10.800000,160.199997,1.100000
2026-05-19-14-57-54,2.440000,2.770000,2.470000,5.800000,-12.000000,160.800003,1.100000
2026-05-19-14-57-54,2.370000,2.810000,2.450000,5.600000,-14.200000,160.199997,1.100000
2026-05-19-14-57-54,2.300000,2.850000,2.440000,6.200000,-16.500000,159.300003,1.100000
2026-05-19-14-57-55,2.230000,2.900000,2.450000,7.200000,-18.500000,158.000000,1.100000
2026-05-19-14-57-55,2.160000,2.950000,2.470000,8.100000,-19.200001,157.399994,1.100000
2026-05-19-14-57-55,2.080000,3.000000,2.500000,8.500000,-18.500000,157.000000,1.100000
2026-05-19-14-57-55,2.010000,3.060000,2.530000,7.000000,-18.200001,160.899994,1.100000
2026-05-19-14-57-55,1.950000,3.110000,2.550000,4.800000,-19.500000,169.300003,1.100000
2026-05-19-14-57-56,1.880000,3.170000,2.590000,8.300000,-17.000000,171.800003,1.100000
2026-05-19-14-57-56,1.800000,3.200000,2.590000,16.500000,-15.700000,171.199997,1.100000
2026-05-19-14-57-56,3.210000,2.570000,1.100000,-13.300000,171.399994,0.000000,18.600000
2026-05-19-14-57-56,1.640000,3.220000,2.520000,19.900000,-11.600000,171.800003,1.100000
2026-05-19-14-57-57,1.560000,3.230000,2.490000,20.600000,-10.900000,171.800003,1.100000
2026-05-19-14-57-57,1.490000,3.260000,2.480000,20.600000,-11.500000,170.699997,1.100000
2026-05-19-14-57-57,1.410000,3.270000,2.460000,21.000000,-14.800000,168.300003,1.100000
2026-05-19-14-57-57,1.320000,3.290000,2.420000,18.000000,-18.100000,167.800003,1.100000
2026-05-19-14-57-57,1.240000,3.300000,2.370000,15.700000,-18.400000,168.300003,1.100000
2026-05-19-14-57-58,1.160000,3.320000,2.320000,13.700000,-18.799999,168.899994,1.100000
2026-05-19-14-57-58,1.080000,3.340000,2.270000,12.300000,-19.400000,169.600006,1.100000
2026-05-19-14-57-58,1.000000,3.350000,2.230000,12.100000,-20.700001,169.300003,1.100000
2026-05-19-14-57-58,0.920000,3.370000,2.220000,12.800000,-22.700001,167.699997,1.100000
2026-05-19-14-57-59,0.880000,3.380000,2.210000,11.400000,-24.799999,165.100006,1.100000
2026-05-19-14-57-59,0.840000,3.380000,2.180000,6.900000,-27.900000,163.699997,1.100000
2026-05-19-14-57-59,0.800000,3.380000,2.120000,3.700000,-28.600000,163.899994,1.100000
2026-05-19-14-57-59,0.750000,3.390000,2.050000,2.600000,-25.799999,164.899994,1.100000
2026-05-19-14-57-59,0.720000,3.390000,2.010000,2.800000,-22.600000,165.199997,1.100000
2026-05-19-14-58-00,0.680000,3.390000,1.990000,3.900000,-18.200001,165.500000,1.100000
2026-05-19-14-58-00,0.620000,3.410000,1.990000,5.400000,-11.800000,168.100006,1.100000
2026-05-19-14-58-00,0.500000,3.420000,2.000000,6.700000,-7.200000,169.300003,1.100000
2026-05-19-14-58-00,0.400000,3.460000,2.020000,8.100000,-6.500000,170.199997,1.100000
2026-05-19-14-58-01,0.290000,3.470000,2.020000,9.300000,-8.300000,170.600006,1.100000
2026-05-19-14-58-01,0.180000,3.500000,2.030000,10.100000,-11.400000,170.899994,1.100000
2026-05-19-14-58-01,0.070000,3.510000,2.050000,10.600000,-13.100000,171.100006,1.100000
2026-05-19-14-58-01,-0.030000,3.540000,2.070000,11.400000,-13.600000,171.199997,1.100000
2026-05-19-14-58-01,-0.140000,3.560000,2.100000,11.200000,-13.400000,171.300003,1.100000
2026-05-19-14-58-02,-0.240000,3.580000,2.130000,10.600000,-12.700000,171.100006,1.100000
2026-05-19-14-58-02,-0.340000,3.610000,2.160000,10.100000,-11.800000,170.600006,1.100000
2026-05-19-14-58-02,-0.440000,3.630000,2.190000,11.400000,-9.100000,167.899994,1.100000
2026-05-19-14-58-02,-0.540000,3.660000,2.220000,12.300000,-2.200000,166.899994,1.100000
2026-05-19-14-58-02,-0.630000,3.700000,2.230000,11.900000,-0.800000,166.300003,1.100000
2026-05-19-14-58-03,-0.720000,3.740000,2.240000,10.700000,-0.700000,165.600006,1.100000
2026-05-19-14-58-03,-0.820000,3.770000,2.240000,10.000000,-0.900000,164.399994,1.100000
2026-05-19-14-58-03,-0.920000,3.810000,2.240000,9.700000,-1.600000,162.800003,1.100000
2026-05-19-14-58-03,-1.010000,3.850000,2.250000,10.900000,-2.200000,161.800003,1.100000
2026-05-19-14-58-04,-1.090000,3.900000,2.260000,10.400000,-2.800000,161.399994,1.100000
2026-05-19-14-58-04,-1.260000,4.000000,2.300000,6.500000,14.300000,161.800003,1.100000
2026-05-19-14-58-04,-1.330000,4.060000,2.280000,4.800000,20.299999,161.500000,1.100000
2026-05-19-14-58-04,-1.400000,4.100000,2.260000,4.600000,20.799999,160.899994,1.100000
2026-05-19-14-58-05,-1.480000,4.150000,2.220000,4.400000,19.299999,160.500000,1.100000
2026-05-19-14-58-05,-1.560000,4.210000,2.190000,4.600000,16.299999,160.300003,1.100000
2026-05-19-14-58-05,-1.650000,4.270000,2.160000,5.300000,12.400000,160.300003,1.100000
2026-05-19-14-58-05,-1.730000,4.330000,2.140000,5.300000,8.900000,160.199997,1.100000
2026-05-19-14-58-05,-1.800000,4.390000,2.120000,5.300000,-2.900000,159.699997,1.100000
2026-05-19-14-58-06,-1.870000,4.440000,2.120000,5.700000,-7.100000,159.600006,1.100000
2026-05-19-14-58-06,-1.950000,4.500000,2.120000,5.900000,-9.400000,159.699997,1.100000
2026-05-19-14-58-06,-2.020000,4.560000,2.140000,5.900000,-10.100000,160.000000,1.100000
2026-05-19-14-58-06,-2.100000,4.620000,2.160000,5.800000,-10.100000,160.399994,1.100000
2026-05-19-14-58-07,-2.170000,4.690000,2.180000,4.600000,-9.700000,164.199997,1.100000
2026-05-19-14-58-07,-2.240000,4.750000,2.200000,2.800000,-11.000000,173.100006,1.100000
2026-05-19-14-58-07,-2.310000,4.810000,2.220000,3.100000,-9.800000,-179.800003,1.100000
2026-05-19-14-58-07,-2.400000,4.840000,2.250000,4.900000,-7.200000,-178.000000,1.100000
2026-05-19-14-58-07,-2.490000,4.870000,2.280000,6.500000,-5.500000,-177.800003,1.100000
2026-05-19-14-58-08,-2.590000,4.890000,2.300000,7.900000,-3.700000,-178.300003,1.100000
2026-05-19-14-58-08,-2.690000,4.910000,2.310000,9.300000,-2.500000,-179.199997,1.100000
2026-05-19-14-58-08,-2.790000,4.950000,2.320000,10.500000,-2.200000,180.000000,1.100000
2026-05-19-14-58-08,-2.920000,4.990000,2.330000,11.000000,-2.800000,-178.800003,1.100000
2026-05-19-14-58-09,-3.020000,5.030000,2.340000,8.300000,-5.500000,-169.600006,1.100000
2026-05-19-14-58-09,-3.120000,5.060000,2.350000,8.500000,-6.400000,-164.100006,1.100000
2026-05-19-14-58-09,-3.230000,5.070000,2.370000,9.500000,-6.400000,-163.199997,1.100000
2026-05-19-14-58-09,-3.340000,5.070000,2.390000,10.400000,-5.600000,-164.100006,1.100000
2026-05-19-14-58-10,-3.460000,5.070000,2.400000,11.400000,-5.900000,-165.800003,1.100000
2026-05-19-14-58-10,-3.570000,5.080000,2.420000,12.100000,-5.900000,-167.199997,1.100000
2026-05-19-14-58-10,-3.660000,5.080000,2.430000,11.900000,-7.400000,-170.300003,1.100000
2026-05-19-14-58-10,-3.720000,5.080000,2.440000,9.900000,-8.500000,-173.800003,1.100000
2026-05-19-14-58-10,-3.790000,5.060000,2.450000,4.000000,-8.800000,-172.800003,1.100000
2026-05-19-14-58-11,-3.840000,5.070000,2.460000,-5.000000,-9.200000,-164.399994,1.100000
2026-05-19-14-58-11,-3.890000,5.070000,2.470000,-7.800000,-7.500000,-161.199997,1.100000
2026-05-19-14-58-11,-3.900000,5.060000,2.460000,-6.300000,-9.800000,-164.199997,1.100000
2026-05-19-14-58-11,-3.920000,5.050000,2.470000,-0.900000,-9.600000,-167.399994,1.100000
2026-05-19-14-58-12,-3.920000,5.040000,2.500000,-0.400000,-6.200000,-169.600006,1.100000
2026-05-19-14-58-12,-3.920000,5.030000,2.510000,3.200000,-4.700000,-172.699997,1.100000
2026-05-19-14-58-12,-3.920000,5.030000,2.500000,7.200000,-3.200000,-174.600006,1.100000
2026-05-19-14-58-12,-3.920000,5.020000,2.500000,10.600000,-1.900000,-177.000000,1.100000
2026-05-19-14-58-13,-3.920000,5.010000,2.490000,11.800000,-1.000000,-179.300003,1.100000
2026-05-19-14-58-13,-3.920000,5.000000,2.450000,11.300000,-0.100000,179.699997,1.100000
2026-05-19-14-58-13,-3.910000,4.970000,2.370000,10.600000,1.400000,-178.899994,1.100000
2026-05-19-14-58-13,-3.920000,4.950000,2.280000,9.800000,3.500000,-176.399994,1.100000
2026-05-19-14-58-14,-3.690000,4.960000,2.260000,9.000000,5.800000,-174.100006,1.100000
2026-05-19-14-58-14,-3.660000,4.940000,2.180000,8.100000,6.900000,-173.199997,1.100000
2026-05-19-14-58-14,-3.670000,4.930000,2.110000,7.500000,7.100000,-173.500000,1.100000
2026-05-19-14-58-14,-3.670000,4.910000,2.060000,7.300000,6.800000,-174.399994,1.100000
2026-05-19-14-58-14,-3.670000,4.890000,2.010000,7.600000,6.000000,-176.199997,1.100000
2026-05-19-14-58-15,-3.670000,4.870000,1.970000,8.100000,5.100000,-177.899994,1.100000
2026-05-19-14-58-15,-3.670000,4.850000,1.920000,9.200000,4.300000,-179.600006,1.100000
2026-05-19-14-58-15,-3.660000,4.830000,1.840000,10.000000,4.300000,-179.100006,1.100000
2026-05-19-14-58-15,-3.650000,4.810000,1.750000,9.700000,5.100000,-177.899994,1.100000
2026-05-19-14-58-16,-3.650000,4.790000,1.690000,9.300000,6.000000,-177.000000,1.100000
2026-05-19-14-58-16,-3.640000,4.780000,1.640000,8.800000,6.800000,-176.600006,1.100000
2026-05-19-14-58-16,-3.630000,4.760000,1.600000,8.200000,7.300000,-176.600006,1.100000
2026-05-19-14-58-16,-3.620000,4.740000,1.560000,7.800000,7.400000,-177.000000,1.100000
2026-05-19-14-58-16,-3.620000,4.730000,1.530000,8.100000,8.300000,-176.800003,1.100000
2026-05-19-14-58-17,-3.670000,4.720000,1.500000,10.000000,10.800000,-176.300003,1.100000
2026-05-19-14-58-17,-3.740000,4.720000,1.460000,12.000000,12.200000,-176.199997,1.100000
2026-05-19-14-58-17,-3.830000,4.710000,1.410000,13.600000,10.600000,-176.399994,1.100000
2026-05-19-14-58-17,-3.930000,4.720000,1.370000,14.300000,6.100000,-177.199997,1.100000
2026-05-19-14-58-18,-4.000000,4.720000,1.340000,13.900000,1.100000,-178.699997,1.100000
2026-05-19-14-58-18,-4.050000,4.710000,1.310000,12.100000,-5.100000,179.399994,1.100000
2026-05-19-14-58-18,-4.100000,4.700000,1.290000,9.900000,-8.000000,176.500000,1.100000
2026-05-19-14-58-18,-4.180000,4.710000,1.300000,10.400000,-7.800000,173.399994,1.100000
2026-05-19-14-58-18,-4.270000,4.720000,1.320000,10.700000,-6.800000,172.800003,1.100000
2026-05-19-14-58-19,-4.380000,4.740000,1.340000,10.600000,-4.600000,173.899994,1.100000
2026-05-19-14-58-19,-4.480000,4.760000,1.380000,10.300000,-3.200000,175.399994,1.100000
2026-05-19-14-58-19,-4.590000,4.780000,1.390000,10.300000,-3.000000,177.199997,1.100000
2026-05-19-14-58-19,-4.700000,4.800000,1.400000,10.400000,-3.600000,178.500000,1.100000
2026-05-19-14-58-20,-4.810000,4.810000,1.400000,10.100000,-4.300000,179.500000,1.100000
2026-05-19-14-58-20,-4.920000,4.820000,1.420000,9.300000,-4.500000,-179.500000,1.100000
2026-05-19-14-58-20,-5.030000,4.830000,1.430000,8.500000,-5.100000,-178.100006,1.100000
2026-05-19-14-58-20,-5.170000,4.830000,1.460000,8.400000,-5.600000,-176.699997,1.100000
2026-05-19-14-58-20,-5.290000,4.860000,1.460000,8.100000,-5.600000,-175.500000,1.100000
2026-05-19-14-58-21,-5.410000,4.870000,1.480000,8.100000,-5.500000,-174.800003,1.100000
2026-05-19-14-58-21,-5.530000,4.880000,1.500000,7.800000,-5.800000,-174.600006,1.100000
2026-05-19-14-58-21,-5.640000,4.870000,1.510000,7.600000,-6.300000,-174.399994,1.100000
2026-05-19-14-58-21,-5.750000,4.880000,1.530000,7.600000,-6.300000,-174.300003,1.100000
2026-05-19-14-58-22,-5.870000,4.890000,1.550000,8.100000,-6.200000,-174.000000,1.100000
2026-05-19-14-58-22,-5.980000,4.900000,1.570000,8.500000,-6.500000,-172.199997,1.100000
2026-05-19-14-58-22,-6.090000,4.910000,1.580000,8.400000,-6.800000,-169.600006,1.100000
2026-05-19-14-58-22,-6.210000,4.910000,1.600000,8.100000,-6.600000,-167.000000,1.100000
2026-05-19-14-58-22,-6.310000,4.910000,1.620000,7.700000,-6.600000,-165.300003,1.100000
2026-05-19-14-58-23,-6.420000,4.890000,1.640000,8.200000,-6.400000,-163.899994,1.100000
2026-05-19-14-58-23,-6.520000,4.880000,1.660000,8.700000,-6.300000,-161.899994,1.100000
2026-05-19-14-58-23,-6.630000,4.860000,1.680000,9.300000,-6.400000,-160.000000,1.100000
2026-05-19-14-58-23,-6.740000,4.840000,1.690000,10.300000,-6.400000,-158.800003,1.100000
2026-05-19-14-58-23,-6.850000,4.820000,1.710000,11.600000,-6.300000,-157.699997,1.100000
2026-05-19-14-58-24,-6.960000,4.790000,1.730000,12.500000,-6.500000,-156.399994,1.100000
2026-05-19-14-58-24,-7.080000,4.760000,1.750000,12.700000,-6.500000,-154.899994,1.100000
2026-05-19-14-58-24,-7.200000,4.730000,1.770000,13.100000,-7.200000,-154.300003,1.100000
2026-05-19-14-58-24,-7.300000,4.700000,1.780000,13.300000,-8.300000,-154.800003,1.100000
2026-05-19-14-58-25,-7.380000,4.670000,1.790000,12.200000,-10.400000,-156.600006,1.100000
2026-05-19-14-58-25,-7.440000,4.640000,1.800000,8.400000,-11.000000,-158.500000,1.100000
2026-05-19-14-58-25,-7.520000,4.600000,1.830000,6.200000,-9.700000,-158.899994,1.100000
2026-05-19-14-58-25,-7.620000,4.560000,1.860000,7.600000,-7.800000,-159.500000,1.100000
2026-05-19-14-58-25,-7.710000,4.540000,1.880000,10.400000,-6.000000,-156.800003,1.100000
2026-05-19-14-58-26,-7.820000,4.520000,1.900000,11.700000,-6.600000,-149.899994,1.100000
2026-05-19-14-58-26,-7.920000,4.480000,1.920000,12.800000,-6.400000,-147.500000,1.100000
2026-05-19-14-58-26,-8.020000,4.440000,1.940000,13.600000,-6.900000,-147.500000,1.100000
2026-05-19-14-58-26,-8.080000,4.410000,1.950000,13.000000,-8.400000,-149.199997,1.100000
2026-05-19-14-58-26,-8.120000,4.380000,1.950000,12.200000,-9.800000,-151.800003,1.100000
2026-05-19-14-58-27,-8.160000,4.360000,1.960000,13.500000,-9.800000,-156.100006,1.100000
2026-05-19-14-58-27,-8.240000,4.330000,1.980000,15.300000,-7.300000,-159.300003,1.100000
2026-05-19-14-58-27,-8.340000,4.300000,2.010000,16.700001,-5.300000,-161.100006,1.100000
2026-05-19-14-58-27,-8.460000,4.270000,2.030000,16.799999,-3.500000,-161.800003,1.100000
2026-05-19-14-58-28,-8.580000,4.240000,2.050000,16.200001,-3.200000,-162.100006,1.100000
2026-05-19-14-58-28,-8.700000,4.230000,2.060000,15.900000,-3.800000,-162.699997,1.100000
2026-05-19-14-58-28,-8.820000,4.210000,2.070000,15.600000,-4.800000,-163.399994,1.100000
2026-05-19-14-58-28,-8.900000,4.200000,2.080000,14.400000,-6.400000,-165.000000,1.100000
2026-05-19-14-58-29,-8.950000,4.190000,2.080000,11.300000,-8.300000,-168.399994,1.100000
2026-05-19-14-58-29,-8.980000,4.170000,2.080000,9.000000,-8.600000,-171.600006,1.100000
2026-05-19-14-58-29,-9.000000,4.160000,2.050000,8.300000,-7.600000,-172.800003,1.100000
2026-05-19-14-58-29,-9.020000,4.150000,1.970000,7.000000,-4.100000,-171.500000,1.100000
2026-05-19-14-58-30,-9.050000,4.130000,1.890000,7.000000,-0.600000,-170.600006,1.100000
2026-05-19-14-58-30,-9.060000,4.120000,1.800000,7.300000,2.200000,-169.100006,1.100000
2026-05-19-14-58-30,-9.060000,4.110000,1.710000,7.700000,5.100000,-167.399994,1.100000
2026-05-19-14-58-30,-9.070000,4.090000,1.640000,8.300000,7.700000,-165.500000,1.100000
2026-05-19-14-58-31,-9.250000,4.040000,1.540000,12.100000,12.700000,-159.800003,1.100000
2026-05-19-14-58-31,-9.350000,4.010000,1.480000,14.100000,10.200000,-158.899994,1.100000
2026-05-19-14-58-31,-9.460000,3.970000,1.430000,15.100000,4.500000,-158.800003,1.100000
2026-05-19-14-58-31,-9.540000,3.940000,1.400000,14.200000,-2.800000,-160.100006,1.100000
2026-05-19-14-58-32,-9.600000,3.910000,1.370000,12.500000,-9.200000,-161.800003,1.100000
2026-05-19-14-58-32,-9.640000,3.890000,1.350000,10.800000,-13.200000,-163.500000,1.100000
2026-05-19-14-58-32,-9.670000,3.870000,1.350000,9.800000,-14.400000,-165.300003,1.100000
2026-05-19-14-58-32,-9.700000,3.860000,1.350000,9.500000,-13.400000,-166.899994,1.100000
2026-05-19-14-58-32,-9.730000,3.850000,1.350000,10.600000,-10.800000,-167.800003,1.100000
2026-05-19-14-58-33,-9.790000,3.840000,1.370000,12.800000,-6.500000,-167.800003,1.100000
2026-05-19-14-58-33,-9.870000,3.830000,1.390000,14.700000,-2.600000,-167.500000,1.100000
2026-05-19-14-58-33,-9.970000,3.820000,1.400000,15.300000,-0.500000,-166.699997,1.100000
2026-05-19-14-58-33,-10.040000,3.820000,1.400000,14.100000,-0.600000,-166.399994,1.100000
2026-05-19-14-58-34,-10.090000,3.810000,1.400000,12.000000,-2.000000,-166.699997,1.100000
2026-05-19-14-58-34,-10.130000,3.810000,1.390000,9.700000,-3.600000,-167.199997,1.100000
2026-05-19-14-58-34,-10.160000,3.800000,1.390000,7.800000,-5.000000,-167.800003,1.100000
2026-05-19-14-58-34,-10.180000,3.790000,1.390000,6.700000,-5.400000,-168.399994,1.100000
2026-05-19-14-58-34,-10.210000,3.790000,1.400000,6.200000,5.100000,-167.600006,1.100000
2026-05-19-14-58-35,-10.240000,3.790000,1.420000,5.900000,14.400000,-166.600006,1.100000
2026-05-19-14-58-35,-10.260000,3.790000,1.420000,5.900000,17.799999,-166.100006,1.100000
2026-05-19-14-58-35,-10.270000,3.790000,1.410000,6.100000,17.500000,-166.300003,1.100000
2026-05-19-14-58-35,-10.270000,3.790000,1.410000,6.700000,16.200001,-166.500000,1.100000
2026-05-19-14-58-36,-10.290000,3.780000,1.420000,7.700000,28.000000,-164.699997,1.100000
2026-05-19-14-58-36,-10.330000,3.770000,1.430000,10.200000,47.700001,-160.300003,1.100000
2026-05-19-14-58-36,-10.370000,3.770000,1.430000,23.500000,72.599998,-145.000000,1.100000
2026-05-19-14-58-36,-10.360000,3.790000,1.420000,46.400002,80.800003,-122.099998,1.100000
2026-05-19-14-58-36,-10.270000,3.820000,1.410000,33.400002,79.900002,-136.699997,1.200000
2026-05-19-14-58-37,-10.150000,3.840000,1.420000,16.000000,72.199997,-156.000000,1.200000
2026-05-19-14-58-37,-10.310000,3.830000,1.390000,7.600000,47.099998,-169.000000,1.200000
2026-05-19-14-58-37,-10.260000,3.830000,1.360000,7.900000,22.799999,-173.300003,1.200000
2026-05-19-14-58-38,-10.230000,3.820000,1.320000,8.700000,10.800000,-175.000000,1.200000
2026-05-19-14-58-38,-10.220000,3.810000,1.290000,9.300000,0.200000,-176.399994,1.200000
2026-05-19-14-58-38,-10.210000,3.810000,1.270000,9.500000,-7.400000,-177.300003,1.200000
2026-05-19-14-58-38,-10.200000,3.800000,1.250000,9.100000,-12.400000,-177.899994,1.200000
2026-05-19-14-58-39,-10.190000,3.800000,1.240000,8.500000,-14.300000,-177.899994,1.200000
2026-05-19-14-58-39,-10.180000,3.790000,1.230000,7.800000,-14.200000,-177.699997,1.200000
2026-05-19-14-58-39,-10.170000,3.790000,1.230000,7.200000,-12.700000,-177.500000,1.200000
2026-05-19-14-58-39,-10.150000,3.770000,1.230000,7.300000,-8.400000,177.699997,1.200000
2026-05-19-14-58-39,-10.150000,3.740000,1.240000,8.700000,-1.600000,160.300003,1.200000
2026-05-19-14-58-40,-10.150000,3.720000,1.250000,7.600000,4.600000,142.899994,1.200000
2026-05-19-14-58-40,-10.160000,3.710000,1.250000,3.200000,8.900000,126.800003,1.200000
2026-05-19-14-58-40,-10.150000,3.710000,1.240000,-0.700000,9.100000,120.800003,1.200000
2026-05-19-14-58-40,-10.130000,3.710000,1.220000,-3.900000,8.000000,117.199997,1.200000
2026-05-19-14-58-40,-10.120000,3.710000,1.210000,-5.600000,6.500000,115.500000,1.200000
2026-05-19-14-58-41,-10.100000,3.710000,1.200000,-6.100000,4.600000,115.099998,1.200000
2026-05-19-14-58-41,-10.080000,3.720000,1.180000,-5.300000,3.100000,117.400002,1.200000
2026-05-19-14-58-41,-10.050000,3.750000,1.180000,-4.500000,4.400000,133.699997,1.200000
2026-05-19-14-58-41,-10.020000,3.780000,1.180000,-2.600000,6.400000,156.600006,1.200000
2026-05-19-14-58-42,-10.020000,3.830000,1.180000,0.900000,6.300000,-179.000000,1.200000
2026-05-19-14-58-42,-10.040000,3.870000,1.170000,4.000000,5.400000,-157.000000,1.200000
2026-05-19-14-58-42,-10.070000,3.900000,1.160000,6.200000,3.100000,-134.699997,1.200000
2026-05-19-14-58-42,-10.110000,3.900000,1.160000,7.600000,-1.100000,-110.199997,1.200000
2026-05-19-14-58-42,-10.120000,3.890000,1.140000,6.900000,-4.100000,-99.699997,1.200000
2026-05-19-14-58-43,-10.130000,3.880000,1.130000,6.000000,-6.800000,-93.000000,1.200000
2026-05-19-14-58-43,-10.130000,3.860000,1.120000,5.900000,-8.900000,-89.199997,1.200000
2026-05-19-14-58-43,-10.120000,3.850000,1.110000,6.800000,-11.100000,-86.699997,1.200000
2026-05-19-14-58-43,-10.120000,3.840000,1.100000,7.800000,-12.600000,-86.000000,1.200000
2026-05-19-14-58-44,-10.100000,3.830000,1.090000,8.800000,-13.900000,-86.300003,1.200000
2026-05-19-14-58-44,-10.090000,3.820000,1.080000,9.700000,-15.000000,-87.500000,1.200000
2026-05-19-14-58-44,-10.070000,3.810000,1.070000,10.100000,-15.600000,-88.800003,1.200000
2026-05-19-14-58-44,3.790000,1.060000,1.200000,-16.900000,-81.599998,0.000000,8.500000
2026-05-19-14-58-44,-10.090000,3.760000,1.070000,3.100000,-18.500000,-62.500000,1.200000
2026-05-19-14-58-45,-10.090000,3.720000,1.070000,-2.500000,-19.299999,-40.900002,1.200000
2026-05-19-14-58-45,-10.080000,3.690000,1.080000,-4.200000,-20.000000,-32.900002,1.200000
2026-05-19-14-58-45,-10.070000,3.670000,1.080000,-4.700000,-20.799999,-26.799999,1.200000
2026-05-19-14-58-45,-10.050000,3.650000,1.080000,-3.900000,-21.400000,-22.799999,1.200000
2026-05-19-14-58-45,-10.030000,3.640000,1.070000,-2.800000,-21.799999,-20.799999,1.200000
2026-05-19-14-58-46,-10.010000,3.630000,1.070000,-1.500000,-21.900000,-19.799999,1.200000
2026-05-19-14-58-46,-9.990000,3.620000,1.080000,-0.200000,-21.700001,-19.500000,1.200000
2026-05-19-14-58-46,-9.970000,3.600000,1.080000,-2.100000,-21.400000,-13.000000,1.200000
2026-05-19-14-58-46,-9.950000,3.570000,1.090000,-8.100000,-19.799999,4.200000,1.200000
2026-05-19-14-58-47,-9.930000,3.550000,1.100000,-10.400000,-18.700001,13.300000,1.200000
2026-05-19-14-58-47,-9.910000,3.530000,1.100000,-10.500000,-18.100000,19.200001,1.200000
2026-05-19-14-58-47,-9.880000,3.520000,1.110000,-9.700000,-17.700001,24.000000,1.200000
2026-05-19-14-58-47,-9.860000,3.510000,1.110000,-8.200000,-17.200001,28.600000,1.200000
2026-05-19-14-58-47,-9.840000,3.510000,1.110000,-6.300000,-17.400000,27.200001,1.200000
2026-05-19-14-58-48,-9.830000,3.530000,1.120000,-0.300000,-18.799999,9.900000,1.200000
2026-05-19-14-58-48,-9.810000,3.560000,1.130000,4.700000,-18.900000,-8.800000,1.200000
2026-05-19-14-58-48,-9.780000,3.590000,1.140000,10.400000,-17.700001,-33.000000,1.200000
2026-05-19-14-58-48,-9.750000,3.590000,1.150000,11.600000,-17.000000,-43.599998,1.200000
2026-05-19-14-58-48,-9.720000,3.580000,1.160000,10.100000,-16.600000,-51.400002,1.200000
2026-05-19-14-58-49,-9.700000,3.580000,1.160000,7.400000,-16.600000,-57.799999,1.200000
2026-05-19-14-58-49,-9.670000,3.570000,1.170000,6.500000,-16.100000,-68.199997,1.200000
2026-05-19-14-58-49,-9.620000,3.560000,1.180000,11.300000,-13.500000,-90.699997,1.200000
2026-05-19-14-58-49,-9.570000,3.540000,1.190000,15.000000,-8.400000,-116.099998,1.200000
2026-05-19-14-58-50,-9.540000,3.500000,1.210000,15.900000,-4.300000,-136.500000,1.200000
2026-05-19-14-58-50,-9.520000,3.470000,1.210000,15.100000,-2.700000,-146.000000,1.200000
2026-05-19-14-58-50,-9.520000,3.450000,1.210000,12.500000,-2.200000,-152.600006,1.200000
2026-05-19-14-58-50,-9.510000,3.430000,1.210000,9.200000,-2.300000,-157.399994,1.200000
2026-05-19-14-58-50,-9.520000,3.390000,1.190000,8.300000,-0.600000,-174.800003,1.200000
2026-05-19-14-58-51,-9.530000,3.340000,1.200000,8.300000,2.400000,161.600006,1.200000
2026-05-19-14-58-51,-9.550000,3.310000,1.200000,5.500000,4.000000,136.899994,1.200000
2026-05-19-14-58-51,-9.580000,3.290000,1.200000,3.300000,4.100000,117.400002,1.200000
2026-05-19-14-58-51,-9.600000,3.290000,1.190000,1.800000,3.200000,106.000000,1.200000
2026-05-19-14-58-52,-9.600000,3.290000,1.190000,0.100000,1.300000,99.199997,1.200000
2026-05-19-14-58-52,-9.600000,3.290000,1.180000,-1.400000,-0.600000,95.900002,1.200000
2026-05-19-14-58-52,-9.600000,3.300000,1.170000,-2.800000,-2.400000,94.300003,1.200000
2026-05-19-14-58-52,-9.590000,3.300000,1.160000,-3.700000,-3.800000,94.000000,1.200000
2026-05-19-14-58-53,-9.560000,3.310000,1.150000,-4.900000,-6.300000,93.400002,1.200000
2026-05-19-14-58-53,-9.490000,3.350000,1.160000,-8.200000,-1.700000,127.400002,1.200000
2026-05-19-14-58-53,-9.460000,3.400000,1.180000,-6.300000,1.300000,153.500000,1.200000
2026-05-19-14-58-54,-9.460000,3.450000,1.180000,-4.000000,2.400000,176.100006,1.200000
2026-05-19-14-58-54,-9.470000,3.490000,1.180000,-1.900000,2.000000,-162.899994,1.200000
2026-05-19-14-58-54,-9.480000,3.500000,1.180000,-0.100000,1.100000,-153.600006,1.200000
2026-05-19-14-58-54,-9.490000,3.510000,1.180000,3.100000,-0.600000,-146.899994,1.200000
2026-05-19-14-58-54,-9.490000,3.520000,1.170000,5.200000,-2.100000,-143.899994,1.200000
2026-05-19-14-58-55,-9.490000,3.520000,1.160000,7.500000,-4.200000,-141.399994,1.200000
2026-05-19-14-58-55,-9.480000,3.520000,1.150000,8.500000,-5.400000,-140.600006,1.200000
2026-05-19-14-58-55,-9.490000,3.510000,1.150000,10.000000,-5.700000,-140.000000,1.200000
2026-05-19-14-58-55,-9.530000,3.490000,1.160000,12.400000,-3.400000,-139.699997,1.200000
2026-05-19-14-58-55,-9.590000,3.450000,1.160000,14.200000,-0.900000,-140.000000,1.200000
2026-05-19-14-58-56,-9.750000,3.370000,1.150000,15.800000,1.400000,-141.199997,1.200000
2026-05-19-14-58-56,-9.850000,3.330000,1.130000,16.400000,-0.100000,-142.300003,1.200000
2026-05-19-14-58-56,-9.940000,3.290000,1.120000,17.100000,-1.900000,-143.500000,1.200000
2026-05-19-14-58-57,-10.040000,3.250000,1.110000,17.000000,-4.200000,-145.199997,1.200000
2026-05-19-14-58-57,-10.140000,3.210000,1.110000,16.299999,-5.700000,-146.600006,1.200000
2026-05-19-14-58-57,-10.240000,3.180000,1.110000,15.300000,-7.400000,-148.199997,1.200000
2026-05-19-14-58-57,-10.340000,3.160000,1.110000,14.000000,-8.800000,-149.699997,1.200000
2026-05-19-14-58-57,-10.440000,3.130000,1.130000,12.900000,-10.500000,-151.100006,1.200000
2026-05-19-14-58-58,-10.530000,3.120000,1.140000,9.200000,-13.100000,-145.600006,1.200000
2026-05-19-14-58-58,-10.620000,3.120000,1.150000,6.100000,-14.000000,-138.600006,1.200000
2026-05-19-14-58-58,-10.710000,3.100000,1.180000,5.900000,-13.400000,-136.399994,1.200000
2026-05-19-14-58-58,-10.790000,3.050000,1.220000,6.300000,-11.900000,-137.100006,1.200000
2026-05-19-14-58-59,-10.880000,3.020000,1.250000,7.500000,-10.600000,-138.899994,1.200000
2026-05-19-14-58-59,-10.970000,2.980000,1.270000,9.100000,-9.700000,-140.399994,1.200000
2026-05-19-14-58-59,-11.070000,2.950000,1.290000,9.800000,-9.500000,-139.199997,1.200000
2026-05-19-14-58-59,-11.160000,2.920000,1.310000,7.200000,-11.200000,-130.600006,1.200000
2026-05-19-14-58-59,-11.240000,2.890000,1.330000,6.700000,-12.200000,-124.300003,1.200000
2026-05-19-14-59-00,-11.320000,2.840000,1.350000,9.400000,-11.100000,-123.800003,1.200000
2026-05-19-14-59-00,-11.400000,2.790000,1.380000,11.200000,-10.000000,-125.000000,1.200000
2026-05-19-14-59-00,-11.470000,2.730000,1.400000,13.800000,-8.800000,-128.699997,1.200000
2026-05-19-14-59-00,-11.540000,2.670000,1.410000,16.799999,-7.700000,-135.699997,1.200000
2026-05-19-14-59-00,-11.680000,2.600000,1.420000,18.500000,-7.600000,-139.899994,1.200000
2026-05-19-14-59-01,-11.760000,2.560000,1.430000,18.299999,-8.500000,-142.199997,1.200000
2026-05-19-14-59-01,-11.850000,2.530000,1.440000,16.000000,-10.800000,-139.000000,1.200000
2026-05-19-14-59-01,-11.940000,2.510000,1.450000,14.900000,-12.600000,-134.800003,1.200000
2026-05-19-14-59-01,-12.030000,2.470000,1.470000,14.500000,-11.700000,-134.000000,1.200000
2026-05-19-14-59-02,-12.110000,2.430000,1.490000,14.000000,-10.600000,-136.100006,1.200000
2026-05-19-14-59-02,-12.200000,2.380000,1.500000,13.900000,-9.100000,-137.699997,1.200000
2026-05-19-14-59-02,-12.280000,2.340000,1.480000,14.200000,-7.300000,-138.500000,1.200000
2026-05-19-14-59-02,-12.350000,2.300000,1.480000,14.300000,-6.400000,-141.100006,1.200000
2026-05-19-14-59-02,-12.440000,2.270000,1.480000,14.400000,-6.700000,-144.199997,1.200000
2026-05-19-14-59-03,-12.520000,2.230000,1.480000,14.200000,-7.900000,-146.600006,1.200000
2026-05-19-14-59-03,-12.610000,2.200000,1.480000,16.799999,-10.400000,-149.000000,1.200000
2026-05-19-14-59-03,-12.780000,2.130000,1.420000,21.299999,-12.600000,-150.699997,1.200000
2026-05-19-14-59-04,-12.850000,2.100000,1.380000,20.299999,-13.000000,-150.500000,1.200000
2026-05-19-14-59-04,-12.940000,2.070000,1.370000,18.200001,-13.800000,-150.600006,1.200000
2026-05-19-14-59-04,-13.020000,2.060000,1.370000,15.400000,-14.800000,-150.600006,1.200000
2026-05-19-14-59-04,-13.110000,2.040000,1.370000,12.500000,-15.700000,-150.399994,1.200000
2026-05-19-14-59-04,-13.210000,2.020000,1.390000,8.600000,-16.400000,-147.699997,1.200000
2026-05-19-14-59-05,-13.300000,2.010000,1.410000,3.500000,-15.800000,-140.399994,1.200000
2026-05-19-14-59-05,-13.400000,2.000000,1.430000,2.500000,-13.000000,-136.199997,1.200000
2026-05-19-14-59-05,-13.490000,1.980000,1.460000,3.200000,-9.800000,-136.300003,1.200000
2026-05-19-14-59-05,-13.580000,1.950000,1.490000,4.100000,-7.400000,-137.600006,1.200000
2026-05-19-14-59-05,-13.680000,1.920000,1.510000,5.600000,-5.600000,-139.600006,1.200000
2026-05-19-14-59-06,-13.760000,1.880000,1.530000,7.600000,-4.500000,-141.500000,1.200000
2026-05-19-14-59-06,-13.860000,1.850000,1.540000,8.800000,-4.200000,-143.000000,1.200000
2026-05-19-14-59-06,-13.960000,1.820000,1.550000,9.700000,-4.400000,-144.399994,1.200000
2026-05-19-14-59-06,-14.050000,1.800000,1.560000,10.700000,-4.500000,-145.600006,1.200000
2026-05-19-14-59-07,-14.150000,1.770000,1.570000,11.000000,-5.100000,-146.699997,1.200000
2026-05-19-14-59-07,-14.240000,1.750000,1.580000,11.300000,-5.100000,-147.800003,1.200000
2026-05-19-14-59-07,-14.330000,1.730000,1.590000,11.400000,-5.400000,-148.899994,1.200000
2026-05-19-14-59-07,-14.400000,1.720000,1.590000,10.600000,-6.500000,-150.500000,1.200000
2026-05-19-14-59-07,-14.450000,1.710000,1.590000,8.400000,-8.100000,-152.399994,1.200000
2026-05-19-14-59-08,-14.480000,1.710000,1.590000,6.500000,-9.400000,-154.199997,1.200000
2026-05-19-14-59-08,-14.550000,1.710000,1.600000,7.100000,-8.200000,-154.699997,1.200000
2026-05-19-14-59-08,-14.640000,1.700000,1.620000,9.200000,-5.900000,-154.899994,1.200000
2026-05-19-14-59-08,-14.720000,1.700000,1.640000,10.200000,-3.200000,-155.000000,1.200000
2026-05-19-14-59-09,-14.810000,1.690000,1.640000,11.300000,-1.500000,-155.300003,1.200000
2026-05-19-14-59-09,-14.880000,1.700000,1.640000,10.200000,-2.200000,-156.100006,1.200000
2026-05-19-14-59-09,-14.910000,1.700000,1.640000,8.700000,-3.600000,-156.800003,1.200000
2026-05-19-14-59-09,-14.940000,1.710000,1.630000,6.800000,-5.800000,-157.500000,1.200000
2026-05-19-14-59-09,-14.950000,1.730000,1.630000,5.900000,-6.700000,-158.199997,1.200000
2026-05-19-14-59-10,-14.950000,1.730000,1.630000,6.100000,-5.200000,-166.100006,1.200000
2026-05-19-14-59-10,-14.950000,1.720000,1.630000,6.800000,-2.600000,179.699997,1.200000
2026-05-19-14-59-10,-14.960000,1.720000,1.630000,6.000000,-2.100000,173.199997,1.200000
2026-05-19-14-59-10,-14.960000,1.730000,1.630000,4.600000,-2.300000,169.899994,1.200000
2026-05-19-14-59-10,-14.950000,1.740000,1.630000,2.600000,-2.500000,167.699997,1.200000
2026-05-19-14-59-11,-14.940000,1.760000,1.620000,1.100000,-2.400000,167.000000,1.200000
2026-05-19-14-59-11,-14.940000,1.760000,1.630000,0.400000,0.600000,159.100006,1.200000
2026-05-19-14-59-11,-14.960000,1.760000,1.640000,-1.200000,3.200000,145.199997,1.200000
2026-05-19-14-59-11,-14.960000,1.770000,1.640000,-2.300000,3.100000,139.600006,1.200000
2026-05-19-14-59-12,-14.950000,1.790000,1.640000,-3.000000,1.800000,136.899994,1.200000
2026-05-19-14-59-12,-14.950000,1.800000,1.630000,-3.100000,0.700000,136.100006,1.200000
2026-05-19-14-59-12,-14.940000,1.820000,1.630000,-2.800000,-0.500000,136.500000,1.200000
2026-05-19-14-59-12,-14.930000,1.840000,1.590000,-2.500000,-0.800000,138.100006,1.200000
2026-05-19-14-59-12,-14.910000,1.850000,1.530000,-2.500000,0.000000,139.899994,1.200000
2026-05-19-14-59-13,-14.910000,1.860000,1.450000,-1.600000,1.800000,141.899994,1.200000
2026-05-19-14-59-13,-14.900000,1.870000,1.360000,0.200000,4.000000,144.199997,1.200000
2026-05-19-14-59-13,-14.890000,1.870000,1.260000,2.200000,6.700000,146.899994,1.200000
2026-05-19-14-59-13,-14.890000,1.860000,1.160000,4.300000,9.200000,149.699997,1.200000
2026-05-19-14-59-13,-14.880000,1.840000,1.050000,6.600000,12.200000,152.500000,1.200000
2026-05-19-14-59-14,-14.870000,1.830000,0.980000,8.800000,14.500000,154.800003,1.200000
2026-05-19-14-59-14,-14.870000,1.810000,0.920000,11.000000,16.000000,157.100006,1.200000
2026-05-19-14-59-14,-14.870000,1.810000,0.870000,14.700000,15.600000,164.300003,1.200000
2026-05-19-14-59-14,-14.880000,1.800000,0.820000,16.700001,13.600000,172.399994,1.200000
2026-05-19-14-59-15,-14.880000,1.800000,0.780000,17.200001,11.800000,176.300003,1.200000
2026-05-19-14-59-15,-14.930000,1.800000,0.740000,17.600000,10.700000,179.300003,1.200000
2026-05-19-14-59-15,-15.010000,1.810000,0.700000,18.299999,8.800000,-177.300003,1.200000
2026-05-19-14-59-15,-15.100000,1.810000,0.650000,17.400000,3.900000,-174.699997,1.200000
2026-05-19-14-59-15,-15.200000,1.810000,0.620000,14.600000,-2.300000,-173.100006,1.200000
2026-05-19-14-59-16,-15.310000,1.800000,0.610000,11.500000,-6.700000,-174.100006,1.200000
2026-05-19-14-59-16,-15.410000,1.800000,0.610000,7.700000,-10.300000,-173.100006,1.200000
2026-05-19-14-59-16,-15.510000,1.810000,0.630000,4.400000,-12.000000,-171.199997,1.200000
2026-05-19-14-59-16,-15.620000,1.810000,0.650000,2.600000,-12.500000,-169.199997,1.200000
2026-05-19-14-59-17,-15.720000,1.810000,0.680000,2.000000,-12.100000,-167.699997,1.200000
2026-05-19-14-59-17,-15.800000,1.790000,0.700000,3.900000,-11.500000,-174.699997,1.200000
2026-05-19-14-59-17,-15.980000,1.760000,0.740000,9.700000,-3.000000,174.000000,1.200000
2026-05-19-14-59-17,-16.070000,1.760000,0.720000,10.900000,0.100000,175.000000,1.200000
2026-05-19-14-59-18,-16.230000,1.750000,0.610000,10.500000,3.600000,179.000000,1.200000
2026-05-19-14-59-18,-16.299999,1.740000,0.540000,10.200000,3.400000,-179.300003,1.200000
2026-05-19-14-59-18,-16.360001,1.730000,0.470000,9.900000,1.600000,-177.300003,1.200000
2026-05-19-14-59-18,-16.440001,1.730000,0.410000,9.300000,-1.900000,-175.600006,1.200000
2026-05-19-14-59-19,-16.520000,1.730000,0.370000,8.900000,-6.400000,-174.699997,1.200000
2026-05-19-14-59-19,-16.600000,1.730000,0.350000,6.500000,-11.000000,-169.000000,1.200000
2026-05-19-14-59-19,-16.750000,1.750000,0.350000,-5.100000,-12.400000,-143.199997,1.200000
2026-05-19-14-59-20,-16.830000,1.730000,0.380000,-6.100000,-9.300000,-136.199997,1.200000
2026-05-19-14-59-20,-16.900000,1.690000,0.400000,-6.000000,-6.200000,-134.699997,1.200000
2026-05-19-14-59-20,-16.980000,1.630000,0.420000,-4.500000,-4.600000,-135.899994,1.200000
2026-05-19-14-59-20,-17.059999,1.580000,0.440000,-1.000000,-3.600000,-138.199997,1.200000
2026-05-19-14-59-20,-17.120001,1.500000,0.460000,2.800000,-3.100000,-148.300003,1.200000
2026-05-19-14-59-21,-17.150000,1.440000,0.460000,5.800000,-0.300000,-167.300003,1.200000
2026-05-19-14-59-21,-17.209999,1.360000,0.490000,5.600000,10.500000,153.800003,1.200000
2026-05-19-14-59-21,-17.240000,1.340000,0.490000,1.600000,14.900000,136.000000,1.200000
2026-05-19-14-59-22,-17.270000,1.330000,0.500000,-3.000000,18.100000,118.199997,1.200000
2026-05-19-14-59-22,-17.290001,1.340000,0.500000,-8.600000,19.600000,99.900002,1.200000
2026-05-19-14-59-22,-17.309999,1.350000,0.500000,-14.500000,18.700001,81.099998,1.200000
2026-05-19-14-59-22,-17.320000,1.370000,0.490000,-17.000000,16.000000,67.699997,1.200000
2026-05-19-14-59-22,-17.309999,1.370000,0.480000,-15.100000,11.900000,64.400002,1.200000
2026-05-19-14-59-23,-17.280001,1.370000,0.460000,-12.000000,6.200000,64.000000,1.200000
2026-05-19-14-59-23,-17.280001,1.370000,0.450000,-11.800000,0.300000,59.799999,1.200000
2026-05-19-14-59-23,-17.270000,1.380000,0.440000,-9.800000,-5.200000,55.200001,1.200000
2026-05-19-14-59-23,-17.260000,1.390000,0.430000,-8.300000,-8.300000,54.099998,1.200000
2026-05-19-14-59-24,-17.240000,1.400000,0.420000,-6.900000,-11.800000,54.000000,1.200000
2026-05-19-14-59-24,-17.209999,1.400000,0.410000,-6.500000,-14.100000,54.900002,1.200000
2026-05-19-14-59-24,-17.190001,1.410000,0.410000,-6.500000,-16.200001,56.900002,1.200000
2026-05-19-14-59-24,-17.160000,1.420000,0.400000,-7.100000,-17.200001,59.400002,1.200000
2026-05-19-14-59-24,-17.129999,1.430000,0.400000,-7.800000,-17.400000,62.400002,1.200000
2026-05-19-14-59-25,-17.110001,1.430000,0.400000,-8.300000,-16.799999,65.800003,1.200000
2026-05-19-14-59-25,-17.080000,1.440000,0.410000,-8.500000,-15.500000,69.400002,1.200000
2026-05-19-14-59-25,-17.049999,1.450000,0.410000,-8.300000,-13.900000,73.000000,1.200000
2026-05-19-14-59-25,-17.020000,1.450000,0.410000,-7.600000,-11.600000,77.400002,1.200000
2026-05-19-14-59-26,-16.990000,1.460000,0.420000,-6.700000,-9.200000,81.599998,1.200000
2026-05-19-14-59-26,-16.959999,1.470000,0.420000,-5.700000,-7.200000,85.599998,1.200000
2026-05-19-14-59-26,-16.930000,1.480000,0.420000,-4.600000,-5.000000,90.300003,1.200000
2026-05-19-14-59-26,-16.910000,1.490000,0.430000,-3.500000,-3.400000,93.900002,1.200000
2026-05-19-14-59-26,-16.900000,1.500000,0.430000,-2.700000,-3.200000,84.000000,1.200000
2026-05-19-14-59-27,-16.910000,1.520000,0.440000,-3.200000,-4.100000,68.099998,1.200000
2026-05-19-14-59-27,-16.910000,1.550000,0.440000,-4.000000,-6.900000,51.799999,1.200000
2026-05-19-14-59-27,-16.900000,1.570000,0.440000,-3.500000,-9.100000,45.700001,1.200000
2026-05-19-14-59-27,-16.850000,1.600000,0.450000,-3.500000,-8.600000,43.799999,1.200000
2026-05-19-14-59-27,-16.780001,1.640000,0.480000,-4.400000,-8.000000,43.099998,1.200000
2026-05-19-14-59-28,-16.690001,1.700000,0.510000,-4.800000,-6.900000,43.000000,1.200000
2026-05-19-14-59-28,-16.600000,1.760000,0.540000,-4.700000,-6.200000,43.599998,1.200000
2026-05-19-14-59-28,-16.500000,1.810000,0.570000,-4.200000,-6.300000,45.299999,1.200000
2026-05-19-14-59-28,-16.400000,1.870000,0.590000,-4.200000,-7.000000,45.700001,1.200000
2026-05-19-14-59-29,-16.299999,1.930000,0.620000,-3.500000,-8.800000,42.000000,1.200000
2026-05-19-14-59-29,-16.209999,1.980000,0.640000,-3.800000,-9.900000,41.200001,1.200000
2026-05-19-14-59-29,-16.110001,2.020000,0.670000,-4.800000,-10.300000,41.200001,1.200000
2026-05-19-14-59-29,-16.010000,2.080000,0.710000,-5.100000,-10.800000,41.700001,1.200000
2026-05-19-14-59-29,-15.910000,2.130000,0.750000,-5.100000,-11.300000,42.799999,1.200000
2026-05-19-14-59-30,-15.810000,2.190000,0.780000,-5.400000,-11.400000,44.200001,1.200000
2026-05-19-14-59-30,-15.710000,2.230000,0.820000,-5.100000,-11.500000,44.000000,1.200000
2026-05-19-14-59-30,-15.620000,2.280000,0.850000,-3.600000,-12.800000,39.500000,1.200000
2026-05-19-14-59-30,-15.530000,2.330000,0.880000,-1.500000,-13.500000,33.700001,1.200000
2026-05-19-14-59-30,-15.430000,2.380000,0.920000,-1.000000,-13.800000,31.700001,1.200000
2026-05-19-14-59-31,-15.300000,2.420000,0.970000,-1.100000,-13.300000,31.000000,1.200000
2026-05-19-14-59-31,-15.190000,2.490000,1.010000,-0.400000,-13.100000,31.299999,1.200000
2026-05-19-14-59-31,-15.080000,2.530000,1.050000,-1.100000,-13.500000,33.099998,1.200000
2026-05-19-14-59-31,-14.970000,2.550000,1.090000,-3.800000,-13.000000,38.700001,1.200000
2026-05-19-14-59-32,-14.870000,2.590000,1.130000,-5.400000,-12.500000,41.900002,1.200000
2026-05-19-14-59-32,-14.770000,2.630000,1.150000,-7.000000,-15.800000,44.599998,1.200000
2026-05-19-14-59-32,-14.680000,2.670000,1.140000,-8.300000,-15.300000,46.599998,1.200000
2026-05-19-14-59-32,-14.590000,2.710000,1.120000,-8.700000,-14.000000,48.299999,1.200000
2026-05-19-14-59-32,-14.510000,2.750000,1.110000,-8.400000,-13.700000,49.500000,1.200000
2026-05-19-14-59-33,-14.420000,2.800000,1.120000,-7.800000,-15.100000,51.200001,1.200000
2026-05-19-14-59-33,-14.330000,2.870000,1.140000,-7.100000,-16.700001,53.200001,1.200000
2026-05-19-14-59-33,-14.260000,2.910000,1.150000,-7.800000,-19.000000,55.000000,1.200000
2026-05-19-14-59-33,-14.200000,2.940000,1.170000,-8.800000,-21.100000,56.599998,1.200000
2026-05-19-14-59-34,-14.160000,2.960000,1.180000,-9.200000,-21.799999,57.700001,1.200000
2026-05-19-14-59-34,-14.120000,2.980000,1.190000,-8.800000,-21.200001,58.200001,1.200000
2026-05-19-14-59-34,-14.100000,3.000000,1.200000,-8.400000,-19.600000,58.700001,1.200000
2026-05-19-14-59-34,-14.060000,3.020000,1.180000,-7.800000,-16.500000,60.200001,1.200000
2026-05-19-14-59-34,-14.020000,3.040000,1.120000,-6.900000,-12.500000,62.000000,1.200000
2026-05-19-14-59-35,-13.990000,3.060000,1.050000,-5.600000,-9.400000,63.599998,1.200000
2026-05-19-14-59-35,-13.970000,3.080000,0.960000,-3.600000,-5.100000,65.300003,1.200000
2026-05-19-14-59-35,-13.950000,3.090000,0.860000,-1.900000,-2.100000,66.800003,1.200000
2026-05-19-14-59-35,-13.940000,3.100000,0.760000,0.400000,1.700000,69.099998,1.200000
2026-05-19-14-59-36,-13.940000,3.100000,0.660000,2.200000,5.600000,71.599998,1.200000
2026-05-19-14-59-36,-13.950000,3.090000,0.550000,3.500000,9.300000,74.099998,1.200000
2026-05-19-14-59-36,-13.960000,3.080000,0.460000,4.900000,13.600000,77.000000,1.200000
2026-05-19-14-59-36,-13.970000,3.070000,0.390000,6.300000,16.900000,79.800003,1.200000
2026-05-19-14-59-36,-13.980000,3.070000,0.350000,3.500000,22.600000,83.500000,1.200000
2026-05-19-14-59-37,-14.000000,3.050000,0.280000,-1.300000,25.100000,88.000000,1.200000
2026-05-19-14-59-37,-14.000000,3.010000,0.200000,-0.400000,26.799999,91.500000,1.200000
2026-05-19-14-59-37,-14.010000,2.960000,0.120000,1.800000,29.299999,95.199997,1.200000
2026-05-19-14-59-37,-14.010000,2.910000,0.030000,3.700000,32.099998,99.300003,1.200000
2026-05-19-14-59-38,-14.010000,2.840000,-0.060000,4.700000,34.400002,103.099998,1.200000
2026-05-19-14-59-38,-14.000000,2.760000,-0.170000,5.700000,37.299999,108.800003,1.200000
2026-05-19-14-59-38,-13.980000,2.610000,-0.330000,5.900000,40.099998,116.599998,1.200000
2026-05-19-14-59-39,-13.950000,2.500000,-0.430000,6.600000,39.500000,123.099998,1.200000
2026-05-19-14-59-39,-13.880000,2.410000,-0.540000,3.100000,34.000000,129.699997,1.200000
2026-05-19-14-59-39,-13.800000,2.290000,-0.680000,0.300000,33.799999,136.100006,1.200000
2026-05-19-14-59-40,-13.700000,2.200000,-0.840000,-1.500000,35.400002,142.300003,1.200000
2026-05-19-14-59-40,-13.600000,2.150000,-0.970000,-1.400000,34.599998,148.899994,1.200000
2026-05-19-14-59-41,-13.510000,2.130000,-1.050000,-1.500000,28.100000,156.100006,1.200000
2026-05-19-14-59-41,-13.480000,2.100000,-1.120000,-4.700000,26.900000,158.699997,1.200000
2026-05-19-14-59-41,-13.460000,2.060000,-1.260000,-6.400000,25.500000,162.300003,1.200000
2026-05-19-14-59-41,-13.310000,2.160000,-1.400000,-6.000000,25.000000,168.399994,1.200000
2026-05-19-14-59-42,-13.180000,2.160000,-1.590000,-4.600000,24.500000,173.600006,1.200000
2026-05-19-14-59-42,-12.980000,2.180000,-1.980000,0.600000,19.600000,-177.399994,1.200000
2026-05-19-14-59-43,-12.820000,2.190000,-2.410000,4.300000,14.500000,-168.800003,1.200000
2026-05-19-14-59-44,-12.760000,2.180000,-2.630000,5.700000,13.000000,-164.500000,1.200000
2026-05-19-14-59-44,-12.710000,2.170000,-2.800000,7.200000,9.200000,-161.800003,1.200000
2026-05-19-14-59-44,-12.680000,2.150000,-2.950000,-8.000000,5.400000,-158.100006,1.200000
2026-05-19-14-59-45,-12.670000,2.170000,-3.140000,-9.700000,5.800000,-154.300003,1.200000
2026-05-19-14-59-45,-12.650000,2.220000,-3.360000,-9.300000,8.000000,-150.300003,1.200000
2026-05-19-14-59-46,-12.660000,2.260000,-3.560000,-8.100000,11.400000,-146.800003,1.200000
2026-05-19-14-59-46,-12.630000,2.320000,-3.770000,-5.200000,15.000000,-143.500000,1.200000
2026-05-19-14-59-46,-12.600000,2.370000,-3.980000,-2.100000,18.000000,-141.000000,1.200000
2026-05-19-14-59-47,-12.550000,2.420000,-4.190000,2.700000,22.400000,-137.899994,1.200000
2026-05-19-14-59-47,-12.460000,2.460000,-4.390000,7.500000,26.400000,-135.000000,1.200000
2026-05-19-14-59-47,-12.360000,2.500000,-4.580000,11.800000,30.400000,-131.500000,1.200000
2026-05-19-14-59-48,-12.240000,2.540000,-4.770000,14.500000,32.599998,-127.800003,1.200000
2026-05-19-14-59-48,-12.110000,2.590000,-4.950000,14.900000,33.900002,-124.699997,1.200000
2026-05-19-14-59-49,-11.980000,2.650000,-5.130000,13.600000,34.500000,-122.000000,1.200000
2026-05-19-14-59-49,-11.860000,2.730000,-5.300000,10.700000,34.299999,-119.400002,1.200000
2026-05-19-14-59-49,-11.750000,2.830000,-5.480000,6.800000,34.200001,-116.500000,1.200000
2026-05-19-14-59-50,-11.680000,2.950000,-5.660000,3.200000,33.799999,-114.099998,1.200000
2026-05-19-14-59-50,-11.600000,3.120000,-5.830000,2.600000,11.300000,-115.300003,1.200000
2026-05-19-14-59-50,-11.570000,3.230000,-5.890000,1.000000,-0.000000,-115.699997,1.200000
2026-05-19-14-59-51,-11.550000,3.360000,-5.900000,-3.400000,-6.300000,-115.400002,1.200000
2026-05-19-14-59-51,-11.550000,3.430000,-5.890000,-3.800000,-6.000000,-115.099998,1.200000
2026-05-19-14-59-51,-11.560000,3.460000,-5.860000,-2.800000,-4.300000,-114.300003,1.200000
2026-05-19-14-59-52,-11.490000,3.570000,-5.890000,-5.800000,6.000000,-111.199997,1.200000
2026-05-19-14-59-52,-11.520000,3.670000,-5.970000,6.800000,0.500000,-106.699997,1.200000
2026-05-19-14-59-52,-11.520000,3.760000,-5.960000,8.500000,-4.500000,-104.099998,1.200000
2026-05-19-14-59-53,-11.530000,3.830000,-5.920000,5.800000,-3.200000,-101.400002,1.200000
2026-05-19-14-59-53,-11.520000,3.870000,-5.910000,3.000000,-1.300000,-98.900002,1.200000
2026-05-19-14-59-54,-11.530000,3.920000,-5.900000,2.100000,0.300000,-96.300003,1.200000
2026-05-19-14-59-54,-11.520000,3.960000,-5.920000,2.500000,1.000000,-95.000000,1.200000
2026-05-19-14-59-54,-11.490000,4.000000,-5.970000,4.100000,1.500000,-92.599998,1.200000
2026-05-19-14-59-55,-11.470000,4.080000,-6.060000,8.800000,-4.100000,-90.599998,1.200000
2026-05-19-14-59-55,-11.520000,4.150000,-6.030000,7.000000,-4.500000,-88.800003,1.200000
2026-05-19-14-59-55,-11.530000,4.180000,-5.960000,6.800000,-2.400000,-86.699997,1.200000
2026-05-19-14-59-56,-11.510000,4.230000,-5.940000,5.600000,-2.900000,-85.900002,1.200000
2026-05-19-14-59-56,-11.500000,4.290000,-5.930000,3.900000,-3.400000,-86.199997,1.200000
2026-05-19-14-59-57,-11.490000,4.320000,-5.940000,3.600000,-2.400000,-87.099998,1.200000
2026-05-19-14-59-57,-11.480000,4.360000,-6.000000,4.200000,-4.000000,-87.599998,1.200000
2026-05-19-14-59-57,-11.440000,4.410000,-6.070000,8.800000,-0.700000,-85.400002,1.200000
2026-05-19-14-59-58,-11.430000,4.450000,-6.010000,8.900000,-0.000000,-85.599998,1.200000
2026-05-19-14-59-58,-11.420000,4.500000,-5.960000,7.700000,-2.500000,-86.900002,1.200000
2026-05-19-14-59-59,-11.420000,4.540000,-5.930000,6.000000,-4.100000,-88.599998,1.200000
2026-05-19-14-59-59,-11.400000,4.570000,-5.940000,4.900000,-6.500000,-91.900002,1.200000
2026-05-19-14-59-59,-11.380000,4.600000,-5.950000,5.400000,-5.300000,-94.099998,1.200000
2026-05-19-15-00-00,-11.360000,4.660000,-5.980000,6.300000,-5.800000,-97.400002,1.200000
2026-05-19-15-00-00,-11.320000,4.720000,-5.990000,7.000000,-2.800000,-100.099998,1.200000
2026-05-19-15-00-01,-11.310000,4.750000,-5.980000,7.500000,2.600000,-103.400002,1.200000
2026-05-19-15-00-01,-11.290000,4.790000,-5.960000,7.900000,3.100000,-107.000000,1.200000
2026-05-19-15-00-01,-11.270000,4.820000,-5.950000,7.800000,2.500000,-108.599998,1.200000
2026-05-19-15-00-01,-11.250000,4.870000,-5.960000,7.600000,1.500000,-111.199997,1.200000
2026-05-19-15-00-02,-11.240000,4.880000,-5.970000,7.100000,-0.200000,-115.000000,1.200000
2026-05-19-15-00-02,-11.230000,4.910000,-6.010000,5.800000,0.400000,-116.300003,1.200000
2026-05-19-15-00-02,-11.200000,4.970000,-6.050000,9.600000,5.500000,-115.300003,1.200000
2026-05-19-15-00-03,-11.200000,5.040000,-5.980000,12.500000,3.300000,-115.000000,1.200000
2026-05-19-15-00-03,-11.190000,5.070000,-5.920000,11.200000,1.000000,-116.599998,1.200000
2026-05-19-15-00-04,-11.170000,5.110000,-5.900000,8.600000,-3.000000,-117.500000,1.200000
2026-05-19-15-00-04,-11.150000,5.140000,-5.910000,5.800000,-5.200000,-119.300003,1.200000
2026-05-19-15-00-04,-11.130000,5.200000,-5.920000,5.900000,-6.700000,-119.800003,1.200000
2026-05-19-15-00-05,-11.120000,5.240000,-5.940000,7.200000,-4.900000,-120.800003,1.200000
2026-05-19-15-00-05,-11.090000,5.270000,-5.960000,8.100000,-0.200000,-120.300003,1.200000
2026-05-19-15-00-06,-11.060000,5.320000,-5.970000,9.300000,2.500000,-119.900002,1.200000
2026-05-19-15-00-06,-11.040000,5.360000,-5.950000,8.900000,4.500000,-120.099998,1.200000
2026-05-19-15-00-06,-11.020000,5.410000,-5.940000,8.200000,2.500000,-120.800003,1.200000
2026-05-19-15-00-07,-11.000000,5.460000,-5.950000,7.900000,0.200000,-122.000000,1.200000
2026-05-19-15-00-07,-10.980000,5.500000,-5.950000,7.800000,0.000000,-121.699997,1.200000
2026-05-19-15-00-07,-10.970000,5.540000,-5.960000,8.100000,1.700000,-122.599998,1.200000
2026-05-19-15-00-08,-10.950000,5.590000,-5.950000,8.300000,1.900000,-122.500000,1.200000
2026-05-19-15-00-08,-10.930000,5.630000,-5.940000,8.500000,2.200000,-122.300003,1.200000
2026-05-19-15-00-09,-10.920000,5.670000,-5.940000,8.600000,1.700000,-122.900002,1.200000
2026-05-19-15-00-09,-10.890000,5.720000,-5.960000,8.300000,0.800000,-122.800003,1.200000
2026-05-19-15-00-09,-10.860000,5.770000,-5.960000,8.100000,1.500000,-123.000000,1.200000
2026-05-19-15-00-10,-10.840000,5.830000,-5.950000,8.000000,1.300000,-123.300003,1.200000
2026-05-19-15-00-10,-10.840000,5.860000,-5.920000,6.800000,10.500000,-120.900002,1.200000
2026-05-19-15-00-11,-10.880000,5.820000,-5.870000,7.500000,40.400002,-117.599998,1.200000
2026-05-19-15-00-11,-10.880000,5.870000,-5.840000,9.700000,33.900002,-118.900002,1.200000
2026-05-19-15-00-11,-10.860000,5.910000,-5.830000,10.200000,28.000000,-119.800003,1.200000
2026-05-19-15-00-11,-10.810000,5.960000,-5.840000,10.100000,20.000000,-121.199997,1.200000
2026-05-19-15-00-12,-10.800000,5.990000,-5.870000,9.200000,5.500000,-123.099998,1.200000
2026-05-19-15-00-12,-10.780000,6.030000,-5.930000,8.500000,-22.600000,-126.500000,1.200000
2026-05-19-15-00-12,-10.730000,6.110000,-6.030000,12.900000,-57.400002,-131.399994,1.200000
2026-05-19-15-00-13,-10.730000,6.270000,-6.010000,21.600000,-74.099998,-137.600006,1.200000
2026-05-19-15-00-13,-10.760000,6.420000,-5.930000,19.000000,-71.599998,-132.100006,1.200000
2026-05-19-15-00-13,-10.720000,6.270000,-6.010000,15.400000,-61.700001,-124.800003,1.200000
2026-05-19-15-00-14,-10.720000,6.280000,-5.970000,13.200000,-48.700001,-119.500000,1.200000
2026-05-19-15-00-14,-10.700000,6.340000,-5.950000,11.400000,-25.900000,-113.400002,1.200000
2026-05-19-15-00-15,-10.660000,6.420000,-6.060000,7.800000,2.500000,-105.599998,1.200000
2026-05-19-15-00-15,-10.650000,6.450000,-6.110000,8.600000,1.200000,-104.000000,1.200000
2026-05-19-15-00-16,-10.640000,6.480000,-6.040000,8.300000,2.300000,-103.000000,1.200000
2026-05-19-15-00-16,-10.640000,6.540000,-6.010000,7.000000,-2.400000,-103.199997,1.200000
2026-05-19-15-00-16,-10.600000,6.560000,-6.030000,-6.300000,1.200000,-101.800003,1.200000
2026-05-19-15-00-17,-10.650000,6.590000,-6.090000,12.900000,2.600000,-99.500000,1.200000
2026-05-19-15-00-17,-10.660000,6.650000,-6.080000,17.400000,-1.500000,-98.699997,1.200000
2026-05-19-15-00-17,-10.690000,6.660000,-6.020000,20.400000,-1.100000,-97.900002,1.200000
2026-05-19-15-00-18,-10.680000,6.700000,-6.010000,14.800000,-3.900000,-97.599998,1.200000
2026-05-19-15-00-18,-10.670000,6.740000,-6.000000,6.500000,-5.600000,-97.500000,1.200000
2026-05-19-15-00-19,-10.660000,6.770000,-6.020000,2.400000,-6.200000,-97.400002,1.200000
2026-05-19-15-00-19,-10.710000,6.800000,-6.130000,10.300000,-1.200000,-94.900002,1.200000
2026-05-19-15-00-19,-10.730000,6.790000,-6.080000,12.900000,4.100000,-92.500000,1.200000
2026-05-19-15-00-20,-10.740000,6.810000,-6.030000,13.800000,0.700000,-92.900002,1.200000
2026-05-19-15-00-20,-10.750000,6.830000,-6.010000,12.100000,-3.300000,-93.099998,1.200000
2026-05-19-15-00-20,-10.750000,6.860000,-6.020000,8.300000,-7.900000,-93.599998,1.200000
2026-05-19-15-00-21,-10.740000,6.900000,-6.050000,6.300000,-11.700000,-94.099998,1.200000
2026-05-19-15-00-21,-10.750000,6.930000,-6.040000,6.200000,-11.000000,-94.400002,1.200000
2026-05-19-15-00-21,-10.750000,6.950000,-6.050000,6.600000,-7.900000,-94.599998,1.200000
2026-05-19-15-00-22,-10.760000,6.980000,-6.060000,7.200000,-4.900000,-94.400002,1.200000
2026-05-19-15-00-22,-10.760000,7.010000,-6.060000,8.200000,-2.000000,-94.099998,1.200000
2026-05-19-15-00-22,-10.770000,7.010000,-6.050000,8.600000,1.400000,-94.599998,1.200000
2026-05-19-15-00-22,-10.750000,7.030000,-6.050000,8.100000,2.600000,-95.300003,1.200000
2026-05-19-15-00-23,-10.760000,7.050000,-6.050000,7.900000,-0.800000,-96.800003,1.200000
2026-05-19-15-00-23,-10.790000,7.060000,-6.060000,7.900000,-5.100000,-90.400002,1.200000
2026-05-19-15-00-24,-10.800000,7.080000,-6.080000,2.500000,-14.200000,-70.300003,1.200000
2026-05-19-15-00-24,-10.820000,7.080000,-6.080000,3.600000,-11.700000,-62.000000,1.200000
2026-05-19-15-00-24,-10.830000,7.090000,-6.070000,5.500000,-6.800000,-55.900002,1.200000
2026-05-19-15-00-25,-10.860000,7.110000,-6.080000,3.500000,-14.000000,-34.500000,1.200000
2026-05-19-15-00-25,-10.870000,7.080000,-6.060000,2.700000,-12.600000,-21.100000,1.200000
2026-05-19-15-00-26,-10.850000,7.080000,-6.060000,3.700000,-7.300000,-14.400000,1.200000
2026-05-19-15-00-26,-10.820000,7.160000,-6.040000,8.400000,-4.100000,-35.500000,1.200000
2026-05-19-15-00-27,-10.810000,7.190000,-6.050000,8.500000,-4.600000,-45.000000,1.200000
2026-05-19-15-00-27,-10.810000,7.220000,-6.050000,7.000000,-7.400000,-52.900002,1.200000
2026-05-19-15-00-27,-10.790000,7.230000,-6.060000,5.900000,-6.400000,-58.700001,1.200000
2026-05-19-15-00-28,-10.770000,7.250000,-6.060000,5.100000,-3.000000,-63.500000,1.200000
2026-05-19-15-00-28,-10.770000,7.280000,-6.040000,5.200000,-3.100000,-68.099998,1.200000
2026-05-19-15-00-29,-10.770000,7.290000,-6.030000,6.300000,-2.000000,-71.699997,1.200000
2026-05-19-15-00-29,-10.780000,7.300000,-6.040000,7.700000,-2.700000,-76.199997,1.200000
2026-05-19-15-00-29,-10.760000,7.340000,-6.070000,7.700000,-3.300000,-79.199997,1.200000
2026-05-19-15-00-30,-10.750000,7.360000,-6.060000,7.300000,-2.300000,-83.000000,1.200000
2026-05-19-15-00-30,-10.740000,7.380000,-6.060000,7.100000,-1.900000,-85.500000,1.200000
2026-05-19-15-00-30,-10.740000,7.400000,-6.080000,6.200000,-0.900000,-86.599998,1.200000
2026-05-19-15-00-31,-10.760000,7.440000,-6.110000,6.700000,1.700000,-85.699997,1.200000
2026-05-19-15-00-31,-10.770000,7.480000,-6.030000,6.800000,-1.400000,-85.800003,1.200000
2026-05-19-15-00-31,-10.780000,7.480000,-6.000000,7.500000,-3.100000,-86.000000,1.200000
2026-05-19-15-00-32,-10.820000,7.580000,-6.010000,10.400000,-3.100000,-86.000000,1.200000
2026-05-19-15-00-32,-10.860000,7.640000,-6.030000,13.300000,-0.600000,-85.199997,1.200000
2026-05-19-15-00-32,-10.760000,7.640000,-6.010000,12.700000,0.800000,-83.900002,1.200000
2026-05-19-15-00-32,-10.720000,7.670000,-5.950000,11.500000,0.700000,-82.900002,1.200000
2026-05-19-15-00-33,-10.720000,7.670000,-5.890000,14.600000,-0.600000,-81.500000,1.200000
2026-05-19-15-00-33,-10.690000,7.700000,-5.880000,12.700000,-3.500000,-81.000000,1.200000
2026-05-19-15-00-34,-10.660000,7.720000,-5.960000,9.600000,-4.600000,-78.300003,1.200000
2026-05-19-15-00-34,-10.630000,7.720000,-5.930000,7.700000,-1.500000,-76.099998,1.200000
2026-05-19-15-00-35,-10.620000,7.740000,-5.880000,13.200000,-4.400000,-73.099998,1.200000
2026-05-19-15-00-35,-10.580000,7.750000,-5.940000,3.700000,1.500000,-69.199997,1.200000
2026-05-19-15-00-35,-10.560000,7.780000,-5.910000,0.000000,-0.700000,-67.699997,1.200000
2026-05-19-15-00-36,-10.560000,7.800000,-5.850000,2.400000,-4.000000,-65.900002,1.200000
2026-05-19-15-00-36,-10.530000,7.820000,-5.820000,6.600000,-7.900000,-66.699997,1.200000
2026-05-19-15-00-37,-10.520000,7.830000,-5.810000,9.400000,-10.800000,-65.900002,1.200000
2026-05-19-15-00-37,-10.510000,7.840000,-5.830000,10.000000,-12.000000,-66.400002,1.200000
2026-05-19-15-00-37,-10.510000,7.870000,-5.850000,9.000000,-10.600000,-65.900002,1.200000
2026-05-19-15-00-38,-10.480000,7.900000,-5.870000,7.500000,-5.200000,-64.699997,1.200000
2026-05-19-15-00-38,-10.450000,7.920000,-5.870000,6.800000,0.300000,-64.900002,1.200000
2026-05-19-15-00-39,-10.450000,7.950000,-5.850000,7.800000,-1.200000,-64.000000,1.200000
2026-05-19-15-00-39,-10.480000,7.950000,-5.860000,5.700000,-12.700000,-42.200001,1.200000
2026-05-19-15-00-39,-10.470000,7.920000,-5.850000,3.200000,-15.600000,-26.000000,1.200000
2026-05-19-15-00-40,-10.460000,7.930000,-5.860000,1.600000,-13.100000,-17.900000,1.200000
2026-05-19-15-00-40,-10.460000,7.950000,-5.850000,1.800000,-9.400000,-14.800000,1.200000
2026-05-19-15-00-40,-10.460000,7.930000,-5.840000,3.300000,-4.500000,-12.100000,1.200000
2026-05-19-15-00-41,-10.450000,7.950000,-5.850000,3.900000,-3.900000,-11.300000,1.200000
2026-05-19-15-00-41,-10.440000,7.970000,-5.860000,4.200000,-4.800000,-10.900000,1.200000
2026-05-19-15-00-41,-10.430000,8.010000,-5.870000,3.800000,-6.300000,-11.600000,1.200000
2026-05-19-15-00-42,-10.440000,8.030000,-5.860000,2.900000,-7.400000,-12.800000,1.200000
2026-05-19-15-00-42,-10.420000,8.040000,-5.860000,2.800000,-6.700000,-12.900000,1.200000
2026-05-19-15-00-42,-10.410000,8.050000,-5.850000,2.300000,-3.900000,-15.000000,1.200000
2026-05-19-15-00-43,-10.400000,8.080000,-5.830000,2.300000,-3.300000,-16.400000,1.200000
2026-05-19-15-00-43,-10.410000,8.100000,-5.830000,3.200000,-3.200000,-17.299999,1.200000
2026-05-19-15-00-43,-10.410000,8.130000,-5.830000,3.900000,-3.700000,-17.900000,1.200000
2026-05-19-15-00-43,-10.410000,8.180000,-5.820000,4.100000,-4.600000,-20.799999,1.200000
2026-05-19-15-00-44,-10.390000,8.200000,-5.820000,4.500000,-4.000000,-23.700001,1.200000
2026-05-19-15-00-44,-10.390000,8.200000,-5.830000,4.600000,-4.200000,-24.700001,1.200000
2026-05-19-15-00-44,-10.390000,8.240000,-5.840000,3.900000,-3.800000,-27.600000,1.200000
2026-05-19-15-00-45,-10.380000,8.280000,-5.830000,3.200000,-2.800000,-30.500000,1.200000
2026-05-19-15-00-45,-10.390000,8.300000,-5.770000,4.700000,-3.700000,-32.099998,1.200000
2026-05-19-15-00-45,-10.390000,8.320000,-5.650000,5.400000,-5.600000,-32.799999,1.200000
2026-05-19-15-00-46,-10.410000,8.300000,-5.540000,7.400000,-8.500000,-33.000000,1.200000
2026-05-19-15-00-46,-10.460000,8.290000,-5.400000,8.900000,-12.500000,-33.700001,1.200000
2026-05-19-15-00-47,-10.500000,8.290000,-5.260000,9.300000,-16.000000,-35.000000,1.200000
2026-05-19-15-00-47,-10.560000,8.270000,-5.120000,10.000000,-18.600000,-36.299999,1.200000
2026-05-19-15-00-47,-10.620000,8.250000,-4.990000,10.800000,-20.700001,-37.700001,1.200000
2026-05-19-15-00-48,-10.690000,8.240000,-4.840000,10.800000,-22.500000,-38.900002,1.200000
2026-05-19-15-00-48,-10.760000,8.240000,-4.760000,8.900000,-22.799999,-39.900002,1.200000
2026-05-19-15-00-49,-10.800000,8.230000,-4.720000,7.700000,-21.900000,-42.599998,1.200000
2026-05-19-15-00-49,-10.830000,8.230000,-4.700000,8.500000,-21.000000,-47.000000,1.200000
2026-05-19-15-00-49,-10.860000,8.230000,-4.700000,10.600000,-19.600000,-51.900002,1.200000
2026-05-19-15-00-50,-10.890000,8.240000,-4.690000,9.900000,-17.700001,-56.500000,1.200000
2026-05-19-15-00-50,-10.920000,8.260000,-4.640000,8.600000,-17.200001,-59.900002,1.200000
2026-05-19-15-00-50,-10.940000,8.270000,-4.630000,7.400000,-16.700001,-61.500000,1.200000
2026-05-19-15-00-51,-10.960000,8.290000,-4.630000,5.400000,-14.700000,-64.599998,1.200000
2026-05-19-15-00-51,-10.990000,8.320000,-4.640000,5.400000,-11.700000,-68.000000,1.200000
2026-05-19-15-00-51,-11.000000,8.340000,-4.660000,6.500000,-9.300000,-70.900002,1.200000
2026-05-19-15-00-52,-11.010000,8.360000,-4.680000,6.900000,-8.700000,-71.800003,1.200000
2026-05-19-15-00-52,-11.040000,8.380000,-4.700000,7.800000,-7.500000,-73.599998,1.200000
2026-05-19-15-00-52,-10.990000,8.380000,-4.730000,8.800000,-6.400000,-75.800003,1.200000
2026-05-19-15-00-53,-10.990000,8.400000,-4.780000,9.000000,-5.300000,-78.000000,1.200000
2026-05-19-15-00-53,-10.970000,8.430000,-4.810000,7.900000,-4.700000,-79.900002,1.200000
2026-05-19-15-00-53,-10.980000,8.460000,-4.750000,8.000000,-4.400000,-81.400002,1.200000
2026-05-19-15-00-54,-10.990000,8.490000,-4.660000,8.700000,-6.500000,-82.599998,1.200000
2026-05-19-15-00-54,-11.020000,8.520000,-4.530000,9.400000,-9.300000,-83.599998,1.200000
2026-05-19-15-00-55,-11.070000,8.590000,-4.290000,12.000000,-16.900000,-86.900002,1.200000
2026-05-19-15-00-55,-11.100000,8.640000,-4.160000,12.700000,-19.500000,-87.699997,1.200000
2026-05-19-15-00-56,-11.140000,8.690000,-4.080000,12.100000,-20.500000,-87.800003,1.200000
2026-05-19-15-00-56,-11.180000,8.740000,-4.030000,10.400000,-19.299999,-87.000000,1.200000
2026-05-19-15-00-56,-11.210000,8.780000,-4.000000,10.000000,-17.600000,-86.500000,1.200000
2026-05-19-15-00-57,-11.250000,8.830000,-3.990000,9.300000,-16.299999,-86.900002,1.200000
2026-05-19-15-00-57,-11.280000,8.870000,-4.000000,8.400000,-15.300000,-88.000000,1.200000
2026-05-19-15-00-58,-11.300000,8.920000,-4.020000,7.800000,-13.800000,-89.800003,1.200000
2026-05-19-15-00-58,-11.320000,8.960000,-4.050000,7.900000,-11.700000,-91.900002,1.200000
2026-05-19-15-00-58,-11.320000,9.000000,-4.080000,8.300000,-9.600000,-93.599998,1.200000
2026-05-19-15-00-59,-11.320000,9.030000,-4.130000,9.100000,-7.900000,-94.699997,1.200000
2026-05-19-15-00-59,-11.320000,9.060000,-4.180000,9.700000,-6.800000,-95.199997,1.200000
2026-05-19-15-00-59,-11.310000,9.090000,-4.230000,9.800000,-6.200000,-95.400002,1.200000
2026-05-19-15-01-00,-11.300000,9.120000,-4.290000,9.400000,-5.800000,-95.199997,1.200000
2026-05-19-15-01-00,-11.290000,9.150000,-4.350000,8.900000,-5.600000,-94.800003,1.200000
2026-05-19-15-01-01,-11.280000,9.170000,-4.410000,8.700000,-5.200000,-94.199997,1.200000
2026-05-19-15-01-01,-11.260000,9.190000,-4.480000,8.700000,-4.700000,-93.300003,1.200000
2026-05-19-15-01-01,-11.250000,9.210000,-4.540000,8.800000,-4.400000,-92.099998,1.200000
2026-05-19-15-01-02,-11.230000,9.230000,-4.600000,8.900000,-4.200000,-91.500000,1.200000
2026-05-19-15-01-02,-11.210000,9.250000,-4.650000,8.900000,-3.800000,-90.400002,1.200000
2026-05-19-15-01-02,-11.220000,9.260000,-4.720000,8.900000,-3.400000,-89.099998,1.200000
2026-05-19-15-01-03,-11.200000,9.280000,-4.800000,8.800000,-2.900000,-87.800003,1.200000
2026-05-19-15-01-03,-11.190000,9.300000,-4.870000,8.600000,-2.600000,-86.599998,1.200000
2026-05-19-15-01-04,-11.170000,9.320000,-4.940000,8.400000,-2.700000,-85.500000,1.200000
2026-05-19-15-01-04,-11.150000,9.350000,-5.020000,8.200000,-2.600000,-84.500000,1.200000
2026-05-19-15-01-04,-11.140000,9.370000,-5.100000,8.000000,-2.500000,-83.400002,1.200000
2026-05-19-15-01-05,-11.120000,9.390000,-5.180000,7.900000,-2.400000,-82.400002,1.200000
2026-05-19-15-01-05,-11.110000,9.420000,-5.260000,7.700000,-2.300000,-81.400002,1.200000
2026-05-19-15-01-05,-11.100000,9.450000,-5.340000,7.300000,-2.800000,-80.300003,1.200000
2026-05-19-15-01-06,-11.090000,9.460000,-5.500000,6.700000,-0.400000,-76.699997,1.200000
2026-05-19-15-01-06,-11.080000,9.450000,-5.690000,5.900000,2.800000,-73.300003,1.200000
2026-05-19-15-01-07,-11.060000,9.460000,-5.870000,5.200000,0.000000,-70.500000,1.200000
2026-05-19-15-01-07,-11.080000,9.490000,-5.900000,5.400000,-4.400000,-69.099998,1.200000
2026-05-19-15-01-07,-11.110000,9.490000,-5.850000,4.500000,-3.700000,-66.800003,1.200000
2026-05-19-15-01-08,-11.120000,9.490000,-5.830000,3.000000,-3.600000,-65.400002,1.200000
2026-05-19-15-01-08,-11.130000,9.520000,-5.820000,3.500000,-4.600000,-64.599998,1.200000
2026-05-19-15-01-09,-11.140000,9.530000,-5.820000,6.100000,-4.500000,-64.099998,1.200000
2026-05-19-15-01-09,-11.150000,9.540000,-5.820000,8.300000,-3.600000,-63.900002,1.200000
2026-05-19-15-01-09,-11.170000,9.570000,-5.820000,9.100000,-4.500000,-63.400002,1.200000
2026-05-19-15-01-10,-11.190000,9.580000,-5.810000,9.100000,-3.800000,-63.799999,1.200000
2026-05-19-15-01-10,-11.220000,9.600000,-5.750000,8.800000,-5.900000,-63.400002,1.200000
2026-05-19-15-01-10,-11.240000,9.620000,-5.730000,7.500000,-8.700000,-62.900002,1.200000
2026-05-19-15-01-11,-11.250000,9.640000,-5.710000,5.600000,-9.600000,-61.700001,1.200000
2026-05-19-15-01-11,-11.270000,9.660000,-5.740000,5.200000,-11.400000,-61.700001,1.200000
2026-05-19-15-01-12,-11.270000,9.670000,-5.790000,5.300000,-11.100000,-60.200001,1.200000
2026-05-19-15-01-12,-11.270000,9.670000,-5.900000,5.100000,-8.200000,-57.900002,1.200000
2026-05-19-15-01-12,-11.320000,9.770000,-5.960000,5.900000,1.300000,-54.200001,1.200000
2026-05-19-15-01-13,-11.390000,9.850000,-5.940000,4.500000,-4.100000,-52.400002,1.200000
2026-05-19-15-01-13,-11.390000,9.840000,-5.880000,4.000000,-3.800000,-50.500000,1.200000
2026-05-19-15-01-13,-11.410000,9.860000,-5.880000,4.700000,-8.500000,-49.799999,1.200000
2026-05-19-15-01-14,-11.400000,9.880000,-5.850000,2.600000,-14.600000,-50.000000,1.200000
2026-05-19-15-01-14,-11.420000,9.900000,-5.760000,2.800000,-19.500000,-50.500000,1.200000
2026-05-19-15-01-15,-11.460000,9.930000,-5.640000,5.000000,-23.600000,-50.700001,1.200000
2026-05-19-15-01-15,-11.530000,9.980000,-5.520000,6.200000,-27.200001,-50.599998,1.200000
2026-05-19-15-01-15,-11.590000,10.050000,-5.390000,6.900000,-31.299999,-50.500000,1.200000
2026-05-19-15-01-16,-11.670000,10.110000,-5.270000,7.000000,-33.799999,-51.099998,1.200000
2026-05-19-15-01-16,-11.740000,10.190000,-5.140000,6.900000,-34.799999,-51.900002,1.200000
2026-05-19-15-01-16,-11.810000,10.250000,-5.070000,5.700000,-33.900002,-52.799999,1.200000
2026-05-19-15-01-17,-11.860000,10.300000,-5.040000,5.200000,-31.200001,-54.099998,1.200000
2026-05-19-15-01-17,-11.880000,10.320000,-5.030000,5.700000,-30.000000,-54.900002,1.200000
2026-05-19-15-01-17,-11.930000,10.360000,-5.030000,7.300000,-27.799999,-56.900002,1.200000
2026-05-19-15-01-18,-11.990000,10.430000,-5.000000,8.500000,-25.200001,-59.099998,1.200000
2026-05-19-15-01-18,-12.060000,10.480000,-4.930000,10.300000,-25.900000,-61.099998,1.200000
2026-05-19-15-01-19,-12.140000,10.540000,-4.830000,11.500000,-27.900000,-62.500000,1.200000
2026-05-19-15-01-19,-12.240000,10.600000,-4.730000,11.900000,-28.400000,-63.099998,1.200000
2026-05-19-15-01-19,-12.330000,10.650000,-4.610000,12.000000,-28.600000,-63.400002,1.200000
2026-05-19-15-01-20,-12.390000,10.700000,-4.540000,10.000000,-26.200001,-62.799999,1.200000
2026-05-19-15-01-20,-12.450000,10.720000,-4.490000,16.299999,-21.799999,-62.099998,1.200000
2026-05-19-15-01-21,-12.540000,10.760000,-4.430000,15.900000,-19.600000,-60.700001,1.200000
2026-05-19-15-01-21,-12.590000,10.790000,-4.400000,8.900000,-17.200001,-58.799999,1.200000
2026-05-19-15-01-21,-12.640000,10.820000,-4.400000,3.900000,-15.200000,-57.700001,1.200000
2026-05-19-15-01-22,-12.690000,10.850000,-4.410000,4.100000,-13.900000,-58.000000,1.200000
2026-05-19-15-01-22,-12.730000,10.870000,-4.420000,5.300000,-13.600000,-58.799999,1.200000
2026-05-19-15-01-22,-12.780000,10.870000,-4.430000,4.800000,-12.500000,-60.299999,1.200000
2026-05-19-15-01-23,-12.910000,11.000000,-4.230000,6.900000,-15.800000,-61.299999,1.200000
2026-05-19-15-01-23,-12.970000,11.040000,-4.110000,8.100000,-18.299999,-61.500000,1.200000
2026-05-19-15-01-24,-13.020000,11.070000,-3.960000,8.100000,-20.100000,-61.700001,1.200000
2026-05-19-15-01-24,-13.070000,11.120000,-3.830000,7.600000,-21.799999,-62.099998,1.200000
2026-05-19-15-01-25,-13.110000,11.160000,-3.680000,7.100000,-22.700001,-62.700001,1.200000
2026-05-19-15-01-25,-13.140000,11.210000,-3.540000,6.100000,-22.900000,-63.299999,1.200000
2026-05-19-15-01-25,-13.160000,11.260000,-3.470000,5.000000,-25.600000,-64.300003,1.200000
2026-05-19-15-01-26,-13.190000,11.320000,-3.390000,3.000000,-29.700001,-65.400002,1.200000
2026-05-19-15-01-26,-13.220000,11.400000,-3.260000,2.900000,-30.600000,-66.199997,1.200000
2026-05-19-15-01-26,-13.260000,11.480000,-3.130000,2.900000,-32.000000,-66.199997,1.200000
2026-05-19-15-01-28,-13.330000,11.740000,-2.880000,5.800000,-33.799999,-63.700001,1.200000
2026-05-19-15-01-28,-13.360000,11.830000,-2.770000,2.300000,-34.200001,-62.799999,1.200000
2026-05-19-15-01-28,-13.370000,11.890000,-2.710000,-0.100000,-30.900000,-62.500000,1.200000
2026-05-19-15-01-29,-13.390000,11.960000,-2.650000,-5.900000,-23.100000,-62.799999,1.200000
2026-05-19-15-01-29,-13.410000,12.040000,-2.540000,-6.100000,-22.700001,-62.599998,1.200000
2026-05-19-15-01-30,-13.410000,12.110000,-2.440000,-3.200000,-22.799999,-62.700001,1.200000
2026-05-19-15-01-30,-13.400000,12.160000,-2.390000,0.700000,-21.299999,-62.700001,1.200000
2026-05-19-15-01-30,-13.400000,12.200000,-2.360000,2.700000,-19.400000,-62.500000,1.200000
2026-05-19-15-01-31,-13.400000,12.260000,-2.270000,3.700000,-19.000000,-61.900002,1.200000
2026-05-19-15-01-31,-13.430000,12.330000,-2.150000,3.900000,-20.600000,-61.099998,1.200000
2026-05-19-15-01-31,-13.440000,12.370000,-2.060000,3.400000,-21.200001,-59.900002,1.200000
2026-05-19-15-01-32,-13.460000,12.400000,-1.980000,5.600000,-17.299999,-58.400002,1.200000
2026-05-19-15-01-32,-13.460000,12.430000,-1.940000,6.200000,-16.600000,-58.099998,1.200000
2026-05-19-15-01-32,-13.480000,12.410000,-1.890000,6.800000,-17.500000,-57.700001,1.200000
2026-05-19-15-01-33,-13.500000,12.440000,-1.830000,7.300000,-19.799999,-57.400002,1.200000
2026-05-19-15-01-33,-13.540000,12.480000,-1.680000,8.100000,-21.900000,-57.099998,1.200000
2026-05-19-15-01-33,-13.590000,12.500000,-1.520000,8.600000,-24.500000,-56.799999,1.200000
2026-05-19-15-01-34,-13.640000,12.530000,-1.410000,8.100000,-25.000000,-55.799999,1.200000
2026-05-19-15-01-34,-13.670000,12.530000,-1.340000,6.700000,-23.799999,-54.099998,1.200000
2026-05-19-15-01-35,-13.720000,12.550000,-1.260000,5.900000,-27.700001,-53.099998,1.200000
2026-05-19-15-01-35,-13.790000,12.580000,-1.120000,8.100000,-28.100000,-52.299999,1.200000
2026-05-19-15-01-35,-13.820000,12.590000,-1.050000,8.500000,-27.500000,-51.799999,1.200000
2026-05-19-15-01-35,-13.840000,12.590000,-1.030000,3.600000,-28.000000,-50.599998,1.200000
2026-05-19-15-01-36,-13.860000,12.600000,-1.040000,-2.600000,-45.599998,-48.200001,1.200000
2026-05-19-15-01-36,-13.860000,12.560000,-1.060000,-3.300000,-78.000000,-43.900002,1.200000
2026-05-19-15-01-36,-13.850000,12.460000,-0.970000,168.800003,-80.099998,149.899994,1.200000
2026-05-19-15-01-37,-13.890000,12.360000,-0.720000,105.800003,-85.500000,-142.500000,1.200000
2026-05-19-15-01-37,-13.920000,12.300000,-0.530000,45.299999,-82.400002,-80.199997,1.200000
2026-05-19-15-01-37,-13.960000,12.200000,-0.300000,21.000000,-70.199997,-53.099998,1.300000
2026-05-19-15-01-37,-13.980000,12.520000,-0.690000,10.900000,-43.000000,-37.700001,1.200000
2026-05-19-15-01-38,-13.980000,12.540000,-0.630000,8.500000,-25.700001,-31.600000,1.200000
2026-05-19-15-01-38,-13.980000,12.550000,-0.600000,7.700000,-18.900000,-29.200001,1.200000
2026-05-19-15-01-38,-13.980000,12.560000,-0.580000,7.000000,-14.700000,-27.500000,1.200000
2026-05-19-15-01-38,-13.980000,12.560000,-0.560000,6.100000,-12.100000,-26.100000,1.200000
2026-05-19-15-01-39,-13.970000,12.570000,-0.540000,5.200000,-10.500000,-25.100000,1.200000
2026-05-19-15-01-39,-13.930000,12.550000,-0.510000,6.600000,-7.700000,-23.799999,1.200000
2026-05-19-15-01-39,-13.860000,12.510000,-0.480000,8.500000,-4.800000,-22.900000,1.200000
2026-05-19-15-01-39,-13.780000,12.470000,-0.450000,10.100000,-2.800000,-21.700001,1.200000
2026-05-19-15-01-40,-13.700000,12.420000,-0.430000,10.900000,-2.100000,-20.500000,1.200000
2026-05-19-15-01-40,-13.600000,12.360000,-0.420000,11.200000,-2.600000,-19.799999,1.200000
2026-05-19-15-01-40,-13.500000,12.300000,-0.400000,10.700000,-3.600000,-19.000000,1.200000
2026-05-19-15-01-40,-13.400000,12.240000,-0.400000,9.500000,-5.100000,-18.299999,1.200000
2026-05-19-15-01-40,-13.300000,12.180000,-0.380000,8.100000,-6.800000,-17.700001,1.200000
2026-05-19-15-01-41,-13.200000,12.120000,-0.370000,6.300000,-9.300000,-17.200001,1.200000
2026-05-19-15-01-41,-13.100000,12.050000,-0.360000,4.900000,-12.000000,-16.799999,1.200000
2026-05-19-15-01-41,-12.990000,12.000000,-0.340000,3.300000,-14.900000,-17.000000,1.200000
2026-05-19-15-01-41,-12.890000,11.940000,-0.310000,2.000000,-17.600000,-17.799999,1.200000
2026-05-19-15-01-42,-12.790000,11.880000,-0.270000,0.500000,-19.900000,-18.100000,1.200000
2026-05-19-15-01-42,-12.690000,11.820000,-0.230000,-0.100000,-21.400000,-18.299999,1.200000
2026-05-19-15-01-42,-12.570000,11.750000,-0.170000,0.200000,-22.799999,-18.500000,1.200000
2026-05-19-15-01-42,-12.470000,11.690000,-0.110000,0.700000,-23.400000,-18.600000,1.200000
2026-05-19-15-01-42,-12.370000,11.630000,-0.060000,0.900000,-23.600000,-18.799999,1.200000
2026-05-19-15-01-43,-12.280000,11.560000,-0.000000,1.600000,-23.799999,-19.000000,1.200000
2026-05-19-15-01-43,-12.190000,11.500000,0.040000,2.300000,-63.599998,-19.400000,1.200000
2026-05-19-15-01-43,-12.110000,11.440000,0.090000,2.800000,-23.400000,-20.000000,1.200000
2026-05-19-15-01-43,-12.030000,11.380000,0.140000,3.600000,-23.299999,-20.900000,1.200000
2026-05-19-15-01-44,-11.940000,11.320000,0.180000,4.100000,-23.100000,-21.900000,1.200000
2026-05-19-15-01-44,-11.860000,11.250000,0.230000,4.100000,-22.900000,-22.799999,1.200000
2026-05-19-15-01-44,-11.780000,11.180000,0.280000,3.900000,-22.700001,-23.600000,1.200000
2026-05-19-15-01-44,-11.700000,11.110000,0.320000,3.800000,-22.299999,-24.299999,1.200000
2026-05-19-15-01-44,-11.620000,11.050000,0.370000,3.500000,-22.100000,-24.900000,1.200000
2026-05-19-15-01-45,-11.540000,10.970000,0.420000,3.400000,-21.700001,-25.400000,1.200000
2026-05-19-15-01-45,-11.460000,10.890000,0.460000,3.300000,-21.700001,-25.799999,1.200000
2026-05-19-15-01-45,-11.390000,10.820000,0.500000,3.000000,-21.200001,-26.200001,1.200000
2026-05-19-15-01-45,-11.320000,10.740000,0.550000,2.700000,-20.600000,-26.700001,1.200000
2026-05-19-15-01-46,-11.240000,10.660000,0.590000,2.500000,-20.100000,-27.200001,1.200000
2026-05-19-15-01-46,-11.160000,10.580000,0.630000,2.400000,-19.700001,-27.700001,1.200000
2026-05-19-15-01-46,-11.100000,10.500000,0.680000,2.100000,-19.600000,-28.200001,1.200000
2026-05-19-15-01-46,-11.030000,10.420000,0.720000,1.700000,-19.400000,-28.500000,1.200000
2026-05-19-15-01-46,-10.960000,10.340000,0.760000,1.100000,-19.100000,-28.600000,1.200000
2026-05-19-15-01-47,-10.890000,10.260000,0.800000,-0.100000,-18.700001,-26.700001,1.200000
2026-05-19-15-01-47,-10.830000,10.180000,0.840000,-1.600000,-18.100000,-23.100000,1.200000
2026-05-19-15-01-47,-10.750000,10.090000,0.890000,-2.700000,-17.100000,-18.799999,1.200000
2026-05-19-15-01-47,-10.680000,10.020000,0.930000,-2.400000,-16.700001,-17.299999,1.200000
2026-05-19-15-01-47,-10.600000,9.940000,0.970000,-1.100000,-16.600000,-17.100000,1.200000
2026-05-19-15-01-48,-10.510000,9.880000,1.010000,-0.100000,-16.700001,-17.900000,1.200000
2026-05-19-15-01-48,-10.430000,9.810000,1.040000,1.700000,-16.600000,-19.000000,1.200000
2026-05-19-15-01-48,-10.350000,9.750000,1.040000,3.400000,-16.000000,-19.400000,1.200000
2026-05-19-15-01-48,-10.270000,9.690000,1.010000,4.800000,-14.800000,-19.500000,1.200000
2026-05-19-15-01-49,-10.200000,9.640000,0.990000,6.200000,-14.800000,-20.000000,1.200000
2026-05-19-15-01-49,-10.120000,9.580000,0.990000,6.900000,-16.100000,-20.600000,1.200000
2026-05-19-15-01-49,-10.050000,9.510000,0.990000,6.800000,-18.799999,-21.299999,1.200000
2026-05-19-15-01-49,-9.970000,9.450000,0.990000,8.700000,-24.500000,-22.500000,1.200000
2026-05-19-15-01-49,-9.900000,9.380000,0.970000,9.200000,-29.500000,-23.299999,1.200000
2026-05-19-15-01-50,-9.820000,9.330000,0.960000,7.400000,-30.799999,-22.600000,1.200000
2026-05-19-15-01-50,-9.760000,9.270000,0.970000,5.400000,-30.900000,-22.400000,1.200000
2026-05-19-15-01-50,-9.700000,9.200000,1.000000,3.700000,-30.600000,-22.299999,1.200000
2026-05-19-15-01-51,-9.410000,8.970000,1.020000,7.100000,-27.799999,-21.000000,1.200000
2026-05-19-15-01-51,-9.330000,8.910000,0.990000,6.000000,-26.600000,-19.500000,1.200000
2026-05-19-15-01-51,-9.250000,8.860000,0.960000,5.200000,-26.299999,-17.200001,1.200000
2026-05-19-15-01-52,-9.080000,8.750000,0.870000,5.500000,-28.100000,-14.000000,1.200000
2026-05-19-15-01-52,-8.790000,8.610000,0.720000,5.100000,-34.900002,-8.600000,1.200000
2026-05-19-15-01-53,-8.710000,8.580000,0.710000,5.100000,-36.799999,-7.600000,1.200000
2026-05-19-15-01-53,-8.630000,8.550000,0.730000,6.100000,-38.599998,-7.600000,1.200000
2026-05-19-15-01-53,-8.560000,8.510000,0.760000,7.600000,-3.000000,-8.100000,1.000000
2026-05-19-15-01-54,-8.410000,8.430000,0.830000,13.900000,-39.500000,-8.400000,1.200000
2026-05-19-15-01-54,-8.320000,8.410000,0.840000,12.800000,-36.799999,-6.100000,1.200000
2026-05-19-15-01-54,-8.040000,8.340000,0.800000,6.500000,-28.700001,0.100000,1.200000
2026-05-19-15-01-55,-7.940000,8.330000,0.770000,5.800000,-28.100000,1.400000,1.200000
2026-05-19-15-01-55,-7.850000,8.290000,0.740000,5.800000,-28.900000,2.000000,1.200000
2026-05-19-15-01-55,-7.760000,8.270000,0.750000,5.900000,-30.500000,1.500000,1.200000
2026-05-19-15-01-55,-7.670000,8.240000,0.780000,5.900000,-31.799999,0.900000,1.200000
2026-05-19-15-01-56,-7.590000,8.210000,0.810000,6.000000,-32.500000,0.200000,1.200000
2026-05-19-15-01-56,-7.500000,8.170000,0.850000,5.700000,-31.900000,-0.200000,1.200000
2026-05-19-15-01-56,-7.420000,8.130000,0.890000,9.400000,-31.900000,-1.600000,1.200000
2026-05-19-15-01-56,-7.330000,8.100000,0.910000,10.800000,-30.100000,-1.800000,1.200000
2026-05-19-15-01-56,-7.260000,8.060000,0.940000,10.700000,-27.200001,-1.700000,1.200000
2026-05-19-15-01-57,-7.170000,8.020000,0.980000,9.700000,-24.200001,-2.300000,1.200000
2026-05-19-15-01-57,-7.090000,7.980000,1.020000,9.600000,-21.700001,-8.000000,1.200000
2026-05-19-15-01-57,-7.000000,7.940000,1.040000,11.100000,-19.799999,-13.400000,1.200000
2026-05-19-15-01-57,-6.930000,7.880000,1.070000,10.500000,-18.200001,-16.900000,1.200000
2026-05-19-15-01-57,-6.850000,7.820000,1.100000,8.400000,-17.000000,-18.600000,1.200000
2026-05-19-15-01-58,-6.770000,7.750000,1.140000,6.000000,-15.700000,-20.400000,1.200000
2026-05-19-15-01-58,-6.700000,7.680000,1.170000,4.500000,-14.500000,-22.000000,1.200000
2026-05-19-15-01-58,-6.620000,7.600000,1.200000,3.700000,-14.200000,-23.200001,1.200000
2026-05-19-15-01-58,-6.550000,7.520000,1.230000,2.600000,-14.000000,-23.799999,1.200000
2026-05-19-15-01-59,-6.480000,7.450000,1.270000,1.700000,-13.500000,-24.100000,1.200000
2026-05-19-15-01-59,-6.410000,7.370000,1.300000,1.000000,-13.200000,-24.200001,1.200000
2026-05-19-15-01-59,-6.350000,7.280000,1.340000,0.900000,-12.500000,-24.299999,1.200000
2026-05-19-15-01-59,-6.290000,7.190000,1.370000,-0.900000,-12.400000,-21.200001,1.200000
2026-05-19-15-01-59,-6.230000,7.100000,1.400000,-4.600000,-14.100000,-11.900000,1.200000
2026-05-19-15-02-00,-6.170000,7.020000,1.430000,-4.900000,-13.800000,-6.900000,1.200000
2026-05-19-15-02-00,-6.110000,6.950000,1.470000,-3.700000,-12.100000,-5.100000,1.200000
2026-05-19-15-02-00,-6.030000,6.890000,1.500000,-2.600000,-10.700000,-5.100000,1.200000
2026-05-19-15-02-00,-5.950000,6.830000,1.540000,-1.500000,-10.100000,-5.800000,1.200000
2026-05-19-15-02-01,-5.870000,6.770000,1.570000,-1.300000,-10.000000,-4.000000,1.200000
2026-05-19-15-02-01,-5.800000,6.700000,1.600000,-3.200000,-11.400000,4.000000,1.200000
2026-05-19-15-02-01,-5.720000,6.650000,1.630000,-2.300000,-11.200000,8.500000,1.200000
2026-05-19-15-02-01,-5.640000,6.600000,1.660000,-0.900000,-10.400000,9.100000,1.200000
2026-05-19-15-02-01,-5.550000,6.570000,1.690000,0.000000,-9.700000,8.200000,1.200000
2026-05-19-15-02-02,-5.450000,6.540000,1.720000,0.900000,-9.400000,6.400000,1.200000
2026-05-19-15-02-02,-5.350000,6.500000,1.750000,1.300000,-9.600000,6.300000,1.200000
2026-05-19-15-02-02,-5.240000,6.450000,1.780000,-0.000000,-11.400000,14.100000,1.200000
2026-05-19-15-02-02,-5.140000,6.420000,1.810000,1.100000,-11.500000,16.100000,1.200000
2026-05-19-15-02-03,-5.040000,6.410000,1.830000,2.500000,-11.400000,15.400000,1.200000
2026-05-19-15-02-03,-4.930000,6.380000,1.870000,3.600000,-11.300000,13.600000,1.200000
2026-05-19-15-02-03,-4.000000,6.300000,1.890000,5.800000,-12.200000,11.200000,1.000000
2026-05-19-15-02-04,-4.520000,6.320000,1.810000,12.200000,-13.400000,8.300000,1.200000
2026-05-19-15-02-04,-4.430000,6.330000,1.750000,11.900000,-14.000000,8.700000,1.200000
2026-05-19-15-02-04,-4.260000,6.320000,1.620000,10.800000,-17.100000,9.600000,1.200000
2026-05-19-15-02-05,-4.180000,6.330000,1.570000,9.500000,-20.100000,10.200000,1.200000
2026-05-19-15-02-05,-4.090000,6.340000,1.510000,8.100000,-22.799999,10.900000,1.200000
2026-05-19-15-02-05,-4.000000,6.340000,1.450000,6.700000,-25.900000,11.700000,1.200000
2026-05-19-15-02-05,-3.910000,6.350000,1.410000,5.800000,-28.400000,12.400000,1.200000
2026-05-19-15-02-05,-3.830000,6.350000,1.390000,5.600000,-31.000000,12.400000,1.200000
2026-05-19-15-02-06,-3.750000,6.340000,1.400000,6.800000,-33.400002,11.100000,1.200000
2026-05-19-15-02-06,-3.590000,6.310000,1.460000,10.200000,-35.000000,8.800000,1.200000
2026-05-19-15-02-06,-3.510000,6.300000,1.480000,15.800000,-36.500000,6.600000,1.200000
2026-05-19-15-02-07,-3.330000,6.290000,1.480000,13.400000,-31.700001,9.100000,1.200000
2026-05-19-15-02-07,-3.240000,6.290000,1.450000,11.400000,-29.200001,10.100000,1.200000
2026-05-19-15-02-07,-3.150000,6.290000,1.430000,9.900000,-27.100000,11.000000,1.200000
2026-05-19-15-02-07,-3.070000,6.290000,1.400000,9.400000,-26.100000,10.900000,1.200000
2026-05-19-15-02-08,-2.990000,6.280000,1.410000,9.300000,-26.100000,9.800000,1.200000
2026-05-19-15-02-08,-2.900000,6.280000,1.410000,8.800000,-26.799999,8.200000,1.200000
2026-05-19-15-02-08,-2.810000,6.270000,1.440000,8.100000,-27.299999,6.900000,1.200000
2026-05-19-15-02-08,-2.720000,6.250000,1.470000,7.300000,-27.100000,6.200000,1.200000
2026-05-19-15-02-08,-2.630000,6.210000,1.500000,6.700000,-26.299999,5.500000,1.200000
2026-05-19-15-02-09,-2.530000,6.200000,1.520000,4.800000,-23.900000,5.800000,1.200000
2026-05-19-15-02-09,-2.360000,6.160000,1.500000,0.600000,-17.100000,7.100000,1.200000
2026-05-19-15-02-09,-2.270000,6.150000,1.460000,1.000000,-14.300000,7.600000,1.200000
2026-05-19-15-02-10,-2.190000,6.130000,1.440000,1.700000,-13.600000,7.400000,1.200000
2026-05-19-15-02-10,-2.110000,6.110000,1.430000,2.500000,-14.500000,6.600000,1.200000
2026-05-19-15-02-10,-2.020000,6.080000,1.430000,-0.300000,-16.700001,12.000000,1.200000
2026-05-19-15-02-10,-1.940000,6.060000,1.440000,-7.400000,-19.900000,23.500000,1.200000
2026-05-19-15-02-10,-1.860000,6.030000,1.460000,-13.900000,-22.900000,36.299999,1.200000
2026-05-19-15-02-11,-1.790000,6.030000,1.490000,-14.000000,-21.600000,41.299999,1.200000
2026-05-19-15-02-11,-1.720000,6.040000,1.540000,-10.700000,-18.700001,41.500000,1.200000
2026-05-19-15-02-11,-1.640000,6.060000,1.580000,-5.700000,-15.800000,38.900002,1.200000
2026-05-19-15-02-11,-1.560000,6.080000,1.610000,-3.400000,-14.300000,36.799999,1.200000
2026-05-19-15-02-12,-1.470000,6.110000,1.640000,-1.200000,-13.100000,34.299999,1.200000
2026-05-19-15-02-12,-1.380000,6.130000,1.670000,0.200000,-12.400000,31.900000,1.200000
2026-05-19-15-02-12,-1.280000,6.150000,1.700000,0.700000,-12.400000,29.700001,1.200000
2026-05-19-15-02-12,-1.170000,6.170000,1.740000,1.400000,-12.500000,25.500000,1.200000
2026-05-19-15-02-12,-1.060000,6.200000,1.780000,2.800000,-12.600000,20.299999,1.200000
2026-05-19-15-02-13,-0.970000,6.210000,1.810000,3.800000,-12.900000,16.200001,1.200000
2026-05-19-15-02-13,-0.870000,6.200000,1.830000,4.100000,-13.100000,13.600000,1.200000
2026-05-19-15-02-13,-0.780000,6.190000,1.860000,3.100000,-13.700000,10.900000,1.200000
2026-05-19-15-02-13,-0.720000,6.190000,1.870000,-0.000000,-15.200000,8.200000,1.200000
2026-05-19-15-02-14,-0.670000,6.190000,1.880000,-3.300000,-16.200001,5.700000,1.200000
2026-05-19-15-02-14,-0.640000,6.180000,1.890000,-5.500000,-16.500000,3.300000,1.200000
2026-05-19-15-02-14,-0.600000,6.180000,1.910000,-6.300000,-16.100000,1.200000,1.200000
2026-05-19-15-02-14,-0.560000,6.170000,1.930000,-5.500000,-14.000000,0.000000,1.200000
2026-05-19-15-02-14,-0.490000,6.160000,1.960000,-3.000000,-10.800000,-0.800000,1.200000
2026-05-19-15-02-15,-0.410000,6.140000,1.990000,-1.200000,-8.100000,-1.800000,1.200000
2026-05-19-15-02-15,-0.320000,6.120000,2.010000,0.800000,-6.700000,-2.400000,1.200000
2026-05-19-15-02-15,-0.230000,6.080000,2.030000,2.600000,-6.600000,-2.400000,1.200000
2026-05-19-15-02-15,-0.130000,6.050000,2.050000,3.800000,-7.200000,-2.200000,1.200000
2026-05-19-15-02-15,-0.040000,6.020000,2.070000,4.000000,-8.300000,-1.700000,1.200000
2026-05-19-15-02-16,0.060000,5.980000,2.090000,3.200000,-9.000000,-1.000000,1.200000
2026-05-19-15-02-16,0.150000,5.930000,2.110000,2.600000,-9.500000,-0.400000,1.200000
2026-05-19-15-02-16,0.220000,5.890000,2.120000,0.600000,-10.800000,-0.600000,1.200000
2026-05-19-15-02-16,0.260000,5.870000,2.130000,-3.200000,-12.800000,-1.100000,1.200000
2026-05-19-15-02-17,0.300000,5.840000,2.140000,-5.400000,-14.200000,-2.000000,1.200000
2026-05-19-15-02-17,0.350000,5.810000,2.160000,-5.200000,-13.700000,-1.600000,1.200000
2026-05-19-15-02-17,0.420000,5.770000,2.190000,-3.900000,-11.700000,-1.000000,1.200000
2026-05-19-15-02-17,0.500000,5.740000,2.230000,-2.900000,-9.200000,-1.300000,1.200000
2026-05-19-15-02-17,0.590000,5.700000,2.260000,-1.000000,-7.600000,-1.500000,1.200000
2026-05-19-15-02-18,0.680000,5.660000,2.280000,0.400000,-7.200000,-1.400000,1.200000
2026-05-19-15-02-18,0.780000,5.620000,2.300000,1.500000,-7.100000,-1.000000,1.200000
2026-05-19-15-02-18,0.870000,5.570000,2.330000,1.300000,-7.000000,-0.200000,1.200000
2026-05-19-15-02-18,0.960000,5.520000,2.350000,0.700000,-7.600000,0.300000,1.200000
2026-05-19-15-02-19,1.020000,5.490000,2.360000,-1.800000,-9.700000,0.200000,1.200000
2026-05-19-15-02-19,1.060000,5.460000,2.360000,-4.100000,-11.900000,-0.100000,1.200000
2026-05-19-15-02-19,1.090000,5.430000,2.370000,-5.100000,-13.500000,-0.100000,1.200000
2026-05-19-15-02-19,1.140000,5.410000,2.400000,-4.100000,-12.600000,0.000000,1.200000
2026-05-19-15-02-19,1.210000,5.370000,2.430000,-1.900000,-10.500000,0.300000,1.200000
2026-05-19-15-02-20,1.300000,5.340000,2.460000,-0.400000,-8.200000,0.200000,1.200000
2026-05-19-15-02-20,1.380000,5.300000,2.490000,1.500000,-6.800000,0.000000,1.200000
2026-05-19-15-02-20,1.470000,5.260000,2.510000,3.000000,-6.400000,0.100000,1.200000
2026-05-19-15-02-20,1.570000,5.210000,2.520000,3.400000,-6.300000,0.300000,1.200000
2026-05-19-15-02-20,1.660000,5.170000,2.540000,2.800000,-6.700000,0.500000,1.200000
2026-05-19-15-02-21,1.750000,5.130000,2.560000,1.900000,-7.000000,0.400000,1.200000
2026-05-19-15-02-21,1.830000,5.090000,2.580000,0.900000,-7.200000,0.100000,1.200000
2026-05-19-15-02-21,1.920000,5.050000,2.610000,0.700000,-7.200000,-0.300000,1.200000
2026-05-19-15-02-21,2.010000,5.010000,2.630000,0.100000,-7.200000,-0.400000,1.200000
2026-05-19-15-02-22,2.090000,4.960000,2.650000,-2.100000,-7.300000,4.500000,1.200000
2026-05-19-15-02-22,2.170000,4.900000,2.680000,-5.000000,-7.800000,14.500000,1.200000
2026-05-19-15-02-22,2.240000,4.860000,2.700000,-4.700000,-7.400000,20.100000,1.200000
2026-05-19-15-02-22,2.300000,4.840000,2.720000,-5.200000,-8.000000,22.400000,1.200000
2026-05-19-15-02-22,2.330000,4.810000,2.730000,-4.800000,-8.900000,21.900000,1.200000
2026-05-19-15-02-23,2.350000,4.790000,2.730000,-3.900000,-9.900000,20.600000,1.200000
2026-05-19-15-02-23,2.370000,4.780000,2.740000,-2.600000,-10.600000,18.500000,1.200000
2026-05-19-15-02-23,2.380000,4.770000,2.750000,-1.300000,-11.000000,15.900000,1.200000
2026-05-19-15-02-23,2.400000,4.760000,2.760000,0.400000,-11.000000,10.300000,1.200000
2026-05-19-15-02-24,2.450000,4.750000,2.790000,2.700000,-8.600000,3.400000,1.200000
2026-05-19-15-02-24,2.530000,4.740000,2.820000,2.800000,-5.500000,0.800000,1.200000
2026-05-19-15-02-24,2.620000,4.720000,2.840000,2.100000,-3.800000,0.100000,1.200000
2026-05-19-15-02-24,2.710000,4.690000,2.860000,1.700000,-3.600000,0.900000,1.200000
2026-05-19-15-02-24,2.810000,4.660000,2.870000,0.800000,-4.600000,6.000000,1.200000
2026-05-19-15-02-25,2.890000,4.630000,2.890000,-0.800000,-5.300000,11.800000,1.200000
2026-05-19-15-02-25,2.980000,4.610000,2.910000,-2.000000,-6.100000,15.800000,1.200000
2026-05-19-15-02-25,3.040000,4.600000,2.920000,-3.700000,-7.800000,17.000000,1.200000
2026-05-19-15-02-25,3.080000,4.590000,2.920000,-4.700000,-9.800000,17.100000,1.200000
2026-05-19-15-02-25,3.110000,4.580000,2.930000,-4.500000,-11.300000,16.400000,1.200000
2026-05-19-15-02-26,3.140000,4.570000,2.940000,-3.500000,-12.400000,14.800000,1.200000
2026-05-19-15-02-26,3.150000,4.560000,2.950000,-2.400000,-12.700000,13.200000,1.200000
2026-05-19-15-02-26,3.170000,4.560000,2.960000,-1.200000,-12.500000,11.200000,1.200000
2026-05-19-15-02-26,3.180000,4.550000,2.970000,-0.500000,-12.100000,9.500000,1.200000
2026-05-19-15-02-27,3.180000,4.550000,2.980000,-0.200000,-11.500000,7.700000,1.200000
2026-05-19-15-02-27,3.190000,4.540000,2.990000,-0.400000,-10.700000,5.900000,1.200000
2026-05-19-15-02-27,3.180000,4.540000,3.000000,-0.800000,-10.200000,4.300000,1.200000
2026-05-19-15-02-27,3.180000,4.540000,3.010000,-1.200000,-9.800000,1.900000,1.200000
2026-05-19-15-02-27,3.180000,4.540000,3.020000,-1.300000,-9.700000,-1.700000,1.200000
2026-05-19-15-02-28,3.170000,4.550000,3.030000,-1.000000,-9.900000,-6.000000,1.200000
2026-05-19-15-02-28,3.160000,4.550000,3.030000,-0.200000,-10.400000,-11.400000,1.200000
2026-05-19-15-02-28,3.150000,4.560000,3.040000,0.100000,-10.900000,-14.300000,1.200000
2026-05-19-15-02-28,3.130000,4.560000,3.040000,-0.000000,-11.300000,-15.500000,1.200000
2026-05-19-15-02-29,3.110000,4.560000,3.050000,-0.400000,-11.800000,-16.000000,1.200000
2026-05-19-15-02-29,3.110000,4.540000,3.060000,-0.300000,-10.500000,-14.900000,1.200000
2026-05-19-15-02-29,3.150000,4.510000,3.090000,0.800000,-6.900000,-13.100000,1.200000
2026-05-19-15-02-29,3.210000,4.470000,3.120000,2.000000,-3.500000,-11.600000,1.200000
2026-05-19-15-02-30,3.280000,4.420000,3.140000,3.100000,-2.000000,-9.800000,1.200000
2026-05-19-15-02-30,3.310000,4.390000,3.140000,2.600000,-4.300000,-8.300000,1.200000
2026-05-19-15-02-30,3.330000,4.370000,3.140000,1.600000,-7.300000,-7.400000,1.200000
2026-05-19-15-02-30,3.330000,4.350000,3.140000,0.500000,-10.400000,-6.400000,1.200000
2026-05-19-15-02-31,3.330000,4.330000,3.130000,-0.200000,-13.100000,-5.500000,1.200000
2026-05-19-15-02-31,3.330000,4.310000,3.130000,-0.400000,-14.300000,-4.800000,1.200000
2026-05-19-15-02-31,3.320000,4.290000,3.140000,-0.400000,-14.800000,-4.100000,1.200000
2026-05-19-15-02-31,3.300000,4.280000,3.140000,-0.400000,-14.400000,-3.600000,1.200000
2026-05-19-15-02-31,3.290000,4.260000,3.120000,0.500000,-13.200000,-2.800000,1.200000
2026-05-19-15-02-32,3.290000,4.250000,3.050000,1.300000,-10.200000,-0.700000,1.200000
2026-05-19-15-02-32,3.300000,4.250000,2.980000,2.100000,-7.500000,0.900000,1.200000
2026-05-19-15-02-32,3.300000,4.240000,2.930000,3.200000,-4.800000,1.900000,1.200000
2026-05-19-15-02-33,3.290000,4.240000,2.900000,3.300000,-3.800000,2.200000,1.200000
2026-05-19-15-02-33,3.280000,4.240000,2.870000,3.000000,-3.500000,2.200000,1.200000
2026-05-19-15-02-33,3.270000,4.250000,2.840000,2.500000,-3.400000,2.100000,1.200000
2026-05-19-15-02-33,3.260000,4.230000,2.790000,2.800000,-2.500000,3.000000,1.200000
2026-05-19-15-02-33,3.250000,4.240000,2.690000,2.800000,-0.900000,4.600000,1.200000
2026-05-19-15-02-34,3.240000,4.240000,2.630000,2.800000,0.900000,5.800000,1.200000
2026-05-19-15-02-34,3.230000,4.240000,2.580000,2.600000,1.900000,6.500000,1.200000
2026-05-19-15-02-34,3.230000,4.240000,2.540000,3.100000,2.600000,7.400000,1.200000
2026-05-19-15-02-34,3.280000,4.240000,2.520000,4.900000,5.400000,9.100000,1.200000
2026-05-19-15-02-34,3.350000,4.240000,2.490000,6.300000,7.400000,9.500000,1.200000
2026-05-19-15-02-35,3.430000,4.240000,2.450000,7.100000,6.100000,9.200000,1.200000
2026-05-19-15-02-35,3.520000,4.240000,2.420000,8.000000,1.900000,7.000000,1.200000
2026-05-19-15-02-35,3.610000,4.240000,2.400000,8.900000,-3.800000,4.000000,1.200000
2026-05-19-15-02-35,3.690000,4.240000,2.380000,9.700000,-9.200000,-1.100000,1.200000
2026-05-19-15-02-36,3.740000,4.250000,2.380000,12.000000,-12.500000,-15.000000,1.200000
2026-05-19-15-02-36,3.780000,4.250000,2.370000,12.600000,-15.000000,-23.400000,1.200000
2026-05-19-15-02-36,3.810000,4.250000,2.370000,10.300000,-17.400000,-28.799999,1.200000
2026-05-19-15-02-36,3.820000,4.250000,2.370000,6.800000,-18.900000,-30.900000,1.200000
2026-05-19-15-02-36,3.830000,4.250000,2.370000,2.500000,-19.700001,-31.500000,1.200000
2026-05-19-15-02-37,3.840000,4.240000,2.370000,-0.700000,-20.100000,-30.500000,1.200000
2026-05-19-15-02-37,3.830000,4.210000,2.370000,-7.400000,-22.500000,-16.600000,1.200000
2026-05-19-15-02-37,3.830000,4.180000,2.370000,-13.900000,-23.600000,2.400000,1.200000
2026-05-19-15-02-37,3.840000,4.150000,2.380000,-16.700001,-23.299999,18.000000,1.200000
2026-05-19-15-02-37,3.850000,4.140000,2.390000,-14.700000,-22.100000,24.100000,1.200000
2026-05-19-15-02-38,3.850000,4.130000,2.390000,-10.600000,-19.900000,27.600000,1.200000
2026-05-19-15-02-38,3.870000,4.130000,2.410000,-4.900000,-15.300000,30.700001,1.200000
2026-05-19-15-02-38,3.910000,4.150000,2.440000,0.300000,-11.300000,32.099998,1.200000
2026-05-19-15-02-38,3.970000,4.180000,2.460000,3.100000,-7.900000,32.400002,1.200000
2026-05-19-15-02-39,4.050000,4.210000,2.480000,4.600000,-5.400000,31.900000,1.200000
2026-05-19-15-02-39,4.130000,4.240000,2.490000,5.600000,-5.300000,31.000000,1.200000
2026-05-19-15-02-39,4.210000,4.280000,2.500000,6.400000,-6.400000,29.799999,1.200000
2026-05-19-15-02-39,4.290000,4.320000,2.510000,7.200000,-7.600000,28.400000,1.300000
2026-05-19-15-02-40,4.370000,4.350000,2.000000,0.414000,0.008000,0.099000,105.720001
2026-05-19-15-02-40,4.460000,4.380000,2.540000,8.800000,0.700000,23.799999,1.300000
2026-05-19-15-02-40,4.540000,4.390000,2.550000,8.000000,9.500000,22.900000,1.300000
2026-05-19-15-02-40,4.620000,4.420000,2.540000,6.200000,10.400000,21.500000,1.300000
2026-05-19-15-02-40,4.700000,4.430000,2.520000,4.500000,8.200000,19.900000,1.300000
2026-05-19-15-02-41,4.880000,4.440000,2.480000,3.500000,-7.300000,19.700001,1.300000
2026-05-19-15-02-41,4.940000,4.450000,2.460000,2.900000,-28.700001,20.500000,1.300000
2026-05-19-15-02-41,5.000000,4.450000,2.470000,2.200000,-49.400002,21.600000,1.300000
2026-05-19-15-02-41,5.040000,4.460000,2.520000,2.800000,-50.700001,21.299999,1.300000
2026-05-19-15-02-42,5.090000,4.450000,2.580000,4.400000,-46.400002,20.100000,1.300000
2026-05-19-15-02-42,5.140000,4.440000,2.640000,6.700000,-38.900002,19.299999,1.300000
2026-05-19-15-02-42,5.200000,4.430000,2.710000,8.100000,-31.500000,19.000000,1.300000
2026-05-19-15-02-42,5.280000,4.440000,2.780000,9.300000,-22.799999,18.700001,1.300000
2026-05-19-15-02-43,5.380000,4.390000,2.820000,9.800000,-18.200001,18.400000,1.300000
2026-05-19-15-02-43,5.470000,4.390000,2.860000,9.800000,-14.600000,18.000000,1.300000
2026-05-19-15-02-43,5.560000,4.390000,2.890000,9.600000,-12.300000,17.400000,1.300000
2026-05-19-15-02-43,5.650000,4.380000,2.910000,8.800000,-10.700000,16.900000,1.300000
2026-05-19-15-02-43,5.750000,4.380000,2.930000,7.300000,-10.000000,16.500000,1.300000
2026-05-19-15-02-44,5.840000,4.370000,2.950000,5.500000,-9.700000,15.900000,1.300000
2026-05-19-15-02-44,5.930000,4.360000,2.970000,4.000000,-9.800000,14.800000,1.300000
2026-05-19-15-02-44,6.020000,4.350000,2.990000,3.900000,-9.900000,10.400000,1.300000
2026-05-19-15-02-44,6.110000,4.330000,3.010000,3.400000,-10.400000,8.500000,1.300000
2026-05-19-15-02-45,6.200000,4.310000,3.030000,2.400000,-10.700000,7.900000,1.300000
2026-05-19-15-02-45,6.250000,4.290000,3.050000,-0.300000,-12.100000,7.500000,1.300000
2026-05-19-15-02-45,6.290000,4.270000,3.060000,-2.700000,-14.100000,7.300000,1.300000
2026-05-19-15-02-45,6.320000,4.240000,3.070000,-6.400000,-15.500000,15.600000,1.300000
2026-05-19-15-02-45,6.340000,4.210000,3.080000,-10.100000,-16.500000,25.299999,1.300000
2026-05-19-15-02-46,6.350000,4.190000,3.090000,-10.300000,-14.600000,29.299999,1.300000
2026-05-19-15-02-46,6.350000,4.180000,3.110000,-8.200000,-12.700000,29.600000,1.300000
2026-05-19-15-02-46,6.350000,4.170000,3.120000,-4.400000,-10.500000,28.100000,1.300000
2026-05-19-15-02-46,6.340000,4.160000,3.120000,-1.100000,-9.000000,26.100000,1.300000
2026-05-19-15-02-46,6.340000,4.140000,3.130000,-0.800000,-10.200000,32.700001,1.300000
2026-05-19-15-02-47,6.350000,4.120000,3.140000,-2.800000,-13.100000,46.099998,1.300000
2026-05-19-15-02-47,6.360000,4.110000,3.140000,-5.000000,-17.700001,57.700001,1.300000
2026-05-19-15-02-47,6.350000,4.110000,3.150000,-4.000000,-18.500000,61.000000,1.300000
2026-05-19-15-02-47,6.340000,4.110000,3.160000,-1.200000,-17.200001,60.599998,1.300000
2026-05-19-15-02-48,6.310000,4.110000,3.160000,1.300000,-15.100000,58.000000,1.300000
2026-05-19-15-02-48,6.280000,4.110000,3.170000,2.700000,-12.500000,54.000000,1.300000
2026-05-19-15-02-48,6.250000,4.110000,3.180000,2.800000,-10.400000,49.599998,1.300000
2026-05-19-15-02-48,6.210000,4.120000,3.180000,1.800000,-8.600000,44.599998,1.300000
2026-05-19-15-02-48,6.170000,4.120000,3.190000,-0.500000,-7.200000,38.799999,1.300000
2026-05-19-15-02-49,6.130000,4.130000,3.190000,-2.600000,-6.600000,33.400002,1.300000
2026-05-19-15-02-49,6.090000,4.140000,3.190000,-4.000000,-6.600000,28.299999,1.300000
2026-05-19-15-02-49,6.050000,4.140000,3.190000,-4.400000,-6.900000,23.400000,1.300000
2026-05-19-15-02-49,6.010000,4.150000,3.190000,-4.100000,-7.500000,19.100000,1.300000
2026-05-19-15-02-50,5.970000,4.160000,3.190000,-3.200000,-8.200000,15.100000,1.300000
2026-05-19-15-02-50,5.930000,4.160000,3.180000,-2.100000,-8.800000,11.700000,1.300000
2026-05-19-15-02-50,5.900000,4.170000,3.180000,-1.500000,-9.300000,8.900000,1.300000
2026-05-19-15-02-50,5.860000,4.180000,3.180000,-1.200000,-9.600000,6.600000,1.300000
2026-05-19-15-02-51,5.820000,4.180000,3.190000,-1.400000,-9.700000,5.100000,1.300000
2026-05-19-15-02-51,5.790000,4.180000,3.190000,-1.700000,-9.600000,4.000000,1.300000
2026-05-19-15-02-51,5.750000,4.190000,3.210000,-1.400000,-6.900000,2.800000,1.300000
2026-05-19-15-02-52,5.790000,4.180000,3.240000,0.200000,-2.300000,2.800000,1.300000
2026-05-19-15-02-52,5.850000,4.170000,3.260000,1.300000,1.700000,2.900000,1.300000
2026-05-19-15-02-52,5.930000,4.150000,3.270000,2.800000,3.600000,4.200000,1.300000
2026-05-19-15-02-52,6.020000,4.120000,3.280000,4.200000,3.500000,6.100000,1.300000
2026-05-19-15-02-53,6.120000,4.090000,3.280000,4.600000,1.700000,8.400000,1.300000
2026-05-19-15-02-53,6.310000,4.050000,3.260000,2.200000,-2.400000,13.000000,1.300000
2026-05-19-15-02-53,6.390000,4.040000,3.230000,1.000000,-2.900000,14.900000,1.300000
2026-05-19-15-02-53,6.470000,4.030000,3.220000,-0.100000,-4.800000,16.299999,1.300000
2026-05-19-15-02-54,6.540000,4.020000,3.210000,-2.000000,-9.000000,17.500000,1.300000
2026-05-19-15-02-54,6.570000,4.010000,3.200000,-3.900000,-12.600000,18.100000,1.300000
2026-05-19-15-02-54,6.600000,4.000000,3.200000,-4.700000,-15.000000,18.400000,1.300000
2026-05-19-15-02-54,6.620000,3.990000,3.190000,-4.000000,-15.900000,18.299999,1.300000
2026-05-19-15-02-55,6.630000,3.980000,3.200000,-2.600000,-15.400000,18.000000,1.300000
2026-05-19-15-02-55,6.630000,3.980000,3.200000,-1.200000,-14.100000,17.600000,1.300000
2026-05-19-15-02-55,6.630000,3.960000,3.190000,0.100000,-9.700000,17.000000,1.300000
2026-05-19-15-02-56,6.640000,3.960000,3.110000,-0.200000,-6.000000,19.000000,1.300000
2026-05-19-15-02-56,6.640000,3.950000,3.030000,0.200000,-4.000000,21.000000,1.300000
2026-05-19-15-02-56,6.650000,3.950000,2.930000,0.600000,-1.300000,23.100000,1.300000
2026-05-19-15-02-56,6.640000,3.960000,2.830000,1.200000,1.400000,25.100000,1.300000
2026-05-19-15-02-57,6.630000,3.960000,2.730000,1.800000,4.200000,26.900000,1.300000
2026-05-19-15-02-57,6.620000,3.970000,2.630000,2.500000,7.300000,28.700001,1.300000
2026-05-19-15-02-57,6.600000,3.970000,2.520000,3.300000,10.800000,30.400000,1.300000
2026-05-19-15-02-57,6.570000,3.980000,2.410000,4.200000,14.300000,32.200001,1.300000
2026-05-19-15-02-57,6.530000,3.980000,2.310000,5.000000,17.799999,34.200001,1.300000
2026-05-19-15-02-58,6.500000,3.980000,2.230000,6.000000,21.299999,35.799999,1.300000
2026-05-19-15-02-58,6.470000,3.980000,2.170000,6.700000,23.400000,36.599998,1.300000
2026-05-19-15-02-58,6.440000,3.990000,2.130000,7.400000,24.700001,37.299999,1.300000
2026-05-19-15-02-58,6.420000,4.000000,2.090000,7.600000,24.500000,37.700001,1.300000
2026-05-19-15-02-59,6.420000,4.020000,2.060000,8.400000,25.700001,37.900002,1.300000
2026-05-19-15-02-59,6.450000,4.060000,2.010000,11.200000,27.500000,38.500000,1.300000
2026-05-19-15-02-59,6.460000,4.090000,1.960000,11.600000,24.600000,37.900002,1.300000
2026-05-19-15-02-59,6.460000,4.110000,1.920000,10.800000,19.600000,36.700001,1.300000
2026-05-19-15-02-59,6.450000,4.130000,1.880000,9.300000,13.800000,35.299999,1.300000
2026-05-19-15-03-00,6.430000,4.140000,1.840000,7.900000,7.600000,33.799999,1.300000
2026-05-19-15-03-00,6.420000,4.150000,1.800000,7.100000,2.700000,32.299999,1.300000
2026-05-19-15-03-00,6.410000,4.160000,1.770000,6.500000,-0.400000,30.900000,1.300000
2026-05-19-15-03-00,6.400000,4.170000,1.750000,5.900000,-2.200000,29.700001,1.300000
2026-05-19-15-03-01,6.390000,4.190000,1.720000,5.500000,-3.100000,28.299999,1.300000
2026-05-19-15-03-01,6.380000,4.200000,1.680000,5.000000,-3.100000,27.700001,1.300000
2026-05-19-15-03-01,6.370000,4.210000,1.600000,4.000000,-3.400000,28.100000,1.300000
2026-05-19-15-03-01,6.360000,4.220000,1.510000,2.600000,-2.100000,29.700001,1.300000
2026-05-19-15-03-01,6.350000,4.240000,1.420000,1.300000,-1.000000,31.400000,1.300000
2026-05-19-15-03-02,6.350000,4.260000,1.280000,-0.300000,1.600000,33.700001,1.300000
2026-05-19-15-03-02,6.340000,4.270000,1.100000,-2.200000,6.000000,36.000000,1.300000
2026-05-19-15-03-02,6.320000,4.260000,0.920000,-3.900000,8.900000,37.299999,1.300000
2026-05-19-15-03-03,6.210000,4.250000,0.770000,-6.800000,14.200000,0.000000,1.300000
2026-05-19-15-03-03,6.190000,4.160000,0.600000,-9.400000,20.500000,41.200001,1.300000
2026-05-19-15-03-03,6.160000,4.100000,0.410000,-11.100000,26.900000,43.000000,1.300000
2026-05-19-15-03-04,6.120000,4.010000,0.240000,-11.300000,34.000000,44.900002,1.300000
2026-05-19-15-03-04,6.070000,3.910000,0.090000,-9.900000,39.299999,46.900002,1.300000
2026-05-19-15-03-05,6.000000,3.810000,-0.060000,-7.300000,42.500000,49.500000,1.300000
2026-05-19-15-03-05,5.920000,3.690000,-0.200000,-2.500000,45.000000,53.500000,1.300000
2026-05-19-15-03-05,5.820000,3.570000,-0.330000,2.300000,46.200001,57.599998,1.300000
2026-05-19-15-03-06,5.710000,3.450000,-0.460000,7.000000,46.500000,62.200001,1.300000
2026-05-19-15-03-06,5.600000,3.330000,-0.600000,10.100000,46.099998,66.000000,1.300000
2026-05-19-15-03-07,5.490000,3.230000,-0.740000,11.300000,45.000000,69.300003,1.300000
2026-05-19-15-03-07,5.400000,3.160000,-0.840000,10.800000,40.200001,70.300003,1.300000
2026-05-19-15-03-07,5.340000,3.110000,-0.920000,6.800000,33.700001,70.599998,1.300000
2026-05-19-15-03-08,5.260000,3.040000,-1.040000,2.400000,30.100000,73.300003,1.300000
2026-05-19-15-03-08,5.000000,2.950000,-1.220000,2.300000,27.299999,76.800003,1.300000
2026-05-19-15-03-08,5.150000,2.870000,-1.430000,0.100000,24.600000,79.900002,1.300000
2026-05-19-15-03-09,5.130000,2.800000,-1.630000,-3.700000,22.400000,83.300003,1.300000
2026-05-19-15-03-09,5.150000,2.730000,-1.840000,-7.800000,20.700001,86.599998,1.300000
2026-05-19-15-03-10,5.170000,2.700000,-1.980000,-10.000000,17.000000,89.099998,1.300000
2026-05-19-15-03-10,5.200000,2.690000,-2.080000,-9.100000,11.400000,91.000000,1.300000
2026-05-19-15-03-10,5.230000,2.690000,-2.160000,-5.100000,6.800000,92.000000,1.300000
2026-05-19-15-03-11,5.250000,2.680000,-2.290000,-1.400000,5.000000,94.500000,1.300000
2026-05-19-15-03-11,5.280000,2.690000,-2.480000,-1.500000,6.600000,96.699997,1.300000
2026-05-19-15-03-12,5.290000,2.700000,-2.680000,-0.600000,8.500000,98.699997,1.300000
2026-05-19-15-03-12,5.290000,2.700000,-2.880000,1.400000,10.900000,100.199997,1.300000
2026-05-19-15-03-12,5.270000,2.680000,-3.090000,4.000000,14.200000,101.500000,1.300000
2026-05-19-15-03-12,5.250000,2.660000,-3.270000,5.200000,16.200001,102.199997,1.300000
2026-05-19-15-03-13,5.200000,2.610000,-3.420000,7.200000,19.600000,102.599998,1.300000
2026-05-19-15-03-13,5.260000,2.520000,-3.450000,8.600000,21.299999,100.500000,1.300000
2026-05-19-15-03-14,5.240000,2.490000,-3.580000,5.200000,25.000000,100.599998,1.300000
2026-05-19-15-03-14,5.220000,2.430000,-3.760000,6.100000,28.700001,102.900002,1.300000
2026-05-19-15-03-14,5.200000,2.340000,-3.940000,6.200000,32.299999,105.400002,1.300000
2026-05-19-15-03-15,5.200000,2.230000,-4.110000,5.800000,36.500000,108.300003,1.300000
2026-05-19-15-03-15,5.220000,2.110000,-4.280000,4.500000,40.400002,110.300003,1.300000
2026-05-19-15-03-16,5.260000,1.990000,-4.450000,2.300000,44.000000,112.000000,1.300000
2026-05-19-15-03-16,5.270000,1.900000,-4.560000,-0.100000,45.000000,112.500000,1.300000
2026-05-19-15-03-16,5.290000,1.840000,-4.630000,-1.800000,42.900002,111.400002,1.300000
2026-05-19-15-03-16,5.330000,1.770000,-4.710000,1.600000,37.700001,110.000000,1.300000
2026-05-19-15-03-17,5.350000,1.690000,-4.790000,3.500000,26.900000,108.300003,1.300000
2026-05-19-15-03-17,5.370000,1.600000,-4.860000,1.200000,13.300000,106.000000,1.300000
2026-05-19-15-03-17,5.420000,1.500000,-4.850000,-4.100000,3.800000,102.800003,1.300000
2026-05-19-15-03-18,5.480000,1.420000,-4.800000,-6.100000,5.500000,100.099998,1.300000
2026-05-19-15-03-18,5.500000,1.360000,-4.770000,-6.500000,10.000000,96.400002,1.300000
2026-05-19-15-03-18,5.550000,1.300000,-4.770000,-3.200000,11.700000,92.699997,1.300000
2026-05-19-15-03-19,5.580000,1.250000,-4.800000,-1.600000,14.700000,90.300003,1.300000
2026-05-19-15-03-19,5.600000,1.190000,-4.800000,-2.900000,11.000000,89.400002,1.300000
2026-05-19-15-03-20,5.630000,1.140000,-4.780000,-2.100000,6.100000,85.300003,1.300000
2026-05-19-15-03-20,5.630000,1.080000,-4.840000,-4.000000,7.000000,86.599998,1.300000
2026-05-19-15-03-20,5.670000,1.020000,-4.850000,2.600000,6.800000,86.300003,1.300000
2026-05-19-15-03-21,5.700000,0.990000,-4.760000,5.600000,7.500000,84.599998,1.300000
2026-05-19-15-03-21,5.720000,0.960000,-4.710000,2.400000,7.900000,81.800003,1.300000
2026-05-19-15-03-21,5.730000,0.940000,-4.700000,-3.000000,8.600000,77.000000,1.300000
2026-05-19-15-03-22,5.720000,0.930000,-4.700000,-6.000000,8.600000,71.300003,1.300000
2026-05-19-15-03-22,5.710000,0.910000,-4.710000,-6.100000,8.400000,62.900002,1.300000
2026-05-19-15-03-22,5.700000,0.890000,-4.730000,-5.000000,7.800000,56.500000,1.300000
2026-05-19-15-03-23,5.700000,0.890000,-4.740000,-3.500000,7.000000,45.599998,1.300000
2026-05-19-15-03-23,5.680000,0.890000,-4.750000,-2.900000,6.500000,31.400000,1.300000
2026-05-19-15-03-24,5.640000,0.870000,-4.750000,-2.100000,4.800000,20.200001,1.300000
2026-05-19-15-03-24,5.590000,0.840000,-4.750000,-1.700000,2.500000,12.500000,1.300000
2026-05-19-15-03-24,5.550000,0.810000,-4.750000,-2.100000,4.100000,5.800000,1.300000
2026-05-19-15-03-25,5.470000,0.770000,-4.820000,-2.100000,-0.600000,6.200000,1.300000
2026-05-19-15-03-25,5.420000,0.750000,-4.820000,-3.700000,-0.900000,7.700000,1.300000
2026-05-19-15-03-25,5.370000,0.720000,-4.740000,-5.000000,0.900000,8.700000,1.300000
2026-05-19-15-03-26,5.310000,0.680000,-4.710000,-4.400000,-0.600000,9.100000,1.300000
2026-05-19-15-03-26,5.250000,0.650000,-4.690000,-2.900000,-0.000000,10.200000,1.300000
2026-05-19-15-03-27,5.170000,0.620000,-4.700000,-2.600000,-2.000000,12.300000,1.300000
2026-05-19-15-03-27,5.120000,0.580000,-4.790000,-3.200000,1.400000,15.300000,1.300000
2026-05-19-15-03-27,5.100000,0.540000,-4.800000,-2.400000,4.700000,17.100000,1.300000
2026-05-19-15-03-28,5.040000,0.510000,-4.750000,-3.200000,0.800000,2.900000,1.300000
2026-05-19-15-03-28,5.030000,0.540000,-4.690000,-3.200000,-0.000000,-31.799999,1.300000
2026-05-19-15-03-29,5.050000,0.530000,-4.680000,-2.300000,-3.600000,-67.199997,1.300000
2026-05-19-15-03-29,5.080000,0.480000,-4.670000,-1.000000,-6.700000,-90.400002,1.300000
2026-05-19-15-03-29,5.060000,0.430000,-4.670000,-1.400000,-9.200000,-96.199997,1.300000
2026-05-19-15-03-30,5.010000,0.290000,-4.650000,-2.500000,-8.100000,-93.599998,1.300000
2026-05-19-15-03-30,4.930000,-0.090000,-4.620000,-4.200000,-4.900000,-80.500000,1.300000
2026-05-19-15-03-31,4.950000,-0.400000,-4.760000,-2.100000,-5.500000,-67.300003,1.300000
2026-05-19-15-03-32,5.000000,-0.590000,-4.750000,-5.800000,-7.300000,-60.599998,1.300000
2026-05-19-15-03-32,5.060000,-0.770000,-4.690000,-10.400000,-9.200000,-59.299999,1.300000
2026-05-19-15-03-32,5.140000,-0.890000,-4.650000,-5.500000,-6.800000,-74.099998,1.300000
2026-05-19-15-03-33,5.190000,-0.990000,-4.640000,0.400000,-5.900000,-88.199997,1.300000
2026-05-19-15-03-33,5.170000,-1.060000,-4.620000,5.300000,-5.200000,-98.800003,1.300000
2026-05-19-15-03-33,5.040000,-1.150000,-4.600000,1.200000,-9.100000,-102.000000,1.300000
2026-05-19-15-03-34,5.160000,-1.280000,-4.730000,-3.500000,-10.100000,-100.300003,1.300000
2026-05-19-15-03-34,5.150000,-1.460000,-4.770000,2.900000,-6.100000,-97.900002,1.300000
2026-05-19-15-03-34,5.090000,-1.660000,-4.720000,3.500000,-7.600000,-92.599998,1.300000
2026-05-19-15-03-35,5.070000,-1.830000,-4.670000,2.800000,-9.100000,-98.199997,1.300000
2026-05-19-15-03-35,5.100000,-1.980000,-4.660000,7.200000,-7.900000,-118.800003,1.300000
2026-05-19-15-03-35,5.070000,-2.160000,-4.630000,11.200000,-3.800000,-131.399994,1.300000
2026-05-19-15-03-36,4.970000,-2.310000,-4.640000,-3.800000,-1.900000,-128.800003,1.300000
2026-05-19-15-03-36,4.870000,-2.430000,-4.720000,-4.500000,-2.400000,-126.699997,1.300000
2026-05-19-15-03-37,4.760000,-2.530000,-4.750000,5.100000,0.300000,-125.800003,1.300000
2026-05-19-15-03-37,4.620000,-2.630000,-4.730000,7.100000,-4.200000,-122.900002,1.300000
2026-05-19-15-03-37,4.570000,-2.710000,-4.700000,6.100000,-7.300000,-120.199997,1.300000
2026-05-19-15-03-38,4.540000,-2.760000,-4.670000,3.700000,-7.100000,-117.900002,1.300000
2026-05-19-15-03-38,4.530000,-2.800000,-4.670000,2.300000,-6.500000,-116.000000,1.300000
2026-05-19-15-03-39,4.510000,-2.830000,-4.680000,2.400000,-4.200000,-113.500000,1.300000
2026-05-19-15-03-39,4.490000,-2.860000,-4.690000,2.600000,-0.800000,-109.400002,1.300000
2026-05-19-15-03-39,4.480000,-2.890000,-4.720000,3.300000,0.800000,-106.500000,1.300000
2026-05-19-15-03-40,4.450000,-2.920000,-4.710000,4.500000,1.300000,-102.400002,1.300000
2026-05-19-15-03-40,4.430000,-2.940000,-4.700000,4.300000,-1.500000,-97.599998,1.300000
2026-05-19-15-03-40,4.410000,-2.960000,-4.710000,4.300000,-2.300000,-93.599998,1.300000
2026-05-19-15-03-41,4.390000,-2.990000,-4.720000,4.500000,-3.700000,-87.699997,1.300000
2026-05-19-15-03-41,4.350000,-3.030000,-4.710000,5.400000,-2.800000,-81.599998,1.300000
2026-05-19-15-03-42,4.330000,-3.050000,-4.720000,5.600000,-1.200000,-75.900002,1.300000
2026-05-19-15-03-42,4.330000,-3.180000,-4.690000,6.200000,2.600000,-69.400002,1.300000
2026-05-19-15-03-42,4.330000,-3.350000,-4.690000,8.700000,-0.100000,-67.199997,1.300000
2026-05-19-15-03-43,4.370000,-3.510000,-4.680000,8.500000,-3.100000,-65.099998,1.300000
2026-05-19-15-03-43,4.390000,-3.670000,-4.710000,6.200000,-7.000000,-60.700001,1.300000
2026-05-19-15-03-43,4.370000,-3.930000,-4.680000,1.500000,-9.400000,-55.700001,1.300000
2026-05-19-15-03-44,4.460000,-4.110000,-4.640000,-2.000000,-11.700000,-52.200001,1.300000
2026-05-19-15-03-44,4.500000,-4.200000,-4.620000,-3.000000,-13.100000,-51.299999,1.300000
2026-05-19-15-03-44,4.610000,-4.360000,-4.580000,-4.200000,-15.300000,-48.500000,1.300000
2026-05-19-15-03-45,4.700000,-4.530000,-4.540000,-2.900000,-16.400000,-45.700001,1.300000
2026-05-19-15-03-45,4.800000,-4.690000,-4.460000,-0.600000,-18.000000,-43.700001,1.300000
2026-05-19-15-03-45,4.870000,-4.790000,-4.450000,0.100000,-20.799999,-42.200001,1.300000
2026-05-19-15-03-46,4.930000,-4.870000,-4.510000,-0.000000,-20.500000,-39.200001,1.300000
2026-05-19-15-03-46,5.000000,-4.920000,-4.630000,0.700000,-14.000000,-35.799999,1.300000
2026-05-19-15-03-47,5.060000,-4.960000,-4.720000,4.600000,-0.800000,-32.099998,1.300000
2026-05-19-15-03-47,5.090000,-5.000000,-4.700000,2.600000,-3.300000,-30.000000,1.300000
2026-05-19-15-03-47,5.120000,-5.030000,-4.660000,2.400000,-8.100000,-28.100000,1.300000
2026-05-19-15-03-48,5.170000,-5.060000,-4.620000,5.400000,-2.900000,-43.500000,1.300000
2026-05-19-15-03-48,5.210000,-5.060000,-4.600000,4.800000,1.200000,-58.599998,1.300000
2026-05-19-15-03-48,5.280000,-5.090000,-4.580000,1.900000,8.000000,-94.400002,1.300000
2026-05-19-15-03-49,5.330000,-5.140000,-4.570000,0.300000,9.000000,-119.099998,1.300000
2026-05-19-15-03-49,5.370000,-5.180000,-4.600000,3.600000,1.500000,-126.599998,1.300000
2026-05-19-15-03-50,5.380000,-5.220000,-4.630000,4.700000,-1.800000,-129.199997,1.300000
2026-05-19-15-03-50,5.400000,-5.260000,-4.640000,6.400000,-1.500000,-128.000000,1.300000
2026-05-19-15-03-50,5.390000,-5.300000,-4.680000,5.000000,5.700000,-124.400002,1.300000
2026-05-19-15-03-51,5.400000,-5.360000,-4.660000,5.800000,4.700000,-120.000000,1.300000
2026-05-19-15-03-51,5.420000,-5.360000,-4.680000,5.100000,-6.700000,-117.199997,1.300000
2026-05-19-15-03-51,5.410000,-5.410000,-4.630000,5.400000,-5.000000,-108.599998,1.300000
2026-05-19-15-03-52,5.340000,-5.520000,-4.560000,6.500000,-2.100000,-93.800003,1.300000
2026-05-19-15-03-52,5.300000,-5.670000,-4.540000,6.500000,-0.900000,-80.900002,1.300000
2026-05-19-15-03-53,5.290000,-6.000000,-4.610000,6.400000,-4.700000,-67.300003,1.300000
2026-05-19-15-03-53,5.340000,-6.100000,-4.670000,2.300000,-6.000000,-61.500000,1.300000
2026-05-19-15-03-54,5.520000,-6.230000,-4.650000,5.700000,-3.100000,-54.599998,1.300000
2026-05-19-15-03-54,5.550000,-6.370000,-4.600000,6.900000,-1.300000,-49.700001,1.300000
2026-05-19-15-03-54,5.560000,-6.480000,-4.590000,4.700000,6.500000,-55.000000,1.300000
2026-05-19-15-03-55,5.570000,-6.560000,-4.570000,6.200000,1.300000,-68.099998,1.300000
2026-05-19-15-03-55,5.600000,-6.660000,-4.590000,6.800000,3.500000,-74.099998,1.300000
2026-05-19-15-03-55,5.590000,-6.770000,-4.620000,8.700000,-4.100000,-76.800003,1.300000
2026-05-19-15-03-56,5.580000,-6.900000,-4.580000,0.100000,3.800000,-78.699997,1.300000
2026-05-19-15-03-56,5.540000,-7.020000,-4.570000,3.900000,9.500000,-89.699997,1.300000
2026-05-19-15-03-57,5.560000,-7.100000,-4.610000,10.100000,1.800000,-99.900002,1.300000
2026-05-19-15-03-57,5.490000,-7.300000,-4.510000,3.000000,-4.800000,-91.800003,1.300000
2026-05-19-15-03-58,5.480000,-7.480000,-4.500000,-0.300000,-3.200000,-83.199997,1.300000
2026-05-19-15-03-58,5.470000,-7.640000,-4.580000,-2.300000,-2.100000,-79.300003,1.300000
2026-05-19-15-03-59,5.440000,-7.770000,-4.630000,10.800000,-0.500000,-88.199997,1.300000
2026-05-19-15-03-59,5.420000,-7.900000,-4.590000,3.000000,1.000000,-98.599998,1.300000
2026-05-19-15-03-59,5.380000,-8.020000,-4.560000,2.200000,5.000000,-104.599998,1.300000
2026-05-19-15-04-00,5.360000,-8.120000,-4.590000,8.800000,5.900000,-117.000000,1.300000
2026-05-19-15-04-00,5.320000,-8.230000,-4.600000,8.300000,2.300000,-123.699997,1.300000
2026-05-19-15-04-00,5.230000,-8.370000,-4.550000,6.200000,0.100000,-123.199997,1.300000
2026-05-19-15-04-01,5.020000,-8.690000,-4.540000,7.100000,-7.100000,-118.099998,1.300000
2026-05-19-15-04-02,4.870000,-9.010000,-4.630000,4.000000,-0.600000,-109.699997,1.300000
2026-05-19-15-04-02,4.760000,-9.200000,-4.630000,5.000000,3.400000,-104.900002,1.300000
2026-05-19-15-04-03,4.680000,-9.000000,-4.600000,4.640000,-9.450000,-4.610000,1716816512.000000
2026-05-19-15-04-03,4.570000,-9.480000,-4.580000,5.800000,-2.400000,-96.699997,1.300000
2026-05-19-15-04-04,4.540000,-9.690000,-4.590000,4.200000,-2.200000,-93.500000,1.300000
2026-05-19-15-04-04,4.510000,-9.890000,-4.570000,1.200000,-6.100000,-88.699997,1.300000
2026-05-19-15-04-04,4.500000,-10.080000,-4.570000,-0.600000,-10.100000,-91.500000,1.300000
2026-05-19-15-04-05,4.520000,-10.230000,-4.560000,6.500000,-4.100000,-108.300003,1.300000
2026-05-19-15-04-05,4.500000,-10.380000,-4.530000,11.000000,0.900000,-124.599998,1.300000
2026-05-19-15-04-06,4.420000,-10.530000,-4.530000,10.000000,1.600000,-129.000000,1.300000
2026-05-19-15-04-06,4.250000,-10.810000,-4.670000,5.600000,3.200000,-125.000000,1.300000
2026-05-19-15-04-07,4.170000,-10.990000,-4.660000,4.300000,-1.000000,-121.900002,1.300000
2026-05-19-15-04-07,4.050000,-11.140000,-4.620000,4.200000,-4.400000,-118.699997,1.300000
2026-05-19-15-04-07,3.940000,-11.300000,-4.580000,4.400000,-4.600000,-113.500000,1.300000
2026-05-19-15-04-08,3.840000,-11.480000,-4.560000,1.100000,-4.900000,-108.699997,1.300000
2026-05-19-15-04-08,3.770000,-11.660000,-4.550000,-0.900000,-8.600000,-104.699997,1.300000
2026-05-19-15-04-09,3.690000,-11.850000,-4.530000,-1.200000,-12.600000,-100.800003,1.300000
2026-05-19-15-04-09,3.630000,-12.050000,-4.490000,0.200000,-15.000000,-97.000000,1.300000
2026-05-19-15-04-10,3.560000,-12.420000,-4.410000,-5.500000,-16.799999,-76.000000,1.300000
2026-05-19-15-04-10,3.550000,-12.610000,-4.360000,-10.500000,-17.400000,-68.000000,1.300000
2026-05-19-15-04-12,3.710000,-13.240000,-4.650000,0.600000,-25.900000,-45.599998,1.300000
2026-05-19-15-04-12,3.800000,-13.370000,1.300000,-20.100000,-38.900002,0.000000,3.700000
2026-05-19-15-04-12,3.960000,-13.490000,-4.670000,-0.600000,-13.800000,-31.100000,1.300000
2026-05-19-15-04-13,4.090000,-13.560000,-4.640000,0.300000,-12.800000,-41.099998,1.300000
2026-05-19-15-04-13,4.160000,-13.590000,-4.620000,2.800000,-11.100000,-47.599998,1.300000
2026-05-19-15-04-13,4.220000,-13.630000,-4.600000,8.100000,-7.400000,-60.200001,1.300000
2026-05-19-15-04-14,4.330000,-13.690000,-4.580000,12.700000,-0.100000,-78.500000,1.300000
2026-05-19-15-04-14,4.380000,-13.740000,-4.590000,8.100000,-1.800000,-84.699997,1.300000
2026-05-19-15-04-14,4.390000,-13.790000,-4.650000,-1.500000,-6.900000,-83.699997,1.300000
2026-05-19-15-04-15,4.390000,-13.830000,-4.680000,9.100000,1.900000,-82.300003,1.300000
2026-05-19-15-04-15,4.410000,-13.880000,-4.610000,8.700000,0.300000,-81.000000,1.300000
2026-05-19-15-04-15,4.400000,-13.900000,-4.560000,6.900000,-2.000000,-84.800003,1.300000
2026-05-19-15-04-16,4.430000,-13.920000,-4.520000,4.200000,0.300000,-105.099998,1.300000
2026-05-19-15-04-16,4.450000,-13.920000,-4.550000,-10.400000,-10.000000,-110.000000,1.300000
2026-05-19-15-04-17,4.440000,-13.930000,-4.650000,-4.800000,-4.800000,-111.599998,1.300000
2026-05-19-15-04-17,4.410000,-13.980000,-4.670000,8.800000,7.200000,-109.599998,1.300000
2026-05-19-15-04-17,4.370000,-13.980000,-4.600000,9.800000,2.400000,-106.900002,1.300000
2026-05-19-15-04-18,4.390000,-13.990000,-4.610000,6.100000,-5.400000,-104.900002,1.300000
2026-05-19-15-04-18,4.390000,-14.020000,-4.650000,0.700000,0.800000,-99.800003,1.300000
2026-05-19-15-04-19,4.360000,-14.060000,-4.640000,9.900000,2.400000,-95.300003,1.300000
2026-05-19-15-04-19,4.340000,-14.070000,-4.620000,10.500000,-6.500000,-91.900002,1.300000
2026-05-19-15-04-19,4.320000,-14.110000,-4.570000,7.500000,-6.700000,-86.900002,1.300000
2026-05-19-15-04-20,4.290000,-14.130000,-4.550000,0.800000,-7.400000,-80.400002,1.300000
2026-05-19-15-04-20,4.270000,-14.150000,-4.560000,-3.100000,-7.200000,-73.000000,1.300000
2026-05-19-15-04-20,4.240000,-14.160000,-4.630000,-0.200000,-5.200000,-66.199997,1.300000
2026-05-19-15-04-21,4.230000,-14.210000,-4.670000,9.200000,-0.000000,-60.200001,1.300000
2026-05-19-15-04-21,4.200000,-14.240000,-4.640000,3.600000,-3.500000,-55.099998,1.300000
2026-05-19-15-04-22,4.160000,-14.290000,-4.580000,3.000000,-6.000000,-48.500000,1.300000
2026-05-19-15-04-22,4.130000,-14.310000,-4.560000,2.200000,-8.900000,-42.799999,1.300000
2026-05-19-15-04-22,4.110000,-14.340000,-4.580000,0.700000,-11.000000,-35.000000,1.300000
2026-05-19-15-04-23,4.100000,-14.390000,-4.640000,1.900000,-7.000000,-29.100000,1.300000
2026-05-19-15-04-23,4.090000,-14.430000,-4.710000,2.900000,-2.700000,-25.100000,1.300000
2026-05-19-15-04-23,4.130000,-14.400000,-4.670000,1.300000,-1.400000,-21.200001,1.300000
2026-05-19-15-04-23,4.090000,-14.400000,-4.630000,2.800000,-2.400000,-18.500000,1.300000
2026-05-19-15-04-24,4.100000,-14.400000,-4.600000,5.700000,-4.000000,-15.700000,1.300000
2026-05-19-15-04-24,4.100000,-14.450000,-4.590000,6.000000,-4.900000,-13.700000,1.300000
2026-05-19-15-04-24,4.100000,-14.480000,-4.590000,3.400000,-7.300000,-10.400000,1.300000
2026-05-19-15-04-24,4.130000,-14.520000,-4.600000,0.500000,-10.000000,-7.100000,1.300000
2026-05-19-15-04-25,4.140000,-14.540000,-4.620000,-1.300000,-11.000000,-4.400000,1.300000
2026-05-19-15-04-25,4.060000,-14.480000,-4.650000,-3.800000,-10.300000,-1.400000,1.300000
2026-05-19-15-04-25,4.000000,-14.490000,-4.680000,-3.500000,-6.800000,1.700000,1.300000
2026-05-19-15-04-25,3.950000,-14.470000,-4.640000,0.800000,-1.100000,4.400000,1.300000
2026-05-19-15-04-26,3.760000,-14.340000,-4.600000,1.700000,1.500000,7.000000,1.300000
2026-05-19-15-04-26,3.730000,-14.290000,-4.560000,1.500000,3.100000,-2.300000,1.300000
2026-05-19-15-04-26,3.700000,-14.250000,-4.510000,-0.100000,4.300000,-21.400000,1.300000
2026-05-19-15-04-26,3.660000,-14.250000,-4.460000,-2.500000,4.400000,-42.400002,1.300000
2026-05-19-15-04-27,3.740000,-14.200000,-4.410000,-7.600000,-2.200000,-61.900002,1.300000
2026-05-19-15-04-27,3.840000,-14.160000,-4.000000,-19.000000,-11.300000,-60.900002,1.300000
2026-05-19-15-04-27,3.770000,-14.180000,-4.450000,-21.799999,-13.100000,-60.200001,1.300000
2026-05-19-15-04-28,3.760000,-14.200000,-4.430000,-14.000000,-11.200000,-58.799999,1.300000
2026-05-19-15-04-28,3.750000,-14.260000,-4.390000,-6.500000,-7.700000,-57.799999,1.300000
2026-05-19-15-04-28,3.740000,-14.290000,-4.340000,-7.200000,-3.100000,-57.099998,1.300000
2026-05-19-15-04-28,3.680000,-14.290000,-4.300000,-8.300000,1.100000,-56.500000,1.300000
2026-05-19-15-04-29,3.590000,-14.340000,-4.260000,-5.800000,5.800000,-54.500000,1.300000
2026-05-19-15-04-29,3.550000,-14.380000,-4.260000,0.900000,10.600000,-57.799999,1.300000
2026-05-19-15-04-29,3.540000,-14.390000,-4.230000,1.200000,11.800000,-75.199997,1.300000
2026-05-19-15-04-29,3.560000,-14.410000,-4.180000,-5.100000,10.700000,-98.000000,1.300000
2026-05-19-15-04-30,3.560000,-14.440000,-4.150000,-8.800000,5.900000,-115.099998,1.300000
2026-05-19-15-04-30,3.530000,-14.440000,-4.140000,-7.200000,-1.800000,-122.800003,1.300000
2026-05-19-15-04-30,3.460000,-14.440000,-4.130000,-3.300000,-4.900000,-128.000000,1.300000
2026-05-19-15-04-30,3.430000,-14.460000,-4.120000,1.600000,-5.700000,-132.399994,1.300000
2026-05-19-15-04-31,3.430000,-14.460000,-4.100000,4.400000,-5.500000,-135.899994,1.300000
2026-05-19-15-04-31,3.420000,-14.500000,-4.090000,7.300000,-2.300000,-152.100006,1.300000
2026-05-19-15-04-31,3.400000,-14.560000,-4.060000,9.100000,2.600000,-169.300003,1.300000
2026-05-19-15-04-31,3.280000,-14.590000,-4.050000,8.100000,4.700000,-175.600006,1.300000
2026-05-19-15-04-32,3.190000,-14.630000,-4.040000,7.800000,4.300000,179.800003,1.300000
2026-05-19-15-04-32,3.040000,-14.660000,-4.060000,6.800000,-0.900000,179.699997,1.300000
2026-05-19-15-04-32,6.860000,-14.660000,-4.070000,3.800000,-5.800000,-177.500000,1.300000
2026-05-19-15-04-33,2.680000,-14.670000,-4.050000,-1.000000,-11.300000,-172.600006,1.300000
2026-05-19-15-04-33,2.500000,-14.670000,-4.030000,-4.900000,-15.100000,-166.699997,1.300000
2026-05-19-15-04-33,2.340000,-14.690000,-3.990000,-6.600000,-15.900000,-163.100006,1.300000
2026-05-19-15-04-34,2.190000,-14.620000,-3.940000,-6.900000,-16.000000,-157.399994,1.300000
2026-05-19-15-04-34,1.920000,-15.000000,-4.050000,-4.700000,-13.500000,-145.699997,1.300000
2026-05-19-15-04-35,1.780000,-15.070000,-4.150000,-4.200000,-14.700000,-139.199997,1.300000
2026-05-19-15-04-35,1.670000,-15.180000,-4.260000,0.500000,-16.799999,-133.399994,1.300000
2026-05-19-15-04-36,1.470000,-15.450000,-4.300000,4.000000,-2.300000,-120.000000,1.300000
2026-05-19-15-04-36,1.380000,-15.610000,-4.270000,1.800000,-3.900000,-113.599998,1.300000
2026-05-19-15-04-37,1.280000,-15.770000,-4.260000,0.400000,-5.200000,-107.199997,1.300000
2026-05-19-15-04-37,1.200000,-15.910000,-4.250000,-4.500000,-7.400000,-84.800003,1.300000
2026-05-19-15-04-38,1.140000,-16.219999,-4.260000,3.300000,-14.900000,-50.400002,1.300000
2026-05-19-15-04-39,1.320000,-16.730000,-4.290000,0.400000,-5.100000,-13.700000,1.300000
2026-05-19-15-04-39,1.400000,-16.830000,-4.240000,-5.000000,-6.600000,-4.900000,1.300000
2026-05-19-15-04-40,1.530000,-16.860001,-4.200000,-6.900000,-3.100000,-18.700001,1.300000
2026-05-19-15-04-40,1.640000,-16.889999,-4.210000,-2.900000,-4.300000,-38.799999,1.300000
2026-05-19-15-04-41,1.770000,-16.950001,-4.200000,4.900000,-6.700000,-60.599998,1.300000
2026-05-19-15-04-42,2.070000,-17.410000,-4.250000,6.100000,-2.400000,-65.599998,1.300000
2026-05-19-15-04-42,2.150000,-17.570000,-4.200000,6.100000,-6.700000,-64.000000,1.300000
2026-05-19-15-04-43,2.240000,-17.750000,-4.140000,7.600000,-10.600000,-61.400002,1.300000
2026-05-19-15-04-43,2.290000,-1.000000,189.570007,-0.227000,-0.016000,0.003000,0.334000
2026-05-19-15-04-43,2.340000,-18.059999,-4.070000,-12.000000,-12.900000,-15.400000,1.300000
2026-05-19-15-04-44,2.450000,-18.139999,-4.020000,-16.600000,-8.600000,-5.400000,1.300000
2026-05-19-15-04-44,2.570000,-18.180000,-3.990000,-24.000000,-1.000000,2.100000,1.300000
2026-05-19-15-04-45,2.900000,-18.340000,-4.220000,-4.900000,-10.600000,13.500000,1.300000
2026-05-19-15-04-45,3.070000,-18.340000,-4.200000,0.300000,-8.800000,20.700001,1.300000
2026-05-19-15-04-45,3.200000,-18.299999,-4.140000,-2.700000,-10.300000,13.700000,1.300000
2026-05-19-15-04-46,3.390000,-18.209999,-4.090000,7.600000,-2.100000,-51.900002,1.300000
2026-05-19-15-04-48,3.600000,-18.879999,-4.090000,9.500000,-7.300000,-89.500000,1.300000
2026-05-19-15-04-49,3.620000,-19.030001,-4.050000,9.000000,-5.800000,-88.599998,1.300000
2026-05-19-15-04-49,3.610000,-19.230000,-4.010000,9.500000,-2.800000,-86.099998,1.300000
2026-05-19-15-04-50,3.620000,-19.459999,-4.000000,8.000000,-5.100000,-83.599998,1.300000
2026-05-19-15-04-50,3.620000,-19.660000,-3.990000,5.100000,-11.200000,-80.500000,1.300000
2026-05-19-15-04-50,3.620000,-19.830000,-3.990000,-6.500000,-18.799999,-61.299999,1.300000
2026-05-19-15-04-51,3.670000,-19.980000,-3.940000,-13.300000,-16.299999,-44.799999,1.300000
2026-05-19-15-04-51,3.750000,-20.129999,-3.950000,-1.400000,-18.000000,-40.400002,1.300000
2026-05-19-15-04-52,3.860000,-20.270000,-4.000000,-0.800000,-19.000000,-34.500000,1.300000
2026-05-19-15-04-52,4.150000,-20.480000,-4.050000,-1.000000,-11.000000,-23.100000,1.300000
2026-05-19-15-04-53,4.290000,-20.570000,-4.010000,-5.100000,-14.300000,-22.900000,1.300000
2026-05-19-15-04-53,4.440000,-20.600000,-3.960000,-1.100000,-6.600000,-39.099998,1.300000
2026-05-19-15-04-53,4.570000,-20.639999,-3.920000,2.700000,7.300000,-59.599998,1.300000
2026-05-19-15-04-54,4.630000,-20.670000,-3.920000,3.100000,12.100000,-67.800003,1.300000
2026-05-19-15-04-54,4.710000,-20.719999,-3.930000,2.700000,19.700001,-83.400002,1.300000
2026-05-19-15-04-54,4.730000,-20.840000,-3.910000,1.100000,17.000000,-114.599998,1.300000
2026-05-19-15-04-55,4.720000,-20.959999,-3.900000,3.600000,8.000000,-132.500000,1.300000
2026-05-19-15-04-55,4.640000,-21.059999,-3.910000,8.400000,0.100000,-133.500000,1.300000
2026-05-19-15-04-55,4.540000,-21.129999,-3.910000,5.800000,-6.100000,-116.300003,1.300000
2026-05-19-15-04-56,4.450000,-21.250000,-3.890000,3.600000,-6.900000,-104.199997,1.300000
2026-05-19-15-04-56,4.380000,-21.400000,-3.860000,3.300000,-8.000000,-99.000000,1.300000
2026-05-19-15-04-57,4.310000,-21.580000,-3.840000,0.700000,-9.500000,-88.300003,1.300000
2026-05-19-15-04-58,4.300000,-22.299999,-3.980000,2.100000,-17.900000,-65.599998,1.300000
2026-05-19-15-04-58,4.350000,-22.480000,-3.980000,4.200000,-12.500000,-59.200001,1.300000
2026-05-19-15-04-59,4.420000,-22.629999,-3.930000,1.900000,-13.600000,-52.599998,1.300000
2026-05-19-15-04-59,4.490000,-22.799999,-3.890000,-1.300000,-13.500000,-51.299999,1.300000
2026-05-19-15-05-00,4.590000,-22.920000,-3.850000,2.200000,-10.500000,-68.000000,1.300000
2026-05-19-15-05-00,4.670000,-23.020000,-3.810000,10.700000,-3.200000,-91.199997,1.300000
2026-05-19-15-05-00,4.710000,-23.129999,-3.790000,16.700001,4.800000,-115.500000,1.300000
2026-05-19-15-05-01,4.620000,-23.379999,-3.870000,4.100000,3.300000,-136.600006,1.300000
2026-05-19-15-05-02,4.560000,-23.469999,-3.920000,7.800000,3.600000,-136.699997,1.300000
2026-05-19-15-05-02,4.470000,-23.559999,-3.930000,7.300000,-3.700000,-138.000000,1.300000
2026-05-19-15-05-02,4.430000,-23.620001,-3.880000,4.900000,-7.300000,-130.600006,1.300000
2026-05-19-15-05-03,4.340000,-23.620001,-3.880000,-1.400000,-11.900000,-94.699997,1.300000
2026-05-19-15-05-03,4.270000,-23.750000,-3.860000,2.300000,5.300000,-62.599998,1.300000
2026-05-19-15-05-04,4.300000,-23.830000,-3.880000,3.300000,5.800000,-59.400002,1.300000
2026-05-19-15-05-04,4.280000,-23.850000,-3.870000,5.400000,-3.600000,-57.500000,1.300000
2026-05-19-15-05-04,4.240000,-23.950001,-3.840000,5.200000,-12.800000,-54.099998,1.300000
2026-05-19-15-05-05,4.260000,-24.059999,-3.810000,4.200000,-15.600000,-50.000000,1.300000
2026-05-19-15-05-05,4.240000,-24.010000,-3.730000,3.900000,-14.100000,-60.799999,1.300000
2026-05-19-15-05-05,4.250000,-24.040001,-3.730000,1.800000,-15.000000,-71.500000,1.300000
2026-05-19-15-05-06,4.280000,-24.290001,-3.790000,4.000000,-9.200000,-73.800003,1.300000
2026-05-19-15-05-06,4.290000,-24.420000,-3.820000,6.300000,-9.100000,-71.699997,1.300000
2026-05-19-15-05-07,4.290000,-24.570000,-3.780000,9.800000,-8.800000,-68.800003,1.300000
2026-05-19-15-05-07,4.290000,-24.719999,-3.760000,11.000000,-9.100000,-66.699997,1.300000
2026-05-19-15-05-08,4.320000,-24.870001,-3.800000,3.400000,-4.400000,-61.299999,1.300000
2026-05-19-15-05-08,4.360000,-25.010000,-3.790000,-1.100000,-6.200000,-59.700001,1.300000
2026-05-19-15-05-08,4.390000,-25.090000,-3.760000,-2.500000,-8.100000,-59.500000,1.300000
2026-05-19-15-05-09,4.410000,-25.170000,-3.740000,-5.000000,-12.300000,-58.500000,1.300000
2026-05-19-15-05-09,4.430000,-25.270000,-3.720000,-0.900000,-13.000000,-58.500000,1.300000
2026-05-19-15-05-09,4.470000,-25.350000,-3.690000,-0.300000,-11.300000,-57.799999,1.300000
2026-05-19-15-05-10,4.570000,-25.510000,-3.640000,0.600000,-10.200000,-54.799999,1.300000
2026-05-19-15-05-10,4.660000,-25.680000,-3.590000,2.000000,-13.600000,-52.400002,1.300000
2026-05-19-15-05-10,4.750000,-25.840000,-3.560000,1.300000,-17.400000,-49.500000,1.300000
2026-05-19-15-05-11,4.850000,-26.000000,-3.500000,0.200000,-19.000000,-46.599998,1.300000
2026-05-19-15-05-11,4.970000,-26.150000,-3.510000,-1.900000,-19.100000,-43.000000,1.300000
2026-05-19-15-05-12,5.220000,-26.000000,-3.630000,-2.000000,-20.299999,-36.700001,3.300000
2026-05-19-15-05-13,5.480000,-26.639999,-3.680000,1.400000,-11.000000,-27.600000,1.300000
2026-05-19-15-05-13,5.630000,-26.719999,-3.660000,2.000000,-12.500000,-34.299999,1.300000
2026-05-19-15-05-13,5.740000,-26.730000,-3.620000,9.200000,-5.300000,-68.099998,1.300000
2026-05-19-15-05-14,5.790000,-26.740000,-3.580000,10.600000,-1.900000,-83.900002,1.300000
2026-05-19-15-05-14,5.770000,-26.730000,-3.570000,10.800000,0.300000,-91.900002,1.300000
2026-05-19-15-05-14,5.810000,-26.879999,-3.560000,9.700000,1.200000,-95.800003,1.300000
2026-05-19-15-05-15,5.810000,-27.049999,-3.590000,7.800000,-0.000000,-96.099998,1.300000
2026-05-19-15-05-15,5.790000,-27.200001,-3.660000,3.900000,-1.400000,-94.199997,1.300000
2026-05-19-15-05-15,5.820000,-27.379999,-3.670000,5.900000,0.100000,-93.199997,1.300000
2026-05-19-15-05-16,5.810000,-27.570000,-3.610000,7.800000,-5.100000,-91.400002,1.300000
2026-05-19-15-05-16,5.750000,-27.719999,-3.570000,3.100000,-9.200000,-71.300003,1.300000
2026-05-19-15-05-17,5.720000,-27.900000,-3.540000,1.600000,-6.600000,-57.200001,1.300000
2026-05-19-15-05-17,5.740000,-28.049999,-3.510000,-1.600000,-6.300000,-50.000000,1.300000
2026-05-19-15-05-17,5.760000,-28.150000,-3.520000,-5.400000,-8.400000,-45.099998,1.300000
2026-05-19-15-05-18,5.770000,-28.230000,-3.540000,-3.900000,-11.400000,-42.500000,1.300000
2026-05-19-15-05-18,5.770000,-28.299999,-3.570000,-0.100000,-15.000000,-39.500000,1.300000
2026-05-19-15-05-19,5.840000,-28.410000,-3.570000,1.200000,-11.500000,-35.400002,1.300000
2026-05-19-15-05-20,6.000000,-28.000000,195.800003,-0.052000,-0.269000,0.004000,0.346000
2026-05-19-15-05-20,6.190000,-28.740000,-3.610000,0.400000,-10.100000,-25.600000,1.300000
2026-05-19-15-05-20,6.330000,-28.860001,-3.590000,-0.000000,-14.300000,-21.400000,1.300000
2026-05-19-15-05-20,6.490000,-28.980000,-3.530000,-2.200000,-14.100000,-19.100000,1.300000
2026-05-19-15-05-21,6.640000,-29.049999,-3.490000,1.400000,-16.100000,-34.299999,1.300000
2026-05-19-15-05-22,7.080000,-29.559999,-3.500000,-3.400000,-16.799999,-45.299999,1.300000
2026-05-19-15-05-23,7.150000,-29.730000,-3.540000,6.700000,-10.300000,-44.200001,1.300000
2026-05-19-15-05-23,7.270000,-29.879999,-3.530000,7.200000,-9.100000,-40.599998,1.300000
2026-05-19-15-05-24,7.340000,-29.969999,-3.490000,9.600000,-12.000000,-50.000000,1.300000
2026-05-19-15-05-24,7.380000,-29.990000,-3.480000,11.800000,-9.300000,-61.200001,1.300000
2026-05-19-15-05-24,7.380000,-30.020000,-3.480000,14.000000,-4.000000,-80.400002,1.300000
2026-05-19-15-05-24,7.500000,-30.219999,-3.430000,13.600000,-3.500000,-88.099998,1.300000
2026-05-19-15-05-25,7.500000,-30.400000,-3.410000,11.200000,-5.200000,-89.699997,1.300000
2026-05-19-15-05-25,7.500000,-30.590000,-3.460000,6.200000,-7.900000,-88.500000,1.300000
2026-05-19-15-05-26,7.490000,-30.750000,-3.540000,5.600000,-6.800000,-87.400002,1.300000
2026-05-19-15-05-26,7.540000,-30.940001,-3.560000,5.600000,3.100000,-84.500000,1.300000
2026-05-19-15-05-26,7.500000,-31.070000,-3.540000,7.400000,-4.900000,-85.900002,1.300000
2026-05-19-15-05-27,7.480000,-31.170000,-3.510000,4.800000,-9.800000,-79.199997,1.300000
2026-05-19-15-05-27,7.440000,-31.270000,-3.460000,-4.000000,-13.200000,-54.400002,1.300000
2026-05-19-15-05-27,7.460000,-31.340000,-3.440000,-3.400000,-11.900000,-52.299999,1.300000
2026-05-19-15-05-28,7.630000,-31.610001,-3.450000,-2.100000,-6.300000,-46.799999,1.300000
2026-05-19-15-05-29,7.730000,-31.760000,-3.510000,-1.300000,-8.100000,-41.799999,1.300000
2026-05-19-15-05-29,7.840000,-31.900000,-3.490000,-0.900000,-13.700000,-36.599998,1.300000
2026-05-19-15-05-29,7.950000,-32.040001,-3.440000,-3.300000,-16.700001,-31.200001,1.300000
2026-05-19-15-05-30,8.100000,-32.139999,-3.400000,1.600000,-17.600000,-45.099998,1.300000
2026-05-19-15-05-30,8.220000,-32.240002,-3.370000,12.600000,-16.000000,-61.299999,1.300000
2026-05-19-15-05-31,8.300000,-32.389999,-3.320000,14.300000,-16.799999,-67.800003,1.300000
2026-05-19-15-05-31,8.360000,-32.560001,-3.270000,12.900000,-17.799999,-70.000000,1.300000
2026-05-19-15-05-31,8.420000,-32.750000,-3.220000,11.900000,-20.299999,-71.599998,1.300000
2026-05-19-15-05-32,8.450000,-32.930000,-3.150000,9.400000,-21.600000,-71.199997,1.300000
2026-05-19-15-05-32,8.490000,-33.110001,-3.170000,6.900000,-20.200001,-69.199997,1.300000
2026-05-19-15-05-32,8.540000,-33.270000,-3.250000,5.000000,-20.100000,-67.199997,1.300000
2026-05-19-15-05-33,8.610000,-33.419998,-3.340000,4.000000,-22.900000,-65.300003,1.300000
2026-05-19-15-05-33,8.670000,-33.570000,-3.410000,2.600000,-27.600000,-62.099998,1.300000
2026-05-19-15-05-34,8.750000,-33.730000,-3.420000,3.200000,-23.000000,-58.900002,1.300000
2026-05-19-15-05-34,8.780000,-33.840000,-3.410000,2.000000,-23.799999,-57.599998,1.300000
2026-05-19-15-05-34,8.800000,-33.910000,-3.390000,0.200000,-23.600000,-55.700001,1.300000
2026-05-19-15-05-34,8.800000,-33.919998,-3.380000,-1.000000,-18.799999,-49.500000,1.300000
2026-05-19-15-05-35,8.830000,-34.040001,-3.350000,-0.700000,-14.400000,-38.700001,1.300000
2026-05-19-15-05-36,9.030000,-34.299999,-3.320000,-4.000000,-7.600000,-27.000000,1.300000
2026-05-19-15-05-36,9.130000,-34.380001,-3.390000,-5.600000,-9.000000,-22.500000,1.300000
2026-05-19-15-05-36,9.240000,-34.500000,-3.420000,3.700000,-9.900000,-18.500000,1.300000
2026-05-19-15-05-37,9.370000,-34.599998,-3.350000,2.900000,-10.900000,-15.200000,1.300000
2026-05-19-15-05-37,9.500000,-34.680000,-3.290000,0.000000,-11.700000,-21.000000,1.300000
2026-05-19-15-05-38,9.620000,-34.709999,-3.260000,3.800000,-12.700000,-42.799999,1.300000
2026-05-19-15-05-38,9.760000,-34.779999,-3.230000,10.100000,-10.700000,-60.799999,1.300000
2026-05-19-15-05-38,9.850000,-34.889999,-3.260000,8.300000,-8.500000,-63.900002,1.300000
2026-05-19-15-05-39,9.930000,-34.990002,-3.310000,6.900000,-7.700000,-63.000000,1.300000
2026-05-19-15-05-39,9.970000,-35.130001,-3.330000,6.400000,-2.800000,-61.599998,1.300000
2026-05-19-15-05-39,10.010000,-35.290001,-3.290000,7.900000,-9.600000,-61.299999,1.300000
2026-05-19-15-05-40,10.090000,-35.450001,-3.230000,5.600000,-9.900000,-58.299999,1.300000
2026-05-19-15-05-40,10.180000,-35.610001,-3.170000,3.200000,-10.800000,-54.400002,1.300000
2026-05-19-15-05-41,10.240000,-35.779999,-3.140000,-0.000000,-13.100000,-47.200001,1.300000
2026-05-19-15-05-41,10.330000,-35.919998,-3.120000,-3.600000,-16.200001,-40.900002,1.300000
2026-05-19-15-05-41,10.410000,-36.060001,-3.080000,-9.400000,-16.600000,-25.600000,1.300000
2026-05-19-15-05-42,10.540000,-36.180000,-3.020000,-9.800000,-16.900000,-19.900000,1.300000
2026-05-19-15-05-42,10.700000,-36.270000,-2.960000,-8.600000,-17.700001,-17.299999,1.300000
2026-05-19-15-05-42,10.840000,-36.380001,-2.900000,-6.100000,-19.000000,-15.900000,1.300000
2026-05-19-15-05-43,11.000000,-36.470001,-2.830000,-4.100000,-20.400000,-14.100000,1.300000
2026-05-19-15-05-43,11.160000,-36.549999,-2.750000,-3.400000,-21.799999,-12.400000,1.300000
2026-05-19-15-05-44,11.320000,-36.610001,-2.680000,-2.800000,-22.799999,-11.600000,1.300000
2026-05-19-15-05-44,11.440000,-36.700001,-2.630000,-2.100000,-23.200001,-11.300000,1.300000
2026-05-19-15-05-44,11.610000,-36.759998,-2.620000,-1.500000,-22.900000,-10.800000,1.300000
2026-05-19-15-05-45,11.680000,-36.830002,-2.570000,-2.900000,-24.400000,-10.700000,1.300000
2026-05-19-15-05-45,11.760000,-36.860001,-2.560000,-4.100000,-25.200001,-13.900000,1.300000
2026-05-19-15-05-45,11.830000,-36.880001,-2.550000,-3.000000,-22.900000,-16.799999,1.300000
2026-05-19-15-05-46,11.920000,-36.910000,-2.520000,-5.500000,-16.400000,-11.600000,1.300000
2026-05-19-15-05-46,12.090000,-36.970001,-2.460000,0.300000,-12.400000,-8.600000,1.300000
2026-05-19-15-05-47,12.230000,-37.009998,-2.440000,2.600000,-16.200001,-7.500000,1.300000
2026-05-19-15-05-47,12.330000,-37.029999,-2.460000,1.600000,-20.600000,-7.700000,1.300000
2026-05-19-15-05-47,12.400000,-37.040001,-2.480000,-0.000000,-22.100000,-9.000000,1.300000
2026-05-19-15-05-48,12.490000,-37.049999,-2.480000,-0.300000,-19.100000,-9.100000,1.300000
2026-05-19-15-05-48,12.630000,-37.080002,-2.450000,0.700000,-16.700001,-8.200000,1.300000
2026-05-19-15-05-48,12.720000,-37.090000,-2.440000,0.900000,-17.299999,-8.700000,1.300000
2026-05-19-15-05-49,12.790000,-37.099998,-2.460000,0.300000,-17.500000,-9.800000,1.300000
2026-05-19-15-05-49,12.820000,-37.099998,-2.470000,-0.100000,-17.200001,-10.400000,1.300000
2026-05-19-15-05-49,12.870000,-37.099998,-2.510000,-1.000000,-15.900000,-11.800000,1.300000
2026-05-19-15-05-50,12.910000,-37.099998,-2.540000,-0.900000,-14.000000,-13.300000,1.300000
2026-05-19-15-05-50,12.940000,-37.099998,-2.590000,-0.300000,-12.900000,-15.000000,1.300000
2026-05-19-15-05-51,12.960000,-37.090000,-2.650000,0.200000,-11.700000,-16.700001,1.300000
2026-05-19-15-05-51,12.980000,-37.080002,-2.720000,0.400000,-10.300000,-18.299999,1.300000
2026-05-19-15-05-51,12.990000,-37.070000,-2.780000,0.100000,-9.900000,-19.900000,1.300000
2026-05-19-15-05-52,12.990000,-37.060001,-2.830000,0.000000,-9.500000,-20.900000,1.300000
2026-05-19-15-05-52,13.000000,-37.049999,-2.900000,-0.200000,-8.100000,-22.299999,1.300000
2026-05-19-15-05-53,13.000000,-37.029999,-2.970000,-0.200000,-7.900000,-23.600000,1.300000
2026-05-19-15-05-53,13.000000,-37.029999,-3.040000,0.200000,-7.200000,-24.600000,1.300000
2026-05-19-15-05-53,13.030000,-37.020000,-3.080000,0.600000,-1.000000,-25.500000,1.300000
2026-05-19-15-05-54,13.120000,-37.060001,-3.100000,3.200000,0.900000,-25.400000,1.300000
2026-05-19-15-05-54,13.230000,-37.119999,-3.100000,4.100000,-2.000000,-25.000000,1.300000
2026-05-19-15-05-54,13.310000,-37.200001,-3.060000,4.400000,-8.900000,-25.799999,1.300000
2026-05-19-15-05-55,13.520000,-37.250000,-3.090000,9.500000,-11.900000,-45.299999,1.300000
2026-05-19-15-05-55,13.660000,-37.349998,-3.040000,12.000000,-10.300000,-57.000000,1.300000
2026-05-19-15-05-55,13.780000,-37.500000,-3.000000,12.500000,-11.800000,-61.000000,1.300000
2026-05-19-15-05-56,13.880000,-37.669998,-2.970000,10.400000,-14.800000,-62.500000,1.300000
2026-05-19-15-05-56,13.970000,-37.830002,-2.920000,11.200000,-17.299999,-69.300003,1.300000
2026-05-19-15-05-57,14.040000,-37.950001,-2.890000,19.200001,-13.300000,-94.199997,1.300000
2026-05-19-15-05-57,14.030000,-38.299999,-2.830000,21.000000,-15.200000,-121.900002,1.300000
2026-05-19-15-05-58,13.900000,-38.590000,-2.920000,10.700000,-50.900002,-137.100006,1.300000
2026-05-19-15-05-58,13.820000,-38.669998,-2.860000,5.900000,-52.000000,-135.699997,1.300000
2026-05-19-15-05-59,13.720000,-38.730000,-2.760000,11.000000,-49.700001,-136.500000,1.300000
2026-05-19-15-05-59,13.600000,-38.830002,-2.720000,11.500000,-46.400002,-132.500000,1.300000
2026-05-19-15-06-00,13.470000,-38.939999,-2.720000,4.900000,-43.599998,-126.199997,1.300000
2026-05-19-15-06-00,13.350000,-39.099998,-2.740000,-0.300000,-43.299999,-120.400002,1.300000
2026-05-19-15-06-00,13.250000,-39.259998,-2.760000,-3.800000,-45.099998,-115.300003,1.300000
2026-05-19-15-06-01,13.150000,-39.400002,-2.810000,-6.400000,-48.000000,-110.599998,1.300000
2026-05-19-15-06-01,13.060000,-39.520000,-2.910000,-6.600000,-44.400002,-106.900002,1.300000
2026-05-19-15-06-02,13.010000,-39.580002,-2.970000,-2.000000,-36.700001,-106.800003,1.300000
2026-05-19-15-06-02,12.930000,-39.709999,-2.940000,1.600000,-27.600000,-104.099998,1.300000
2026-05-19-15-06-02,12.840000,-39.869999,-2.880000,1.800000,-26.299999,-99.400002,1.300000
2026-05-19-15-06-03,12.770000,-40.060001,-2.820000,4.400000,-29.799999,-94.599998,1.300000
2026-05-19-15-06-03,12.720000,-40.230000,-2.810000,8.100000,-34.000000,-92.300003,1.300000
2026-05-19-15-06-03,12.710000,-40.349998,-2.910000,4.700000,-31.100000,-86.900002,1.300000
2026-05-19-15-06-04,12.710000,-40.439999,-3.040000,3.000000,-24.900000,-82.599998,1.300000
2026-05-19-15-06-04,12.730000,-40.500000,-3.170000,1.500000,-19.299999,-80.699997,1.300000
2026-05-19-15-06-04,12.750000,-40.549999,-3.230000,-0.100000,-4.700000,-78.099998,1.300000
2026-05-19-15-06-05,12.850000,-40.619999,-3.180000,7.700000,4.300000,-76.500000,1.300000
2026-05-19-15-06-05,12.880000,-40.669998,-3.130000,8.600000,0.200000,-75.000000,1.300000
2026-05-19-15-06-06,12.910000,-40.720001,-3.100000,8.200000,-7.700000,-73.099998,1.300000
2026-05-19-15-06-06,12.900000,-40.790001,-3.110000,8.000000,-12.000000,-71.300003,1.300000
2026-05-19-15-06-06,12.880000,-40.860001,-3.110000,-0.300000,-21.700001,-48.400002,1.300000
2026-05-19-15-06-07,12.870000,-40.950001,-3.090000,-16.700001,-22.900000,-11.600000,1.300000
2026-05-19-15-06-07,12.900000,-41.000000,-3.080000,-19.500000,-18.500000,-3.400000,1.300000
2026-05-19-15-06-07,13.010000,-41.020000,-3.040000,-18.299999,-12.400000,1.600000,1.300000
2026-05-19-15-06-08,13.160000,-41.029999,-3.010000,-15.500000,-11.500000,7.900000,1.300000
2026-05-19-15-06-08,13.330000,-41.009998,-3.000000,-10.000000,-13.300000,15.100000,1.300000
2026-05-19-15-06-09,13.470000,-40.980000,-3.060000,-9.600000,-14.500000,21.700001,1.300000
2026-05-19-15-06-09,13.560000,-40.959999,-3.080000,-9.500000,-17.799999,29.200001,1.300000
2026-05-19-15-06-09,13.630000,-40.939999,-3.050000,-8.200000,-11.200000,33.700001,1.300000
2026-05-19-15-06-10,13.690000,-40.919998,-3.040000,-7.500000,-7.200000,38.599998,1.300000
2026-05-19-15-06-10,13.740000,-40.910000,-3.030000,-7.000000,-4.100000,42.200001,1.300000
2026-05-19-15-06-11,13.770000,-40.900002,-3.030000,-6.500000,-3.500000,45.500000,1.300000
2026-05-19-15-06-11,13.790000,-40.889999,-3.030000,-6.700000,-4.000000,47.700001,1.300000
2026-05-19-15-06-11,13.830000,-40.880001,-3.040000,-6.100000,-3.200000,50.700001,1.300000
2026-05-19-15-06-12,13.850000,-40.860001,-3.020000,-5.700000,-2.300000,51.400002,1.300000
2026-05-19-15-06-12,13.860000,-40.860001,-3.020000,-5.500000,-2.600000,52.700001,1.300000
2026-05-19-15-06-12,13.900000,-40.849998,-3.050000,-4.700000,-0.800000,53.500000,1.300000
2026-05-19-15-06-13,13.910000,-40.840000,-3.030000,-4.000000,-1.600000,53.000000,1.300000
2026-05-19-15-06-13,13.910000,-40.830002,-3.020000,-4.000000,-0.300000,53.500000,1.300000
2026-05-19-15-06-14,13.920000,-40.810001,-3.020000,-4.400000,0.400000,53.599998,1.300000
2026-05-19-15-06-14,13.930000,-40.790001,-3.030000,-4.700000,1.200000,52.799999,1.300000
2026-05-19-15-06-14,13.940000,-40.790001,-3.030000,-4.200000,0.700000,53.500000,1.300000
2026-05-19-15-06-15,13.920000,-40.790001,-3.040000,-4.300000,0.000000,53.000000,1.300000
2026-05-19-15-06-15,13.950000,-40.759998,-3.040000,-4.000000,0.400000,52.599998,1.300000
2026-05-19-15-06-15,13.970000,-40.759998,-3.040000,-3.700000,0.500000,52.200001,1.300000
2026-05-19-15-06-16,13.970000,-40.750000,-3.040000,-3.600000,0.200000,51.500000,1.300000
2026-05-19-15-06-16,13.980000,-40.740002,-3.040000,-3.900000,0.600000,50.700001,1.300000
2026-05-19-15-06-16,13.980000,-40.730000,-3.030000,-4.000000,0.000000,50.299999,1.300000
2026-05-19-15-06-17,13.990000,-40.709999,-3.040000,-4.600000,1.100000,49.799999,1.300000
2026-05-19-15-06-17,13.980000,-40.700001,-3.040000,-3.900000,-0.300000,48.400002,1.300000
2026-05-19-15-06-18,13.990000,-40.689999,-3.040000,-3.600000,0.500000,48.299999,1.300000
2026-05-19-15-06-18,13.990000,-40.680000,-3.040000,-3.400000,-0.100000,47.000000,1.300000
2026-05-19-15-06-18,13.990000,-40.669998,-3.040000,-3.800000,0.200000,46.599998,1.300000
2026-05-19-15-06-19,14.000000,-40.650002,-3.040000,-3.500000,0.500000,46.400002,1.300000
2026-05-19-15-06-19,13.990000,-40.630001,-3.040000,-4.400000,0.200000,44.900002,1.300000
2026-05-19-15-06-20,13.990000,-40.630001,-3.060000,-4.200000,-0.300000,45.200001,1.300000
2026-05-19-15-06-20,14.010000,-40.619999,-3.050000,-3.300000,0.500000,44.200001,1.300000
2026-05-19-15-06-20,14.000000,-40.599998,-3.040000,-3.700000,0.100000,43.200001,1.300000
2026-05-19-15-06-21,14.000000,-40.590000,-3.050000,-3.400000,-0.100000,43.500000,1.300000
2026-05-19-15-06-21,14.000000,-40.590000,-3.030000,-3.400000,-0.700000,42.099998,1.300000
2026-05-19-15-06-21,13.990000,-40.529999,-3.040000,-4.100000,0.600000,21.000000,1.300000
2026-05-19-15-06-22,13.980000,-40.470001,-3.040000,-3.200000,-2.100000,0.700000,1.300000
2026-05-19-15-06-22,13.990000,-40.439999,-3.050000,-3.200000,-3.100000,-11.800000,1.300000
2026-05-19-15-06-23,14.000000,-40.419998,-3.080000,-3.700000,-4.500000,-19.700001,1.300000
2026-05-19-15-06-23,14.010000,-40.400002,-3.080000,-4.000000,-3.900000,-24.900000,1.300000
2026-05-19-15-06-23,14.020000,-40.389999,-3.070000,-3.000000,-2.800000,-30.400000,1.300000
2026-05-19-15-06-24,14.030000,-40.369999,-3.050000,-1.500000,-3.500000,-33.400002,1.300000
2026-05-19-15-06-24,14.040000,-40.369999,-3.050000,-0.300000,-3.300000,-35.099998,1.300000
2026-05-19-15-06-24,14.070000,-40.389999,-3.050000,-0.200000,-1.700000,-34.599998,1.300000
2026-05-19-15-06-25,14.110000,-40.400002,-3.080000,-0.300000,-1.100000,-33.099998,1.300000
2026-05-19-15-06-25,14.300000,-40.480000,-3.080000,-0.400000,-2.700000,-29.500000,1.300000
2026-05-19-15-06-25,14.450000,-40.570000,-3.070000,-2.300000,-7.000000,-20.500000,1.300000
2026-05-19-15-06-26,14.590000,-40.630001,-3.040000,-9.100000,-10.600000,-4.500000,1.300000
2026-05-19-15-06-26,14.730000,-40.639999,-3.030000,-11.600000,-14.500000,4.200000,1.300000
2026-05-19-15-06-26,14.900000,-40.630001,-2.990000,-9.200000,-16.600000,10.800000,1.300000
2026-05-19-15-06-27,15.070000,-40.590000,-2.960000,-8.500000,-20.200001,16.500000,1.300000
2026-05-19-15-06-27,15.240000,-40.549999,-2.910000,-0.700000,-24.299999,9.100000,1.300000
2026-05-19-15-06-28,15.370000,-40.480000,-2.860000,9.800000,-21.900000,-6.800000,1.300000
2026-05-19-15-06-28,15.510000,-40.430000,-2.790000,13.500000,-16.500000,-14.500000,1.300000
2026-05-19-15-06-28,15.680000,-40.439999,-2.730000,14.700000,-14.600000,-16.200001,1.300000
2026-05-19-15-06-29,15.870000,-40.480000,-2.690000,17.500000,-17.200001,-17.600000,1.300000
2026-05-19-15-06-29,16.049999,-40.509998,-2.700000,18.900000,-19.400000,-17.200001,1.300000
2026-05-19-15-06-30,16.379999,-40.580002,-2.830000,5.300000,-26.299999,-10.900000,1.300000
2026-05-19-15-06-30,16.000000,-40.000000,-2.900000,0.333000,-0.034000,-0.405000,193.199997
2026-05-19-15-06-31,16.719999,-40.660000,-2.980000,-6.000000,-38.700001,-3.000000,1.300000
2026-05-19-15-06-31,16.860001,-40.709999,-2.970000,-9.100000,-42.799999,1.600000,1.300000
2026-05-19-15-06-31,16.990000,-40.730000,-2.900000,-8.800000,-44.500000,5.100000,1.300000
2026-05-19-15-06-32,17.129999,-40.759998,-2.840000,-1.800000,-45.599998,10.100000,1.300000
2026-05-19-15-06-33,17.450001,-40.700001,-2.830000,-8.300000,-41.000000,23.200001,1.000000
2026-05-19-15-06-33,17.620001,-40.689999,-2.840000,-11.300000,-42.500000,30.600000,1.300000
2026-05-19-15-06-34,17.940001,-40.599998,-2.870000,-20.299999,-49.400002,49.299999,1.300000
2026-05-19-15-06-34,18.100000,-40.529999,-2.860000,-25.700001,-52.200001,59.400002,1.300000
2026-05-19-15-06-34,18.200001,-40.459999,-2.840000,-27.799999,-53.099998,65.199997,1.300000
2026-05-19-15-06-35,18.420000,-40.320000,-2.710000,-30.000000,-54.299999,73.699997,1.300000
2026-05-19-15-06-35,18.719999,-40.119999,-2.420000,-32.900002,-54.799999,85.099998,1.300000
2026-05-19-15-06-35,19.049999,-39.910000,-1.950000,-36.000000,-54.799999,97.400002,1.400000
2026-05-19-15-06-36,-39.599998,-1.360000,1.400000,-53.400002,108.199997,0.000000,-37.900002
2026-05-19-15-06-36,19.080000,-39.810001,-2.070000,-37.799999,-52.200001,113.000000,1.400000
2026-05-19-15-06-36,19.100000,-39.720001,-2.040000,-37.500000,-51.599998,116.400002,1.400000
2026-05-19-15-06-37,19.120001,-39.529999,-2.010000,-31.000000,-53.400002,118.000000,1.400000
2026-05-19-15-06-37,19.150000,-39.439999,-2.080000,-2.400000,-55.000000,102.699997,1.400000
2026-05-19-15-06-37,19.150000,-39.320000,-2.060000,0.500000,-52.400002,109.500000,1.400000
2026-05-19-15-06-38,19.090000,-39.070000,-1.970000,-2.400000,-52.400002,131.899994,1.400000
2026-05-19-15-06-38,19.010000,-38.939999,-1.950000,-7.600000,-49.700001,141.199997,1.400000
2026-05-19-15-06-39,18.889999,-38.810001,-1.940000,-10.800000,-49.599998,149.300003,1.400000
2026-05-19-15-06-39,18.770000,-38.700001,-1.980000,-14.000000,-51.500000,156.500000,1.400000
2026-05-19-15-06-40,18.660000,-38.610001,-2.100000,-14.200000,-48.599998,160.399994,1.400000
2026-05-19-15-06-40,18.559999,-38.529999,-2.230000,-12.100000,-41.900002,162.800003,1.400000
2026-05-19-15-06-40,18.450001,-38.470001,-2.370000,-8.700000,-32.599998,165.199997,1.400000
2026-05-19-15-06-41,18.360001,-38.439999,-2.520000,-4.600000,-22.900000,167.300003,1.400000
2026-05-19-15-06-41,18.299999,-38.419998,-2.590000,2.800000,-11.200000,169.500000,1.400000
2026-05-19-15-06-42,18.240000,-38.419998,-2.620000,5.600000,6.800000,173.199997,1.400000
2026-05-19-15-06-42,18.190001,-38.450001,-2.640000,2.900000,5.600000,178.399994,1.400000
2026-05-19-15-06-43,18.129999,-38.419998,-2.640000,1.400000,-2.000000,-177.100006,1.400000
2026-05-19-15-06-43,18.070000,-38.410000,-2.610000,4.300000,-4.600000,-178.500000,1.400000
2026-05-19-15-06-43,18.010000,-38.439999,-2.580000,11.400000,-0.300000,145.500000,1.400000
2026-05-19-15-06-43,17.900000,-38.450001,-2.570000,9.900000,7.300000,105.900002,1.400000
2026-05-19-15-06-44,17.799999,-38.400002,-2.580000,5.000000,11.300000,65.699997,1.400000
2026-05-19-15-06-44,17.730000,-38.320000,-2.600000,1.300000,9.300000,24.700001,1.400000
2026-05-19-15-06-44,17.700001,-38.250000,-2.630000,-0.800000,6.400000,4.600000,1.400000
2026-05-19-15-06-45,17.750000,-38.209999,-2.600000,-0.100000,3.600000,-9.500000,1.400000
2026-05-19-15-06-45,17.840000,-38.200001,-2.580000,1.200000,0.300000,-14.300000,1.400000
2026-05-19-15-06-45,17.910000,-38.189999,-2.540000,2.700000,-3.900000,-16.600000,1.400000
2026-05-19-15-06-46,18.090000,-38.340000,-2.490000,3.600000,-10.500000,-15.700000,1.400000
2026-05-19-15-06-46,18.209999,-38.389999,-2.460000,3.900000,-12.300000,-13.500000,1.400000
2026-05-19-15-06-46,18.350000,-38.419998,-2.400000,3.200000,-13.100000,-11.100000,1.400000
2026-05-19-15-06-47,18.639999,-38.520000,-2.270000,-4.800000,-18.700001,-4.200000,1.400000
2026-05-19-15-06-47,18.809999,-38.560001,-2.230000,-7.800000,-21.400000,-1.500000,1.400000
2026-05-19-15-06-48,18.980000,-38.590000,-2.160000,-7.300000,-22.000000,1.600000,1.400000
2026-05-19-15-06-48,19.170000,-38.599998,-2.080000,-5.600000,-21.700001,5.200000,1.400000
2026-05-19-15-06-48,19.360001,-38.610001,-2.000000,-5.700000,-22.000000,9.100000,1.400000
2026-05-19-15-06-49,19.549999,-38.599998,-1.940000,0.200000,-23.500000,0.700000,1.400000
2026-05-19-15-06-49,19.680000,-38.570000,-1.880000,10.800000,-22.100000,-17.400000,1.400000
2026-05-19-15-06-50,19.770000,-38.580002,-1.860000,9.500000,-19.600000,-19.799999,1.400000
2026-05-19-15-06-50,19.900000,-38.639999,-1.800000,4.500000,-15.600000,-17.600000,1.400000
2026-05-19-15-06-51,20.379999,-38.840000,-1.940000,-0.600000,-16.500000,-7.700000,1.400000
2026-05-19-15-06-51,20.540001,-38.880001,-1.950000,-1.300000,-25.400000,-3.700000,1.400000
2026-05-19-15-06-53,21.059999,-38.970001,-2.060000,-10.000000,-40.900002,12.600000,1.400000
2026-05-19-15-06-53,21.240000,-38.959999,-2.060000,-13.300000,-43.299999,18.400000,1.400000
2026-05-19-15-06-54,21.580000,-38.919998,-2.050000,-20.100000,-48.099998,35.400002,1.400000
2026-05-19-15-06-54,21.709999,-38.910000,-1.980000,-15.700000,-50.700001,39.799999,1.400000
2026-05-19-15-06-55,21.750000,-38.860001,-1.950000,20.200001,-48.799999,-2.000000,1.400000
2026-05-19-15-06-55,21.750000,-38.860001,-1.940000,28.000000,-43.700001,-12.800000,1.400000
2026-05-19-15-06-55,21.760000,-38.910000,-1.920000,31.200001,-33.900002,-22.299999,1.400000
2026-05-19-15-06-55,21.910000,-38.950001,-1.850000,22.000000,-26.400000,-23.900000,1.400000
2026-05-19-15-06-56,22.040001,-39.049999,-1.780000,8.100000,-25.500000,-19.500000,1.400000
2026-05-19-15-06-56,22.160000,-39.130001,-1.750000,-6.400000,-27.200001,-14.900000,1.400000
2026-05-19-15-06-56,22.230000,-39.189999,-1.750000,-13.900000,-25.500000,-12.100000,1.400000
2026-05-19-15-06-57,22.280001,-39.250000,-1.730000,-13.100000,-19.799999,-11.000000,1.400000
2026-05-19-15-06-57,22.309999,-39.290001,-1.730000,-8.200000,-14.300000,-10.600000,1.400000
2026-05-19-15-06-58,22.340000,-39.330002,-1.750000,-3.900000,-9.500000,-10.000000,1.400000
2026-05-19-15-06-58,22.360001,-39.360001,-1.780000,-2.000000,-7.000000,-8.600000,1.400000
2026-05-19-15-06-58,22.420000,-39.389999,-1.810000,-2.100000,-3.900000,-6.000000,1.400000
2026-05-19-15-06-59,22.570000,-39.430000,-1.820000,-2.800000,-0.800000,-2.200000,1.400000
2026-05-19-15-06-59,22.760000,-39.470001,-1.820000,-1.300000,-3.700000,-0.200000,1.400000
2026-05-19-15-07-00,22.920000,-39.480000,-1.840000,3.500000,-10.200000,-16.500000,1.400000
2026-05-19-15-07-00,23.080000,-39.509998,-1.820000,5.900000,-14.500000,-19.700001,1.400000
2026-05-19-15-07-00,23.209999,-39.590000,-1.800000,-3.800000,-17.299999,0.600000,1.400000
2026-05-19-15-07-01,23.379999,-39.650002,-1.740000,-12.800000,-14.200000,16.400000,1.400000
2026-05-19-15-07-01,23.559999,-39.639999,-1.680000,-14.300000,-11.000000,23.000000,1.400000
2026-05-19-15-07-01,23.760000,-39.590000,-1.630000,-11.800000,-11.000000,24.500000,1.400000
2026-05-19-15-07-02,23.959999,-39.540001,-1.580000,-9.600000,-12.700000,27.400000,1.400000
2026-05-19-15-07-02,24.139999,-39.490002,-1.590000,-7.100000,-12.800000,30.600000,1.400000
2026-05-19-15-07-03,24.450001,-39.380001,-1.800000,-5.500000,-17.299999,39.299999,1.400000
2026-05-19-15-07-03,24.590000,-39.290001,-1.880000,-4.500000,-24.100000,44.900002,1.400000
2026-05-19-15-07-04,24.719999,-39.209999,-1.880000,-3.800000,-32.599998,51.599998,1.400000
2026-05-19-15-07-04,24.840000,-39.110001,-1.840000,-8.300000,-37.599998,60.099998,1.400000
2026-05-19-15-07-05,24.920000,-39.020000,-1.750000,-12.200000,-35.299999,65.500000,1.400000
2026-05-19-15-07-05,24.969999,-38.980000,-1.690000,-12.800000,-34.200001,66.500000,1.400000
2026-05-19-15-07-05,25.000000,-38.910000,-1.630000,-9.800000,-33.099998,62.299999,1.400000
2026-05-19-15-07-05,24.980000,-38.880001,-1.630000,5.900000,-24.600000,37.500000,1.400000
2026-05-19-15-07-06,25.370001,-38.680000,-1.690000,-3.500000,-26.100000,27.000000,1.400000
2026-05-19-15-07-07,25.690001,-38.590000,-1.800000,-9.800000,-35.099998,32.799999,1.400000
2026-05-19-15-07-08,25.840000,-38.540001,-1.870000,-13.900000,-41.099998,39.500000,1.400000
2026-05-19-15-07-09,26.440001,-38.250000,-1.910000,-29.799999,-53.000000,73.900002,1.400000
2026-05-19-15-07-10,26.540001,-38.169998,-1.970000,-26.000000,-50.200001,76.699997,1.400000
2026-05-19-15-07-10,26.629999,-38.070000,-2.070000,-18.299999,-43.700001,76.199997,1.400000
2026-05-19-15-07-10,26.719999,-37.980000,-2.180000,-8.100000,-32.900002,75.199997,1.400000
2026-05-19-15-07-11,26.760000,-37.889999,-2.260000,-0.300000,-8.800000,75.199997,1.400000
2026-05-19-15-07-11,26.770000,-37.790001,-2.280000,3.100000,7.200000,78.199997,1.400000
2026-05-19-15-07-11,26.780001,-37.689999,-2.250000,8.600000,9.300000,81.199997,1.400000
2026-05-19-15-07-12,26.750000,-37.619999,-2.230000,9.600000,7.700000,64.800003,1.400000
2026-05-19-15-07-12,26.740000,-37.529999,-2.230000,7.900000,8.200000,29.100000,1.400000
2026-05-19-15-07-13,26.750000,-37.430000,-2.230000,8.400000,3.700000,12.400000,1.400000
2026-05-19-15-07-13,26.809999,-37.360001,-2.260000,7.100000,-0.300000,7.000000,1.400000
2026-05-19-15-07-13,26.959999,-37.330002,-2.250000,8.700000,-5.000000,7.500000,1.400000
2026-05-19-15-07-14,27.139999,-37.279999,-2.240000,6.100000,-12.200000,9.700000,1.400000
2026-05-19-15-07-14,27.330000,-37.240002,-2.240000,0.700000,-19.600000,11.300000,1.400000
2026-05-19-15-07-15,27.530001,-37.220001,-2.180000,-3.600000,-22.400000,12.700000,1.400000
2026-05-19-15-07-15,27.680000,-37.209999,-2.110000,-4.400000,-22.400000,13.500000,1.400000
2026-05-19-15-07-15,27.830000,-37.180000,-2.050000,-4.700000,-22.400000,14.700000,1.400000
2026-05-19-15-07-15,28.000000,-37.130001,-1.940000,-4.400000,-21.000000,16.299999,1.400000
2026-05-19-15-07-16,28.190001,-37.099998,-1.860000,-4.700000,-20.500000,18.299999,1.400000
2026-05-19-15-07-16,28.389999,-37.070000,-1.790000,-4.700000,-19.900000,20.100000,1.400000
2026-05-19-15-07-17,28.590000,-37.029999,-1.720000,-5.600000,-19.299999,21.900000,1.400000
2026-05-19-15-07-17,28.799999,-37.000000,-1.640000,-6.100000,-18.500000,23.700001,1.400000
2026-05-19-15-07-17,28.990000,-36.939999,-1.570000,-6.600000,-18.100000,25.400000,1.400000
2026-05-19-15-07-18,29.170000,-36.889999,-1.500000,-4.500000,-18.600000,22.600000,1.400000
2026-05-19-15-07-18,29.320000,-36.810001,-1.450000,6.100000,-17.100000,2.400000,1.400000
2026-05-19-15-07-19,29.490000,-36.790001,-1.400000,17.600000,-10.600000,-18.600000,1.400000
2026-05-19-15-07-19,29.680000,-36.830002,-1.360000,17.000000,-8.200000,-25.799999,1.400000
2026-05-19-15-07-19,29.870001,-36.900002,-1.380000,12.000000,-7.700000,-27.000000,1.400000
2026-05-19-15-07-20,30.150000,-37.020000,-1.570000,2.800000,-16.000000,-24.600000,1.400000
2026-05-19-15-07-21,30.299999,-37.090000,-1.700000,-1.300000,-24.500000,-21.600000,1.400000
2026-05-19-15-07-21,30.610001,-37.250000,-1.860000,-10.400000,-40.900002,-10.200000,1.400000
2026-05-19-15-07-22,30.900000,-37.389999,-1.910000,-19.500000,-50.200001,6.000000,1.400000
2026-05-19-15-07-22,30.980000,-37.439999,-1.910000,-21.200001,-52.599998,14.300000,1.400000
2026-05-19-15-07-23,31.010000,-37.470001,-1.930000,-15.900000,-46.099998,16.200001,1.400000
2026-05-19-15-07-23,31.020000,-37.500000,-1.960000,-10.500000,-34.700001,16.100000,1.400000
2026-05-19-15-07-24,31.020000,-37.529999,-2.000000,-7.300000,-23.200001,16.600000,1.400000
2026-05-19-15-07-24,31.020000,-37.540001,-2.020000,-6.300000,-18.200001,16.799999,1.400000
2026-05-19-15-07-24,31.020000,-37.549999,-2.040000,-4.600000,-9.000000,16.799999,1.400000
2026-05-19-15-07-25,31.059999,-37.549999,-2.080000,-2.100000,-0.200000,18.799999,1.400000
2026-05-19-15-07-25,31.160000,-37.549999,-2.120000,-1.500000,2.500000,21.500000,1.400000
2026-05-19-15-07-25,31.280001,-37.560001,-2.140000,-1.800000,0.000000,25.500000,1.400000
2026-05-19-15-07-25,31.490000,-37.529999,-2.150000,-3.300000,-6.100000,30.100000,1.400000
2026-05-19-15-07-26,31.690001,-37.439999,-2.150000,-6.400000,-12.300000,37.200001,1.400000
2026-05-19-15-07-26,31.840000,-37.349998,-2.120000,-7.300000,-18.799999,33.200001,1.400000
2026-05-19-15-07-27,31.940001,-37.279999,-2.080000,3.200000,-13.300000,13.100000,1.400000
2026-05-19-15-07-27,32.070000,-37.209999,-2.050000,9.600000,-9.300000,-1.600000,1.400000
2026-05-19-15-07-27,32.240002,-37.200001,-2.010000,7.200000,-8.800000,-6.500000,1.400000
2026-05-19-15-07-28,32.419998,-37.220001,-2.000000,5.100000,-11.900000,-8.400000,1.400000
2026-05-19-15-07-28,32.520000,-37.230000,-2.010000,-0.300000,-16.600000,-9.900000,1.400000
2026-05-19-15-07-29,32.599998,-37.240002,-2.020000,-5.000000,-19.100000,-11.000000,1.400000
2026-05-19-15-07-29,32.669998,-37.250000,-2.030000,-6.900000,-18.799999,-13.000000,1.400000
2026-05-19-15-07-29,32.770000,-37.279999,-2.000000,-5.800000,-14.300000,-8.700000,1.400000
2026-05-19-15-07-30,32.900002,-37.360001,-1.960000,-3.400000,-10.900000,-0.800000,1.400000
2026-05-19-15-07-30,33.080002,-37.389999,-1.950000,-4.600000,-11.700000,6.900000,1.400000
2026-05-19-15-07-30,33.240002,-37.430000,-1.940000,-14.200000,-12.500000,30.400000,1.400000
2026-05-19-15-07-31,33.400002,-37.439999,-1.900000,-20.600000,-5.800000,54.799999,1.400000
2026-05-19-15-07-31,33.540001,-37.340000,-1.880000,-20.100000,-0.200000,65.699997,1.400000
2026-05-19-15-07-32,33.639999,-37.230000,-1.860000,-15.800000,-1.400000,73.900002,1.400000
2026-05-19-15-07-32,33.700001,-37.169998,-1.870000,-7.700000,-6.600000,80.599998,1.400000
2026-05-19-15-07-32,33.750000,-37.130001,-1.890000,-0.500000,-11.500000,86.500000,1.400000
2026-05-19-15-07-33,33.790001,-37.099998,-1.940000,1.900000,-13.700000,91.500000,1.400000
2026-05-19-15-07-33,33.820000,-37.080002,-1.990000,3.900000,-12.700000,84.199997,1.400000
2026-05-19-15-07-34,33.799999,-37.049999,-1.990000,5.600000,-8.900000,53.500000,1.400000
2026-05-19-15-07-34,33.810001,-37.020000,-2.010000,0.800000,-8.700000,41.700001,1.400000
2026-05-19-15-07-34,33.830002,-36.980000,-2.040000,-5.000000,-8.400000,35.599998,1.400000
2026-05-19-15-07-35,33.840000,-36.970001,-2.080000,-7.400000,-8.500000,31.799999,1.400000
2026-05-19-15-07-35,33.840000,-36.970001,-2.120000,-7.200000,-9.100000,30.100000,1.400000
2026-05-19-15-07-35,33.830002,-36.970001,-2.190000,-5.900000,-9.700000,27.799999,1.400000
2026-05-19-15-07-36,33.880001,-36.950001,-2.240000,-5.000000,-6.100000,25.700001,1.400000
2026-05-19-15-07-36,33.889999,-36.930000,-2.230000,-2.900000,-0.700000,24.299999,1.400000
2026-05-19-15-07-36,33.919998,-36.919998,-2.200000,-1.500000,1.600000,22.799999,1.400000
2026-05-19-15-07-37,33.930000,-36.900002,-2.170000,-2.500000,-0.000000,23.000000,1.400000
2026-05-19-15-07-37,33.919998,-36.900002,-2.170000,-3.400000,-4.500000,22.100000,1.400000
2026-05-19-15-07-38,33.919998,-36.889999,-2.200000,-3.600000,-5.100000,22.100000,1.400000
2026-05-19-15-07-38,33.939999,-36.869999,-2.210000,-3.500000,-3.500000,22.000000,1.400000
2026-05-19-15-07-38,33.950001,-36.860001,-2.200000,-2.500000,-1.100000,22.200001,1.400000
2026-05-19-15-07-39,33.959999,-36.860001,-2.190000,-2.000000,-0.800000,21.500000,1.400000
2026-05-19-15-07-39,33.959999,-36.849998,-2.190000,-1.800000,-2.000000,22.600000,1.400000
2026-05-19-15-07-39,33.970001,-36.840000,-2.210000,-2.500000,-3.400000,22.400000,1.400000
2026-05-19-15-07-40,33.980000,-36.810001,-2.210000,-3.000000,-2.900000,22.700001,1.400000
2026-05-19-15-07-40,33.980000,-36.810001,-2.190000,-2.400000,-2.300000,23.900000,1.400000
2026-05-19-15-07-41,34.070000,-36.770000,-2.180000,-3.300000,2.200000,25.299999,1.400000
2026-05-19-15-07-41,34.200001,-36.700001,-2.170000,-4.200000,4.300000,30.299999,1.400000
2026-05-19-15-07-41,34.349998,-36.639999,-2.190000,-5.000000,-2.200000,35.200001,1.400000
2026-05-19-15-07-42,34.480000,-36.520000,-2.200000,-5.400000,-8.000000,38.500000,1.400000
2026-05-19-15-07-42,34.639999,-36.380001,-2.170000,-5.200000,-11.000000,43.400002,1.400000
2026-05-19-15-07-43,34.750000,-36.250000,-2.160000,-0.800000,-18.100000,38.000000,1.400000
2026-05-19-15-07-43,34.840000,-36.119999,-2.130000,8.700000,-19.600000,23.200001,1.400000
2026-05-19-15-07-43,34.959999,-36.029999,-2.060000,10.100000,-18.500000,22.400000,1.400000
2026-05-19-15-07-44,35.099998,-35.970001,-2.010000,0.800000,-20.100000,36.599998,1.400000
2026-05-19-15-07-44,35.230000,-35.880001,-1.960000,-8.200000,-19.400000,48.200001,1.400000
2026-05-19-15-07-45,35.360001,-35.750000,-1.900000,-10.600000,-16.600000,53.700001,1.400000
2026-05-19-15-07-45,35.619999,-35.299999,-1.690000,-7.800000,13.800000,50.500000,1.400000
2026-05-19-15-07-46,35.790001,-35.169998,-1.740000,-6.600000,19.400000,50.099998,1.400000
2026-05-19-15-07-46,35.900002,-35.009998,-1.830000,-4.000000,13.900000,45.299999,1.400000
2026-05-19-15-07-47,35.980000,-34.860001,-1.900000,1.500000,5.800000,28.400000,1.400000
2026-05-19-15-07-48,36.389999,-34.570000,-2.130000,6.600000,-6.100000,25.900000,1.400000
2026-05-19-15-07-48,36.509998,-34.480000,-2.260000,1.600000,-13.400000,2.000000,1.400000
2026-05-19-15-07-49,36.650002,-34.380001,-2.330000,-3.900000,-8.500000,32.500000,1.400000
2026-05-19-15-07-49,36.810001,-34.290001,-2.310000,-3.500000,-9.100000,35.200001,1.400000
2026-05-19-15-07-49,36.980000,-34.189999,-2.260000,-4.200000,-9.600000,40.099998,1.400000
2026-05-19-15-07-50,37.139999,-34.070000,-2.230000,-5.100000,-9.700000,44.200001,1.400000
2026-05-19-15-07-50,37.299999,-33.950001,-2.200000,-6.600000,-12.500000,49.200001,1.400000
2026-05-19-15-07-50,37.439999,-33.820000,-2.160000,-9.200000,-14.100000,53.599998,1.400000
2026-05-19-15-07-51,37.580002,-33.689999,-2.100000,-10.100000,-14.700000,57.500000,1.400000
2026-05-19-15-07-52,37.840000,-33.380001,-1.990000,-7.900000,-15.400000,65.099998,1.400000
2026-05-19-15-07-52,37.959999,-33.200001,-1.950000,-0.500000,-18.299999,67.699997,1.400000
2026-05-19-15-07-53,38.099998,-32.889999,-2.060000,-0.100000,-20.700001,75.699997,1.400000
2026-05-19-15-07-53,38.169998,-32.730000,-2.090000,0.800000,-27.299999,76.300003,1.400000
2026-05-19-15-07-53,38.150002,-32.619999,-2.100000,16.200001,-27.600000,42.900002,1.400000
2026-05-19-15-07-54,38.150002,-32.540001,-2.080000,23.900000,-17.200001,11.600000,1.400000
2026-05-19-15-07-54,38.169998,-32.490002,-2.110000,16.000000,-13.100000,2.400000,1.400000
2026-05-19-15-07-55,38.189999,-32.459999,-2.140000,2.700000,-9.800000,-1.300000,1.400000
2026-05-19-15-07-55,38.209999,-32.439999,-2.170000,-5.200000,-8.300000,-2.500000,1.400000
2026-05-19-15-07-55,38.220001,-32.430000,-2.210000,-6.700000,-8.000000,-2.500000,1.400000
2026-05-19-15-07-56,38.209999,-32.439999,-2.240000,-6.300000,-7.800000,-1.800000,1.400000
2026-05-19-15-07-56,38.250000,-32.400002,-2.300000,-4.200000,-7.700000,-0.800000,1.400000
2026-05-19-15-07-56,38.250000,-32.389999,-2.360000,-2.000000,-7.600000,0.200000,1.400000
2026-05-19-15-07-57,38.250000,-32.389999,-2.420000,-0.500000,-6.900000,1.000000,1.400000
2026-05-19-15-07-57,38.250000,-32.369999,-2.460000,-1.700000,-3.200000,1.400000,1.400000
2026-05-19-15-07-57,38.259998,-32.369999,-2.420000,1.700000,1.100000,3.100000,1.400000
2026-05-19-15-07-58,38.380001,-32.349998,-2.400000,2.300000,4.100000,6.500000,1.400000
2026-05-19-15-07-58,38.549999,-32.299999,-2.410000,1.900000,-0.100000,10.100000,1.400000
2026-05-19-15-07-59,38.730000,-32.270000,-2.420000,2.400000,-5.000000,13.000000,1.400000
2026-05-19-15-07-59,38.869999,-32.220001,-2.420000,2.000000,-10.100000,13.500000,1.400000
2026-05-19-15-07-59,38.959999,-32.189999,-2.410000,1.600000,-12.700000,14.600000,1.400000
2026-05-19-15-08-00,39.040001,-32.160000,-2.400000,-0.100000,-10.200000,18.400000,1.400000
2026-05-19-15-08-00,39.180000,-32.119999,-2.370000,-1.900000,-7.600000,25.799999,1.400000
2026-05-19-15-08-01,39.320000,-32.080002,-2.370000,-1.700000,-10.200000,31.299999,1.400000
2026-05-19-15-08-01,39.419998,-32.020000,-2.380000,-1.700000,-12.500000,36.299999,1.400000
2026-05-19-15-08-01,39.490002,-31.980000,-2.390000,-2.100000,-15.300000,40.900002,1.400000
2026-05-19-15-08-02,39.549999,-31.959999,-2.400000,-2.500000,-13.200000,46.200001,1.400000
2026-05-19-15-08-02,39.610001,-31.930000,-2.400000,-2.000000,-6.200000,50.400002,1.400000
2026-05-19-15-08-02,39.650002,-31.900000,-2.420000,-2.500000,1.300000,55.099998,1.400000
2026-05-19-15-08-03,39.680000,-31.870001,-2.420000,-1.100000,6.100000,61.200001,1.400000
2026-05-19-15-08-03,39.730000,-31.840000,-2.410000,1.200000,4.000000,66.800003,1.400000
2026-05-19-15-08-04,39.759998,-31.809999,-2.420000,-0.100000,-0.500000,72.199997,1.400000
2026-05-19-15-08-04,39.799999,-31.770000,-2.430000,-1.000000,-1.000000,77.000000,1.400000
2026-05-19-15-08-04,39.840000,-31.730000,-2.420000,-0.500000,2.600000,82.099998,1.400000
2026-05-19-15-08-05,39.860001,-31.709999,-2.410000,-1.400000,4.200000,85.800003,1.400000
2026-05-19-15-08-05,39.869999,-31.700001,-2.420000,-1.900000,4.500000,89.900002,1.400000
2026-05-19-15-08-05,39.889999,-31.680000,-2.430000,-2.000000,3.500000,91.599998,1.400000
2026-05-19-15-08-06,39.889999,-31.660000,-2.450000,-1.400000,2.000000,94.699997,1.400000
2026-05-19-15-08-06,39.950001,-31.610001,-2.450000,-0.700000,3.400000,97.500000,1.400000
2026-05-19-15-08-07,39.959999,-31.570000,-2.420000,0.100000,5.100000,100.500000,1.400000
2026-05-19-15-08-07,39.980000,-31.559999,-2.420000,0.800000,5.200000,104.300003,1.400000
2026-05-19-15-08-07,40.000000,-31.530001,-2.450000,1.500000,5.300000,108.099998,1.400000
2026-05-19-15-08-08,40.009998,-31.500000,-2.440000,2.300000,3.500000,111.599998,1.400000
2026-05-19-15-08-08,40.009998,-31.469999,-2.440000,4.100000,3.700000,115.099998,1.400000
2026-05-19-15-08-08,40.009998,-31.440001,-2.460000,4.900000,5.800000,117.500000,1.400000
2026-05-19-15-08-09,40.029999,-31.389999,-2.460000,3.900000,6.900000,120.900002,1.400000
2026-05-19-15-08-09,40.029999,-31.370001,-2.450000,1.000000,5.800000,122.000000,1.400000
2026-05-19-15-08-10,40.020000,-31.360001,-2.460000,0.700000,5.100000,125.699997,1.400000
2026-05-19-15-08-10,40.020000,-31.320000,-2.470000,1.000000,4.400000,127.199997,1.400000
2026-05-19-15-08-10,40.020000,-31.320000,-2.470000,2.600000,4.000000,128.600006,1.400000
2026-05-19-15-08-11,40.029999,-31.280001,-2.490000,4.400000,6.000000,131.600006,1.400000
2026-05-19-15-08-11,40.020000,-31.240000,-2.480000,3.900000,6.600000,132.699997,1.400000
2026-05-19-15-08-12,40.020000,-31.219999,-2.470000,4.100000,6.400000,136.899994,1.400000
2026-05-19-15-08-12,40.020000,-31.200001,-2.460000,3.300000,5.900000,138.800003,1.400000
2026-05-19-15-08-12,40.020000,-31.180000,-2.490000,3.100000,5.200000,142.399994,1.400000
2026-05-19-15-08-13,40.009998,-31.160000,-2.510000,3.400000,5.800000,145.100006,1.400000
2026-05-19-15-08-13,40.000000,-31.139999,-2.510000,3.700000,6.100000,146.699997,1.400000
2026-05-19-15-08-13,40.000000,-31.129999,-2.510000,3.700000,6.100000,148.199997,1.400000
2026-05-19-15-08-14,40.000000,-31.100000,-2.500000,4.900000,6.900000,150.699997,1.400000
2026-05-19-15-08-14,40.009998,-31.059999,-2.500000,5.300000,6.000000,153.699997,1.400000
2026-05-19-15-08-14,40.000000,-31.059999,-2.490000,5.300000,5.600000,155.100006,1.400000
2026-05-19-15-08-15,39.990002,-31.040001,-2.500000,5.600000,5.300000,158.199997,1.400000
2026-05-19-15-08-15,39.980000,-31.030001,-2.520000,4.700000,5.100000,159.699997,1.400000
2026-05-19-15-08-15,39.980000,-31.020000,-2.510000,5.200000,6.100000,162.600006,1.400000
2026-05-19-15-08-16,39.970001,-31.010000,-2.510000,5.300000,6.300000,163.100006,1.400000
2026-05-19-15-08-16,39.980000,-31.010000,-2.520000,5.000000,6.000000,163.800003,1.400000
2026-05-19-15-08-16,39.970001,-30.990000,-2.520000,6.100000,6.300000,166.600006,1.400000
2026-05-19-15-08-17,39.959999,-30.950001,-2.510000,6.500000,5.100000,169.000000,1.400000
2026-05-19-15-08-17,39.959999,-30.950001,-2.520000,6.700000,4.400000,172.199997,1.400000
2026-05-19-15-08-17,39.950001,-30.930000,-2.530000,7.700000,4.200000,175.300003,1.400000
2026-05-19-15-08-18,39.930000,-30.920000,-2.540000,7.000000,5.000000,178.899994,1.400000
2026-05-19-15-08-18,39.919998,-30.900000,-2.540000,7.800000,5.600000,-177.600006,1.400000
2026-05-19-15-08-19,39.919998,-30.870001,-2.540000,7.400000,4.800000,-174.199997,1.400000
2026-05-19-15-08-19,39.910000,-30.860001,-2.530000,7.500000,4.500000,-171.399994,1.400000
2026-05-19-15-08-19,39.889999,-30.860001,-2.530000,6.500000,3.900000,-168.199997,1.400000
2026-05-19-15-08-20,39.880001,-30.850000,-2.550000,6.300000,3.700000,-165.399994,1.400000
2026-05-19-15-08-20,39.880001,-30.840000,-2.550000,6.300000,2.900000,-163.300003,1.400000
2026-05-19-15-08-20,39.880001,-30.820000,-2.560000,7.600000,3.100000,-160.100006,1.400000
2026-05-19-15-08-21,39.869999,-30.809999,-2.540000,6.700000,3.000000,-157.399994,1.400000
2026-05-19-15-08-21,39.869999,-30.820000,-2.540000,7.300000,2.500000,-153.199997,1.400000
2026-05-19-15-08-22,39.860001,-30.850000,-2.540000,9.200000,2.000000,-148.300003,1.400000
2026-05-19-15-08-22,39.869999,-30.860001,-2.550000,11.100000,0.400000,-143.800003,1.400000
2026-05-19-15-08-22,39.889999,-30.860001,-2.560000,9.300000,0.200000,-140.399994,1.400000
2026-05-19-15-08-23,39.889999,-30.879999,-2.540000,5.500000,0.700000,-137.199997,1.400000
2026-05-19-15-08-23,39.880001,-30.900000,-2.530000,6.100000,1.500000,-134.199997,1.400000
2026-05-19-15-08-24,39.880001,-30.910000,-2.530000,10.900000,1.200000,-131.100006,1.400000
2026-05-19-15-08-24,39.880001,-30.920000,-2.550000,21.299999,0.300000,-128.300003,1.400000
2026-05-19-15-08-24,39.889999,-30.940001,-2.550000,24.100000,0.100000,-122.900002,1.400000
2026-05-19-15-08-25,39.919998,-31.000000,-2.550000,38.500000,-0.300000,-119.300003,1.400000
2026-05-19-15-08-25,39.959999,-31.040001,-2.590000,60.900002,0.500000,-119.599998,1.400000
2026-05-19-15-08-25,39.980000,-31.059999,-2.650000,74.400002,-2.600000,-121.500000,1.400000
2026-05-19-15-08-26,39.970001,-31.100000,-2.640000,72.900002,-5.600000,-122.900002,1.400000
2026-05-19-15-08-26,39.959999,-31.150000,-2.650000,69.400002,-6.900000,-127.500000,1.400000
2026-05-19-15-08-26,39.869999,-31.180000,-2.660000,67.800003,-4.800000,-139.500000,1.400000
2026-05-19-15-08-27,39.790001,-31.200001,-2.680000,73.000000,-0.500000,-150.000000,1.400000
2026-05-19-15-08-27,39.709999,-31.190001,-2.710000,74.599998,1.500000,-159.100006,1.400000
2026-05-19-15-08-28,39.630001,-31.170000,-2.750000,82.000000,2.300000,-164.399994,1.400000
2026-05-19-15-08-28,39.570000,-31.150000,-2.780000,89.800003,6.800000,-168.699997,1.400000
2026-05-19-15-08-28,39.540001,-31.129999,-2.790000,86.300003,8.300000,-172.600006,1.400000
2026-05-19-15-08-29,39.540001,-31.129999,-2.820000,94.400002,3.900000,-176.000000,1.400000
2026-05-19-15-08-29,39.560001,-31.129999,-2.780000,91.699997,7.000000,-172.500000,1.400000
2026-05-19-15-08-29,39.549999,-31.139999,-2.840000,90.300003,2.400000,-168.600006,1.400000
2026-05-19-15-08-30,39.560001,-31.139999,-2.860000,92.099998,5.500000,-164.699997,1.400000
2026-05-19-15-08-30,39.560001,-31.129999,-2.900000,96.500000,1.400000,-160.899994,1.400000
2026-05-19-15-08-31,39.529999,-31.100000,-2.950000,94.900002,1.600000,-159.399994,1.400000
2026-05-19-15-08-31,39.470001,-31.080000,-3.080000,94.300003,-0.000000,-158.699997,1.400000
2026-05-19-15-08-31,39.410000,-31.100000,-3.260000,101.699997,0.800000,-155.899994,1.400000
2026-05-19-15-08-32,39.310001,-31.160000,-3.570000,101.900002,3.500000,-158.300003,1.500000
2026-05-19-15-08-32,39.240002,-31.200001,-3.950000,100.500000,1.600000,-158.300003,1.500000
2026-05-19-15-08-32,39.150002,-31.190001,-4.290000,103.599998,1.200000,-150.800003,1.600000
2026-05-19-15-08-33,38.990002,-31.190001,-4.640000,103.599998,-5.000000,-126.699997,1.700000
2026-05-19-15-08-33,38.720001,-31.270000,-5.020000,105.500000,-3.300000,-100.300003,1.800000
2026-05-19-15-08-33,38.509998,-31.370001,-5.360000,106.300003,-3.800000,-94.500000,1.900000
2026-05-19-15-08-33,38.389999,-31.459999,-5.600000,104.400002,-5.300000,-85.599998,2.000000
2026-05-19-15-08-34,38.220001,-31.580000,-5.980000,102.099998,-2.700000,-79.900002,2.200000
2026-05-19-15-08-34,38.080002,-31.690001,-6.360000,103.000000,-5.300000,-75.099998,2.400000
2026-05-19-15-08-34,37.959999,-31.809999,-6.720000,100.199997,-7.000000,-69.099998,2.500000
2026-05-19-15-08-35,37.790001,-31.990000,-7.180000,104.699997,-2.800000,-56.599998,2.700000
2026-05-19-15-08-35,37.619999,-32.189999,-7.750000,100.599998,-4.100000,-48.799999,3.000000
2026-05-19-15-08-35,37.520000,-32.270000,-8.190000,101.099998,-6.700000,-49.700001,3.200000
2026-05-19-15-08-35,37.439999,-32.349998,-8.550000,98.699997,-10.400000,-49.400002,3.400000
2026-05-19-15-08-36,37.360001,-32.540001,-9.110000,99.300003,-8.700000,-38.599998,3.700000
2026-05-19-15-08-36,37.340000,-32.759998,-9.580000,97.300003,-10.700000,-28.000000,3.900000
2026-05-19-15-08-36,37.360001,-32.990002,-10.030000,98.699997,-9.800000,-21.100000,4.100000
2026-05-19-15-08-37,37.430000,-33.220001,-10.610000,97.500000,-9.200000,-26.799999,4.400000
2026-05-19-15-08-37,37.549999,-33.470001,-11.350000,98.300003,-10.100000,-38.099998,4.800000
2026-05-19-15-08-37,37.669998,-33.639999,-11.930000,99.099998,-9.300000,-40.400002,5.100000
2026-05-19-15-08-38,37.779999,-33.790001,-12.390000,100.099998,-9.500000,-46.700001,5.300000
2026-05-19-15-08-38,37.950001,-34.040001,-13.110000,100.699997,-8.800000,-53.099998,5.600000
2026-05-19-15-08-38,38.099998,-34.240002,-13.700000,100.599998,-1.300000,-53.400002,5.900000
2026-05-19-15-08-38,38.270000,-34.459999,-14.240000,100.599998,9.800000,-52.700001,6.200000
2026-05-19-15-08-39,38.459999,-34.759998,-15.000000,97.699997,7.300000,-54.500000,6.500000
2026-05-19-15-08-39,38.619999,-35.119999,-15.990000,99.400002,6.700000,-59.400002,7.000000
2026-05-19-15-08-39,38.770000,-35.410000,-16.750000,99.400002,5.600000,-61.000000,7.300000
2026-05-19-15-08-40,38.880001,-35.639999,-17.340000,101.300003,5.700000,-65.099998,7.600000
